{"type":"FeatureCollection","features":[{"type":"Feature","geometry":{"type":"Point","coordinates":[77.6472,12.96005]},"properties":{"name":"Kodihalli"}},{"type":"Feature","geometry":{"type":"Point","coordinates":[77.54212,12.975]},"properties":{"name":"MC Layout"}},{"type":"Feature","geometry":{"type":"Point","coordinates":[77.60564,12.97583]},"properties":{"name":"MG Road Metro Station"}},{"type":"Feature","geometry":{"type":"Point","coordinates":[77.62172,12.91705]},"properties":{"name":"Central Silk Board"}},{"type":"Feature","geometry":{"type":"Point","coordinates":[77.57367,12.91673]},"properties":{"name":"Banashankari Bus Station"}},{"type":"Feature","geometry":{"type":"Point","coordinates":[77.5784,12.91703]},"properties":{"name":"Sangam Circle"}},{"type":"Feature","geometry":{"type":"Point","coordinates":[77.58357,12.91731]},"properties":{"name":"5th Block Jayanagara"}},{"type":"Feature","geometry":{"type":"Point","coordinates":[77.59324,12.91693]},"properties":{"name":"Ragigudda Temple"}},{"type":"Feature","geometry":{"type":"Point","coordinates":[77.59719,12.91684]},"properties":{"name":"East End Circle"}},{"type":"Feature","geometry":{"type":"Point","coordinates":[77.60313,12.9166]},"properties":{"name":"MICO Layout"}},{"type":"Feature","geometry":{"type":"Point","coordinates":[77.60684,12.91669]},"properties":{"name":"BTM Layout Water Tank"}},{"type":"Feature","geometry":{"type":"Point","coordinates":[77.60642,12.9165]},"properties":{"name":"BTM Layout Water Tank"}},{"type":"Feature","geometry":{"type":"Point","coordinates":[77.61007,12.91717]},"properties":{"name":"Udupi Garden Petrol Bunk"}},{"type":"Feature","geometry":{"type":"Point","coordinates":[77.6088,12.91653]},"properties":{"name":"16th Main BTM Layout"}},{"type":"Feature","geometry":{"type":"Point","coordinates":[77.61592,12.9163]},"properties":{"name":"BTM Layout Kuvempu Nagara"}},{"type":"Feature","geometry":{"type":"Point","coordinates":[77.61592,12.91636]},"properties":{"name":"BTM Layout Kuvempu Nagara"}},{"type":"Feature","geometry":{"type":"Point","coordinates":[77.62354,12.91631]},"properties":{"name":"Central Silk Board UFLY"}},{"type":"Feature","geometry":{"type":"Point","coordinates":[77.53792,12.97183]},"properties":{"name":"Vijayanagara"}},{"type":"Feature","geometry":{"type":"Point","coordinates":[77.56,12.96217]},"properties":{"name":"Sirsi Circle"}},{"type":"Feature","geometry":{"type":"Point","coordinates":[77.57737,12.96367]},"properties":{"name":"KR Market"}},{"type":"Feature","geometry":{"type":"Point","coordinates":[77.62843,12.90678]},"properties":{"name":"Bommanahalli"}},{"type":"Feature","geometry":{"type":"Point","coordinates":[77.63013,12.90536]},"properties":{"name":"Bommanahalli"}},{"type":"Feature","geometry":{"type":"Point","coordinates":[77.63544,12.89619]},"properties":{"name":"Garvebhavipalya"}},{"type":"Feature","geometry":{"type":"Point","coordinates":[77.63966,12.88986]},"properties":{"name":"Kudlu Gate"}},{"type":"Feature","geometry":{"type":"Point","coordinates":[77.64647,12.87874]},"properties":{"name":"Singasandra"}},{"type":"Feature","geometry":{"type":"Point","coordinates":[77.65295,12.8706]},"properties":{"name":"Hosa Road"}},{"type":"Feature","geometry":{"type":"Point","coordinates":[77.67071,12.84817]},"properties":{"name":"Electronic City"}},{"type":"Feature","geometry":{"type":"Point","coordinates":[77.66515,12.85486]},"properties":{"name":"Konappana Agarhara"}},{"type":"Feature","geometry":{"type":"Point","coordinates":[77.66233,12.85873]},"properties":{"name":"PESIT College"}},{"type":"Feature","geometry":{"type":"Point","coordinates":[77.64706,12.87739]},"properties":{"name":"Singasandra"}},{"type":"Feature","geometry":{"type":"Point","coordinates":[77.63569,12.8963]},"properties":{"name":"Garvebhavipalya"}},{"type":"Feature","geometry":{"type":"Point","coordinates":[77.63008,12.90484]},"properties":{"name":"Bommanahalli"}},{"type":"Feature","geometry":{"type":"Point","coordinates":[77.62587,12.91169]},"properties":{"name":"Rupena Agrahara"}},{"type":"Feature","geometry":{"type":"Point","coordinates":[77.62309,12.91612]},"properties":{"name":"Central Silk Board"}},{"type":"Feature","geometry":{"type":"Point","coordinates":[77.62066,12.92008]},"properties":{"name":"Madivala"}},{"type":"Feature","geometry":{"type":"Point","coordinates":[77.61792,12.92473]},"properties":{"name":"Ayyappaswamy Temple Madivala"}},{"type":"Feature","geometry":{"type":"Point","coordinates":[77.61325,12.93202]},"properties":{"name":"Jn of Hosur Road"}},{"type":"Feature","geometry":{"type":"Point","coordinates":[77.60661,12.93636]},"properties":{"name":"Muneshwara Devasthana"}},{"type":"Feature","geometry":{"type":"Point","coordinates":[77.59832,12.93868]},"properties":{"name":"Nimhans Hospital"}},{"type":"Feature","geometry":{"type":"Point","coordinates":[77.5971,12.94383]},"properties":{"name":"Lakkasandra"}},{"type":"Feature","geometry":{"type":"Point","coordinates":[77.59607,12.94674]},"properties":{"name":"12th Cross Wilson Garden"}},{"type":"Feature","geometry":{"type":"Point","coordinates":[77.59639,12.95021]},"properties":{"name":"Wilson Garden Police Station"}},{"type":"Feature","geometry":{"type":"Point","coordinates":[77.59189,12.95497]},"properties":{"name":"Shanthinagara Bus Stop KH Road"}},{"type":"Feature","geometry":{"type":"Point","coordinates":[77.58691,12.97473]},"properties":{"name":"KR Circle"}},{"type":"Feature","geometry":{"type":"Point","coordinates":[77.58828,12.96724]},"properties":{"name":"Corporation"}},{"type":"Feature","geometry":{"type":"Point","coordinates":[77.59451,12.9471]},"properties":{"name":"7th Cross Wilson Garden"}},{"type":"Feature","geometry":{"type":"Point","coordinates":[77.59522,12.95141]},"properties":{"name":"Wilson Garden Police Station"}},{"type":"Feature","geometry":{"type":"Point","coordinates":[77.59806,12.94715]},"properties":{"name":"10th Cross Wilson Garden"}},{"type":"Feature","geometry":{"type":"Point","coordinates":[77.59744,12.94308]},"properties":{"name":"Lakkasandra"}},{"type":"Feature","geometry":{"type":"Point","coordinates":[77.60662,12.93643]},"properties":{"name":"Muneshwara Devasthana"}},{"type":"Feature","geometry":{"type":"Point","coordinates":[77.61328,12.93216]},"properties":{"name":"Jn of Hosur Road"}},{"type":"Feature","geometry":{"type":"Point","coordinates":[77.61593,12.92949]},"properties":{"name":"St Johns Hospital"}},{"type":"Feature","geometry":{"type":"Point","coordinates":[77.62165,12.92737]},"properties":{"name":"Water Tank Koramangala"}},{"type":"Feature","geometry":{"type":"Point","coordinates":[77.6258,12.92562]},"properties":{"name":"Kudure Mukha Colony"}},{"type":"Feature","geometry":{"type":"Point","coordinates":[77.62857,12.92397]},"properties":{"name":"Krupanidhi College"}},{"type":"Feature","geometry":{"type":"Point","coordinates":[77.62141,12.92161]},"properties":{"name":"Madivala"}},{"type":"Feature","geometry":{"type":"Point","coordinates":[77.62605,12.91186]},"properties":{"name":"Roopena Agrahara"}},{"type":"Feature","geometry":{"type":"Point","coordinates":[77.60147,12.93564]},"properties":{"name":"Bengaluru Dairy Circle"}},{"type":"Feature","geometry":{"type":"Point","coordinates":[77.60069,12.92726]},"properties":{"name":"Ananda Ashrama"}},{"type":"Feature","geometry":{"type":"Point","coordinates":[77.60056,12.92523]},"properties":{"name":"IBM Bannerughatta Road"}},{"type":"Feature","geometry":{"type":"Point","coordinates":[77.60005,12.91395]},"properties":{"name":"MICO Layout Checkpost Gopalan mall"}},{"type":"Feature","geometry":{"type":"Point","coordinates":[77.60042,12.90817]},"properties":{"name":"JP Nagara 3rd Phase"}},{"type":"Feature","geometry":{"type":"Point","coordinates":[77.60111,12.90077]},"properties":{"name":"Bilekahalli"}},{"type":"Feature","geometry":{"type":"Point","coordinates":[77.59977,12.89607]},"properties":{"name":"IIM Apollo"}},{"type":"Feature","geometry":{"type":"Point","coordinates":[77.59884,12.89226]},"properties":{"name":"HSBC"}},{"type":"Feature","geometry":{"type":"Point","coordinates":[77.59822,12.8906]},"properties":{"name":"Arakere Gate"}},{"type":"Feature","geometry":{"type":"Point","coordinates":[77.59702,12.88739]},"properties":{"name":"BPL"}},{"type":"Feature","geometry":{"type":"Point","coordinates":[77.59591,12.88075]},"properties":{"name":"Hulimavu Gate"}},{"type":"Feature","geometry":{"type":"Point","coordinates":[77.59483,12.8747]},"properties":{"name":"Meenakshi Temple"}},{"type":"Feature","geometry":{"type":"Point","coordinates":[77.59354,12.871]},"properties":{"name":"Loyola School"}},{"type":"Feature","geometry":{"type":"Point","coordinates":[77.59191,12.86613]},"properties":{"name":"Kalena Agrahara"}},{"type":"Feature","geometry":{"type":"Point","coordinates":[77.59062,12.86238]},"properties":{"name":"Himagiri"}},{"type":"Feature","geometry":{"type":"Point","coordinates":[77.58893,12.85668]},"properties":{"name":"Gottigere"}},{"type":"Feature","geometry":{"type":"Point","coordinates":[77.58837,12.85046]},"properties":{"name":"T John College"}},{"type":"Feature","geometry":{"type":"Point","coordinates":[77.58826,12.84623]},"properties":{"name":"Basavanapura Gate"}},{"type":"Feature","geometry":{"type":"Point","coordinates":[77.58896,12.83244]},"properties":{"name":"Kalkere"}},{"type":"Feature","geometry":{"type":"Point","coordinates":[77.58471,12.81926]},"properties":{"name":"Ryan International School"}},{"type":"Feature","geometry":{"type":"Point","coordinates":[77.58109,12.81354]},"properties":{"name":"Bannerughatta Circle"}},{"type":"Feature","geometry":{"type":"Point","coordinates":[77.58467,12.81937]},"properties":{"name":"Ryan International School"}},{"type":"Feature","geometry":{"type":"Point","coordinates":[77.58772,12.82949]},"properties":{"name":"AMC College"}},{"type":"Feature","geometry":{"type":"Point","coordinates":[77.58878,12.83228]},"properties":{"name":"Kalkere"}},{"type":"Feature","geometry":{"type":"Point","coordinates":[77.58999,12.83556]},"properties":{"name":"Jn of Malenallasandra"}},{"type":"Feature","geometry":{"type":"Point","coordinates":[77.58856,12.84101]},"properties":{"name":"Koli Farm Gate"}},{"type":"Feature","geometry":{"type":"Point","coordinates":[77.58818,12.8462]},"properties":{"name":"Basavanapura Gate"}},{"type":"Feature","geometry":{"type":"Point","coordinates":[77.58822,12.8496]},"properties":{"name":"T John College"}},{"type":"Feature","geometry":{"type":"Point","coordinates":[77.58875,12.8562]},"properties":{"name":"Gottigere"}},{"type":"Feature","geometry":{"type":"Point","coordinates":[77.59056,12.86248]},"properties":{"name":"Himagiri"}},{"type":"Feature","geometry":{"type":"Point","coordinates":[77.59338,12.87085]},"properties":{"name":"Loyola School"}},{"type":"Feature","geometry":{"type":"Point","coordinates":[77.59466,12.8747]},"properties":{"name":"Meenakshi Temple"}},{"type":"Feature","geometry":{"type":"Point","coordinates":[77.59588,12.88135]},"properties":{"name":"Hulimavu Gate"}},{"type":"Feature","geometry":{"type":"Point","coordinates":[77.59686,12.88726]},"properties":{"name":"BPL"}},{"type":"Feature","geometry":{"type":"Point","coordinates":[77.59803,12.89063]},"properties":{"name":"Arakere Gate"}},{"type":"Feature","geometry":{"type":"Point","coordinates":[77.59878,12.8927]},"properties":{"name":"HSBC"}},{"type":"Feature","geometry":{"type":"Point","coordinates":[77.59954,12.89592]},"properties":{"name":"IIM Apollo"}},{"type":"Feature","geometry":{"type":"Point","coordinates":[77.60079,12.90017]},"properties":{"name":"Bilekahalli"}},{"type":"Feature","geometry":{"type":"Point","coordinates":[77.60031,12.90771]},"properties":{"name":"JP Nagara 3rd Phase"}},{"type":"Feature","geometry":{"type":"Point","coordinates":[77.60348,12.9087]},"properties":{"name":"NS Palya"}},{"type":"Feature","geometry":{"type":"Point","coordinates":[77.6,12.91938]},"properties":{"name":"Gurappanapalya"}},{"type":"Feature","geometry":{"type":"Point","coordinates":[77.60038,12.92669]},"properties":{"name":"Ananda Ashrama"}},{"type":"Feature","geometry":{"type":"Point","coordinates":[77.60122,12.93561]},"properties":{"name":"Bengaluru Dairy Circle"}},{"type":"Feature","geometry":{"type":"Point","coordinates":[77.58594,12.97706]},"properties":{"name":"Maharanis College"}},{"type":"Feature","geometry":{"type":"Point","coordinates":[77.5849,12.9788]},"properties":{"name":"Maharanis College"}},{"type":"Feature","geometry":{"type":"Point","coordinates":[77.58719,12.96963]},"properties":{"name":"St Marthas Hospital"}},{"type":"Feature","geometry":{"type":"Point","coordinates":[77.5894,12.96829]},"properties":{"name":"Corporation"}},{"type":"Feature","geometry":{"type":"Point","coordinates":[77.58434,12.96381]},"properties":{"name":"Town Hall"}},{"type":"Feature","geometry":{"type":"Point","coordinates":[77.59599,12.97404]},"properties":{"name":"Museum"}},{"type":"Feature","geometry":{"type":"Point","coordinates":[77.60644,12.97539]},"properties":{"name":"MG Road Metro Station"}},{"type":"Feature","geometry":{"type":"Point","coordinates":[77.62649,12.9637]},"properties":{"name":"Commando Hospital"}},{"type":"Feature","geometry":{"type":"Point","coordinates":[77.71567,12.95593]},"properties":{"name":"Kundalahalli Gate"}},{"type":"Feature","geometry":{"type":"Point","coordinates":[77.71376,12.95585]},"properties":{"name":"Kundalahalli Gate"}},{"type":"Feature","geometry":{"type":"Point","coordinates":[77.72036,12.95574]},"properties":{"name":"Thubarahalli"}},{"type":"Feature","geometry":{"type":"Point","coordinates":[77.73165,12.9563]},"properties":{"name":"Siddapura"}},{"type":"Feature","geometry":{"type":"Point","coordinates":[77.74017,12.95709]},"properties":{"name":"Ramagondanahalli"}},{"type":"Feature","geometry":{"type":"Point","coordinates":[77.74833,12.96397]},"properties":{"name":"Brooke Bond"}},{"type":"Feature","geometry":{"type":"Point","coordinates":[77.74993,12.97055]},"properties":{"name":"White Field Post Office"}},{"type":"Feature","geometry":{"type":"Point","coordinates":[77.74996,12.96926]},"properties":{"name":"White Field Post Office"}},{"type":"Feature","geometry":{"type":"Point","coordinates":[77.7454,12.95697]},"properties":{"name":"Varthur Kodi"}},{"type":"Feature","geometry":{"type":"Point","coordinates":[77.7397,12.9569]},"properties":{"name":"Ramagondanahalli"}},{"type":"Feature","geometry":{"type":"Point","coordinates":[77.73072,12.95606]},"properties":{"name":"Siddapura"}},{"type":"Feature","geometry":{"type":"Point","coordinates":[77.72049,12.95586]},"properties":{"name":"Thubarahalli"}},{"type":"Feature","geometry":{"type":"Point","coordinates":[77.7157,12.95818]},"properties":{"name":"Kundalahalli"}},{"type":"Feature","geometry":{"type":"Point","coordinates":[77.70071,12.95693]},"properties":{"name":"Marathahalli Bridge"}},{"type":"Feature","geometry":{"type":"Point","coordinates":[77.68817,12.95524]},"properties":{"name":"Yamalur Cross"}},{"type":"Feature","geometry":{"type":"Point","coordinates":[77.68799,12.95508]},"properties":{"name":"Yamalur Cross"}},{"type":"Feature","geometry":{"type":"Point","coordinates":[77.68222,12.95459]},"properties":{"name":"HAL Police Station"}},{"type":"Feature","geometry":{"type":"Point","coordinates":[77.66565,12.9584]},"properties":{"name":"HAL Main Gate"}},{"type":"Feature","geometry":{"type":"Point","coordinates":[77.65622,12.95921]},"properties":{"name":"Murugeshpalya"}},{"type":"Feature","geometry":{"type":"Point","coordinates":[77.64678,12.95995]},"properties":{"name":"Kodihalli"}},{"type":"Feature","geometry":{"type":"Point","coordinates":[77.64939,12.95972]},"properties":{"name":"NAL Manipal Hospital"}},{"type":"Feature","geometry":{"type":"Point","coordinates":[77.6381,12.96107]},"properties":{"name":"Domlur"}},{"type":"Feature","geometry":{"type":"Point","coordinates":[77.63615,12.96126]},"properties":{"name":"Domlur"}},{"type":"Feature","geometry":{"type":"Point","coordinates":[77.59431,12.97038]},"properties":{"name":"St Joseph Boys High School Malya Hospital"}},{"type":"Feature","geometry":{"type":"Point","coordinates":[77.58803,12.96483]},"properties":{"name":"Corporation"}},{"type":"Feature","geometry":{"type":"Point","coordinates":[77.59096,12.96265]},"properties":{"name":"Subbaiah Circle"}},{"type":"Feature","geometry":{"type":"Point","coordinates":[77.62934,12.91679]},"properties":{"name":"SI Apartment HSR Layout"}},{"type":"Feature","geometry":{"type":"Point","coordinates":[77.63508,12.91635]},"properties":{"name":"14th Main HSR Layout"}},{"type":"Feature","geometry":{"type":"Point","coordinates":[77.643,12.9199]},"properties":{"name":"Depot-25 HSR Layout"}},{"type":"Feature","geometry":{"type":"Point","coordinates":[77.5461,12.90693]},"properties":{"name":"KR Hospital Uttarahalli"}},{"type":"Feature","geometry":{"type":"Point","coordinates":[77.55201,12.9115]},"properties":{"name":"Chikkallasandra Aralimara"}},{"type":"Feature","geometry":{"type":"Point","coordinates":[77.55598,12.91153]},"properties":{"name":"Gowdanapalya"}},{"type":"Feature","geometry":{"type":"Point","coordinates":[77.55847,12.91183]},"properties":{"name":"Prarthana School"}},{"type":"Feature","geometry":{"type":"Point","coordinates":[77.55967,12.91826]},"properties":{"name":"Padmanabha Nagara"}},{"type":"Feature","geometry":{"type":"Point","coordinates":[77.5677,12.98217]},"properties":{"name":"Okalipura"}},{"type":"Feature","geometry":{"type":"Point","coordinates":[77.56101,12.92637]},"properties":{"name":"KIMS College"}},{"type":"Feature","geometry":{"type":"Point","coordinates":[77.56034,12.97572]},"properties":{"name":"5th Cross Magadi Road"}},{"type":"Feature","geometry":{"type":"Point","coordinates":[77.56442,12.92923]},"properties":{"name":"Indira Nursing Home"}},{"type":"Feature","geometry":{"type":"Point","coordinates":[77.55837,12.98068]},"properties":{"name":"Gopalapura"}},{"type":"Feature","geometry":{"type":"Point","coordinates":[77.56775,12.9322]},"properties":{"name":"Tyagaraja Nagara Banashankari 2nd Stage"}},{"type":"Feature","geometry":{"type":"Point","coordinates":[77.56847,12.93506]},"properties":{"name":"KEB Quarters"}},{"type":"Feature","geometry":{"type":"Point","coordinates":[77.56901,12.93788]},"properties":{"name":"NR Colony"}},{"type":"Feature","geometry":{"type":"Point","coordinates":[77.57193,12.93929]},"properties":{"name":"Netkallappa Circle"}},{"type":"Feature","geometry":{"type":"Point","coordinates":[77.56446,12.97953]},"properties":{"name":"Minerva Mill"}},{"type":"Feature","geometry":{"type":"Point","coordinates":[77.57365,12.94129]},"properties":{"name":"Basavanagudi Police Station"}},{"type":"Feature","geometry":{"type":"Point","coordinates":[77.57065,12.94577]},"properties":{"name":"Gandhi Bazaar"}},{"type":"Feature","geometry":{"type":"Point","coordinates":[77.56765,12.94901]},"properties":{"name":"Ramakrishna Ashrama"}},{"type":"Feature","geometry":{"type":"Point","coordinates":[77.53811,12.97314]},"properties":{"name":"Vijayanagara"}},{"type":"Feature","geometry":{"type":"Point","coordinates":[77.53633,12.9677]},"properties":{"name":"Maruthi Mandira"}},{"type":"Feature","geometry":{"type":"Point","coordinates":[77.56733,12.95768]},"properties":{"name":"Chamarajapet"}},{"type":"Feature","geometry":{"type":"Point","coordinates":[77.56833,12.9638]},"properties":{"name":"Vinayaka Talkies"}},{"type":"Feature","geometry":{"type":"Point","coordinates":[77.57644,12.98296]},"properties":{"name":"Janatha Dala Office"}},{"type":"Feature","geometry":{"type":"Point","coordinates":[77.53617,12.96773]},"properties":{"name":"Maruthi Mandira"}},{"type":"Feature","geometry":{"type":"Point","coordinates":[77.53765,12.97185]},"properties":{"name":"Vijayanagara"}},{"type":"Feature","geometry":{"type":"Point","coordinates":[77.5804,12.98757]},"properties":{"name":"Shivananda Store"}},{"type":"Feature","geometry":{"type":"Point","coordinates":[77.58668,12.96841]},"properties":{"name":"Corporation"}},{"type":"Feature","geometry":{"type":"Point","coordinates":[77.54457,12.97427]},"properties":{"name":"Manuvana"}},{"type":"Feature","geometry":{"type":"Point","coordinates":[77.58176,12.97267]},"properties":{"name":"Mysore Bank"}},{"type":"Feature","geometry":{"type":"Point","coordinates":[77.58391,12.99976]},"properties":{"name":"RM Guttahalli"}},{"type":"Feature","geometry":{"type":"Point","coordinates":[77.55164,12.97431]},"properties":{"name":"Prasanna Theatre"}},{"type":"Feature","geometry":{"type":"Point","coordinates":[77.55692,12.97578]},"properties":{"name":"10th Cross Magadi Road"}},{"type":"Feature","geometry":{"type":"Point","coordinates":[77.58381,13.01699]},"properties":{"name":"Mekhri Circle"}},{"type":"Feature","geometry":{"type":"Point","coordinates":[77.55785,12.9807]},"properties":{"name":"Gopalapura"}},{"type":"Feature","geometry":{"type":"Point","coordinates":[77.58511,13.02604]},"properties":{"name":"CBI"}},{"type":"Feature","geometry":{"type":"Point","coordinates":[77.56234,12.98264]},"properties":{"name":"Sujatha Talkies"}},{"type":"Feature","geometry":{"type":"Point","coordinates":[77.59316,13.05025]},"properties":{"name":"Military Dairy Farm"}},{"type":"Feature","geometry":{"type":"Point","coordinates":[77.56858,12.98269]},"properties":{"name":"Okalipura"}},{"type":"Feature","geometry":{"type":"Point","coordinates":[77.59299,13.06551]},"properties":{"name":"Byatarayanapura"}},{"type":"Feature","geometry":{"type":"Point","coordinates":[77.59248,13.07288]},"properties":{"name":"GKVK Gate"}},{"type":"Feature","geometry":{"type":"Point","coordinates":[77.59294,13.07623]},"properties":{"name":"Jakkur Aerodrum"}},{"type":"Feature","geometry":{"type":"Point","coordinates":[77.59291,13.0727]},"properties":{"name":"GKVK Gate"}},{"type":"Feature","geometry":{"type":"Point","coordinates":[77.59263,13.04964]},"properties":{"name":"Military Dairy Farm"}},{"type":"Feature","geometry":{"type":"Point","coordinates":[77.58952,13.0389]},"properties":{"name":"Hebbala"}},{"type":"Feature","geometry":{"type":"Point","coordinates":[77.58903,13.03577]},"properties":{"name":"Canara Bank Hebbala"}},{"type":"Feature","geometry":{"type":"Point","coordinates":[77.58693,13.03026]},"properties":{"name":"Veterinary Hospital"}},{"type":"Feature","geometry":{"type":"Point","coordinates":[77.5853,13.02581]},"properties":{"name":"CBI"}},{"type":"Feature","geometry":{"type":"Point","coordinates":[77.58396,13.01945]},"properties":{"name":"Mekhri Circle"}},{"type":"Feature","geometry":{"type":"Point","coordinates":[77.58401,13.0104]},"properties":{"name":"Palace Ground"}},{"type":"Feature","geometry":{"type":"Point","coordinates":[77.58056,12.98791]},"properties":{"name":"Shivananda Store"}},{"type":"Feature","geometry":{"type":"Point","coordinates":[77.57934,12.98666]},"properties":{"name":"Shivananda Store"}},{"type":"Feature","geometry":{"type":"Point","coordinates":[77.57469,12.98111]},"properties":{"name":"Ananda Rao Circle"}},{"type":"Feature","geometry":{"type":"Point","coordinates":[77.57456,12.98782]},"properties":{"name":"Swastik Sheshadripuram College"}},{"type":"Feature","geometry":{"type":"Point","coordinates":[77.57206,12.99001]},"properties":{"name":"Central"}},{"type":"Feature","geometry":{"type":"Point","coordinates":[77.57178,12.98984]},"properties":{"name":"Central"}},{"type":"Feature","geometry":{"type":"Point","coordinates":[77.57126,13.00293]},"properties":{"name":"11th Cross Malleshwaram"}},{"type":"Feature","geometry":{"type":"Point","coordinates":[77.57118,13.00513]},"properties":{"name":"15th Cross Malleshwaram"}},{"type":"Feature","geometry":{"type":"Point","coordinates":[77.57144,13.00898]},"properties":{"name":"18th Cross Malleshwaram"}},{"type":"Feature","geometry":{"type":"Point","coordinates":[77.56668,13.03632]},"properties":{"name":"Devasandra Chikkamaranahalli"}},{"type":"Feature","geometry":{"type":"Point","coordinates":[77.56126,13.04324]},"properties":{"name":"Kuvempu Circle"}},{"type":"Feature","geometry":{"type":"Point","coordinates":[77.5574,13.04946]},"properties":{"name":"BEL Hospital"}},{"type":"Feature","geometry":{"type":"Point","coordinates":[77.55748,13.05597]},"properties":{"name":"Nagaland Circle"}},{"type":"Feature","geometry":{"type":"Point","coordinates":[77.55913,13.0587]},"properties":{"name":"Dodda Bommasandra Arch"}},{"type":"Feature","geometry":{"type":"Point","coordinates":[77.55887,13.06014]},"properties":{"name":"Dodda Bommasandra"}},{"type":"Feature","geometry":{"type":"Point","coordinates":[77.55956,13.0648]},"properties":{"name":"Chamundeshwari Layout"}},{"type":"Feature","geometry":{"type":"Point","coordinates":[77.5554,13.07009]},"properties":{"name":"1st Block Vidyaranyapura"}},{"type":"Feature","geometry":{"type":"Point","coordinates":[77.55729,13.07428]},"properties":{"name":"Lakshmi Venkateshwara Temple"}},{"type":"Feature","geometry":{"type":"Point","coordinates":[77.55823,13.07645]},"properties":{"name":"Post Office Vidyaranyapura"}},{"type":"Feature","geometry":{"type":"Point","coordinates":[77.5592,13.07982]},"properties":{"name":"Echalamara"}},{"type":"Feature","geometry":{"type":"Point","coordinates":[77.55969,13.08176]},"properties":{"name":"Durga Parameshwari Temple"}},{"type":"Feature","geometry":{"type":"Point","coordinates":[77.56023,13.08386]},"properties":{"name":"Vidyaranyapura"}},{"type":"Feature","geometry":{"type":"Point","coordinates":[77.55975,13.08167]},"properties":{"name":"Durga Parameshwari Temple"}},{"type":"Feature","geometry":{"type":"Point","coordinates":[77.55929,13.0798]},"properties":{"name":"Echalamara"}},{"type":"Feature","geometry":{"type":"Point","coordinates":[77.55825,13.07637]},"properties":{"name":"Post Office Vidyaranyapura"}},{"type":"Feature","geometry":{"type":"Point","coordinates":[77.55736,13.07428]},"properties":{"name":"Lakshmi Venkateshwara Temple"}},{"type":"Feature","geometry":{"type":"Point","coordinates":[77.5554,13.07035]},"properties":{"name":"1st Block Vidyaranyapura"}},{"type":"Feature","geometry":{"type":"Point","coordinates":[77.55959,13.06469]},"properties":{"name":"Chamundeshwari Layout"}},{"type":"Feature","geometry":{"type":"Point","coordinates":[77.55876,13.06012]},"properties":{"name":"Dodda Bommasandra"}},{"type":"Feature","geometry":{"type":"Point","coordinates":[77.55922,13.05867]},"properties":{"name":"Dodda Bommasandra Arch"}},{"type":"Feature","geometry":{"type":"Point","coordinates":[77.55721,13.05586]},"properties":{"name":"Nagaland Circle"}},{"type":"Feature","geometry":{"type":"Point","coordinates":[77.55762,13.05042]},"properties":{"name":"BEL Hospital"}},{"type":"Feature","geometry":{"type":"Point","coordinates":[77.55653,13.04586]},"properties":{"name":"BEL Circle"}},{"type":"Feature","geometry":{"type":"Point","coordinates":[77.55727,13.04123]},"properties":{"name":"Gokula"}},{"type":"Feature","geometry":{"type":"Point","coordinates":[77.56153,13.02884]},"properties":{"name":"MS Ramaiah College"}},{"type":"Feature","geometry":{"type":"Point","coordinates":[77.56184,13.02633]},"properties":{"name":"Diwanarapalya"}},{"type":"Feature","geometry":{"type":"Point","coordinates":[77.56315,13.0214]},"properties":{"name":"Ayyappa Temple Yeshwanthapura"}},{"type":"Feature","geometry":{"type":"Point","coordinates":[77.56121,13.0185]},"properties":{"name":"TollGate Yeshwanthapura"}},{"type":"Feature","geometry":{"type":"Point","coordinates":[77.57132,12.99928]},"properties":{"name":"8th Cross Malleshwaram"}},{"type":"Feature","geometry":{"type":"Point","coordinates":[77.57398,12.99425]},"properties":{"name":"Link Road"}},{"type":"Feature","geometry":{"type":"Point","coordinates":[77.5743,12.98826]},"properties":{"name":"Swastik Sheshadripuram College"}},{"type":"Feature","geometry":{"type":"Point","coordinates":[77.57435,12.98904]},"properties":{"name":"Swastik Sheshadripuram College"}},{"type":"Feature","geometry":{"type":"Point","coordinates":[77.57949,12.98674]},"properties":{"name":"Shivananda Store"}},{"type":"Feature","geometry":{"type":"Point","coordinates":[77.57761,12.9642]},"properties":{"name":"KR Market"}},{"type":"Feature","geometry":{"type":"Point","coordinates":[77.53559,12.9485]},"properties":{"name":"BHEL"}},{"type":"Feature","geometry":{"type":"Point","coordinates":[77.52587,12.94276]},"properties":{"name":"Nayandahalli"}},{"type":"Feature","geometry":{"type":"Point","coordinates":[77.52411,12.94013]},"properties":{"name":"BWSSB Quarters Nayandahalli"}},{"type":"Feature","geometry":{"type":"Point","coordinates":[77.51661,12.93622]},"properties":{"name":"RR Gate"}},{"type":"Feature","geometry":{"type":"Point","coordinates":[77.51295,12.93546]},"properties":{"name":"Bengaluru University Gate"}},{"type":"Feature","geometry":{"type":"Point","coordinates":[77.50572,12.93013]},"properties":{"name":"Jayaram Das Factory"}},{"type":"Feature","geometry":{"type":"Point","coordinates":[77.50603,12.93022]},"properties":{"name":"Jayaram Das Factory"}},{"type":"Feature","geometry":{"type":"Point","coordinates":[77.49935,12.92513]},"properties":{"name":"RV College"}},{"type":"Feature","geometry":{"type":"Point","coordinates":[77.49605,12.92268]},"properties":{"name":"Dubasipalya Cross"}},{"type":"Feature","geometry":{"type":"Point","coordinates":[77.48031,12.91127]},"properties":{"name":"Ganesha Temple"}},{"type":"Feature","geometry":{"type":"Point","coordinates":[77.47987,12.91602]},"properties":{"name":"Robin Theatre"}},{"type":"Feature","geometry":{"type":"Point","coordinates":[77.47481,12.92227]},"properties":{"name":"Beedi Karmikara Colony Gate"}},{"type":"Feature","geometry":{"type":"Point","coordinates":[77.47292,12.92343]},"properties":{"name":"Kengeri Club"}},{"type":"Feature","geometry":{"type":"Point","coordinates":[77.46509,12.93]},"properties":{"name":"Kommaghatta"}},{"type":"Feature","geometry":{"type":"Point","coordinates":[77.46166,12.93262]},"properties":{"name":"Ramasandra Cross"}},{"type":"Feature","geometry":{"type":"Point","coordinates":[77.44832,12.93437]},"properties":{"name":"Byrohalli Gate"}},{"type":"Feature","geometry":{"type":"Point","coordinates":[77.42879,12.93606]},"properties":{"name":"Krishnasagara"}},{"type":"Feature","geometry":{"type":"Point","coordinates":[77.42532,12.94145]},"properties":{"name":"Gulaganjahalli Cross"}},{"type":"Feature","geometry":{"type":"Point","coordinates":[77.42107,12.95931]},"properties":{"name":"Yalachaguppe"}},{"type":"Feature","geometry":{"type":"Point","coordinates":[77.4001,12.96583]},"properties":{"name":"Tavarekere"}},{"type":"Feature","geometry":{"type":"Point","coordinates":[77.40327,12.96709]},"properties":{"name":"Ganesha Temple"}},{"type":"Feature","geometry":{"type":"Point","coordinates":[77.40997,12.97001]},"properties":{"name":"Lakkuppe"}},{"type":"Feature","geometry":{"type":"Point","coordinates":[77.42118,12.97428]},"properties":{"name":"Honaganahatti"}},{"type":"Feature","geometry":{"type":"Point","coordinates":[77.43062,12.97798]},"properties":{"name":"Channenahalli"}},{"type":"Feature","geometry":{"type":"Point","coordinates":[77.44395,12.98415]},"properties":{"name":"Seegehalli Gate"}},{"type":"Feature","geometry":{"type":"Point","coordinates":[77.44957,12.98911]},"properties":{"name":"Kadabagere Cross"}},{"type":"Feature","geometry":{"type":"Point","coordinates":[77.45436,12.99088]},"properties":{"name":"Machohalli Gate"}},{"type":"Feature","geometry":{"type":"Point","coordinates":[77.45926,12.99179]},"properties":{"name":"Forest Gate"}},{"type":"Feature","geometry":{"type":"Point","coordinates":[77.4656,12.9915]},"properties":{"name":"Chikka Gollarahatti"}},{"type":"Feature","geometry":{"type":"Point","coordinates":[77.46872,12.99054]},"properties":{"name":"Kachohalli Gate"}},{"type":"Feature","geometry":{"type":"Point","coordinates":[77.47281,12.98863]},"properties":{"name":"Gollarahatti"}},{"type":"Feature","geometry":{"type":"Point","coordinates":[77.48815,12.98618]},"properties":{"name":"Anjana Nagara"}},{"type":"Feature","geometry":{"type":"Point","coordinates":[77.49257,12.9874]},"properties":{"name":"Herohalli Cross"}},{"type":"Feature","geometry":{"type":"Point","coordinates":[77.49932,12.98898]},"properties":{"name":"Janapriya Apartment"}},{"type":"Feature","geometry":{"type":"Point","coordinates":[77.5061,12.98954]},"properties":{"name":"Sunkadakatte"}},{"type":"Feature","geometry":{"type":"Point","coordinates":[77.51389,12.98774]},"properties":{"name":"Kottigepalya"}},{"type":"Feature","geometry":{"type":"Point","coordinates":[77.5212,12.9866]},"properties":{"name":"Summanahalli"}},{"type":"Feature","geometry":{"type":"Point","coordinates":[77.52919,12.98385]},"properties":{"name":"Kamakshipalya"}},{"type":"Feature","geometry":{"type":"Point","coordinates":[77.53553,12.98128]},"properties":{"name":"KHB Colony"}},{"type":"Feature","geometry":{"type":"Point","coordinates":[77.54296,12.97853]},"properties":{"name":"Agrahara Dasarahalli"}},{"type":"Feature","geometry":{"type":"Point","coordinates":[77.54887,12.97468]},"properties":{"name":"Magadi Road TollGate"}},{"type":"Feature","geometry":{"type":"Point","coordinates":[77.54913,12.9743]},"properties":{"name":"Magadi Road TollGate"}},{"type":"Feature","geometry":{"type":"Point","coordinates":[77.55645,12.97562]},"properties":{"name":"10th Cross Magadi Road"}},{"type":"Feature","geometry":{"type":"Point","coordinates":[77.56329,12.97587]},"properties":{"name":"1st Cross Magadi Road"}},{"type":"Feature","geometry":{"type":"Point","coordinates":[77.56619,12.97034]},"properties":{"name":"Binny Mill"}},{"type":"Feature","geometry":{"type":"Point","coordinates":[77.55914,12.96015]},"properties":{"name":"Sirsi Circle"}},{"type":"Feature","geometry":{"type":"Point","coordinates":[77.58828,12.96092]},"properties":{"name":"Poornima Talkies"}},{"type":"Feature","geometry":{"type":"Point","coordinates":[77.59247,12.91969]},"properties":{"name":"9th Block Jayanagara"}},{"type":"Feature","geometry":{"type":"Point","coordinates":[77.59344,12.92307]},"properties":{"name":"4th T Block Jayanagara"}},{"type":"Feature","geometry":{"type":"Point","coordinates":[77.59298,12.92699]},"properties":{"name":"Sanjay Gandhi Hospital"}},{"type":"Feature","geometry":{"type":"Point","coordinates":[77.63529,12.98262]},"properties":{"name":"Depot-06"}},{"type":"Feature","geometry":{"type":"Point","coordinates":[77.63925,12.98366]},"properties":{"name":"Binnamangala"}},{"type":"Feature","geometry":{"type":"Point","coordinates":[77.64311,12.9851]},"properties":{"name":"Isolation Hospital"}},{"type":"Feature","geometry":{"type":"Point","coordinates":[77.64996,12.98791]},"properties":{"name":"NGEF"}},{"type":"Feature","geometry":{"type":"Point","coordinates":[77.65468,12.99014]},"properties":{"name":"Bayyappanahalli Metro Station"}},{"type":"Feature","geometry":{"type":"Point","coordinates":[77.66315,12.99422]},"properties":{"name":"Benniganahalli"}},{"type":"Feature","geometry":{"type":"Point","coordinates":[77.66966,12.99713]},"properties":{"name":"Tin Factory"}},{"type":"Feature","geometry":{"type":"Point","coordinates":[77.6693,12.99697]},"properties":{"name":"Tin Factory"}},{"type":"Feature","geometry":{"type":"Point","coordinates":[77.67597,13.00021]},"properties":{"name":"Railway Station KR Puram"}},{"type":"Feature","geometry":{"type":"Point","coordinates":[77.66288,12.99714]},"properties":{"name":"Benaganahalli Bridge"}},{"type":"Feature","geometry":{"type":"Point","coordinates":[77.6433,12.98495]},"properties":{"name":"Isolation Hospital"}},{"type":"Feature","geometry":{"type":"Point","coordinates":[77.60194,12.97783]},"properties":{"name":"MG Road"}},{"type":"Feature","geometry":{"type":"Point","coordinates":[77.58426,12.96358]},"properties":{"name":"Town Hall"}},{"type":"Feature","geometry":{"type":"Point","coordinates":[77.57994,12.95363]},"properties":{"name":"Minerva Circle"}},{"type":"Feature","geometry":{"type":"Point","coordinates":[77.58014,12.94753]},"properties":{"name":"Lalbagh West Gate"}},{"type":"Feature","geometry":{"type":"Point","coordinates":[77.5768,12.94392]},"properties":{"name":"MN Krishnarao Park"}},{"type":"Feature","geometry":{"type":"Point","coordinates":[77.58017,12.94005]},"properties":{"name":"Vijaya College"}},{"type":"Feature","geometry":{"type":"Point","coordinates":[77.58018,12.9412]},"properties":{"name":"Vijaya College"}},{"type":"Feature","geometry":{"type":"Point","coordinates":[77.59296,12.92711]},"properties":{"name":"Sanjay Gandhi Hospital"}},{"type":"Feature","geometry":{"type":"Point","coordinates":[77.59789,12.93978]},"properties":{"name":"Nimhans Hospital"}},{"type":"Feature","geometry":{"type":"Point","coordinates":[77.58568,12.95408]},"properties":{"name":"Lalbagh Main Gate"}},{"type":"Feature","geometry":{"type":"Point","coordinates":[77.59312,12.95772]},"properties":{"name":"KH Road"}},{"type":"Feature","geometry":{"type":"Point","coordinates":[77.57148,12.8976]},"properties":{"name":"Yelachenahalli"}},{"type":"Feature","geometry":{"type":"Point","coordinates":[77.56171,13.02843]},"properties":{"name":"MS Ramaiah College"}},{"type":"Feature","geometry":{"type":"Point","coordinates":[77.63807,12.9127]},"properties":{"name":"BDA Complex HSR Layout"}},{"type":"Feature","geometry":{"type":"Point","coordinates":[77.64302,12.91967]},"properties":{"name":"Depot-25 HSR Layout"}},{"type":"Feature","geometry":{"type":"Point","coordinates":[77.60197,12.93712]},"properties":{"name":"Bengaluru Dairy Circle"}},{"type":"Feature","geometry":{"type":"Point","coordinates":[77.58339,12.95249]},"properties":{"name":"Lalbagh Main Gate"}},{"type":"Feature","geometry":{"type":"Point","coordinates":[77.58878,12.94619]},"properties":{"name":"Siddapura"}},{"type":"Feature","geometry":{"type":"Point","coordinates":[77.60083,12.96078]},"properties":{"name":"Nanjappa Circle"}},{"type":"Feature","geometry":{"type":"Point","coordinates":[77.59951,12.96136]},"properties":{"name":"Nanjappa Circle"}},{"type":"Feature","geometry":{"type":"Point","coordinates":[77.58776,12.96113]},"properties":{"name":"Poornima Talkies"}},{"type":"Feature","geometry":{"type":"Point","coordinates":[77.67701,12.83996]},"properties":{"name":"Veerasandra"}},{"type":"Feature","geometry":{"type":"Point","coordinates":[77.67686,12.83993]},"properties":{"name":"Veerasandra"}},{"type":"Feature","geometry":{"type":"Point","coordinates":[77.68215,12.82754]},"properties":{"name":"Hebbagodi"}},{"type":"Feature","geometry":{"type":"Point","coordinates":[77.68841,12.81944]},"properties":{"name":"Bommasandra"}},{"type":"Feature","geometry":{"type":"Point","coordinates":[77.69478,12.81187]},"properties":{"name":"BTL College"}},{"type":"Feature","geometry":{"type":"Point","coordinates":[77.6992,12.80604]},"properties":{"name":"Hennagara Gate"}},{"type":"Feature","geometry":{"type":"Point","coordinates":[77.70454,12.80255]},"properties":{"name":"Chandapura"}},{"type":"Feature","geometry":{"type":"Point","coordinates":[77.70448,12.80223]},"properties":{"name":"Chandapura"}},{"type":"Feature","geometry":{"type":"Point","coordinates":[77.72198,12.79398]},"properties":{"name":"Tirumagondanahalli"}},{"type":"Feature","geometry":{"type":"Point","coordinates":[77.72833,12.79231]},"properties":{"name":"Neraluru Gate"}},{"type":"Feature","geometry":{"type":"Point","coordinates":[77.73707,12.78811]},"properties":{"name":"Guddahatti Gate"}},{"type":"Feature","geometry":{"type":"Point","coordinates":[77.74174,12.7868]},"properties":{"name":"Guestline Hotel"}},{"type":"Feature","geometry":{"type":"Point","coordinates":[77.75081,12.78559]},"properties":{"name":"Yadavanahalli"}},{"type":"Feature","geometry":{"type":"Point","coordinates":[77.77636,12.79099]},"properties":{"name":"Indlubele"}},{"type":"Feature","geometry":{"type":"Point","coordinates":[77.7835,12.80576]},"properties":{"name":"Bidaraguppe"}},{"type":"Feature","geometry":{"type":"Point","coordinates":[77.78529,12.81587]},"properties":{"name":"BHEL Navaratna Layout"}},{"type":"Feature","geometry":{"type":"Point","coordinates":[77.78545,12.83516]},"properties":{"name":"Exide Gate"}},{"type":"Feature","geometry":{"type":"Point","coordinates":[77.78506,12.8374]},"properties":{"name":"Billapura"}},{"type":"Feature","geometry":{"type":"Point","coordinates":[77.76711,12.86773]},"properties":{"name":"Crystal Apartment Sarjapura Road"}},{"type":"Feature","geometry":{"type":"Point","coordinates":[77.76157,12.87931]},"properties":{"name":"Chambenahalli"}},{"type":"Feature","geometry":{"type":"Point","coordinates":[77.75699,12.88169]},"properties":{"name":"Thigalara Chowdenahalli Cross"}},{"type":"Feature","geometry":{"type":"Point","coordinates":[77.75418,12.87933]},"properties":{"name":"Dommasandra"}},{"type":"Feature","geometry":{"type":"Point","coordinates":[77.73641,12.92137]},"properties":{"name":"Gunjuru"}},{"type":"Feature","geometry":{"type":"Point","coordinates":[77.73951,12.92871]},"properties":{"name":"Vinayaka Nagara"}},{"type":"Feature","geometry":{"type":"Point","coordinates":[77.7471,12.94247]},"properties":{"name":"Varthuru Govt College"}},{"type":"Feature","geometry":{"type":"Point","coordinates":[77.74574,12.95761]},"properties":{"name":"Varthur kodi"}},{"type":"Feature","geometry":{"type":"Point","coordinates":[77.75027,12.97383]},"properties":{"name":"Sai Baba General Hospital"}},{"type":"Feature","geometry":{"type":"Point","coordinates":[77.74769,12.98535]},"properties":{"name":"BPL"}},{"type":"Feature","geometry":{"type":"Point","coordinates":[77.74395,12.98661]},"properties":{"name":"GR Tech Park ITPL"}},{"type":"Feature","geometry":{"type":"Point","coordinates":[77.73381,12.98795]},"properties":{"name":"Pattandur Agrahara Gate"}},{"type":"Feature","geometry":{"type":"Point","coordinates":[77.73144,12.98815]},"properties":{"name":"Big Bazzar ITPL"}},{"type":"Feature","geometry":{"type":"Point","coordinates":[77.72117,12.9913]},"properties":{"name":"Rajapalya"}},{"type":"Feature","geometry":{"type":"Point","coordinates":[77.71631,12.99228]},"properties":{"name":"Hoodi"}},{"type":"Feature","geometry":{"type":"Point","coordinates":[77.7152,12.99189]},"properties":{"name":"Hoodi"}},{"type":"Feature","geometry":{"type":"Point","coordinates":[77.69475,12.9956]},"properties":{"name":"Singaianapalya Phoenix"}},{"type":"Feature","geometry":{"type":"Point","coordinates":[77.67652,13.00003]},"properties":{"name":"Railway Station KR Puram"}},{"type":"Feature","geometry":{"type":"Point","coordinates":[77.66867,12.99646]},"properties":{"name":"Tin Factory"}},{"type":"Feature","geometry":{"type":"Point","coordinates":[77.66318,13.00399]},"properties":{"name":"Kasthuri Nagara Ring Road"}},{"type":"Feature","geometry":{"type":"Point","coordinates":[77.66179,13.01331]},"properties":{"name":"B Channasandra Bridge"}},{"type":"Feature","geometry":{"type":"Point","coordinates":[77.64745,13.02233]},"properties":{"name":"Babusabpalya"}},{"type":"Feature","geometry":{"type":"Point","coordinates":[77.62401,13.04032]},"properties":{"name":"Jn of Nagawara"}},{"type":"Feature","geometry":{"type":"Point","coordinates":[77.60935,13.04323]},"properties":{"name":"Lumbini garden"}},{"type":"Feature","geometry":{"type":"Point","coordinates":[77.6005,13.04375]},"properties":{"name":"Kempapura"}},{"type":"Feature","geometry":{"type":"Point","coordinates":[77.57105,13.0089]},"properties":{"name":"18th Cross Malleshwaram"}},{"type":"Feature","geometry":{"type":"Point","coordinates":[77.56256,13.01]},"properties":{"name":"18th Cross Malleshwaram"}},{"type":"Feature","geometry":{"type":"Point","coordinates":[77.5487,13.02361]},"properties":{"name":"RMC Yard (Yashawanthapura New Railway Station)"}},{"type":"Feature","geometry":{"type":"Point","coordinates":[77.53577,13.03134]},"properties":{"name":"CMTI"}},{"type":"Feature","geometry":{"type":"Point","coordinates":[77.54046,13.02875]},"properties":{"name":"Goraguntepalya"}},{"type":"Feature","geometry":{"type":"Point","coordinates":[77.52566,13.03612]},"properties":{"name":"Peenya 1st Stage"}},{"type":"Feature","geometry":{"type":"Point","coordinates":[77.50758,13.04507]},"properties":{"name":"8th Mile"}},{"type":"Feature","geometry":{"type":"Point","coordinates":[77.49249,13.05015]},"properties":{"name":"Marison Factory"}},{"type":"Feature","geometry":{"type":"Point","coordinates":[77.48777,13.05189]},"properties":{"name":"Chikkabidarakallu"}},{"type":"Feature","geometry":{"type":"Point","coordinates":[77.47888,13.05506]},"properties":{"name":"Anchepalya"}},{"type":"Feature","geometry":{"type":"Point","coordinates":[77.46472,13.05899]},"properties":{"name":"TCI"}},{"type":"Feature","geometry":{"type":"Point","coordinates":[77.43898,13.07337]},"properties":{"name":"Ravuthanahalli Cross"}},{"type":"Feature","geometry":{"type":"Point","coordinates":[77.43595,13.07517]},"properties":{"name":"Dasanapura"}},{"type":"Feature","geometry":{"type":"Point","coordinates":[77.43159,13.0772]},"properties":{"name":"Devannanapalya"}},{"type":"Feature","geometry":{"type":"Point","coordinates":[77.42398,13.07975]},"properties":{"name":"Arishinakunte"}},{"type":"Feature","geometry":{"type":"Point","coordinates":[77.41711,13.08407]},"properties":{"name":"Vishwa Shanti Ashrama"}},{"type":"Feature","geometry":{"type":"Point","coordinates":[77.40562,13.09401]},"properties":{"name":"Weavers Colony Nelamangala"}},{"type":"Feature","geometry":{"type":"Point","coordinates":[77.40146,13.09706]},"properties":{"name":"TB Nelamangala"}},{"type":"Feature","geometry":{"type":"Point","coordinates":[77.39783,13.09733]},"properties":{"name":"Anjaneya Temple Nelamangala"}},{"type":"Feature","geometry":{"type":"Point","coordinates":[77.39777,13.09739]},"properties":{"name":"Anjaneya Temple Nelamangala"}},{"type":"Feature","geometry":{"type":"Point","coordinates":[77.40132,13.0972]},"properties":{"name":"TB Nelamangala"}},{"type":"Feature","geometry":{"type":"Point","coordinates":[77.59278,13.00692]},"properties":{"name":"Munireddy Palya J C Nagara"}},{"type":"Feature","geometry":{"type":"Point","coordinates":[77.40552,13.09422]},"properties":{"name":"Weavers Colony Nelamangala"}},{"type":"Feature","geometry":{"type":"Point","coordinates":[77.41247,13.08748]},"properties":{"name":"Binnamangala"}},{"type":"Feature","geometry":{"type":"Point","coordinates":[77.41726,13.08409]},"properties":{"name":"Vishwa Shanti Ashrama"}},{"type":"Feature","geometry":{"type":"Point","coordinates":[77.43143,13.07769]},"properties":{"name":"Devannanapalya"}},{"type":"Feature","geometry":{"type":"Point","coordinates":[77.43636,13.07539]},"properties":{"name":"Dasanapura"}},{"type":"Feature","geometry":{"type":"Point","coordinates":[77.43891,13.07338]},"properties":{"name":"Ravuthanahalli Cross"}},{"type":"Feature","geometry":{"type":"Point","coordinates":[77.47472,13.05668]},"properties":{"name":"Madavara"}},{"type":"Feature","geometry":{"type":"Point","coordinates":[77.47982,13.05527]},"properties":{"name":"Anchepalya"}},{"type":"Feature","geometry":{"type":"Point","coordinates":[77.59934,12.98992]},"properties":{"name":"CSI Hospital"}},{"type":"Feature","geometry":{"type":"Point","coordinates":[77.51859,13.04004]},"properties":{"name":"Jalahalli Cross"}},{"type":"Feature","geometry":{"type":"Point","coordinates":[77.52997,13.03472]},"properties":{"name":"SRS Peenya"}},{"type":"Feature","geometry":{"type":"Point","coordinates":[77.54435,13.02655]},"properties":{"name":"MEI Factory"}},{"type":"Feature","geometry":{"type":"Point","coordinates":[77.5401,13.02948]},"properties":{"name":"Goraguntepalya"}},{"type":"Feature","geometry":{"type":"Point","coordinates":[77.55343,13.0185]},"properties":{"name":"Govardhan Talkies"}},{"type":"Feature","geometry":{"type":"Point","coordinates":[77.62065,12.97279]},"properties":{"name":"Lido Talkies"}},{"type":"Feature","geometry":{"type":"Point","coordinates":[77.62908,12.97845]},"properties":{"name":"Halasuru"}},{"type":"Feature","geometry":{"type":"Point","coordinates":[77.63696,12.97824]},"properties":{"name":"Double Road Indiranagara"}},{"type":"Feature","geometry":{"type":"Point","coordinates":[77.64663,12.97788]},"properties":{"name":"CMH Hospital"}},{"type":"Feature","geometry":{"type":"Point","coordinates":[77.64709,12.97375]},"properties":{"name":"Thippasandra"}},{"type":"Feature","geometry":{"type":"Point","coordinates":[77.64683,12.97418]},"properties":{"name":"Thippasandra"}},{"type":"Feature","geometry":{"type":"Point","coordinates":[77.64683,12.97783]},"properties":{"name":"CMH Hospital"}},{"type":"Feature","geometry":{"type":"Point","coordinates":[77.6461,12.97837]},"properties":{"name":"CMH Hospital"}},{"type":"Feature","geometry":{"type":"Point","coordinates":[77.64042,12.97829]},"properties":{"name":"Police Station Indiranagara"}},{"type":"Feature","geometry":{"type":"Point","coordinates":[77.63592,12.97817]},"properties":{"name":"Double Road Indiranagara"}},{"type":"Feature","geometry":{"type":"Point","coordinates":[77.6281,12.97773]},"properties":{"name":"Halasuru"}},{"type":"Feature","geometry":{"type":"Point","coordinates":[77.62143,12.97271]},"properties":{"name":"Lido Talkies"}},{"type":"Feature","geometry":{"type":"Point","coordinates":[77.61315,12.97566]},"properties":{"name":"Manipal Centre MG Road"}},{"type":"Feature","geometry":{"type":"Point","coordinates":[77.59868,12.97783]},"properties":{"name":"Chinnaswamy Stadium"}},{"type":"Feature","geometry":{"type":"Point","coordinates":[77.59735,12.98411]},"properties":{"name":"Indian Express"}},{"type":"Feature","geometry":{"type":"Point","coordinates":[77.58672,12.98412]},"properties":{"name":"RC College"}},{"type":"Feature","geometry":{"type":"Point","coordinates":[77.56894,13.00874]},"properties":{"name":"Malleshwaram Bus Stand"}},{"type":"Feature","geometry":{"type":"Point","coordinates":[77.59052,13.00963]},"properties":{"name":"TV Tower"}},{"type":"Feature","geometry":{"type":"Point","coordinates":[77.58373,13.01027]},"properties":{"name":"Palace Ground"}},{"type":"Feature","geometry":{"type":"Point","coordinates":[77.57497,13.01468]},"properties":{"name":"CPRI"}},{"type":"Feature","geometry":{"type":"Point","coordinates":[77.57579,13.04748]},"properties":{"name":"Bhadrappa Layout"}},{"type":"Feature","geometry":{"type":"Point","coordinates":[77.56866,13.03392]},"properties":{"name":"ITI Layout"}},{"type":"Feature","geometry":{"type":"Point","coordinates":[77.55269,13.02]},"properties":{"name":"Govardhan Talkies"}},{"type":"Feature","geometry":{"type":"Point","coordinates":[77.54779,13.02465]},"properties":{"name":"RMC Yard (Yashawanthapura New Railway Station)"}},{"type":"Feature","geometry":{"type":"Point","coordinates":[77.54403,13.02635]},"properties":{"name":"MEI Factory"}},{"type":"Feature","geometry":{"type":"Point","coordinates":[77.53963,13.02882]},"properties":{"name":"Goraguntepalya"}},{"type":"Feature","geometry":{"type":"Point","coordinates":[77.53632,13.03065]},"properties":{"name":"CMTI"}},{"type":"Feature","geometry":{"type":"Point","coordinates":[77.53038,13.03422]},"properties":{"name":"SRS Peenya"}},{"type":"Feature","geometry":{"type":"Point","coordinates":[77.58263,13.01451]},"properties":{"name":"Mekhri Circle"}},{"type":"Feature","geometry":{"type":"Point","coordinates":[77.5226,13.04662]},"properties":{"name":"Ayyappa Temple Jalahalli Cross"}},{"type":"Feature","geometry":{"type":"Point","coordinates":[77.56756,13.01302]},"properties":{"name":"Tata Institute"}},{"type":"Feature","geometry":{"type":"Point","coordinates":[77.55921,13.01775]},"properties":{"name":"Yeshwanthapura Circle"}},{"type":"Feature","geometry":{"type":"Point","coordinates":[77.51947,13.02839]},"properties":{"name":"TVS Cross Peenya"}},{"type":"Feature","geometry":{"type":"Point","coordinates":[77.5518,13.01175]},"properties":{"name":"Iskcon Temple"}},{"type":"Feature","geometry":{"type":"Point","coordinates":[77.51468,13.02645]},"properties":{"name":"Rolling Mill"}},{"type":"Feature","geometry":{"type":"Point","coordinates":[77.55436,13.04388]},"properties":{"name":"MES Road"}},{"type":"Feature","geometry":{"type":"Point","coordinates":[77.54882,13.00739]},"properties":{"name":"Mahalakshmi Layout Entrance"}},{"type":"Feature","geometry":{"type":"Point","coordinates":[77.51099,13.02475]},"properties":{"name":"NTTF Peenya"}},{"type":"Feature","geometry":{"type":"Point","coordinates":[77.54985,13.04252]},"properties":{"name":"Jalahalli Bakery"}},{"type":"Feature","geometry":{"type":"Point","coordinates":[77.54923,13.00427]},"properties":{"name":"1st Block Rajajinagara"}},{"type":"Feature","geometry":{"type":"Point","coordinates":[77.50815,13.02041]},"properties":{"name":"Brundavana Peenya"}},{"type":"Feature","geometry":{"type":"Point","coordinates":[77.54744,13.04173]},"properties":{"name":"Jalahalli Village Gate"}},{"type":"Feature","geometry":{"type":"Point","coordinates":[77.50584,13.01636]},"properties":{"name":"14th Cross Peenya"}},{"type":"Feature","geometry":{"type":"Point","coordinates":[77.54892,12.99746]},"properties":{"name":"Navarang Theatre"}},{"type":"Feature","geometry":{"type":"Point","coordinates":[77.50884,13.01375]},"properties":{"name":"Rajagopala Nagara"}},{"type":"Feature","geometry":{"type":"Point","coordinates":[77.53629,13.00097]},"properties":{"name":"Kurubarahalli"}},{"type":"Feature","geometry":{"type":"Point","coordinates":[77.50685,13.01081]},"properties":{"name":"Peenya 2nd stage"}},{"type":"Feature","geometry":{"type":"Point","coordinates":[77.53986,12.99535]},"properties":{"name":"Water Tank Kamalanagara"}},{"type":"Feature","geometry":{"type":"Point","coordinates":[77.50568,13.01677]},"properties":{"name":"14th Cross Peenya"}},{"type":"Feature","geometry":{"type":"Point","coordinates":[77.53851,12.99179]},"properties":{"name":"8th Main Kamalanagara"}},{"type":"Feature","geometry":{"type":"Point","coordinates":[77.53754,12.98769]},"properties":{"name":"Havanur Circle Basaveshwara Nagara"}},{"type":"Feature","geometry":{"type":"Point","coordinates":[77.53621,13.02848]},"properties":{"name":"Reliance Petrol Bunk Goraguntepalya"}},{"type":"Feature","geometry":{"type":"Point","coordinates":[77.53558,12.98109]},"properties":{"name":"KHB Colony"}},{"type":"Feature","geometry":{"type":"Point","coordinates":[77.53406,13.02486]},"properties":{"name":"Modern Food Goraguntepalya"}},{"type":"Feature","geometry":{"type":"Point","coordinates":[77.53528,13.02158]},"properties":{"name":"Kanteerava Studio"}},{"type":"Feature","geometry":{"type":"Point","coordinates":[77.5371,12.98798]},"properties":{"name":"Havanur Circle Basaveshwara Nagara"}},{"type":"Feature","geometry":{"type":"Point","coordinates":[77.53772,12.98894]},"properties":{"name":"Havanur Circle Basaveshwara Nagara"}},{"type":"Feature","geometry":{"type":"Point","coordinates":[77.53872,12.99254]},"properties":{"name":"8th Main Kamalanagara"}},{"type":"Feature","geometry":{"type":"Point","coordinates":[77.53195,13.0218]},"properties":{"name":"Kanteerava Studio"}},{"type":"Feature","geometry":{"type":"Point","coordinates":[77.53995,12.99579]},"properties":{"name":"Water Tank Kamalanagara"}},{"type":"Feature","geometry":{"type":"Point","coordinates":[77.54162,12.99912]},"properties":{"name":"Shankar Mutt"}},{"type":"Feature","geometry":{"type":"Point","coordinates":[77.54591,12.99737]},"properties":{"name":"Modi Hospital"}},{"type":"Feature","geometry":{"type":"Point","coordinates":[77.52602,13.01548]},"properties":{"name":"Lakshmidevi Nagara"}},{"type":"Feature","geometry":{"type":"Point","coordinates":[77.54981,12.99942]},"properties":{"name":"Navarang Theatre"}},{"type":"Feature","geometry":{"type":"Point","coordinates":[77.54894,13.00448]},"properties":{"name":"1st Block Rajajinagara"}},{"type":"Feature","geometry":{"type":"Point","coordinates":[77.527,13.0066]},"properties":{"name":"Swatantra Yodha Nagara"}},{"type":"Feature","geometry":{"type":"Point","coordinates":[77.56386,13.0151]},"properties":{"name":"Tata Institute"}},{"type":"Feature","geometry":{"type":"Point","coordinates":[77.53069,12.99266]},"properties":{"name":"Kamalanagara"}},{"type":"Feature","geometry":{"type":"Point","coordinates":[77.5848,13.01455]},"properties":{"name":"Mekhri Circle"}},{"type":"Feature","geometry":{"type":"Point","coordinates":[77.52911,12.98372]},"properties":{"name":"Kamakshipalya"}},{"type":"Feature","geometry":{"type":"Point","coordinates":[77.51915,12.98735]},"properties":{"name":"Summanahalli"}},{"type":"Feature","geometry":{"type":"Point","coordinates":[77.57487,13.01479]},"properties":{"name":"CPRI"}},{"type":"Feature","geometry":{"type":"Point","coordinates":[77.5152,12.98776]},"properties":{"name":"Kottigepalya"}},{"type":"Feature","geometry":{"type":"Point","coordinates":[77.51162,12.98589]},"properties":{"name":"Vokkaliga School Kottigepalya"}},{"type":"Feature","geometry":{"type":"Point","coordinates":[77.50512,12.96645]},"properties":{"name":"Deepa Complex"}},{"type":"Feature","geometry":{"type":"Point","coordinates":[77.50518,12.96309]},"properties":{"name":"Ambedkar Institute of Technology"}},{"type":"Feature","geometry":{"type":"Point","coordinates":[77.50494,12.96042]},"properties":{"name":"Kengunte Circle"}},{"type":"Feature","geometry":{"type":"Point","coordinates":[77.50325,12.95744]},"properties":{"name":"Mallathahalli Cross"}},{"type":"Feature","geometry":{"type":"Point","coordinates":[77.50087,12.95]},"properties":{"name":"Bengaluru University Administrative Block"}},{"type":"Feature","geometry":{"type":"Point","coordinates":[77.49553,12.94523]},"properties":{"name":"Mariyappanapalya"}},{"type":"Feature","geometry":{"type":"Point","coordinates":[77.49359,12.9415]},"properties":{"name":"Kenchanapura Cross"}},{"type":"Feature","geometry":{"type":"Point","coordinates":[77.49242,12.93585]},"properties":{"name":"Nagadevanahalli"}},{"type":"Feature","geometry":{"type":"Point","coordinates":[77.48772,12.93165]},"properties":{"name":"Shirke KHB Quarters"}},{"type":"Feature","geometry":{"type":"Point","coordinates":[77.48661,12.92826]},"properties":{"name":"Kengeri Church"}},{"type":"Feature","geometry":{"type":"Point","coordinates":[77.48498,12.92378]},"properties":{"name":"Satellite Town Kengeri"}},{"type":"Feature","geometry":{"type":"Point","coordinates":[77.48419,12.92163]},"properties":{"name":"Society Kengeri Satellite Town"}},{"type":"Feature","geometry":{"type":"Point","coordinates":[77.48243,12.91683]},"properties":{"name":"Railway Station Kengeri"}},{"type":"Feature","geometry":{"type":"Point","coordinates":[77.48149,12.91437]},"properties":{"name":"Jn of Kommaghatta"}},{"type":"Feature","geometry":{"type":"Point","coordinates":[77.4821,12.91044]},"properties":{"name":"Police Station Kengeri"}},{"type":"Feature","geometry":{"type":"Point","coordinates":[77.49047,12.9176]},"properties":{"name":"Mylasandra Cross"}},{"type":"Feature","geometry":{"type":"Point","coordinates":[77.49601,12.92288]},"properties":{"name":"Dubasipalya Cross"}},{"type":"Feature","geometry":{"type":"Point","coordinates":[77.49922,12.92535]},"properties":{"name":"RV College"}},{"type":"Feature","geometry":{"type":"Point","coordinates":[77.51342,12.93573]},"properties":{"name":"Bengaluru University Gate"}},{"type":"Feature","geometry":{"type":"Point","coordinates":[77.51841,12.93645]},"properties":{"name":"RR Gate"}},{"type":"Feature","geometry":{"type":"Point","coordinates":[77.52576,12.9429]},"properties":{"name":"Nayandahalli"}},{"type":"Feature","geometry":{"type":"Point","coordinates":[77.52639,12.94593]},"properties":{"name":"Railway Gate Nayandahalli"}},{"type":"Feature","geometry":{"type":"Point","coordinates":[77.52858,12.94503]},"properties":{"name":"Jn of Nayandahalli"}},{"type":"Feature","geometry":{"type":"Point","coordinates":[77.53372,12.93807]},"properties":{"name":"Veerabhadra Nagara"}},{"type":"Feature","geometry":{"type":"Point","coordinates":[77.53666,12.93523]},"properties":{"name":"PES College"}},{"type":"Feature","geometry":{"type":"Point","coordinates":[77.54371,12.93046]},"properties":{"name":"Hoskerahalli Junction"}},{"type":"Feature","geometry":{"type":"Point","coordinates":[77.54588,12.9284]},"properties":{"name":"Janatha Bazaar Banashankari"}},{"type":"Feature","geometry":{"type":"Point","coordinates":[77.5504,12.92504]},"properties":{"name":"Kathriguppe"}},{"type":"Feature","geometry":{"type":"Point","coordinates":[77.56051,12.92192]},"properties":{"name":"Devegowda Petrol Bunk"}},{"type":"Feature","geometry":{"type":"Point","coordinates":[77.5666,12.91392]},"properties":{"name":"Kadirenahalli Cross"}},{"type":"Feature","geometry":{"type":"Point","coordinates":[77.56937,12.91572]},"properties":{"name":"Yarab Nagara"}},{"type":"Feature","geometry":{"type":"Point","coordinates":[77.56936,12.91973]},"properties":{"name":"Kaveri Nagara"}},{"type":"Feature","geometry":{"type":"Point","coordinates":[77.57052,12.92181]},"properties":{"name":"Monotype Corporation"}},{"type":"Feature","geometry":{"type":"Point","coordinates":[77.57402,12.91768]},"properties":{"name":"Banashankari Bus Station"}},{"type":"Feature","geometry":{"type":"Point","coordinates":[77.58477,12.97888]},"properties":{"name":"Maharanis College"}},{"type":"Feature","geometry":{"type":"Point","coordinates":[77.59217,12.97934]},"properties":{"name":"Vidhana Soudha Karnataka High Court"}},{"type":"Feature","geometry":{"type":"Point","coordinates":[77.59634,12.98347]},"properties":{"name":"Indian Express"}},{"type":"Feature","geometry":{"type":"Point","coordinates":[77.59495,12.99279]},"properties":{"name":"Vasantha Nagara"}},{"type":"Feature","geometry":{"type":"Point","coordinates":[77.60246,12.99183]},"properties":{"name":"HK Degree College"}},{"type":"Feature","geometry":{"type":"Point","coordinates":[77.60657,12.99555]},"properties":{"name":"Coles Park"}},{"type":"Feature","geometry":{"type":"Point","coordinates":[77.61295,13.00096]},"properties":{"name":"Doddy"}},{"type":"Feature","geometry":{"type":"Point","coordinates":[77.61665,13.00227]},"properties":{"name":"Clarence School"}},{"type":"Feature","geometry":{"type":"Point","coordinates":[77.69501,13.00842]},"properties":{"name":"KR Puram Market"}},{"type":"Feature","geometry":{"type":"Point","coordinates":[77.62988,13.00156]},"properties":{"name":"Jai Bharath Nagara"}},{"type":"Feature","geometry":{"type":"Point","coordinates":[77.6347,13.00272]},"properties":{"name":"Maruthi Sevanagara"}},{"type":"Feature","geometry":{"type":"Point","coordinates":[77.69858,13.01164]},"properties":{"name":"KR Puram Extension"}},{"type":"Feature","geometry":{"type":"Point","coordinates":[77.64037,13.00726]},"properties":{"name":"Subbayanapalya"}},{"type":"Feature","geometry":{"type":"Point","coordinates":[77.70478,13.01737]},"properties":{"name":"TC Palya Gate"}},{"type":"Feature","geometry":{"type":"Point","coordinates":[77.70957,13.02027]},"properties":{"name":"Bhattarahalli"}},{"type":"Feature","geometry":{"type":"Point","coordinates":[77.71586,13.02386]},"properties":{"name":"SJES College"}},{"type":"Feature","geometry":{"type":"Point","coordinates":[77.72057,13.02648]},"properties":{"name":"Medahalli"}},{"type":"Feature","geometry":{"type":"Point","coordinates":[77.73113,13.03266]},"properties":{"name":"Cipla Avalahalli"}},{"type":"Feature","geometry":{"type":"Point","coordinates":[77.73602,13.03615]},"properties":{"name":"Avalahalli"}},{"type":"Feature","geometry":{"type":"Point","coordinates":[77.65509,13.01831]},"properties":{"name":"Horamavu Signal"}},{"type":"Feature","geometry":{"type":"Point","coordinates":[77.73992,13.03923]},"properties":{"name":"Cheemasandra Gate"}},{"type":"Feature","geometry":{"type":"Point","coordinates":[77.74454,13.04221]},"properties":{"name":"Bandapura Gate"}},{"type":"Feature","geometry":{"type":"Point","coordinates":[77.65832,13.02331]},"properties":{"name":"RK Medical"}},{"type":"Feature","geometry":{"type":"Point","coordinates":[77.66096,13.02653]},"properties":{"name":"Horamavu"}},{"type":"Feature","geometry":{"type":"Point","coordinates":[77.75661,13.05089]},"properties":{"name":"Sapthagiri Convention Hall"}},{"type":"Feature","geometry":{"type":"Point","coordinates":[77.66083,13.02646]},"properties":{"name":"Horamavu"}},{"type":"Feature","geometry":{"type":"Point","coordinates":[77.76193,13.05384]},"properties":{"name":"Katamanallur Gate"}},{"type":"Feature","geometry":{"type":"Point","coordinates":[77.65781,13.02255]},"properties":{"name":"RK Medical"}},{"type":"Feature","geometry":{"type":"Point","coordinates":[77.78401,13.07026]},"properties":{"name":"Hoskote High School"}},{"type":"Feature","geometry":{"type":"Point","coordinates":[77.78634,13.07529]},"properties":{"name":"Hoskote Flower Market"}},{"type":"Feature","geometry":{"type":"Point","coordinates":[77.78812,13.07878]},"properties":{"name":"Hoskote Bus Stand"}},{"type":"Feature","geometry":{"type":"Point","coordinates":[77.78759,13.0787]},"properties":{"name":"Hoskote Bus Stand"}},{"type":"Feature","geometry":{"type":"Point","coordinates":[77.7864,13.07509]},"properties":{"name":"Hoskote Flower Market"}},{"type":"Feature","geometry":{"type":"Point","coordinates":[77.64438,13.0097]},"properties":{"name":"Maruthi School"}},{"type":"Feature","geometry":{"type":"Point","coordinates":[77.78421,13.07079]},"properties":{"name":"Hoskote High School"}},{"type":"Feature","geometry":{"type":"Point","coordinates":[77.76744,13.05605]},"properties":{"name":"Hoskote Kodi"}},{"type":"Feature","geometry":{"type":"Point","coordinates":[77.62197,12.99861]},"properties":{"name":"ITC Factory"}},{"type":"Feature","geometry":{"type":"Point","coordinates":[77.76141,13.05308]},"properties":{"name":"Katamanallur Gate"}},{"type":"Feature","geometry":{"type":"Point","coordinates":[77.75663,13.05031]},"properties":{"name":"Sapthagiri Convention Hall"}},{"type":"Feature","geometry":{"type":"Point","coordinates":[77.61722,13.00024]},"properties":{"name":"East Railway Station"}},{"type":"Feature","geometry":{"type":"Point","coordinates":[77.74428,13.04154]},"properties":{"name":"Bandapura Gate"}},{"type":"Feature","geometry":{"type":"Point","coordinates":[77.61469,13.00073]},"properties":{"name":"Clarence School"}},{"type":"Feature","geometry":{"type":"Point","coordinates":[77.74058,13.03892]},"properties":{"name":"Cheemasandra Gate"}},{"type":"Feature","geometry":{"type":"Point","coordinates":[77.73534,13.03573]},"properties":{"name":"Avalahalli"}},{"type":"Feature","geometry":{"type":"Point","coordinates":[77.73126,13.03224]},"properties":{"name":"Cipla Avalahalli"}},{"type":"Feature","geometry":{"type":"Point","coordinates":[77.616,13.00034]},"properties":{"name":"Mosque Road"}},{"type":"Feature","geometry":{"type":"Point","coordinates":[77.72039,13.02592]},"properties":{"name":"Medahalli"}},{"type":"Feature","geometry":{"type":"Point","coordinates":[77.71546,13.02327]},"properties":{"name":"SJES College"}},{"type":"Feature","geometry":{"type":"Point","coordinates":[77.60805,12.99467]},"properties":{"name":"Coles Park"}},{"type":"Feature","geometry":{"type":"Point","coordinates":[77.70925,13.01963]},"properties":{"name":"Bhattarahalli"}},{"type":"Feature","geometry":{"type":"Point","coordinates":[77.70418,13.01677]},"properties":{"name":"TC Palya Gate"}},{"type":"Feature","geometry":{"type":"Point","coordinates":[77.69867,13.01133]},"properties":{"name":"KR Puram Extension"}},{"type":"Feature","geometry":{"type":"Point","coordinates":[77.60245,12.99178]},"properties":{"name":"HK Degree College"}},{"type":"Feature","geometry":{"type":"Point","coordinates":[77.69501,13.00814]},"properties":{"name":"KR Puram Market"}},{"type":"Feature","geometry":{"type":"Point","coordinates":[77.59483,12.98175]},"properties":{"name":"GPO"}},{"type":"Feature","geometry":{"type":"Point","coordinates":[77.69255,13.00784]},"properties":{"name":"KR Puram Govt Hospital"}},{"type":"Feature","geometry":{"type":"Point","coordinates":[77.5857,12.97688]},"properties":{"name":"KR Circle"}},{"type":"Feature","geometry":{"type":"Point","coordinates":[77.57764,12.90655]},"properties":{"name":"JP Nagara 6th Phase"}},{"type":"Feature","geometry":{"type":"Point","coordinates":[77.68458,13.00566]},"properties":{"name":"ITI Colony Gate"}},{"type":"Feature","geometry":{"type":"Point","coordinates":[77.67901,13.01172]},"properties":{"name":"Ramamurthy Nagara Church"}},{"type":"Feature","geometry":{"type":"Point","coordinates":[77.5815,12.97349]},"properties":{"name":"Cauvery Bhavana"}},{"type":"Feature","geometry":{"type":"Point","coordinates":[77.66793,13.01203]},"properties":{"name":"Ramamurthy Nagara Police Station"}},{"type":"Feature","geometry":{"type":"Point","coordinates":[77.58865,12.98908]},"properties":{"name":"High Ground Police Station"}},{"type":"Feature","geometry":{"type":"Point","coordinates":[77.66231,13.01113]},"properties":{"name":"Ramamurthy Nagara Ring Road"}},{"type":"Feature","geometry":{"type":"Point","coordinates":[77.6582,13.01434]},"properties":{"name":"New Baldwin School"}},{"type":"Feature","geometry":{"type":"Point","coordinates":[77.59732,12.99384]},"properties":{"name":"Cantonment Railway Station"}},{"type":"Feature","geometry":{"type":"Point","coordinates":[77.65095,13.01426]},"properties":{"name":"Banasawadi"}},{"type":"Feature","geometry":{"type":"Point","coordinates":[77.60415,12.99219]},"properties":{"name":"Bamboo Bazaar"}},{"type":"Feature","geometry":{"type":"Point","coordinates":[77.64944,13.01307]},"properties":{"name":"Steel Factory Banaswadi"}},{"type":"Feature","geometry":{"type":"Point","coordinates":[77.64431,13.00988]},"properties":{"name":"Maruthi School"}},{"type":"Feature","geometry":{"type":"Point","coordinates":[77.6091,13.00224]},"properties":{"name":"Pottery Town"}},{"type":"Feature","geometry":{"type":"Point","coordinates":[77.61207,13.00258]},"properties":{"name":"Doddy"}},{"type":"Feature","geometry":{"type":"Point","coordinates":[77.63868,13.00544]},"properties":{"name":"Indian Oil"}},{"type":"Feature","geometry":{"type":"Point","coordinates":[77.63471,13.00263]},"properties":{"name":"Maruthi Sevanagara"}},{"type":"Feature","geometry":{"type":"Point","coordinates":[77.61247,13.0068]},"properties":{"name":"Canara Bank Tannery Road"}},{"type":"Feature","geometry":{"type":"Point","coordinates":[77.62237,12.99851]},"properties":{"name":"ITC Factory"}},{"type":"Feature","geometry":{"type":"Point","coordinates":[77.61518,13.01065]},"properties":{"name":"Muslim Colony"}},{"type":"Feature","geometry":{"type":"Point","coordinates":[77.61732,13.01512]},"properties":{"name":"Venkateshapura"}},{"type":"Feature","geometry":{"type":"Point","coordinates":[77.61894,13.0207]},"properties":{"name":"Kadugondanahalli Police Station"}},{"type":"Feature","geometry":{"type":"Point","coordinates":[77.61989,13.02594]},"properties":{"name":"KGH Railway Gate"}},{"type":"Feature","geometry":{"type":"Point","coordinates":[77.62084,13.02993]},"properties":{"name":"Arabic College"}},{"type":"Feature","geometry":{"type":"Point","coordinates":[77.62178,13.03217]},"properties":{"name":"Govindapura Cross"}},{"type":"Feature","geometry":{"type":"Point","coordinates":[77.61608,13.00032]},"properties":{"name":"Mosque Road"}},{"type":"Feature","geometry":{"type":"Point","coordinates":[77.62251,13.03391]},"properties":{"name":"Glass Factory"}},{"type":"Feature","geometry":{"type":"Point","coordinates":[77.62335,13.03799]},"properties":{"name":"Nagavara"}},{"type":"Feature","geometry":{"type":"Point","coordinates":[77.60821,12.99518]},"properties":{"name":"Coles Park"}},{"type":"Feature","geometry":{"type":"Point","coordinates":[77.62341,13.03723]},"properties":{"name":"Nagavara"}},{"type":"Feature","geometry":{"type":"Point","coordinates":[77.58861,12.98189]},"properties":{"name":"Telephone Exchange AGO"}},{"type":"Feature","geometry":{"type":"Point","coordinates":[77.62282,13.0346]},"properties":{"name":"Glass Factory"}},{"type":"Feature","geometry":{"type":"Point","coordinates":[77.59285,12.98957]},"properties":{"name":"Vasantha Nagara"}},{"type":"Feature","geometry":{"type":"Point","coordinates":[77.62199,13.03233]},"properties":{"name":"Govindapura Cross"}},{"type":"Feature","geometry":{"type":"Point","coordinates":[77.62103,13.03034]},"properties":{"name":"Arabic College"}},{"type":"Feature","geometry":{"type":"Point","coordinates":[77.5815,12.97376]},"properties":{"name":"Cauvery Bhavana"}},{"type":"Feature","geometry":{"type":"Point","coordinates":[77.61995,13.02592]},"properties":{"name":"KGH Railway Gate"}},{"type":"Feature","geometry":{"type":"Point","coordinates":[77.61754,13.01524]},"properties":{"name":"Venkateshapura"}},{"type":"Feature","geometry":{"type":"Point","coordinates":[77.61522,13.0106]},"properties":{"name":"Muslim Colony"}},{"type":"Feature","geometry":{"type":"Point","coordinates":[77.60354,13.00302]},"properties":{"name":"Chinnappa Garden"}},{"type":"Feature","geometry":{"type":"Point","coordinates":[77.59069,12.97749]},"properties":{"name":"Vidhana Soudha"}},{"type":"Feature","geometry":{"type":"Point","coordinates":[77.59638,12.98377]},"properties":{"name":"Indian Express"}},{"type":"Feature","geometry":{"type":"Point","coordinates":[77.59432,12.98787]},"properties":{"name":"Cunningham Road"}},{"type":"Feature","geometry":{"type":"Point","coordinates":[77.59214,12.99524]},"properties":{"name":"Ganesha Temple"}},{"type":"Feature","geometry":{"type":"Point","coordinates":[77.59753,12.98418]},"properties":{"name":"Indian Express"}},{"type":"Feature","geometry":{"type":"Point","coordinates":[77.60914,13.00243]},"properties":{"name":"Pottery Town"}},{"type":"Feature","geometry":{"type":"Point","coordinates":[77.62998,13.00144]},"properties":{"name":"Jai Bharath Nagara"}},{"type":"Feature","geometry":{"type":"Point","coordinates":[77.63876,13.00596]},"properties":{"name":"Indian Oil"}},{"type":"Feature","geometry":{"type":"Point","coordinates":[77.64091,13.00755]},"properties":{"name":"Subbayanapalya"}},{"type":"Feature","geometry":{"type":"Point","coordinates":[77.64959,13.0133]},"properties":{"name":"Steel Factory Banaswadi"}},{"type":"Feature","geometry":{"type":"Point","coordinates":[77.65093,13.01438]},"properties":{"name":"Banasawadi"}},{"type":"Feature","geometry":{"type":"Point","coordinates":[77.65772,13.01449]},"properties":{"name":"New Baldwin School"}},{"type":"Feature","geometry":{"type":"Point","coordinates":[77.66268,13.01323]},"properties":{"name":"B Channasandra Bridge"}},{"type":"Feature","geometry":{"type":"Point","coordinates":[77.66789,13.01199]},"properties":{"name":"Ramamurthy Nagara Police Station"}},{"type":"Feature","geometry":{"type":"Point","coordinates":[77.68333,13.00799]},"properties":{"name":"ITI Circle"}},{"type":"Feature","geometry":{"type":"Point","coordinates":[77.68531,13.00547]},"properties":{"name":"ITI Colony Gate"}},{"type":"Feature","geometry":{"type":"Point","coordinates":[77.69231,13.0082]},"properties":{"name":"KR Puram Govt Hospital"}},{"type":"Feature","geometry":{"type":"Point","coordinates":[77.59452,12.90624]},"properties":{"name":"JP Nagara 4th Phase"}},{"type":"Feature","geometry":{"type":"Point","coordinates":[77.59037,12.90626]},"properties":{"name":"JP Nagara 5th Phase"}},{"type":"Feature","geometry":{"type":"Point","coordinates":[77.57329,12.90157]},"properties":{"name":"Jaraganahalli Cross"}},{"type":"Feature","geometry":{"type":"Point","coordinates":[77.57774,12.90633]},"properties":{"name":"JP Nagara 6th Phase"}},{"type":"Feature","geometry":{"type":"Point","coordinates":[77.59046,12.90643]},"properties":{"name":"JP Nagara 5th Phase"}},{"type":"Feature","geometry":{"type":"Point","coordinates":[77.59436,12.90637]},"properties":{"name":"JP Nagara 4th Phase"}},{"type":"Feature","geometry":{"type":"Point","coordinates":[77.6001,12.90711]},"properties":{"name":"JP Nagara 3rd Phase"}},{"type":"Feature","geometry":{"type":"Point","coordinates":[77.59976,12.90712]},"properties":{"name":"JP Nagara 3rd Phase"}},{"type":"Feature","geometry":{"type":"Point","coordinates":[77.59948,12.91663]},"properties":{"name":"Jayadeva Hospital"}},{"type":"Feature","geometry":{"type":"Point","coordinates":[77.59622,12.91673]},"properties":{"name":"East End Jayanagara"}},{"type":"Feature","geometry":{"type":"Point","coordinates":[77.59341,12.91678]},"properties":{"name":"Ragigudda Temple"}},{"type":"Feature","geometry":{"type":"Point","coordinates":[77.58382,12.91696]},"properties":{"name":"5th Block Jayanagara"}},{"type":"Feature","geometry":{"type":"Point","coordinates":[77.58592,12.91471]},"properties":{"name":"Marenahalli"}},{"type":"Feature","geometry":{"type":"Point","coordinates":[77.58584,12.90972]},"properties":{"name":"RV Dental College"}},{"type":"Feature","geometry":{"type":"Point","coordinates":[77.58582,12.90043]},"properties":{"name":"Royal School"}},{"type":"Feature","geometry":{"type":"Point","coordinates":[77.58282,12.89805]},"properties":{"name":"Puttenahalli"}},{"type":"Feature","geometry":{"type":"Point","coordinates":[77.58202,12.89258]},"properties":{"name":"Brigade Millenium"}},{"type":"Feature","geometry":{"type":"Point","coordinates":[77.58197,12.88787]},"properties":{"name":"RBI Layout"}},{"type":"Feature","geometry":{"type":"Point","coordinates":[77.58273,12.8848]},"properties":{"name":"Gowrava Nagara"}},{"type":"Feature","geometry":{"type":"Point","coordinates":[77.58391,12.88127]},"properties":{"name":"Navodaya Nagara"}},{"type":"Feature","geometry":{"type":"Point","coordinates":[77.58414,12.87689]},"properties":{"name":"Kothanuru Dinne Ganesha Temple"}},{"type":"Feature","geometry":{"type":"Point","coordinates":[77.58417,12.87457]},"properties":{"name":"Water Tank Kothanur Dinne"}},{"type":"Feature","geometry":{"type":"Point","coordinates":[77.58309,12.87056]},"properties":{"name":"BK Circle"}},{"type":"Feature","geometry":{"type":"Point","coordinates":[77.58094,12.86574]},"properties":{"name":"Jambu Savari Dinne"}},{"type":"Feature","geometry":{"type":"Point","coordinates":[77.57573,12.86925]},"properties":{"name":"Royal Layout"}},{"type":"Feature","geometry":{"type":"Point","coordinates":[77.56695,12.87655]},"properties":{"name":"Glass Factory"}},{"type":"Feature","geometry":{"type":"Point","coordinates":[77.56979,12.87491]},"properties":{"name":"Vinayaka Talkies"}},{"type":"Feature","geometry":{"type":"Point","coordinates":[77.56726,12.87913]},"properties":{"name":"Hari Nagara Cross"}},{"type":"Feature","geometry":{"type":"Point","coordinates":[77.56666,12.8839]},"properties":{"name":"Sowdamini Kalyana Mantapa"}},{"type":"Feature","geometry":{"type":"Point","coordinates":[77.56675,12.88577]},"properties":{"name":"Konanakunte"}},{"type":"Feature","geometry":{"type":"Point","coordinates":[77.56448,12.89043]},"properties":{"name":"Konanakunte Cross"}},{"type":"Feature","geometry":{"type":"Point","coordinates":[77.56437,12.89058]},"properties":{"name":"Konanakunte Cross"}},{"type":"Feature","geometry":{"type":"Point","coordinates":[77.56679,12.8858]},"properties":{"name":"Konanakunte"}},{"type":"Feature","geometry":{"type":"Point","coordinates":[77.56671,12.88384]},"properties":{"name":"Sowdamini Kalyana Mantapa"}},{"type":"Feature","geometry":{"type":"Point","coordinates":[77.56732,12.87915]},"properties":{"name":"Hari Nagara Cross"}},{"type":"Feature","geometry":{"type":"Point","coordinates":[77.56688,12.87654]},"properties":{"name":"Glass Factory"}},{"type":"Feature","geometry":{"type":"Point","coordinates":[77.57019,12.87476]},"properties":{"name":"Vinayaka Chitramandira"}},{"type":"Feature","geometry":{"type":"Point","coordinates":[77.57319,12.87389]},"properties":{"name":"Sarathi Nagara"}},{"type":"Feature","geometry":{"type":"Point","coordinates":[77.57591,12.8692]},"properties":{"name":"Royal Layout"}},{"type":"Feature","geometry":{"type":"Point","coordinates":[77.58087,12.86587]},"properties":{"name":"Jambu Savari Dinne"}},{"type":"Feature","geometry":{"type":"Point","coordinates":[77.58189,12.86746]},"properties":{"name":"Surabhi Layout"}},{"type":"Feature","geometry":{"type":"Point","coordinates":[77.5831,12.87062]},"properties":{"name":"BK Circle"}},{"type":"Feature","geometry":{"type":"Point","coordinates":[77.58409,12.87442]},"properties":{"name":"Water Tank Kothanur Dinne"}},{"type":"Feature","geometry":{"type":"Point","coordinates":[77.58389,12.87744]},"properties":{"name":"Kothanuru Dinne Ganesha Temple"}},{"type":"Feature","geometry":{"type":"Point","coordinates":[77.58379,12.88139]},"properties":{"name":"Navodaya Nagara"}},{"type":"Feature","geometry":{"type":"Point","coordinates":[77.58267,12.88473]},"properties":{"name":"Gowrava Nagara"}},{"type":"Feature","geometry":{"type":"Point","coordinates":[77.58191,12.88799]},"properties":{"name":"RBI Layout"}},{"type":"Feature","geometry":{"type":"Point","coordinates":[77.58187,12.89249]},"properties":{"name":"Brigade Millenium"}},{"type":"Feature","geometry":{"type":"Point","coordinates":[77.58183,12.89563]},"properties":{"name":"Puttenahallipalya"}},{"type":"Feature","geometry":{"type":"Point","coordinates":[77.58256,12.89816]},"properties":{"name":"Puttenahalli"}},{"type":"Feature","geometry":{"type":"Point","coordinates":[77.5832,12.90252]},"properties":{"name":"Oxford Dental College"}},{"type":"Feature","geometry":{"type":"Point","coordinates":[77.5673,12.8932]},"properties":{"name":"Metro"}},{"type":"Feature","geometry":{"type":"Point","coordinates":[77.65016,12.92442]},"properties":{"name":"Jn of Agara"}},{"type":"Feature","geometry":{"type":"Point","coordinates":[77.65037,12.92454]},"properties":{"name":"Agara"}},{"type":"Feature","geometry":{"type":"Point","coordinates":[77.58563,12.91137]},"properties":{"name":"RV Dental College"}},{"type":"Feature","geometry":{"type":"Point","coordinates":[77.57862,12.91085]},"properties":{"name":"Indiragandhi Circle"}},{"type":"Feature","geometry":{"type":"Point","coordinates":[77.57303,12.9095]},"properties":{"name":"Sarakki"}},{"type":"Feature","geometry":{"type":"Point","coordinates":[77.57458,12.91133]},"properties":{"name":"JP Nagara 1st Phase"}},{"type":"Feature","geometry":{"type":"Point","coordinates":[77.57878,12.91097]},"properties":{"name":"Indiragandhi Circle"}},{"type":"Feature","geometry":{"type":"Point","coordinates":[77.59973,12.91359]},"properties":{"name":"MICO Layout Checkpost Gopalan mall"}},{"type":"Feature","geometry":{"type":"Point","coordinates":[77.64376,12.77904]},"properties":{"name":"Jigani APC Circle"}},{"type":"Feature","geometry":{"type":"Point","coordinates":[77.64368,12.7792]},"properties":{"name":"Jigani APC Circle"}},{"type":"Feature","geometry":{"type":"Point","coordinates":[77.65704,12.79141]},"properties":{"name":"Jn of Ring Road Bommasandra"}},{"type":"Feature","geometry":{"type":"Point","coordinates":[77.65788,12.79194]},"properties":{"name":"Maruthi Nagara"}},{"type":"Feature","geometry":{"type":"Point","coordinates":[77.66107,12.7992]},"properties":{"name":"OMEX Circle Sriramapura"}},{"type":"Feature","geometry":{"type":"Point","coordinates":[77.68297,12.82561]},"properties":{"name":"Hebbagodi"}},{"type":"Feature","geometry":{"type":"Point","coordinates":[77.69001,12.81808]},"properties":{"name":"Bommasandra"}},{"type":"Feature","geometry":{"type":"Point","coordinates":[77.67617,12.81695]},"properties":{"name":"Industrial Area Water Tank Bommasandra"}},{"type":"Feature","geometry":{"type":"Point","coordinates":[77.66601,12.81165]},"properties":{"name":"Rupesh Hotel"}},{"type":"Feature","geometry":{"type":"Point","coordinates":[77.6638,12.80784]},"properties":{"name":"Biocon"}},{"type":"Feature","geometry":{"type":"Point","coordinates":[77.66291,12.80472]},"properties":{"name":"Yarandahalli"}},{"type":"Feature","geometry":{"type":"Point","coordinates":[77.66218,12.80234]},"properties":{"name":"Sriramapura Bommasandra Road"}},{"type":"Feature","geometry":{"type":"Point","coordinates":[77.66146,12.79906]},"properties":{"name":"OMEX Circle Sriramapura"}},{"type":"Feature","geometry":{"type":"Point","coordinates":[77.66201,12.80224]},"properties":{"name":"Sriramapura Bommasandra Road"}},{"type":"Feature","geometry":{"type":"Point","coordinates":[77.65766,12.7914]},"properties":{"name":"Maruthi Nagara"}},{"type":"Feature","geometry":{"type":"Point","coordinates":[77.65396,12.78723]},"properties":{"name":"Navya Badavane"}},{"type":"Feature","geometry":{"type":"Point","coordinates":[77.64347,12.77905]},"properties":{"name":"Jigani APC Circle"}},{"type":"Feature","geometry":{"type":"Point","coordinates":[77.53509,13.05059]},"properties":{"name":"HMT Watch Factory"}},{"type":"Feature","geometry":{"type":"Point","coordinates":[77.50353,13.03152]},"properties":{"name":"Nelagadarenahalli"}},{"type":"Feature","geometry":{"type":"Point","coordinates":[77.50025,13.02992]},"properties":{"name":"Gruhalakshmi Layout"}},{"type":"Feature","geometry":{"type":"Point","coordinates":[77.49635,13.02823]},"properties":{"name":"Ganga International School"}},{"type":"Feature","geometry":{"type":"Point","coordinates":[77.48658,13.02493]},"properties":{"name":"Kari Obanahalli"}},{"type":"Feature","geometry":{"type":"Point","coordinates":[77.483,13.01682]},"properties":{"name":"Thigalarapalya"}},{"type":"Feature","geometry":{"type":"Point","coordinates":[77.48417,13.01569]},"properties":{"name":"Garudappa Circle"}},{"type":"Feature","geometry":{"type":"Point","coordinates":[77.48344,13.01369]},"properties":{"name":"Anjaneya Temple Thigalarapalya"}},{"type":"Feature","geometry":{"type":"Point","coordinates":[77.48292,13.00954]},"properties":{"name":"Andhrahalli Govt School"}},{"type":"Feature","geometry":{"type":"Point","coordinates":[77.48477,13.008]},"properties":{"name":"Andhrahalli"}},{"type":"Feature","geometry":{"type":"Point","coordinates":[77.4902,13.00864]},"properties":{"name":"Kalikanagara Shiva Temple"}},{"type":"Feature","geometry":{"type":"Point","coordinates":[77.49024,13.00892]},"properties":{"name":"Kalikanagara Shiva Temple"}},{"type":"Feature","geometry":{"type":"Point","coordinates":[77.48481,13.00805]},"properties":{"name":"Andhrahalli"}},{"type":"Feature","geometry":{"type":"Point","coordinates":[77.4829,13.00947]},"properties":{"name":"Andhrahalli Govt School"}},{"type":"Feature","geometry":{"type":"Point","coordinates":[77.48339,13.01376]},"properties":{"name":"Anjaneya Temple Thigalarapalya"}},{"type":"Feature","geometry":{"type":"Point","coordinates":[77.4841,13.01571]},"properties":{"name":"Garudappa Circle"}},{"type":"Feature","geometry":{"type":"Point","coordinates":[77.48657,13.02501]},"properties":{"name":"Kari Obanahalli"}},{"type":"Feature","geometry":{"type":"Point","coordinates":[77.49367,13.02766]},"properties":{"name":"Indiranagara"}},{"type":"Feature","geometry":{"type":"Point","coordinates":[77.49629,13.02826]},"properties":{"name":"Ganga International School"}},{"type":"Feature","geometry":{"type":"Point","coordinates":[77.50344,13.03153]},"properties":{"name":"Nelagadarenahalli"}},{"type":"Feature","geometry":{"type":"Point","coordinates":[77.66215,12.9873]},"properties":{"name":"Nagavarapalya"}},{"type":"Feature","geometry":{"type":"Point","coordinates":[77.65181,12.99178]},"properties":{"name":"Krishnayyana Palya NGEF"}},{"type":"Feature","geometry":{"type":"Point","coordinates":[77.66225,12.98736]},"properties":{"name":"Nagavarapalya"}},{"type":"Feature","geometry":{"type":"Point","coordinates":[77.67892,12.98404]},"properties":{"name":"Kaggadaspura"}},{"type":"Feature","geometry":{"type":"Point","coordinates":[77.6567,12.98073]},"properties":{"name":"Bagmane Tech Park"}},{"type":"Feature","geometry":{"type":"Point","coordinates":[77.65657,12.98079]},"properties":{"name":"Bagmane Tech Park"}},{"type":"Feature","geometry":{"type":"Point","coordinates":[77.65436,12.97982]},"properties":{"name":"APJ Abdul Kalam Statue"}},{"type":"Feature","geometry":{"type":"Point","coordinates":[77.6544,12.98001]},"properties":{"name":"APJ Abdul Kalam Statue"}},{"type":"Feature","geometry":{"type":"Point","coordinates":[77.65323,12.97898]},"properties":{"name":"Geetanjali Layout"}},{"type":"Feature","geometry":{"type":"Point","coordinates":[77.6535,12.97898]},"properties":{"name":"Geetanjali Layout"}},{"type":"Feature","geometry":{"type":"Point","coordinates":[77.66164,12.96686]},"properties":{"name":"Jeevanbheema Nagara Cross"}},{"type":"Feature","geometry":{"type":"Point","coordinates":[77.66143,12.96676]},"properties":{"name":"Jeevanbheema Nagara Cross"}},{"type":"Feature","geometry":{"type":"Point","coordinates":[77.66381,12.98576]},"properties":{"name":"CV Raman Nagara"}},{"type":"Feature","geometry":{"type":"Point","coordinates":[77.6789,12.9841]},"properties":{"name":"Kaggadaspura"}},{"type":"Feature","geometry":{"type":"Point","coordinates":[77.67786,12.97261]},"properties":{"name":"Malleshpalya New Bus Station"}},{"type":"Feature","geometry":{"type":"Point","coordinates":[77.62079,12.9667]},"properties":{"name":"Military Accounts Office"}},{"type":"Feature","geometry":{"type":"Point","coordinates":[77.67664,12.95593]},"properties":{"name":"Helicopter Division"}},{"type":"Feature","geometry":{"type":"Point","coordinates":[77.67742,12.95581]},"properties":{"name":"Helicopter Division"}},{"type":"Feature","geometry":{"type":"Point","coordinates":[77.69051,12.99714]},"properties":{"name":"Mahadevapura"}},{"type":"Feature","geometry":{"type":"Point","coordinates":[77.68773,12.99132]},"properties":{"name":"Mahadevapura Ring Road"}},{"type":"Feature","geometry":{"type":"Point","coordinates":[77.60987,12.97337]},"properties":{"name":"Mayohall"}},{"type":"Feature","geometry":{"type":"Point","coordinates":[77.59949,12.96748]},"properties":{"name":"Richmond Circle"}},{"type":"Feature","geometry":{"type":"Point","coordinates":[77.51322,13.04266]},"properties":{"name":"T Dasarahalli"}},{"type":"Feature","geometry":{"type":"Point","coordinates":[77.50856,13.04508]},"properties":{"name":"8th Mile"}},{"type":"Feature","geometry":{"type":"Point","coordinates":[77.49673,13.04867]},"properties":{"name":"Widia Factory"}},{"type":"Feature","geometry":{"type":"Point","coordinates":[77.48336,13.05349]},"properties":{"name":"Jindal"}},{"type":"Feature","geometry":{"type":"Point","coordinates":[77.47335,13.05659]},"properties":{"name":"Madavara"}},{"type":"Feature","geometry":{"type":"Point","coordinates":[77.45313,13.0656]},"properties":{"name":"Makali"}},{"type":"Feature","geometry":{"type":"Point","coordinates":[77.44463,13.07036]},"properties":{"name":"Adakimaranahalli"}},{"type":"Feature","geometry":{"type":"Point","coordinates":[77.41238,13.08748]},"properties":{"name":"Binnamangala"}},{"type":"Feature","geometry":{"type":"Point","coordinates":[77.42406,13.08031]},"properties":{"name":"Arishinakunte"}},{"type":"Feature","geometry":{"type":"Point","coordinates":[77.4449,13.07073]},"properties":{"name":"Adakimaranahalli"}},{"type":"Feature","geometry":{"type":"Point","coordinates":[77.45354,13.06589]},"properties":{"name":"Makali"}},{"type":"Feature","geometry":{"type":"Point","coordinates":[77.46184,13.06097]},"properties":{"name":"Madanayakanahalli"}},{"type":"Feature","geometry":{"type":"Point","coordinates":[77.46541,13.05923]},"properties":{"name":"TCI"}},{"type":"Feature","geometry":{"type":"Point","coordinates":[77.48318,13.05398]},"properties":{"name":"Jindal"}},{"type":"Feature","geometry":{"type":"Point","coordinates":[77.48756,13.05241]},"properties":{"name":"Chikkabidarakallu"}},{"type":"Feature","geometry":{"type":"Point","coordinates":[77.49239,13.05068]},"properties":{"name":"Marison Factory"}},{"type":"Feature","geometry":{"type":"Point","coordinates":[77.49697,13.04905]},"properties":{"name":"Widia Factory"}},{"type":"Feature","geometry":{"type":"Point","coordinates":[77.51313,13.04304]},"properties":{"name":"T Dasarahalli"}},{"type":"Feature","geometry":{"type":"Point","coordinates":[77.50768,13.05114]},"properties":{"name":"Widia School"}},{"type":"Feature","geometry":{"type":"Point","coordinates":[77.50726,13.05631]},"properties":{"name":"Bagalagunte"}},{"type":"Feature","geometry":{"type":"Point","coordinates":[77.50487,13.06398]},"properties":{"name":"Bone Mill"}},{"type":"Feature","geometry":{"type":"Point","coordinates":[77.50786,13.05128]},"properties":{"name":"Widia School"}},{"type":"Feature","geometry":{"type":"Point","coordinates":[77.50311,13.07343]},"properties":{"name":"Janapriya Apartment"}},{"type":"Feature","geometry":{"type":"Point","coordinates":[77.5024,13.08047]},"properties":{"name":"Chikka Banavara"}},{"type":"Feature","geometry":{"type":"Point","coordinates":[77.49515,13.06249]},"properties":{"name":"Sidedahalli"}},{"type":"Feature","geometry":{"type":"Point","coordinates":[77.50461,13.07535]},"properties":{"name":"Railway Station Chikkabanavara"}},{"type":"Feature","geometry":{"type":"Point","coordinates":[77.51723,13.06482]},"properties":{"name":"Shettyhalli"}},{"type":"Feature","geometry":{"type":"Point","coordinates":[77.52575,13.05037]},"properties":{"name":"Shettahalli Cross"}},{"type":"Feature","geometry":{"type":"Point","coordinates":[77.53024,13.05297]},"properties":{"name":"IAF Jalahalli"}},{"type":"Feature","geometry":{"type":"Point","coordinates":[77.53066,13.05351]},"properties":{"name":"IAF Jalahalli"}},{"type":"Feature","geometry":{"type":"Point","coordinates":[77.53462,13.05485]},"properties":{"name":"Kammagondanahalli Bridge"}},{"type":"Feature","geometry":{"type":"Point","coordinates":[77.54093,13.05465]},"properties":{"name":"Fathima Church Gangamma Circle"}},{"type":"Feature","geometry":{"type":"Point","coordinates":[77.5464,13.05641]},"properties":{"name":"Gangamma Circle"}},{"type":"Feature","geometry":{"type":"Point","coordinates":[77.55055,13.05346]},"properties":{"name":"HMT Club House"}},{"type":"Feature","geometry":{"type":"Point","coordinates":[77.55187,13.05181]},"properties":{"name":"BEL Market"}},{"type":"Feature","geometry":{"type":"Point","coordinates":[77.55206,13.05165]},"properties":{"name":"BEL Market"}},{"type":"Feature","geometry":{"type":"Point","coordinates":[77.55352,13.04981]},"properties":{"name":"State Bank of India"}},{"type":"Feature","geometry":{"type":"Point","coordinates":[77.554,13.04932]},"properties":{"name":"State Bank of India"}},{"type":"Feature","geometry":{"type":"Point","coordinates":[77.55592,13.04609]},"properties":{"name":"BEL Circle"}},{"type":"Feature","geometry":{"type":"Point","coordinates":[77.5567,13.04508]},"properties":{"name":"BEL Circle"}},{"type":"Feature","geometry":{"type":"Point","coordinates":[77.54138,13.0696]},"properties":{"name":"Kuvempunagara"}},{"type":"Feature","geometry":{"type":"Point","coordinates":[77.54132,13.07313]},"properties":{"name":"2nd stage Kuvempunagara"}},{"type":"Feature","geometry":{"type":"Point","coordinates":[77.53826,13.07954]},"properties":{"name":"Singapura"}},{"type":"Feature","geometry":{"type":"Point","coordinates":[77.54812,13.08148]},"properties":{"name":"MS Palya"}},{"type":"Feature","geometry":{"type":"Point","coordinates":[77.56026,13.08376]},"properties":{"name":"Vidyaranyapura"}},{"type":"Feature","geometry":{"type":"Point","coordinates":[77.57667,13.05987]},"properties":{"name":"Kodigehalli"}},{"type":"Feature","geometry":{"type":"Point","coordinates":[77.59337,13.06696]},"properties":{"name":"Byatarayanapura"}},{"type":"Feature","geometry":{"type":"Point","coordinates":[77.50841,12.90393]},"properties":{"name":"JSS College"}},{"type":"Feature","geometry":{"type":"Point","coordinates":[77.60078,13.06568]},"properties":{"name":"Amruthahalli"}},{"type":"Feature","geometry":{"type":"Point","coordinates":[77.51216,12.90698]},"properties":{"name":"Glass House"}},{"type":"Feature","geometry":{"type":"Point","coordinates":[77.51343,12.9099]},"properties":{"name":"Bengaluru Children Hospital"}},{"type":"Feature","geometry":{"type":"Point","coordinates":[77.60175,13.06952]},"properties":{"name":"Jakkur Layout"}},{"type":"Feature","geometry":{"type":"Point","coordinates":[77.51365,12.91294]},"properties":{"name":"Jnanakshi Layout"}},{"type":"Feature","geometry":{"type":"Point","coordinates":[77.51342,12.91561]},"properties":{"name":"Double Road BEML Layout"}},{"type":"Feature","geometry":{"type":"Point","coordinates":[77.51396,12.92024]},"properties":{"name":"Halage Vaderahalli"}},{"type":"Feature","geometry":{"type":"Point","coordinates":[77.51431,12.92265]},"properties":{"name":"Maramma Temple Halage Vaderahalli"}},{"type":"Feature","geometry":{"type":"Point","coordinates":[77.60764,13.07938]},"properties":{"name":"Jakkur"}},{"type":"Feature","geometry":{"type":"Point","coordinates":[77.51421,12.92777]},"properties":{"name":"RR School"}},{"type":"Feature","geometry":{"type":"Point","coordinates":[77.51613,12.93289]},"properties":{"name":"Petrol Bunk RR Nagara"}},{"type":"Feature","geometry":{"type":"Point","coordinates":[77.51807,12.93557]},"properties":{"name":"RR Gate"}},{"type":"Feature","geometry":{"type":"Point","coordinates":[77.61899,13.0717]},"properties":{"name":"Venkateshwara Nagara Cross"}},{"type":"Feature","geometry":{"type":"Point","coordinates":[77.5183,12.93582]},"properties":{"name":"RR Gate"}},{"type":"Feature","geometry":{"type":"Point","coordinates":[77.62885,13.06811]},"properties":{"name":"Shivaram Karanth Nagara"}},{"type":"Feature","geometry":{"type":"Point","coordinates":[77.63339,13.0675]},"properties":{"name":"K Narayanapura Cross"}},{"type":"Feature","geometry":{"type":"Point","coordinates":[77.51416,12.92772]},"properties":{"name":"RR School"}},{"type":"Feature","geometry":{"type":"Point","coordinates":[77.51436,12.92271]},"properties":{"name":"Maramma Temple Halage Vaderahalli"}},{"type":"Feature","geometry":{"type":"Point","coordinates":[77.64068,13.06631]},"properties":{"name":"K Narayanapura Main Bus Stand"}},{"type":"Feature","geometry":{"type":"Point","coordinates":[77.51395,12.92008]},"properties":{"name":"Halage Vaderahalli"}},{"type":"Feature","geometry":{"type":"Point","coordinates":[77.51306,12.91615]},"properties":{"name":"BHEL Layout Cross"}},{"type":"Feature","geometry":{"type":"Point","coordinates":[77.51371,12.91288]},"properties":{"name":"Nanakki Layout"}},{"type":"Feature","geometry":{"type":"Point","coordinates":[77.51347,12.90985]},"properties":{"name":"Bengaluru Children Hospital"}},{"type":"Feature","geometry":{"type":"Point","coordinates":[77.51237,12.9041]},"properties":{"name":"Indo American Hybrid Farm"}},{"type":"Feature","geometry":{"type":"Point","coordinates":[77.5085,12.90382]},"properties":{"name":"JSS College"}},{"type":"Feature","geometry":{"type":"Point","coordinates":[77.53011,12.90481]},"properties":{"name":"Patalamma Temple"}},{"type":"Feature","geometry":{"type":"Point","coordinates":[77.6513,12.8988]},"properties":{"name":"Somasandra Palya"}},{"type":"Feature","geometry":{"type":"Point","coordinates":[77.52151,12.90281]},"properties":{"name":"Channasandra"}},{"type":"Feature","geometry":{"type":"Point","coordinates":[77.63356,13.07141]},"properties":{"name":"RK Hegde Nagara"}},{"type":"Feature","geometry":{"type":"Point","coordinates":[77.5218,12.90668]},"properties":{"name":"BEML Layout 5th stage"}},{"type":"Feature","geometry":{"type":"Point","coordinates":[77.52096,12.90986]},"properties":{"name":"Kuvempu Circle"}},{"type":"Feature","geometry":{"type":"Point","coordinates":[77.62173,12.9168]},"properties":{"name":"Central Silk Board"}},{"type":"Feature","geometry":{"type":"Point","coordinates":[77.52071,12.91493]},"properties":{"name":"Double Road BEML Layout"}},{"type":"Feature","geometry":{"type":"Point","coordinates":[77.65176,12.92373]},"properties":{"name":"Agara HSR Layout 27th Main"}},{"type":"Feature","geometry":{"type":"Point","coordinates":[77.52031,12.91951]},"properties":{"name":"BEML Complex"}},{"type":"Feature","geometry":{"type":"Point","coordinates":[77.51832,12.9228]},"properties":{"name":"Ideal Homes"}},{"type":"Feature","geometry":{"type":"Point","coordinates":[77.51783,12.92498]},"properties":{"name":"Nimishamba Temple"}},{"type":"Feature","geometry":{"type":"Point","coordinates":[77.518,12.92478]},"properties":{"name":"Nimishamba Temple"}},{"type":"Feature","geometry":{"type":"Point","coordinates":[77.51845,12.92271]},"properties":{"name":"Ideal Homes"}},{"type":"Feature","geometry":{"type":"Point","coordinates":[77.52041,12.92006]},"properties":{"name":"BEML Complex"}},{"type":"Feature","geometry":{"type":"Point","coordinates":[77.52059,12.91466]},"properties":{"name":"Double Road BEML Layout"}},{"type":"Feature","geometry":{"type":"Point","coordinates":[77.52102,12.90984]},"properties":{"name":"Kuvempu Circle"}},{"type":"Feature","geometry":{"type":"Point","coordinates":[77.52127,12.90286]},"properties":{"name":"Channasandra"}},{"type":"Feature","geometry":{"type":"Point","coordinates":[77.59286,13.02429]},"properties":{"name":"Police Station RT Nagara"}},{"type":"Feature","geometry":{"type":"Point","coordinates":[77.58578,13.02691]},"properties":{"name":"CBI"}},{"type":"Feature","geometry":{"type":"Point","coordinates":[77.63368,13.07166]},"properties":{"name":"RK Hegde Nagara"}},{"type":"Feature","geometry":{"type":"Point","coordinates":[77.58764,13.03258]},"properties":{"name":"Veterinary Hospital"}},{"type":"Feature","geometry":{"type":"Point","coordinates":[77.58344,12.84446]},"properties":{"name":"Weavers Colony"}},{"type":"Feature","geometry":{"type":"Point","coordinates":[77.58859,12.84134]},"properties":{"name":"Koli Farm Gate"}},{"type":"Feature","geometry":{"type":"Point","coordinates":[77.45778,12.89246]},"properties":{"name":"Anchepalya"}},{"type":"Feature","geometry":{"type":"Point","coordinates":[77.55564,13.08589]},"properties":{"name":"Jally Machine"}},{"type":"Feature","geometry":{"type":"Point","coordinates":[77.45107,12.88676]},"properties":{"name":"Ramohalli Cross"}},{"type":"Feature","geometry":{"type":"Point","coordinates":[77.55614,13.08943]},"properties":{"name":"Chikka Bettahalli"}},{"type":"Feature","geometry":{"type":"Point","coordinates":[77.55949,13.09248]},"properties":{"name":"Bettahalli Layout"}},{"type":"Feature","geometry":{"type":"Point","coordinates":[77.4456,12.87858]},"properties":{"name":"Kumbalagodu"}},{"type":"Feature","geometry":{"type":"Point","coordinates":[77.56317,13.09773]},"properties":{"name":"Thirumala Dhaba"}},{"type":"Feature","geometry":{"type":"Point","coordinates":[77.43943,12.87208]},"properties":{"name":"Pepsi Gate"}},{"type":"Feature","geometry":{"type":"Point","coordinates":[77.43373,12.86312]},"properties":{"name":"Kanminake"}},{"type":"Feature","geometry":{"type":"Point","coordinates":[77.42693,12.8554]},"properties":{"name":"Hejjala Cross"}},{"type":"Feature","geometry":{"type":"Point","coordinates":[77.57708,13.09947]},"properties":{"name":"Mother Dairy Cross Yelahanka"}},{"type":"Feature","geometry":{"type":"Point","coordinates":[77.42433,12.85051]},"properties":{"name":"Dalai Lama College"}},{"type":"Feature","geometry":{"type":"Point","coordinates":[77.42138,12.84354]},"properties":{"name":"Sheshagirihalli"}},{"type":"Feature","geometry":{"type":"Point","coordinates":[77.57898,13.09563]},"properties":{"name":"Yelahanka Satellite Town"}},{"type":"Feature","geometry":{"type":"Point","coordinates":[77.41453,12.83427]},"properties":{"name":"Manchanayakanahalli Gate"}},{"type":"Feature","geometry":{"type":"Point","coordinates":[77.58434,13.09773]},"properties":{"name":"Sharavathi Hotel"}},{"type":"Feature","geometry":{"type":"Point","coordinates":[77.4122,12.82862]},"properties":{"name":"Veeranjaneya Temple"}},{"type":"Feature","geometry":{"type":"Point","coordinates":[77.5917,13.09779]},"properties":{"name":"NES Office"}},{"type":"Feature","geometry":{"type":"Point","coordinates":[77.40398,12.81198]},"properties":{"name":"Billa Kempanahalli"}},{"type":"Feature","geometry":{"type":"Point","coordinates":[77.39704,12.80217]},"properties":{"name":"Byramangala Cross"}},{"type":"Feature","geometry":{"type":"Point","coordinates":[77.59149,13.09771]},"properties":{"name":"NES Office"}},{"type":"Feature","geometry":{"type":"Point","coordinates":[77.39101,12.7997]},"properties":{"name":"Bidadi Railway Station"}},{"type":"Feature","geometry":{"type":"Point","coordinates":[77.58428,13.09773]},"properties":{"name":"Sharavathi Hotel"}},{"type":"Feature","geometry":{"type":"Point","coordinates":[77.5824,13.09352]},"properties":{"name":"Chikkabommasandra Cross"}},{"type":"Feature","geometry":{"type":"Point","coordinates":[77.38485,12.79715]},"properties":{"name":"Bidadi"}},{"type":"Feature","geometry":{"type":"Point","coordinates":[77.57714,13.09933]},"properties":{"name":"Mother Dairy Cross Yelahanka"}},{"type":"Feature","geometry":{"type":"Point","coordinates":[77.39081,12.79979]},"properties":{"name":"Bidadi Railway Station"}},{"type":"Feature","geometry":{"type":"Point","coordinates":[77.39718,12.80241]},"properties":{"name":"Byramangala Cross"}},{"type":"Feature","geometry":{"type":"Point","coordinates":[77.56307,13.09762]},"properties":{"name":"Thirumala Dhaba"}},{"type":"Feature","geometry":{"type":"Point","coordinates":[77.40381,12.81206]},"properties":{"name":"Billa Kempanahalli"}},{"type":"Feature","geometry":{"type":"Point","coordinates":[77.55941,13.09218]},"properties":{"name":"Bettahalli Layout"}},{"type":"Feature","geometry":{"type":"Point","coordinates":[77.4121,12.82897]},"properties":{"name":"Veeranjaneya Temple"}},{"type":"Feature","geometry":{"type":"Point","coordinates":[77.55634,13.08949]},"properties":{"name":"Chikka Bettahalli"}},{"type":"Feature","geometry":{"type":"Point","coordinates":[77.42133,12.84384]},"properties":{"name":"Sheshagirihalli"}},{"type":"Feature","geometry":{"type":"Point","coordinates":[77.55567,13.08595]},"properties":{"name":"Jally Machine"}},{"type":"Feature","geometry":{"type":"Point","coordinates":[77.52502,13.01056]},"properties":{"name":"Laggere New Bus Stand"}},{"type":"Feature","geometry":{"type":"Point","coordinates":[77.58066,12.84009]},"properties":{"name":"Maruthi Badavane"}},{"type":"Feature","geometry":{"type":"Point","coordinates":[77.57658,12.83621]},"properties":{"name":"Bilavaradahalli"}},{"type":"Feature","geometry":{"type":"Point","coordinates":[77.57673,12.8361]},"properties":{"name":"Bilavaradahalli"}},{"type":"Feature","geometry":{"type":"Point","coordinates":[77.57235,12.83582]},"properties":{"name":"Muneshwara Temple"}},{"type":"Feature","geometry":{"type":"Point","coordinates":[77.5721,12.83575]},"properties":{"name":"Muneshwara Temple"}},{"type":"Feature","geometry":{"type":"Point","coordinates":[77.56284,12.82796]},"properties":{"name":"Shanubhoganahalli 1st Cross"}},{"type":"Feature","geometry":{"type":"Point","coordinates":[77.56267,12.82787]},"properties":{"name":"Shanubhoganahalli 1st Cross"}},{"type":"Feature","geometry":{"type":"Point","coordinates":[77.42417,12.85055]},"properties":{"name":"Dalai Lama College"}},{"type":"Feature","geometry":{"type":"Point","coordinates":[77.42668,12.8553]},"properties":{"name":"Hejjala Cross"}},{"type":"Feature","geometry":{"type":"Point","coordinates":[77.42898,12.85821]},"properties":{"name":"Kanminake Colony"}},{"type":"Feature","geometry":{"type":"Point","coordinates":[77.43363,12.86326]},"properties":{"name":"Kanminake"}},{"type":"Feature","geometry":{"type":"Point","coordinates":[77.4393,12.87217]},"properties":{"name":"Pepsi Gate"}},{"type":"Feature","geometry":{"type":"Point","coordinates":[77.44534,12.87846]},"properties":{"name":"Kumbalagodu"}},{"type":"Feature","geometry":{"type":"Point","coordinates":[77.45056,12.88639]},"properties":{"name":"Ramohalli Cross"}},{"type":"Feature","geometry":{"type":"Point","coordinates":[77.45751,12.89247]},"properties":{"name":"Anchepalya"}},{"type":"Feature","geometry":{"type":"Point","coordinates":[77.55542,13.08593]},"properties":{"name":"Jally Machine"}},{"type":"Feature","geometry":{"type":"Point","coordinates":[77.54822,13.08131]},"properties":{"name":"MS Palya"}},{"type":"Feature","geometry":{"type":"Point","coordinates":[77.54665,13.08828]},"properties":{"name":"Sambhram College"}},{"type":"Feature","geometry":{"type":"Point","coordinates":[77.53884,13.09059]},"properties":{"name":"Kanshiram Nagara"}},{"type":"Feature","geometry":{"type":"Point","coordinates":[77.534,13.09204]},"properties":{"name":"Lakshmipura Cross"}},{"type":"Feature","geometry":{"type":"Point","coordinates":[77.53079,13.10122]},"properties":{"name":"Medi Agrahara Cross"}},{"type":"Feature","geometry":{"type":"Point","coordinates":[77.52804,13.10972]},"properties":{"name":"Choudappa Layout"}},{"type":"Feature","geometry":{"type":"Point","coordinates":[77.56152,12.82668]},"properties":{"name":"Shanubhoganahalli Bannerughatta"}},{"type":"Feature","geometry":{"type":"Point","coordinates":[77.44424,12.88766]},"properties":{"name":"Gerupalya"}},{"type":"Feature","geometry":{"type":"Point","coordinates":[77.56151,12.82682]},"properties":{"name":"Shanubhoganahalli Bannerughatta"}},{"type":"Feature","geometry":{"type":"Point","coordinates":[77.43763,12.88924]},"properties":{"name":"Subbarayappanapalya Cross"}},{"type":"Feature","geometry":{"type":"Point","coordinates":[77.55627,12.81964]},"properties":{"name":"Kencharayana Doddy"}},{"type":"Feature","geometry":{"type":"Point","coordinates":[77.43679,12.89473]},"properties":{"name":"Bheemanakuppe Cross"}},{"type":"Feature","geometry":{"type":"Point","coordinates":[77.55615,12.81975]},"properties":{"name":"Kencharayana Doddy"}},{"type":"Feature","geometry":{"type":"Point","coordinates":[77.43017,12.90299]},"properties":{"name":"Vinayaka Nagara"}},{"type":"Feature","geometry":{"type":"Point","coordinates":[77.55231,12.81582]},"properties":{"name":"Byatarayana Doddy"}},{"type":"Feature","geometry":{"type":"Point","coordinates":[77.55219,12.81593]},"properties":{"name":"Byatarayana Doddy"}},{"type":"Feature","geometry":{"type":"Point","coordinates":[77.41906,12.90706]},"properties":{"name":"Ramohalli"}},{"type":"Feature","geometry":{"type":"Point","coordinates":[77.40335,12.90734]},"properties":{"name":"Kethohalli"}},{"type":"Feature","geometry":{"type":"Point","coordinates":[77.39544,12.90996]},"properties":{"name":"Dodda Aladamara"}},{"type":"Feature","geometry":{"type":"Point","coordinates":[77.54394,12.80589]},"properties":{"name":"Byalamarana Doddy"}},{"type":"Feature","geometry":{"type":"Point","coordinates":[77.54362,12.80368]},"properties":{"name":"Byatarayana Doddy Cross"}},{"type":"Feature","geometry":{"type":"Point","coordinates":[77.38608,12.91035]},"properties":{"name":"Chunchanakuppe"}},{"type":"Feature","geometry":{"type":"Point","coordinates":[77.54358,12.80375]},"properties":{"name":"Byatarayana Doddy Cross"}},{"type":"Feature","geometry":{"type":"Point","coordinates":[77.37334,12.91007]},"properties":{"name":"Channappa Circle"}},{"type":"Feature","geometry":{"type":"Point","coordinates":[77.37335,12.91021]},"properties":{"name":"Channappa Circle"}},{"type":"Feature","geometry":{"type":"Point","coordinates":[77.3863,12.91041]},"properties":{"name":"Chunchanakuppe"}},{"type":"Feature","geometry":{"type":"Point","coordinates":[77.39541,12.91003]},"properties":{"name":"Dodda Aladamara"}},{"type":"Feature","geometry":{"type":"Point","coordinates":[77.52104,12.79783]},"properties":{"name":"Vasudevapura"}},{"type":"Feature","geometry":{"type":"Point","coordinates":[77.40339,12.90729]},"properties":{"name":"Kethohalli"}},{"type":"Feature","geometry":{"type":"Point","coordinates":[77.41906,12.907]},"properties":{"name":"Ramohalli"}},{"type":"Feature","geometry":{"type":"Point","coordinates":[77.43014,12.90292]},"properties":{"name":"Vinayaka Nagara"}},{"type":"Feature","geometry":{"type":"Point","coordinates":[77.43675,12.8947]},"properties":{"name":"Bheemanakuppe Cross"}},{"type":"Feature","geometry":{"type":"Point","coordinates":[77.50842,12.80041]},"properties":{"name":"Kaggalipura"}},{"type":"Feature","geometry":{"type":"Point","coordinates":[77.43768,12.88928]},"properties":{"name":"Subbarayappanapalya Cross"}},{"type":"Feature","geometry":{"type":"Point","coordinates":[77.44416,12.88786]},"properties":{"name":"Gerupalya"}},{"type":"Feature","geometry":{"type":"Point","coordinates":[77.50539,12.79408]},"properties":{"name":"Pattareddypalya"}},{"type":"Feature","geometry":{"type":"Point","coordinates":[77.50448,12.79017]},"properties":{"name":"Gandhi Nagara"}},{"type":"Feature","geometry":{"type":"Point","coordinates":[77.50221,13.14304]},"properties":{"name":"Mathkur Cross"}},{"type":"Feature","geometry":{"type":"Point","coordinates":[77.49976,12.78262]},"properties":{"name":"APS College"}},{"type":"Feature","geometry":{"type":"Point","coordinates":[77.51471,13.13393]},"properties":{"name":"Shivakote"}},{"type":"Feature","geometry":{"type":"Point","coordinates":[77.49909,12.78216]},"properties":{"name":"KEB Office Somanahalli"}},{"type":"Feature","geometry":{"type":"Point","coordinates":[77.49221,12.77408]},"properties":{"name":"Nelagulli Cross"}},{"type":"Feature","geometry":{"type":"Point","coordinates":[77.48656,12.76111]},"properties":{"name":"Nettigere Cross"}},{"type":"Feature","geometry":{"type":"Point","coordinates":[77.48464,12.75419]},"properties":{"name":"Bolare"}},{"type":"Feature","geometry":{"type":"Point","coordinates":[77.48635,12.74893]},"properties":{"name":"Ravagodlu Gate"}},{"type":"Feature","geometry":{"type":"Point","coordinates":[77.48831,12.74145]},"properties":{"name":"Gantakana Doddy Cross"}},{"type":"Feature","geometry":{"type":"Point","coordinates":[77.48805,12.73478]},"properties":{"name":"Yadamadu Kanakapura Road"}},{"type":"Feature","geometry":{"type":"Point","coordinates":[77.48707,12.72778]},"properties":{"name":"Kaggalahalli"}},{"type":"Feature","geometry":{"type":"Point","coordinates":[77.48242,12.71714]},"properties":{"name":"Kanyakumari"}},{"type":"Feature","geometry":{"type":"Point","coordinates":[77.48147,12.71308]},"properties":{"name":"New Gabbadi"}},{"type":"Feature","geometry":{"type":"Point","coordinates":[77.4808,12.70255]},"properties":{"name":"Kembbepalya"}},{"type":"Feature","geometry":{"type":"Point","coordinates":[77.48085,12.70302]},"properties":{"name":"Kembbepalya"}},{"type":"Feature","geometry":{"type":"Point","coordinates":[77.48159,12.71375]},"properties":{"name":"New Gabbadi"}},{"type":"Feature","geometry":{"type":"Point","coordinates":[77.48232,12.71773]},"properties":{"name":"Kanyakumari"}},{"type":"Feature","geometry":{"type":"Point","coordinates":[77.48691,12.72772]},"properties":{"name":"Kaggalahalli"}},{"type":"Feature","geometry":{"type":"Point","coordinates":[77.4881,12.73589]},"properties":{"name":"Yadamadu Kanakapura Road"}},{"type":"Feature","geometry":{"type":"Point","coordinates":[77.48815,12.74115]},"properties":{"name":"Gantakana Doddy Cross"}},{"type":"Feature","geometry":{"type":"Point","coordinates":[77.48641,12.74892]},"properties":{"name":"Ravagodlu Gate"}},{"type":"Feature","geometry":{"type":"Point","coordinates":[77.48455,12.75418]},"properties":{"name":"Bolare Gate"}},{"type":"Feature","geometry":{"type":"Point","coordinates":[77.48662,12.76108]},"properties":{"name":"Nettigere Cross"}},{"type":"Feature","geometry":{"type":"Point","coordinates":[77.48749,12.76461]},"properties":{"name":"Hosa Doddy Gate"}},{"type":"Feature","geometry":{"type":"Point","coordinates":[77.49977,12.78281]},"properties":{"name":"APS College"}},{"type":"Feature","geometry":{"type":"Point","coordinates":[77.5045,12.79009]},"properties":{"name":"Gandhi Nagara"}},{"type":"Feature","geometry":{"type":"Point","coordinates":[77.50535,12.79428]},"properties":{"name":"Pattareddypalya"}},{"type":"Feature","geometry":{"type":"Point","coordinates":[77.50848,12.80035]},"properties":{"name":"Kaggalipura"}},{"type":"Feature","geometry":{"type":"Point","coordinates":[77.51065,12.80671]},"properties":{"name":"Santekatte"}},{"type":"Feature","geometry":{"type":"Point","coordinates":[77.51057,12.80653]},"properties":{"name":"Santekatte"}},{"type":"Feature","geometry":{"type":"Point","coordinates":[77.51164,12.81107]},"properties":{"name":"Saaluhunase"}},{"type":"Feature","geometry":{"type":"Point","coordinates":[77.51156,12.81101]},"properties":{"name":"Saluhunase"}},{"type":"Feature","geometry":{"type":"Point","coordinates":[77.51427,12.82036]},"properties":{"name":"Udipalya"}},{"type":"Feature","geometry":{"type":"Point","coordinates":[77.51348,12.82466]},"properties":{"name":"Dayananda Sagar Vidya Samste"}},{"type":"Feature","geometry":{"type":"Point","coordinates":[77.5138,12.82497]},"properties":{"name":"Dayananda Sagar Vidya Samste"}},{"type":"Feature","geometry":{"type":"Point","coordinates":[77.51299,12.83052]},"properties":{"name":"SaaluDoddy"}},{"type":"Feature","geometry":{"type":"Point","coordinates":[77.51299,12.83047]},"properties":{"name":"SaaluDoddy"}},{"type":"Feature","geometry":{"type":"Point","coordinates":[77.51356,12.83311]},"properties":{"name":"Lakshmipura"}},{"type":"Feature","geometry":{"type":"Point","coordinates":[77.51373,12.83335]},"properties":{"name":"Lakshmipura"}},{"type":"Feature","geometry":{"type":"Point","coordinates":[77.51604,12.83709]},"properties":{"name":"Shanimahathma Temple"}},{"type":"Feature","geometry":{"type":"Point","coordinates":[77.51612,12.83717]},"properties":{"name":"Shanimahathma Temple"}},{"type":"Feature","geometry":{"type":"Point","coordinates":[77.51775,12.84239]},"properties":{"name":"Kuppareddy Kere"}},{"type":"Feature","geometry":{"type":"Point","coordinates":[77.51771,12.84254]},"properties":{"name":"Kuppareddy Kere"}},{"type":"Feature","geometry":{"type":"Point","coordinates":[77.52335,12.85358]},"properties":{"name":"Chinnayyanapalya Silk Farm"}},{"type":"Feature","geometry":{"type":"Point","coordinates":[77.52335,12.85366]},"properties":{"name":"Chinnayyanapalya Silk Farm"}},{"type":"Feature","geometry":{"type":"Point","coordinates":[77.5273,12.85758]},"properties":{"name":"NICE Road Kanakapura Road Junction"}},{"type":"Feature","geometry":{"type":"Point","coordinates":[77.5267,12.85678]},"properties":{"name":"NICE Road"}},{"type":"Feature","geometry":{"type":"Point","coordinates":[77.53314,12.86472]},"properties":{"name":"Vajramuneshwara Gate"}},{"type":"Feature","geometry":{"type":"Point","coordinates":[77.52896,12.85993]},"properties":{"name":"Jyothi Farm"}},{"type":"Feature","geometry":{"type":"Point","coordinates":[77.5836,12.84439]},"properties":{"name":"Weavers Colony"}},{"type":"Feature","geometry":{"type":"Point","coordinates":[77.63603,13.0318]},"properties":{"name":"Hennur Cross"}},{"type":"Feature","geometry":{"type":"Point","coordinates":[77.64049,13.03667]},"properties":{"name":"Hennur Bande"}},{"type":"Feature","geometry":{"type":"Point","coordinates":[77.64225,13.04329]},"properties":{"name":"Janaki Rama Layout"}},{"type":"Feature","geometry":{"type":"Point","coordinates":[77.64599,13.05279]},"properties":{"name":"K Narayanapura Cross"}},{"type":"Feature","geometry":{"type":"Point","coordinates":[77.65175,13.065]},"properties":{"name":"Gubbi Cross"}},{"type":"Feature","geometry":{"type":"Point","coordinates":[77.65339,13.07804]},"properties":{"name":"Byrathi Bande"}},{"type":"Feature","geometry":{"type":"Point","coordinates":[77.65431,13.09309]},"properties":{"name":"Kannuru"}},{"type":"Feature","geometry":{"type":"Point","coordinates":[77.62879,13.10247]},"properties":{"name":"Ittige Factory"}},{"type":"Feature","geometry":{"type":"Point","coordinates":[77.61614,13.10347]},"properties":{"name":"Kogilu"}},{"type":"Feature","geometry":{"type":"Point","coordinates":[77.60627,13.10436]},"properties":{"name":"Maruthi Nagara"}},{"type":"Feature","geometry":{"type":"Point","coordinates":[77.60025,13.10388]},"properties":{"name":"Kogilu Cross"}},{"type":"Feature","geometry":{"type":"Point","coordinates":[77.58778,12.8299]},"properties":{"name":"AMC College"}},{"type":"Feature","geometry":{"type":"Point","coordinates":[77.58627,12.8254]},"properties":{"name":"Sampangiram Nagara"}},{"type":"Feature","geometry":{"type":"Point","coordinates":[77.60633,13.10445]},"properties":{"name":"Maruthi Nagara"}},{"type":"Feature","geometry":{"type":"Point","coordinates":[77.58611,12.82529]},"properties":{"name":"Sampangiram Nagara"}},{"type":"Feature","geometry":{"type":"Point","coordinates":[77.6105,13.1046]},"properties":{"name":"Sapthagiri Layout"}},{"type":"Feature","geometry":{"type":"Point","coordinates":[77.61067,13.10446]},"properties":{"name":"Sapthagiri Layout"}},{"type":"Feature","geometry":{"type":"Point","coordinates":[77.58297,12.81536]},"properties":{"name":"Vijaya Bank Bannerughatta"}},{"type":"Feature","geometry":{"type":"Point","coordinates":[77.58291,12.81505]},"properties":{"name":"Vijaya Bank Bannerughatta"}},{"type":"Feature","geometry":{"type":"Point","coordinates":[77.61599,13.10364]},"properties":{"name":"Kogilu"}},{"type":"Feature","geometry":{"type":"Point","coordinates":[77.58104,12.81392]},"properties":{"name":"Bannerughatta Circle"}},{"type":"Feature","geometry":{"type":"Point","coordinates":[77.58136,12.81326]},"properties":{"name":"Bannerughatta Circle"}},{"type":"Feature","geometry":{"type":"Point","coordinates":[77.62946,13.10256]},"properties":{"name":"Ittige Factory"}},{"type":"Feature","geometry":{"type":"Point","coordinates":[77.59071,12.8081]},"properties":{"name":"Junglepalya Gate"}},{"type":"Feature","geometry":{"type":"Point","coordinates":[77.59056,12.80806]},"properties":{"name":"Junglepalya Gate"}},{"type":"Feature","geometry":{"type":"Point","coordinates":[77.64223,13.09923]},"properties":{"name":"Bellahalli"}},{"type":"Feature","geometry":{"type":"Point","coordinates":[77.60392,12.79789]},"properties":{"name":"Begihalli"}},{"type":"Feature","geometry":{"type":"Point","coordinates":[77.61596,12.7964]},"properties":{"name":"Koppa Gate"}},{"type":"Feature","geometry":{"type":"Point","coordinates":[77.61581,12.79642]},"properties":{"name":"Koppa Gate"}},{"type":"Feature","geometry":{"type":"Point","coordinates":[77.66089,13.10622]},"properties":{"name":"Hosuru Bande"}},{"type":"Feature","geometry":{"type":"Point","coordinates":[77.62378,12.79168]},"properties":{"name":"Harapanahalli"}},{"type":"Feature","geometry":{"type":"Point","coordinates":[77.68779,13.11337]},"properties":{"name":"Chokkanahalli"}},{"type":"Feature","geometry":{"type":"Point","coordinates":[77.66566,13.10782]},"properties":{"name":"Hamsa Farm"}},{"type":"Feature","geometry":{"type":"Point","coordinates":[77.62941,12.78869]},"properties":{"name":"Jigani Double Road"}},{"type":"Feature","geometry":{"type":"Point","coordinates":[77.66823,13.12252]},"properties":{"name":"Chakkalatti"}},{"type":"Feature","geometry":{"type":"Point","coordinates":[77.62967,12.78852]},"properties":{"name":"Jigani Double Road"}},{"type":"Feature","geometry":{"type":"Point","coordinates":[77.62849,12.90695]},"properties":{"name":"Bommanahalli"}},{"type":"Feature","geometry":{"type":"Point","coordinates":[77.59929,12.9769]},"properties":{"name":"MG Statue"}},{"type":"Feature","geometry":{"type":"Point","coordinates":[77.62745,12.90248]},"properties":{"name":"Deccan"}},{"type":"Feature","geometry":{"type":"Point","coordinates":[77.66669,13.13342]},"properties":{"name":"Bagalur Santhe"}},{"type":"Feature","geometry":{"type":"Point","coordinates":[77.62713,12.90105]},"properties":{"name":"Oxford College"}},{"type":"Feature","geometry":{"type":"Point","coordinates":[77.66832,13.1224]},"properties":{"name":"Chakkalatti"}},{"type":"Feature","geometry":{"type":"Point","coordinates":[77.62651,12.89853]},"properties":{"name":"International School of Management"}},{"type":"Feature","geometry":{"type":"Point","coordinates":[77.62632,12.89704]},"properties":{"name":"Hongasandra"}},{"type":"Feature","geometry":{"type":"Point","coordinates":[77.66578,13.10752]},"properties":{"name":"Sonnappanahalli"}},{"type":"Feature","geometry":{"type":"Point","coordinates":[77.62585,12.89325]},"properties":{"name":"APR Kalyana Mantapa"}},{"type":"Feature","geometry":{"type":"Point","coordinates":[77.66443,13.10586]},"properties":{"name":"Tavakkal Hospital"}},{"type":"Feature","geometry":{"type":"Point","coordinates":[77.62573,12.88895]},"properties":{"name":"St Francis School"}},{"type":"Feature","geometry":{"type":"Point","coordinates":[77.62562,12.88892]},"properties":{"name":"St Francis School"}},{"type":"Feature","geometry":{"type":"Point","coordinates":[77.62517,12.88517]},"properties":{"name":"Canara Bank Begur"}},{"type":"Feature","geometry":{"type":"Point","coordinates":[77.62478,12.88198]},"properties":{"name":"Vishwapriya Layout"}},{"type":"Feature","geometry":{"type":"Point","coordinates":[77.6246,12.87996]},"properties":{"name":"PK Kalyana Mantapa Aralimara"}},{"type":"Feature","geometry":{"type":"Point","coordinates":[77.6261,12.8762]},"properties":{"name":"Begur Church"}},{"type":"Feature","geometry":{"type":"Point","coordinates":[77.62465,12.87284]},"properties":{"name":"Hanuman Temple"}},{"type":"Feature","geometry":{"type":"Point","coordinates":[77.62517,12.87351]},"properties":{"name":"Begur"}},{"type":"Feature","geometry":{"type":"Point","coordinates":[77.61604,12.86648]},"properties":{"name":"Yelenahalli"}},{"type":"Feature","geometry":{"type":"Point","coordinates":[77.65827,13.10173]},"properties":{"name":"Kadasonnappanahalli Gate"}},{"type":"Feature","geometry":{"type":"Point","coordinates":[77.62346,12.7921]},"properties":{"name":"Harapanahalli"}},{"type":"Feature","geometry":{"type":"Point","coordinates":[77.65323,13.08142]},"properties":{"name":"Nagenahalli"}},{"type":"Feature","geometry":{"type":"Point","coordinates":[77.62647,12.8044]},"properties":{"name":"Koppa"}},{"type":"Feature","geometry":{"type":"Point","coordinates":[77.65341,13.07782]},"properties":{"name":"Byrathi Bande"}},{"type":"Feature","geometry":{"type":"Point","coordinates":[77.62654,12.80449]},"properties":{"name":"Koppa"}},{"type":"Feature","geometry":{"type":"Point","coordinates":[77.62756,12.81294]},"properties":{"name":"Dharmapura"}},{"type":"Feature","geometry":{"type":"Point","coordinates":[77.62297,12.82578]},"properties":{"name":"Bingipura Cross"}},{"type":"Feature","geometry":{"type":"Point","coordinates":[77.62304,12.82587]},"properties":{"name":"Bingipura Cross"}},{"type":"Feature","geometry":{"type":"Point","coordinates":[77.64891,13.06173]},"properties":{"name":"Kothanuru"}},{"type":"Feature","geometry":{"type":"Point","coordinates":[77.62331,12.82802]},"properties":{"name":"Hullahalli Cross"}},{"type":"Feature","geometry":{"type":"Point","coordinates":[77.62325,12.82761]},"properties":{"name":"Hullahalli Cross"}},{"type":"Feature","geometry":{"type":"Point","coordinates":[77.64836,13.05699]},"properties":{"name":"Byrathi Cross"}},{"type":"Feature","geometry":{"type":"Point","coordinates":[77.64832,13.05719]},"properties":{"name":"Byrathi Cross"}},{"type":"Feature","geometry":{"type":"Point","coordinates":[77.61587,12.92939]},"properties":{"name":"St Johns Hospital"}},{"type":"Feature","geometry":{"type":"Point","coordinates":[77.64613,13.05269]},"properties":{"name":"K Narayanapura Cross"}},{"type":"Feature","geometry":{"type":"Point","coordinates":[77.62507,12.83625]},"properties":{"name":"Jally Machine"}},{"type":"Feature","geometry":{"type":"Point","coordinates":[77.64545,13.0484]},"properties":{"name":"Geddalahalli"}},{"type":"Feature","geometry":{"type":"Point","coordinates":[77.62154,12.92911]},"properties":{"name":"Water Tank Koramangala"}},{"type":"Feature","geometry":{"type":"Point","coordinates":[77.61194,12.85876]},"properties":{"name":"Nobel Residency"}},{"type":"Feature","geometry":{"type":"Point","coordinates":[77.61844,12.84245]},"properties":{"name":"Jn of Mylasandra Road"}},{"type":"Feature","geometry":{"type":"Point","coordinates":[77.64254,13.0432]},"properties":{"name":"Janaki Rama Layout"}},{"type":"Feature","geometry":{"type":"Point","coordinates":[77.61845,12.84233]},"properties":{"name":"Jn of Mylasandra Road"}},{"type":"Feature","geometry":{"type":"Point","coordinates":[77.62215,12.93084]},"properties":{"name":"BDA Complex Koramangala"}},{"type":"Feature","geometry":{"type":"Point","coordinates":[77.62476,12.87289]},"properties":{"name":"Hanuman Temple Begur"}},{"type":"Feature","geometry":{"type":"Point","coordinates":[77.64081,13.03672]},"properties":{"name":"Hennur Bande Sai Baba Temple"}},{"type":"Feature","geometry":{"type":"Point","coordinates":[77.62614,12.87619]},"properties":{"name":"Begur Church"}},{"type":"Feature","geometry":{"type":"Point","coordinates":[77.63587,13.03149]},"properties":{"name":"Hennur Cross"}},{"type":"Feature","geometry":{"type":"Point","coordinates":[77.62533,12.87784]},"properties":{"name":"Begur Lake"}},{"type":"Feature","geometry":{"type":"Point","coordinates":[77.60941,12.84584]},"properties":{"name":"St Marys School"}},{"type":"Feature","geometry":{"type":"Point","coordinates":[77.62466,12.87996]},"properties":{"name":"PK Kalyana Mantapa Aralimara"}},{"type":"Feature","geometry":{"type":"Point","coordinates":[77.60942,12.84594]},"properties":{"name":"St Marys School"}},{"type":"Feature","geometry":{"type":"Point","coordinates":[77.62417,12.93502]},"properties":{"name":"Canara Bank Koramangala"}},{"type":"Feature","geometry":{"type":"Point","coordinates":[77.62488,12.88199]},"properties":{"name":"Vishwapriya Layout"}},{"type":"Feature","geometry":{"type":"Point","coordinates":[77.62525,12.88504]},"properties":{"name":"Canara Bank Begur"}},{"type":"Feature","geometry":{"type":"Point","coordinates":[77.6278,12.93796]},"properties":{"name":"Sony World 80ft Road Koramangala"}},{"type":"Feature","geometry":{"type":"Point","coordinates":[77.59814,12.84445]},"properties":{"name":"Hommadevanahalli"}},{"type":"Feature","geometry":{"type":"Point","coordinates":[77.59814,12.84449]},"properties":{"name":"Hommadevanahalli"}},{"type":"Feature","geometry":{"type":"Point","coordinates":[77.626,12.89149]},"properties":{"name":"Galaxy Paradise"}},{"type":"Feature","geometry":{"type":"Point","coordinates":[77.62737,12.93745]},"properties":{"name":"Sony World 80ft Road Koramangala"}},{"type":"Feature","geometry":{"type":"Point","coordinates":[77.62589,12.89152]},"properties":{"name":"Galaxy Paradise"}},{"type":"Feature","geometry":{"type":"Point","coordinates":[77.62596,12.89326]},"properties":{"name":"APR Kalyana Mantapa"}},{"type":"Feature","geometry":{"type":"Point","coordinates":[77.62619,12.89714]},"properties":{"name":"Hongasandra"}},{"type":"Feature","geometry":{"type":"Point","coordinates":[77.62664,12.89849]},"properties":{"name":"International School of Management"}},{"type":"Feature","geometry":{"type":"Point","coordinates":[77.63252,12.93842]},"properties":{"name":"Srinivagilu Ejipura"}},{"type":"Feature","geometry":{"type":"Point","coordinates":[77.62724,12.90076]},"properties":{"name":"Oxford College"}},{"type":"Feature","geometry":{"type":"Point","coordinates":[77.62733,12.90235]},"properties":{"name":"Deccan"}},{"type":"Feature","geometry":{"type":"Point","coordinates":[77.64129,12.95529]},"properties":{"name":"Jn of New Bridge"}},{"type":"Feature","geometry":{"type":"Point","coordinates":[77.6414,12.95696]},"properties":{"name":"Domlur Flyover"}},{"type":"Feature","geometry":{"type":"Point","coordinates":[77.64145,12.96377]},"properties":{"name":"Dhoopanahalli"}},{"type":"Feature","geometry":{"type":"Point","coordinates":[77.6273,12.9035]},"properties":{"name":"Nayanappanahalli Cross"}},{"type":"Feature","geometry":{"type":"Point","coordinates":[77.64131,12.96663]},"properties":{"name":"Indiranagara 100ft Road"}},{"type":"Feature","geometry":{"type":"Point","coordinates":[77.6242,12.90301]},"properties":{"name":"Virat Nagara Cross"}},{"type":"Feature","geometry":{"type":"Point","coordinates":[77.62236,12.90002]},"properties":{"name":"Kaveri Nagara"}},{"type":"Feature","geometry":{"type":"Point","coordinates":[77.64237,12.97023]},"properties":{"name":"HAL 2nd Stage 12th main"}},{"type":"Feature","geometry":{"type":"Point","coordinates":[77.6215,12.89783]},"properties":{"name":"Kodichikkanahalli Cross"}},{"type":"Feature","geometry":{"type":"Point","coordinates":[77.64077,12.97857]},"properties":{"name":"Police Station Indiranagara"}},{"type":"Feature","geometry":{"type":"Point","coordinates":[77.61809,12.89836]},"properties":{"name":"Kodichikkanahalli"}},{"type":"Feature","geometry":{"type":"Point","coordinates":[77.61532,12.89839]},"properties":{"name":"1st Main Kodichikkanahalli"}},{"type":"Feature","geometry":{"type":"Point","coordinates":[77.61113,12.89796]},"properties":{"name":"Shanbogappa Layout"}},{"type":"Feature","geometry":{"type":"Point","coordinates":[77.61164,12.89226]},"properties":{"name":"Vijaya Bank Layout Petrol Bunk"}},{"type":"Feature","geometry":{"type":"Point","coordinates":[77.61555,12.88899]},"properties":{"name":"Devarachikkanahalli"}},{"type":"Feature","geometry":{"type":"Point","coordinates":[77.6415,12.96711]},"properties":{"name":"Indiranagara 100ft Road"}},{"type":"Feature","geometry":{"type":"Point","coordinates":[77.64165,12.96323]},"properties":{"name":"Dhoopanahalli"}},{"type":"Feature","geometry":{"type":"Point","coordinates":[77.64154,12.95792]},"properties":{"name":"Domlur Flyover"}},{"type":"Feature","geometry":{"type":"Point","coordinates":[77.58189,12.8494]},"properties":{"name":"Pillaganahalli"}},{"type":"Feature","geometry":{"type":"Point","coordinates":[77.58201,12.84943]},"properties":{"name":"Pillaganahalli"}},{"type":"Feature","geometry":{"type":"Point","coordinates":[77.64143,12.95451]},"properties":{"name":"Jn of New Bridge"}},{"type":"Feature","geometry":{"type":"Point","coordinates":[77.58038,12.85524]},"properties":{"name":"Kembathalli Cross"}},{"type":"Feature","geometry":{"type":"Point","coordinates":[77.61183,12.89206]},"properties":{"name":"Vijaya Bank Layout Petrol Bunk"}},{"type":"Feature","geometry":{"type":"Point","coordinates":[77.5733,12.85722]},"properties":{"name":"Lal Bahaddur Shastri Nagara"}},{"type":"Feature","geometry":{"type":"Point","coordinates":[77.61094,12.89772]},"properties":{"name":"Shanbogappa Layout"}},{"type":"Feature","geometry":{"type":"Point","coordinates":[77.56379,12.86197]},"properties":{"name":"Anjanapura"}},{"type":"Feature","geometry":{"type":"Point","coordinates":[77.61541,12.89849]},"properties":{"name":"1st Main Kodichikkanahalli"}},{"type":"Feature","geometry":{"type":"Point","coordinates":[77.63313,12.93862]},"properties":{"name":"Srinivagilu Ejipura"}},{"type":"Feature","geometry":{"type":"Point","coordinates":[77.56091,12.8618]},"properties":{"name":"Anjanapura Cross"}},{"type":"Feature","geometry":{"type":"Point","coordinates":[77.61794,12.89833]},"properties":{"name":"Kodichikkanahalli"}},{"type":"Feature","geometry":{"type":"Point","coordinates":[77.55653,12.85748]},"properties":{"name":"Vajragiri Estate"}},{"type":"Feature","geometry":{"type":"Point","coordinates":[77.62151,12.89793]},"properties":{"name":"Kodichikkanahalli Cross"}},{"type":"Feature","geometry":{"type":"Point","coordinates":[77.55663,12.85779]},"properties":{"name":"Vajragiri Estate"}},{"type":"Feature","geometry":{"type":"Point","coordinates":[77.62238,12.90015]},"properties":{"name":"Kaveri Nagara"}},{"type":"Feature","geometry":{"type":"Point","coordinates":[77.56057,12.86166]},"properties":{"name":"Anjanapura Cross"}},{"type":"Feature","geometry":{"type":"Point","coordinates":[77.62424,12.90294]},"properties":{"name":"Virat Nagara Cross"}},{"type":"Feature","geometry":{"type":"Point","coordinates":[77.62653,12.93673]},"properties":{"name":"Sony World 80ft Road Koramangala"}},{"type":"Feature","geometry":{"type":"Point","coordinates":[77.56383,12.86201]},"properties":{"name":"Anjanapura"}},{"type":"Feature","geometry":{"type":"Point","coordinates":[77.62385,12.93423]},"properties":{"name":"Canara Bank Koramangala"}},{"type":"Feature","geometry":{"type":"Point","coordinates":[77.6272,12.90356]},"properties":{"name":"Nayanappanahalli Cross"}},{"type":"Feature","geometry":{"type":"Point","coordinates":[77.56554,12.86738]},"properties":{"name":"Nandi Garden Kothanur"}},{"type":"Feature","geometry":{"type":"Point","coordinates":[77.62251,12.93124]},"properties":{"name":"BDA Complex Koramangala"}},{"type":"Feature","geometry":{"type":"Point","coordinates":[77.5657,12.86747]},"properties":{"name":"Nandi Garden Kothanur"}},{"type":"Feature","geometry":{"type":"Point","coordinates":[77.56664,12.87283]},"properties":{"name":"Avalahalli"}},{"type":"Feature","geometry":{"type":"Point","coordinates":[77.56656,12.87289]},"properties":{"name":"Avalahalli"}},{"type":"Feature","geometry":{"type":"Point","coordinates":[77.56985,12.85943]},"properties":{"name":"KRB Indian Oil Petrol Bunk Kembathalli"}},{"type":"Feature","geometry":{"type":"Point","coordinates":[77.56996,12.85928]},"properties":{"name":"KRB Indian Oil Petrol Bunk Kembathalli"}},{"type":"Feature","geometry":{"type":"Point","coordinates":[77.57356,12.85723]},"properties":{"name":"Lal Bahaddur Shastri Nagara"}},{"type":"Feature","geometry":{"type":"Point","coordinates":[77.58042,12.85513]},"properties":{"name":"Kembathalli Cross"}},{"type":"Feature","geometry":{"type":"Point","coordinates":[77.58514,12.8556]},"properties":{"name":"Sri Adishakthi Temple"}},{"type":"Feature","geometry":{"type":"Point","coordinates":[77.58484,12.85514]},"properties":{"name":"Sri Adishakthi Temple"}},{"type":"Feature","geometry":{"type":"Point","coordinates":[77.61014,12.89351]},"properties":{"name":"Vijaya Enclave Apartment"}},{"type":"Feature","geometry":{"type":"Point","coordinates":[77.60932,12.89493]},"properties":{"name":"Bilekahalli Circle"}},{"type":"Feature","geometry":{"type":"Point","coordinates":[77.60647,12.89768]},"properties":{"name":"Sri Veerabhadra Swamy Bilekahalli"}},{"type":"Feature","geometry":{"type":"Point","coordinates":[77.60136,12.90199]},"properties":{"name":"Bilekahalli Kalyani Motors"}},{"type":"Feature","geometry":{"type":"Point","coordinates":[77.60138,12.90203]},"properties":{"name":"Bilekahalli Kalyani Motors"}},{"type":"Feature","geometry":{"type":"Point","coordinates":[77.60644,12.89779]},"properties":{"name":"Sri Veerabhadra Swamy Bilekahalli"}},{"type":"Feature","geometry":{"type":"Point","coordinates":[77.60928,12.89498]},"properties":{"name":"Bilekahalli Circle"}},{"type":"Feature","geometry":{"type":"Point","coordinates":[77.61008,12.89352]},"properties":{"name":"Vijaya Enclave Apartment"}},{"type":"Feature","geometry":{"type":"Point","coordinates":[77.64419,12.84359]},"properties":{"name":"Thogur Cross"}},{"type":"Feature","geometry":{"type":"Point","coordinates":[77.64798,12.84149]},"properties":{"name":"Neeladri Nagara"}},{"type":"Feature","geometry":{"type":"Point","coordinates":[77.65164,12.84056]},"properties":{"name":"Concord Apartment"}},{"type":"Feature","geometry":{"type":"Point","coordinates":[77.65179,12.84057]},"properties":{"name":"Concord Apartment"}},{"type":"Feature","geometry":{"type":"Point","coordinates":[77.65893,12.83902]},"properties":{"name":"Wipro Gate Shikaripalya Cross"}},{"type":"Feature","geometry":{"type":"Point","coordinates":[77.65898,12.83895]},"properties":{"name":"Wipro Gate Shikaripalya Cross"}},{"type":"Feature","geometry":{"type":"Point","coordinates":[77.56777,12.94719]},"properties":{"name":"Ramakrishna Ashrama"}},{"type":"Feature","geometry":{"type":"Point","coordinates":[77.56602,12.9434]},"properties":{"name":"Hanumantha Nagara Ward Office"}},{"type":"Feature","geometry":{"type":"Point","coordinates":[77.562,12.94169]},"properties":{"name":"Subramanya Swamy Temple"}},{"type":"Feature","geometry":{"type":"Point","coordinates":[77.55957,12.94157]},"properties":{"name":"Nirmala Store"}},{"type":"Feature","geometry":{"type":"Point","coordinates":[77.55557,12.94176]},"properties":{"name":"Apex Bank"}},{"type":"Feature","geometry":{"type":"Point","coordinates":[77.67918,12.83604]},"properties":{"name":"Huskur Gate"}},{"type":"Feature","geometry":{"type":"Point","coordinates":[77.67896,12.83726]},"properties":{"name":"Huskur Gate"}},{"type":"Feature","geometry":{"type":"Point","coordinates":[77.68709,12.84235]},"properties":{"name":"Singena Agrahara Cross Fruits Market"}},{"type":"Feature","geometry":{"type":"Point","coordinates":[77.54369,13.01593]},"properties":{"name":"Shankara Nagara"}},{"type":"Feature","geometry":{"type":"Point","coordinates":[77.69479,12.81171]},"properties":{"name":"BTL College"}},{"type":"Feature","geometry":{"type":"Point","coordinates":[77.54377,13.01588]},"properties":{"name":"Shankara Nagara"}},{"type":"Feature","geometry":{"type":"Point","coordinates":[77.69068,12.8472]},"properties":{"name":"Doddamma Temple"}},{"type":"Feature","geometry":{"type":"Point","coordinates":[77.6909,12.84747]},"properties":{"name":"Doddamma Temple"}},{"type":"Feature","geometry":{"type":"Point","coordinates":[77.54402,13.01189]},"properties":{"name":"Mahalakshmi Layout"}},{"type":"Feature","geometry":{"type":"Point","coordinates":[77.6925,12.84894]},"properties":{"name":"Depot-38 Gate"}},{"type":"Feature","geometry":{"type":"Point","coordinates":[77.6999,12.85481]},"properties":{"name":"Sumuka Layout"}},{"type":"Feature","geometry":{"type":"Point","coordinates":[77.70018,12.85473]},"properties":{"name":"Sumuka Layout"}},{"type":"Feature","geometry":{"type":"Point","coordinates":[77.55038,12.92519]},"properties":{"name":"Kathriguppe"}},{"type":"Feature","geometry":{"type":"Point","coordinates":[77.55374,12.92388]},"properties":{"name":"Depot-13 Gate"}},{"type":"Feature","geometry":{"type":"Point","coordinates":[77.70516,12.86143]},"properties":{"name":"Huskur"}},{"type":"Feature","geometry":{"type":"Point","coordinates":[77.55377,12.92376]},"properties":{"name":"Depot-13 Kattriguppe"}},{"type":"Feature","geometry":{"type":"Point","coordinates":[77.5451,13.00824]},"properties":{"name":"Srinavasa Temple"}},{"type":"Feature","geometry":{"type":"Point","coordinates":[77.70524,12.86147]},"properties":{"name":"Huskur"}},{"type":"Feature","geometry":{"type":"Point","coordinates":[77.54356,12.93033]},"properties":{"name":"Hoskerahalli Junction"}},{"type":"Feature","geometry":{"type":"Point","coordinates":[77.71223,12.85454]},"properties":{"name":"Chinthala Madivala Cross"}},{"type":"Feature","geometry":{"type":"Point","coordinates":[77.54796,13.00775]},"properties":{"name":"Mahalakshmi Layout Entrance"}},{"type":"Feature","geometry":{"type":"Point","coordinates":[77.71233,12.85459]},"properties":{"name":"Chinthala Madivala Cross"}},{"type":"Feature","geometry":{"type":"Point","coordinates":[77.54544,12.93295]},"properties":{"name":"Hosakerehalli Cross"}},{"type":"Feature","geometry":{"type":"Point","coordinates":[77.545,13.00833]},"properties":{"name":"Srinivasa Temple"}},{"type":"Feature","geometry":{"type":"Point","coordinates":[77.54879,12.93708]},"properties":{"name":"Seetha Circle"}},{"type":"Feature","geometry":{"type":"Point","coordinates":[77.71868,12.85321]},"properties":{"name":"Kaggalipura"}},{"type":"Feature","geometry":{"type":"Point","coordinates":[77.7186,12.85315]},"properties":{"name":"Kaggalipura"}},{"type":"Feature","geometry":{"type":"Point","coordinates":[77.5531,12.93864]},"properties":{"name":"Bank Colony"}},{"type":"Feature","geometry":{"type":"Point","coordinates":[77.55662,12.93811]},"properties":{"name":"Srinivasa Nagara"}},{"type":"Feature","geometry":{"type":"Point","coordinates":[77.55849,12.94344]},"properties":{"name":"Maruthi Circle"}},{"type":"Feature","geometry":{"type":"Point","coordinates":[77.7065,12.83937]},"properties":{"name":"Ebenezer International School"}},{"type":"Feature","geometry":{"type":"Point","coordinates":[77.56168,12.94355]},"properties":{"name":"Subramanya Swamy Temple"}},{"type":"Feature","geometry":{"type":"Point","coordinates":[77.73243,12.86113]},"properties":{"name":"Head Start School Gate"}},{"type":"Feature","geometry":{"type":"Point","coordinates":[77.56423,12.94408]},"properties":{"name":"Ganesha Bhavan"}},{"type":"Feature","geometry":{"type":"Point","coordinates":[77.72752,12.84306]},"properties":{"name":"Muttanalluru Cross"}},{"type":"Feature","geometry":{"type":"Point","coordinates":[77.73111,12.85555]},"properties":{"name":"Kaggalipura Cross"}},{"type":"Feature","geometry":{"type":"Point","coordinates":[77.73117,12.85588]},"properties":{"name":"Kaggalipura Cross"}},{"type":"Feature","geometry":{"type":"Point","coordinates":[77.73256,12.8652]},"properties":{"name":"Harohalli Gate"}},{"type":"Feature","geometry":{"type":"Point","coordinates":[77.73385,12.87093]},"properties":{"name":"Kammasandra Gate"}},{"type":"Feature","geometry":{"type":"Point","coordinates":[77.53589,13.01141]},"properties":{"name":"Nandini Layout Bus Stand"}},{"type":"Feature","geometry":{"type":"Point","coordinates":[77.73837,12.88743]},"properties":{"name":"Muttanalluru Cross"}},{"type":"Feature","geometry":{"type":"Point","coordinates":[77.73842,12.8874]},"properties":{"name":"Muttanalluru Cross"}},{"type":"Feature","geometry":{"type":"Point","coordinates":[77.75709,12.88175]},"properties":{"name":"Thigalara Chowdenahalli Cross"}},{"type":"Feature","geometry":{"type":"Point","coordinates":[77.76157,12.87933]},"properties":{"name":"Chambenahalli"}},{"type":"Feature","geometry":{"type":"Point","coordinates":[77.54262,12.94323]},"properties":{"name":"Avalahalli BDA Park Girinagara"}},{"type":"Feature","geometry":{"type":"Point","coordinates":[77.76639,12.87239]},"properties":{"name":"Yamare"}},{"type":"Feature","geometry":{"type":"Point","coordinates":[77.76636,12.87244]},"properties":{"name":"Yamare"}},{"type":"Feature","geometry":{"type":"Point","coordinates":[77.76709,12.86774]},"properties":{"name":"Crystal Apartment Sarjapura Road"}},{"type":"Feature","geometry":{"type":"Point","coordinates":[77.77197,12.86213]},"properties":{"name":"Sompura Gate"}},{"type":"Feature","geometry":{"type":"Point","coordinates":[77.77201,12.86211]},"properties":{"name":"Somapura Gate"}},{"type":"Feature","geometry":{"type":"Point","coordinates":[77.52864,13.01177]},"properties":{"name":"Nandhini Layout Outer Ring Road"}},{"type":"Feature","geometry":{"type":"Point","coordinates":[77.79888,12.86036]},"properties":{"name":"Thindlu Gate"}},{"type":"Feature","geometry":{"type":"Point","coordinates":[77.79885,12.86044]},"properties":{"name":"Thindlu Gate"}},{"type":"Feature","geometry":{"type":"Point","coordinates":[77.53065,13.01466]},"properties":{"name":"Nandhini Layout"}},{"type":"Feature","geometry":{"type":"Point","coordinates":[77.8085,12.87217]},"properties":{"name":"Mahal Chowdadenahalli"}},{"type":"Feature","geometry":{"type":"Point","coordinates":[77.80876,12.87219]},"properties":{"name":"Mahal Chowdadenahalli"}},{"type":"Feature","geometry":{"type":"Point","coordinates":[77.53158,13.01817]},"properties":{"name":"Rajkumar Punya Bhoomi"}},{"type":"Feature","geometry":{"type":"Point","coordinates":[77.81578,12.88486]},"properties":{"name":"Jn of Pandithana Agrahara"}},{"type":"Feature","geometry":{"type":"Point","coordinates":[77.81592,12.88504]},"properties":{"name":"Jn of Pandithana Agrahara"}},{"type":"Feature","geometry":{"type":"Point","coordinates":[77.53247,13.02162]},"properties":{"name":"Kanteerava Studio"}},{"type":"Feature","geometry":{"type":"Point","coordinates":[77.5319,13.01859]},"properties":{"name":"Rajkumar Punya Bhoomi"}},{"type":"Feature","geometry":{"type":"Point","coordinates":[77.52872,13.01159]},"properties":{"name":"Nandhini Layout Outer Ring Road"}},{"type":"Feature","geometry":{"type":"Point","coordinates":[77.53824,13.00915]},"properties":{"name":"Saraswathipuram"}},{"type":"Feature","geometry":{"type":"Point","coordinates":[77.54394,13.01204]},"properties":{"name":"Mahalakshmi Layout"}},{"type":"Feature","geometry":{"type":"Point","coordinates":[77.5462,12.97036]},"properties":{"name":"Pipeline Park"}},{"type":"Feature","geometry":{"type":"Point","coordinates":[77.54514,12.96775]},"properties":{"name":"Pipeline Binni Layout"}},{"type":"Feature","geometry":{"type":"Point","coordinates":[77.53385,12.9578]},"properties":{"name":"Attiguppe"}},{"type":"Feature","geometry":{"type":"Point","coordinates":[77.78296,12.84526]},"properties":{"name":"Garments Factory"}},{"type":"Feature","geometry":{"type":"Point","coordinates":[77.52955,12.96019]},"properties":{"name":"Chandra Public School"}},{"type":"Feature","geometry":{"type":"Point","coordinates":[77.52868,12.95772]},"properties":{"name":"Ganapathi Temple Chandra Layout"}},{"type":"Feature","geometry":{"type":"Point","coordinates":[77.7863,12.82755]},"properties":{"name":"Thyavakanahalli Gate"}},{"type":"Feature","geometry":{"type":"Point","coordinates":[77.52634,12.95827]},"properties":{"name":"Chandra Layout Cirlce"}},{"type":"Feature","geometry":{"type":"Point","coordinates":[77.75679,12.88192]},"properties":{"name":"Thigalara Chowdenahalli Cross"}},{"type":"Feature","geometry":{"type":"Point","coordinates":[77.78607,12.82327]},"properties":{"name":"S Medahalli"}},{"type":"Feature","geometry":{"type":"Point","coordinates":[77.51901,12.95845]},"properties":{"name":"Nagarabhavi Circle"}},{"type":"Feature","geometry":{"type":"Point","coordinates":[77.78524,12.81531]},"properties":{"name":"Silk Farm"}},{"type":"Feature","geometry":{"type":"Point","coordinates":[77.78475,12.81136]},"properties":{"name":"Sriram Properties"}},{"type":"Feature","geometry":{"type":"Point","coordinates":[77.78447,12.81061]},"properties":{"name":"Sriram Properties"}},{"type":"Feature","geometry":{"type":"Point","coordinates":[77.75683,12.8819]},"properties":{"name":"Thigalara Chowdenahalli Cross"}},{"type":"Feature","geometry":{"type":"Point","coordinates":[77.61421,12.96147]},"properties":{"name":"Austin Town"}},{"type":"Feature","geometry":{"type":"Point","coordinates":[77.5158,12.95699]},"properties":{"name":"Nagarabhavi Village"}},{"type":"Feature","geometry":{"type":"Point","coordinates":[77.78252,12.79977]},"properties":{"name":"Anjaneya Temple Bidaragupe"}},{"type":"Feature","geometry":{"type":"Point","coordinates":[77.50976,12.96096]},"properties":{"name":"NGEF Layout Nagarabhavi"}},{"type":"Feature","geometry":{"type":"Point","coordinates":[77.6154,12.92897]},"properties":{"name":"St John Hospital"}},{"type":"Feature","geometry":{"type":"Point","coordinates":[77.51678,12.95931]},"properties":{"name":"Manasa Nagara"}},{"type":"Feature","geometry":{"type":"Point","coordinates":[77.61532,12.92534]},"properties":{"name":"AR Complex"}},{"type":"Feature","geometry":{"type":"Point","coordinates":[77.77617,12.79081]},"properties":{"name":"Indlubele"}},{"type":"Feature","geometry":{"type":"Point","coordinates":[77.5198,12.96007]},"properties":{"name":"Nagarabhavi Circle"}},{"type":"Feature","geometry":{"type":"Point","coordinates":[77.61572,12.91941]},"properties":{"name":"Jai Bheema Nagara"}},{"type":"Feature","geometry":{"type":"Point","coordinates":[77.52174,12.9618]},"properties":{"name":"Maruthi Nagara"}},{"type":"Feature","geometry":{"type":"Point","coordinates":[77.61039,12.91967]},"properties":{"name":"16th Main Hopcoms BTM Layout"}},{"type":"Feature","geometry":{"type":"Point","coordinates":[77.52326,12.96532]},"properties":{"name":"Byraveshwara Nagara"}},{"type":"Feature","geometry":{"type":"Point","coordinates":[77.60891,12.91663]},"properties":{"name":"16th Main BTM Layout"}},{"type":"Feature","geometry":{"type":"Point","coordinates":[77.77135,12.77431]},"properties":{"name":"Ramohalli"}},{"type":"Feature","geometry":{"type":"Point","coordinates":[77.61023,12.91714]},"properties":{"name":"Udupi Garden Petrol Bunk"}},{"type":"Feature","geometry":{"type":"Point","coordinates":[77.52384,12.96741]},"properties":{"name":"Kalyananagara"}},{"type":"Feature","geometry":{"type":"Point","coordinates":[77.77112,12.77403]},"properties":{"name":"Ramohalli"}},{"type":"Feature","geometry":{"type":"Point","coordinates":[77.52487,12.9706]},"properties":{"name":"Moodalapalya"}},{"type":"Feature","geometry":{"type":"Point","coordinates":[77.61056,12.92207]},"properties":{"name":"Tavarekere Aladamara"}},{"type":"Feature","geometry":{"type":"Point","coordinates":[77.60885,12.92497]},"properties":{"name":"Tavarekere Mori"}},{"type":"Feature","geometry":{"type":"Point","coordinates":[77.5302,12.97348]},"properties":{"name":"Saraswathi Nagara"}},{"type":"Feature","geometry":{"type":"Point","coordinates":[77.53118,12.97561]},"properties":{"name":"Prashanth Nagara"}},{"type":"Feature","geometry":{"type":"Point","coordinates":[77.60935,12.92888]},"properties":{"name":"Chikka Adugodi"}},{"type":"Feature","geometry":{"type":"Point","coordinates":[77.60986,12.93116]},"properties":{"name":"Sudduguntepalya"}},{"type":"Feature","geometry":{"type":"Point","coordinates":[77.77016,12.76853]},"properties":{"name":"Jn of Anekal Road"}},{"type":"Feature","geometry":{"type":"Point","coordinates":[77.74774,12.75037]},"properties":{"name":"Mayasandra Gate"}},{"type":"Feature","geometry":{"type":"Point","coordinates":[77.74785,12.75049]},"properties":{"name":"Mayasandra Gate"}},{"type":"Feature","geometry":{"type":"Point","coordinates":[77.60947,12.92904]},"properties":{"name":"Chikka Adugodi"}},{"type":"Feature","geometry":{"type":"Point","coordinates":[77.7308,12.73535]},"properties":{"name":"Thattanalli Gate"}},{"type":"Feature","geometry":{"type":"Point","coordinates":[77.60887,12.92502]},"properties":{"name":"Tavarekere Mori"}},{"type":"Feature","geometry":{"type":"Point","coordinates":[77.61054,12.92221]},"properties":{"name":"Tavarekere Aladamara"}},{"type":"Feature","geometry":{"type":"Point","coordinates":[77.72668,12.73084]},"properties":{"name":"Besthamanahalli"}},{"type":"Feature","geometry":{"type":"Point","coordinates":[77.72666,12.73087]},"properties":{"name":"Besthamanahalli"}},{"type":"Feature","geometry":{"type":"Point","coordinates":[77.61294,12.91966]},"properties":{"name":"Gangothri Circle"}},{"type":"Feature","geometry":{"type":"Point","coordinates":[77.72088,12.72449]},"properties":{"name":"Karpura Gate"}},{"type":"Feature","geometry":{"type":"Point","coordinates":[77.68907,12.74601]},"properties":{"name":"Dodda Hagade"}},{"type":"Feature","geometry":{"type":"Point","coordinates":[77.61468,12.92343]},"properties":{"name":"Shridi Sai Bhavan Adugodi"}},{"type":"Feature","geometry":{"type":"Point","coordinates":[77.61518,12.92514]},"properties":{"name":"AR Complex"}},{"type":"Feature","geometry":{"type":"Point","coordinates":[77.70591,12.71445]},"properties":{"name":"Dinnur Sudhamanagara"}},{"type":"Feature","geometry":{"type":"Point","coordinates":[77.53125,12.97564]},"properties":{"name":"Prashanth Nagara"}},{"type":"Feature","geometry":{"type":"Point","coordinates":[77.53037,12.97383]},"properties":{"name":"Saraswathi Nagara"}},{"type":"Feature","geometry":{"type":"Point","coordinates":[77.70035,12.71739]},"properties":{"name":"Anjaneya Temple"}},{"type":"Feature","geometry":{"type":"Point","coordinates":[77.70433,12.72592]},"properties":{"name":"Kavala Hosahalli"}},{"type":"Feature","geometry":{"type":"Point","coordinates":[77.52686,12.97142]},"properties":{"name":"Priyadarshini Layout"}},{"type":"Feature","geometry":{"type":"Point","coordinates":[77.70374,12.72427]},"properties":{"name":"Janatha Colony"}},{"type":"Feature","geometry":{"type":"Point","coordinates":[77.70381,12.72424]},"properties":{"name":"Janatha Colony"}},{"type":"Feature","geometry":{"type":"Point","coordinates":[77.70331,12.78661]},"properties":{"name":"Iggluru"}},{"type":"Feature","geometry":{"type":"Point","coordinates":[77.52485,12.97027]},"properties":{"name":"Moodalapalya"}},{"type":"Feature","geometry":{"type":"Point","coordinates":[77.70631,12.73153]},"properties":{"name":"Chikka Hagade Gate"}},{"type":"Feature","geometry":{"type":"Point","coordinates":[77.6866,12.72977]},"properties":{"name":"Sidi Hoskote"}},{"type":"Feature","geometry":{"type":"Point","coordinates":[77.52378,12.96739]},"properties":{"name":"Kalyananagara"}},{"type":"Feature","geometry":{"type":"Point","coordinates":[77.70784,12.74668]},"properties":{"name":"Avadadenahalli Gate"}},{"type":"Feature","geometry":{"type":"Point","coordinates":[77.52336,12.96518]},"properties":{"name":"Byraveshwara Layout"}},{"type":"Feature","geometry":{"type":"Point","coordinates":[77.70776,12.73576]},"properties":{"name":"Karpura Gate"}},{"type":"Feature","geometry":{"type":"Point","coordinates":[77.70657,12.75208]},"properties":{"name":"Byagadadenahalli Gate"}},{"type":"Feature","geometry":{"type":"Point","coordinates":[77.52182,12.96173]},"properties":{"name":"Maruthi Nagara"}},{"type":"Feature","geometry":{"type":"Point","coordinates":[77.66603,12.95845]},"properties":{"name":"HAL Main Gate"}},{"type":"Feature","geometry":{"type":"Point","coordinates":[77.70366,12.75926]},"properties":{"name":"RK Farm"}},{"type":"Feature","geometry":{"type":"Point","coordinates":[77.51995,12.95968]},"properties":{"name":"Nagarabhavi Circle"}},{"type":"Feature","geometry":{"type":"Point","coordinates":[77.71166,12.80179]},"properties":{"name":"Hale Chandhapura"}},{"type":"Feature","geometry":{"type":"Point","coordinates":[77.52645,12.95838]},"properties":{"name":"Chandra Layout Circle"}},{"type":"Feature","geometry":{"type":"Point","coordinates":[77.70565,12.79079]},"properties":{"name":"Surya Nagara"}},{"type":"Feature","geometry":{"type":"Point","coordinates":[77.70572,12.79077]},"properties":{"name":"Surya Nagara"}},{"type":"Feature","geometry":{"type":"Point","coordinates":[77.70327,12.78675]},"properties":{"name":"Iggluru"}},{"type":"Feature","geometry":{"type":"Point","coordinates":[77.62757,12.96266]},"properties":{"name":"Commando Hospital"}},{"type":"Feature","geometry":{"type":"Point","coordinates":[77.70192,12.77902]},"properties":{"name":"Ramakrishnapura Gate"}},{"type":"Feature","geometry":{"type":"Point","coordinates":[77.70146,12.76953]},"properties":{"name":"Marasur Gate"}},{"type":"Feature","geometry":{"type":"Point","coordinates":[77.70138,12.76995]},"properties":{"name":"Marsuru Gate"}},{"type":"Feature","geometry":{"type":"Point","coordinates":[77.7066,12.75236]},"properties":{"name":"Byagadadenahalli Gate"}},{"type":"Feature","geometry":{"type":"Point","coordinates":[77.52881,12.95832]},"properties":{"name":"Ganapathi Temple Chandra Layout"}},{"type":"Feature","geometry":{"type":"Point","coordinates":[77.5294,12.96057]},"properties":{"name":"Spirit Junction Chandra Layout"}},{"type":"Feature","geometry":{"type":"Point","coordinates":[77.53128,12.96009]},"properties":{"name":"Income Tax Layout"}},{"type":"Feature","geometry":{"type":"Point","coordinates":[77.53403,12.9579]},"properties":{"name":"Attiguppe"}},{"type":"Feature","geometry":{"type":"Point","coordinates":[77.70786,12.73569]},"properties":{"name":"Karpura Gate"}},{"type":"Feature","geometry":{"type":"Point","coordinates":[77.70645,12.73132]},"properties":{"name":"Chikka Hagade Gate"}},{"type":"Feature","geometry":{"type":"Point","coordinates":[77.70364,12.75908]},"properties":{"name":"RK Farm"}},{"type":"Feature","geometry":{"type":"Point","coordinates":[77.70424,12.7259]},"properties":{"name":"Kavala Hosahalli"}},{"type":"Feature","geometry":{"type":"Point","coordinates":[77.70035,12.71733]},"properties":{"name":"Anjaneya Temple"}},{"type":"Feature","geometry":{"type":"Point","coordinates":[77.69515,12.71615]},"properties":{"name":"Shanimahathma Temple"}},{"type":"Feature","geometry":{"type":"Point","coordinates":[77.67078,12.73194]},"properties":{"name":"Indluvadi Cross"}},{"type":"Feature","geometry":{"type":"Point","coordinates":[77.67077,12.73207]},"properties":{"name":"Indluvadi Cross"}},{"type":"Feature","geometry":{"type":"Point","coordinates":[77.669,12.73643]},"properties":{"name":"Suragajakkanahalli"}},{"type":"Feature","geometry":{"type":"Point","coordinates":[77.66035,12.74773]},"properties":{"name":"Kumbaranahalli"}},{"type":"Feature","geometry":{"type":"Point","coordinates":[77.66057,12.7479]},"properties":{"name":"Kumbaranahalli"}},{"type":"Feature","geometry":{"type":"Point","coordinates":[77.65402,12.76444]},"properties":{"name":"Haragadde"}},{"type":"Feature","geometry":{"type":"Point","coordinates":[77.65395,12.76446]},"properties":{"name":"Haragadde"}},{"type":"Feature","geometry":{"type":"Point","coordinates":[77.64804,12.77252]},"properties":{"name":"Madapatna"}},{"type":"Feature","geometry":{"type":"Point","coordinates":[77.6482,12.77251]},"properties":{"name":"Madapatna"}},{"type":"Feature","geometry":{"type":"Point","coordinates":[77.64478,12.77691]},"properties":{"name":"KEB"}},{"type":"Feature","geometry":{"type":"Point","coordinates":[77.64493,12.77697]},"properties":{"name":"KEB"}},{"type":"Feature","geometry":{"type":"Point","coordinates":[77.73938,13.04772]},"properties":{"name":"Cheemasandra"}},{"type":"Feature","geometry":{"type":"Point","coordinates":[77.75046,13.04649]},"properties":{"name":"Budigere Cross"}},{"type":"Feature","geometry":{"type":"Point","coordinates":[77.76706,13.05636]},"properties":{"name":"Hoskote Kodi"}},{"type":"Feature","geometry":{"type":"Point","coordinates":[77.7874,13.07217]},"properties":{"name":"Hoskote KEB Circle"}},{"type":"Feature","geometry":{"type":"Point","coordinates":[77.78072,13.08846]},"properties":{"name":"Kumbalahalli Gate"}},{"type":"Feature","geometry":{"type":"Point","coordinates":[77.77784,13.10204]},"properties":{"name":"Halappanahalli"}},{"type":"Feature","geometry":{"type":"Point","coordinates":[77.77614,13.10692]},"properties":{"name":"Shanknipura Gate"}},{"type":"Feature","geometry":{"type":"Point","coordinates":[77.77423,13.11061]},"properties":{"name":"Lakkondahalli Temple"}},{"type":"Feature","geometry":{"type":"Point","coordinates":[77.77359,13.11448]},"properties":{"name":"Venkapura Gate Lakondalli"}},{"type":"Feature","geometry":{"type":"Point","coordinates":[77.77334,13.11703]},"properties":{"name":"Lakkondahalli Gate"}},{"type":"Feature","geometry":{"type":"Point","coordinates":[77.77331,13.12416]},"properties":{"name":"Thimmasandra Gate"}},{"type":"Feature","geometry":{"type":"Point","coordinates":[77.60294,12.96565]},"properties":{"name":"Richmond Circle"}},{"type":"Feature","geometry":{"type":"Point","coordinates":[77.77376,13.12849]},"properties":{"name":"Sun Valley Public School Thimmsandra"}},{"type":"Feature","geometry":{"type":"Point","coordinates":[77.77494,13.13537]},"properties":{"name":"Hasigaala"}},{"type":"Feature","geometry":{"type":"Point","coordinates":[77.78094,13.14988]},"properties":{"name":"Kammasandra"}},{"type":"Feature","geometry":{"type":"Point","coordinates":[77.79074,13.15784]},"properties":{"name":"Yanagunte"}},{"type":"Feature","geometry":{"type":"Point","coordinates":[77.60159,13.10653]},"properties":{"name":"Kendriya Vihara"}},{"type":"Feature","geometry":{"type":"Point","coordinates":[77.56921,12.9198]},"properties":{"name":"Kaveri Nagara"}},{"type":"Feature","geometry":{"type":"Point","coordinates":[77.79272,13.16289]},"properties":{"name":"Sadhapanalli Gate"}},{"type":"Feature","geometry":{"type":"Point","coordinates":[77.79381,13.1698]},"properties":{"name":"Attiibele Sulibele"}},{"type":"Feature","geometry":{"type":"Point","coordinates":[77.79804,13.18487]},"properties":{"name":"Devanahalli Cross Sulibele"}},{"type":"Feature","geometry":{"type":"Point","coordinates":[77.79794,13.18499]},"properties":{"name":"Devanahalli Cross Sulibele"}},{"type":"Feature","geometry":{"type":"Point","coordinates":[77.6174,13.14527]},"properties":{"name":"Hunasamaranahalli"}},{"type":"Feature","geometry":{"type":"Point","coordinates":[77.56789,12.92739]},"properties":{"name":"Nagalakshmi Kalyana Mantapa"}},{"type":"Feature","geometry":{"type":"Point","coordinates":[77.62013,13.15207]},"properties":{"name":"SMVIT Cross"}},{"type":"Feature","geometry":{"type":"Point","coordinates":[77.62336,13.1571]},"properties":{"name":"Bettahalasuru Cross"}},{"type":"Feature","geometry":{"type":"Point","coordinates":[77.77703,13.19774]},"properties":{"name":"Balepura Gate"}},{"type":"Feature","geometry":{"type":"Point","coordinates":[77.62648,13.16122]},"properties":{"name":"Vidyanagara Cross Chikkajala"}},{"type":"Feature","geometry":{"type":"Point","coordinates":[77.6336,13.1725]},"properties":{"name":"Chikkajala"}},{"type":"Feature","geometry":{"type":"Point","coordinates":[77.56176,12.92718]},"properties":{"name":"KIMS College"}},{"type":"Feature","geometry":{"type":"Point","coordinates":[77.56027,12.92273]},"properties":{"name":"Devegowda Petrol Bunk"}},{"type":"Feature","geometry":{"type":"Point","coordinates":[77.64422,13.1886]},"properties":{"name":"Thabarahalli"}},{"type":"Feature","geometry":{"type":"Point","coordinates":[77.64578,13.19075]},"properties":{"name":"Sadahalli Gate"}},{"type":"Feature","geometry":{"type":"Point","coordinates":[77.56027,12.92141]},"properties":{"name":"Devegowda Petrol Bunk"}},{"type":"Feature","geometry":{"type":"Point","coordinates":[77.76295,13.20728]},"properties":{"name":"Chikkahosahalli Gate"}},{"type":"Feature","geometry":{"type":"Point","coordinates":[77.54575,12.92831]},"properties":{"name":"Janatha Bazaar Banashankari"}},{"type":"Feature","geometry":{"type":"Point","coordinates":[77.65807,13.19919]},"properties":{"name":"Airport Trumpet"}},{"type":"Feature","geometry":{"type":"Point","coordinates":[77.7548,13.21274]},"properties":{"name":"Channahalli Gate"}},{"type":"Feature","geometry":{"type":"Point","coordinates":[77.54529,12.93262]},"properties":{"name":"Hoskerehalli Cross"}},{"type":"Feature","geometry":{"type":"Point","coordinates":[77.75248,13.2195]},"properties":{"name":"Haraluru Gate"}},{"type":"Feature","geometry":{"type":"Point","coordinates":[77.54968,12.93774]},"properties":{"name":"Seetha Circle"}},{"type":"Feature","geometry":{"type":"Point","coordinates":[77.74823,13.22069]},"properties":{"name":"Thellahalli Gate"}},{"type":"Feature","geometry":{"type":"Point","coordinates":[77.55304,12.93856]},"properties":{"name":"Bank Colony"}},{"type":"Feature","geometry":{"type":"Point","coordinates":[77.55414,12.93855]},"properties":{"name":"Srinivasa Nagara Bank Colony"}},{"type":"Feature","geometry":{"type":"Point","coordinates":[77.74081,13.22269]},"properties":{"name":"Air Lines Dhaba Gate"}},{"type":"Feature","geometry":{"type":"Point","coordinates":[77.5559,12.94181]},"properties":{"name":"Apex Bank"}},{"type":"Feature","geometry":{"type":"Point","coordinates":[77.66829,13.20708]},"properties":{"name":"Kannamangala Gate"}},{"type":"Feature","geometry":{"type":"Point","coordinates":[77.55471,12.94426]},"properties":{"name":"SriNagara Bus Station"}},{"type":"Feature","geometry":{"type":"Point","coordinates":[77.73844,13.22434]},"properties":{"name":"Budihal Gate"}},{"type":"Feature","geometry":{"type":"Point","coordinates":[77.73035,13.23102]},"properties":{"name":"Sowthegowdanahalli"}},{"type":"Feature","geometry":{"type":"Point","coordinates":[77.72704,13.23352]},"properties":{"name":"Rayasandra Gate"}},{"type":"Feature","geometry":{"type":"Point","coordinates":[77.67321,13.21223]},"properties":{"name":"Bachahalli Gate"}},{"type":"Feature","geometry":{"type":"Point","coordinates":[77.6823,13.22146]},"properties":{"name":"Palya Gate"}},{"type":"Feature","geometry":{"type":"Point","coordinates":[77.71325,13.24459]},"properties":{"name":"Giriyamma Circle"}},{"type":"Feature","geometry":{"type":"Point","coordinates":[77.56632,12.94735]},"properties":{"name":"Kohinoor Ground"}},{"type":"Feature","geometry":{"type":"Point","coordinates":[77.6699,13.22162]},"properties":{"name":"Kannamangalapalya"}},{"type":"Feature","geometry":{"type":"Point","coordinates":[77.66461,13.23052]},"properties":{"name":"Kempalingapura"}},{"type":"Feature","geometry":{"type":"Point","coordinates":[77.65561,13.23184]},"properties":{"name":"Uganawadi Cross"}},{"type":"Feature","geometry":{"type":"Point","coordinates":[77.65698,13.23901]},"properties":{"name":"Uganawadi"}},{"type":"Feature","geometry":{"type":"Point","coordinates":[77.65628,13.26996]},"properties":{"name":"Solur Gate"}},{"type":"Feature","geometry":{"type":"Point","coordinates":[77.71323,13.24569]},"properties":{"name":"Devanahalli New Bus Station"}},{"type":"Feature","geometry":{"type":"Point","coordinates":[77.64826,13.27214]},"properties":{"name":"Vishwanathapura"}},{"type":"Feature","geometry":{"type":"Point","coordinates":[77.64911,13.27196]},"properties":{"name":"Vishwanathapura"}},{"type":"Feature","geometry":{"type":"Point","coordinates":[77.71303,13.24491]},"properties":{"name":"Giriyamma Circle"}},{"type":"Feature","geometry":{"type":"Point","coordinates":[77.65624,13.26989]},"properties":{"name":"Solur Gate"}},{"type":"Feature","geometry":{"type":"Point","coordinates":[77.64812,13.24693]},"properties":{"name":"Peddanahalli"}},{"type":"Feature","geometry":{"type":"Point","coordinates":[77.6569,13.23921]},"properties":{"name":"Uganawadi"}},{"type":"Feature","geometry":{"type":"Point","coordinates":[77.65609,13.23188]},"properties":{"name":"Uganawadi Cross"}},{"type":"Feature","geometry":{"type":"Point","coordinates":[77.66461,13.23058]},"properties":{"name":"Kempalingapura"}},{"type":"Feature","geometry":{"type":"Point","coordinates":[77.7392,13.19928]},"properties":{"name":"Bettakote"}},{"type":"Feature","geometry":{"type":"Point","coordinates":[77.66999,13.22171]},"properties":{"name":"Kannamangalapalya"}},{"type":"Feature","geometry":{"type":"Point","coordinates":[77.74333,13.18969]},"properties":{"name":"Baladimmanahalli"}},{"type":"Feature","geometry":{"type":"Point","coordinates":[77.68712,13.22649]},"properties":{"name":"Dhaba Gate"}},{"type":"Feature","geometry":{"type":"Point","coordinates":[77.69102,13.23046]},"properties":{"name":"Chikkasanne Gate"}},{"type":"Feature","geometry":{"type":"Point","coordinates":[77.73914,13.19931]},"properties":{"name":"Bettakote"}},{"type":"Feature","geometry":{"type":"Point","coordinates":[77.69953,13.23894]},"properties":{"name":"Hiranandani Villas"}},{"type":"Feature","geometry":{"type":"Point","coordinates":[77.71298,13.23508]},"properties":{"name":"Anjaneya Temple"}},{"type":"Feature","geometry":{"type":"Point","coordinates":[77.71942,13.26784]},"properties":{"name":"Rani Circle"}},{"type":"Feature","geometry":{"type":"Point","coordinates":[77.72277,13.2829]},"properties":{"name":"Sai Baba Temple Attibele"}},{"type":"Feature","geometry":{"type":"Point","coordinates":[77.72548,13.29633]},"properties":{"name":"Avathi"}},{"type":"Feature","geometry":{"type":"Point","coordinates":[77.72301,13.2829]},"properties":{"name":"Sai Baba Temple Attibele"}},{"type":"Feature","geometry":{"type":"Point","coordinates":[77.7198,13.26728]},"properties":{"name":"Rani Circle"}},{"type":"Feature","geometry":{"type":"Point","coordinates":[77.71723,13.25686]},"properties":{"name":"Vijayapura Cross"}},{"type":"Feature","geometry":{"type":"Point","coordinates":[77.71737,13.25681]},"properties":{"name":"Vijayapura Cross"}},{"type":"Feature","geometry":{"type":"Point","coordinates":[77.71545,13.24827]},"properties":{"name":"Devanahalli Old Bus Stand"}},{"type":"Feature","geometry":{"type":"Point","coordinates":[77.71561,13.24826]},"properties":{"name":"Devanahalli Old Bus Stand"}},{"type":"Feature","geometry":{"type":"Point","coordinates":[77.71296,13.24554]},"properties":{"name":"Devanahalli New Bus Station"}},{"type":"Feature","geometry":{"type":"Point","coordinates":[77.70841,13.24341]},"properties":{"name":"Devanahalli Talluk Office"}},{"type":"Feature","geometry":{"type":"Point","coordinates":[77.6938,12.9561]},"properties":{"name":"Marathahalli"}},{"type":"Feature","geometry":{"type":"Point","coordinates":[77.69475,13.23409]},"properties":{"name":"Sanna Amanikere"}},{"type":"Feature","geometry":{"type":"Point","coordinates":[77.69104,13.23025]},"properties":{"name":"Chikka Sanne Gate"}},{"type":"Feature","geometry":{"type":"Point","coordinates":[77.60946,12.96672]},"properties":{"name":"Life Style"}},{"type":"Feature","geometry":{"type":"Point","coordinates":[77.68726,13.22635]},"properties":{"name":"Dhaba Gate"}},{"type":"Feature","geometry":{"type":"Point","coordinates":[77.68246,13.22134]},"properties":{"name":"Palya Gate"}},{"type":"Feature","geometry":{"type":"Point","coordinates":[77.72736,13.23332]},"properties":{"name":"Rayasandra Gate"}},{"type":"Feature","geometry":{"type":"Point","coordinates":[77.73037,13.23108]},"properties":{"name":"Sowthegowdanahalli"}},{"type":"Feature","geometry":{"type":"Point","coordinates":[77.66852,13.20688]},"properties":{"name":"Kannamangala Gate"}},{"type":"Feature","geometry":{"type":"Point","coordinates":[77.73862,13.22428]},"properties":{"name":"Budihal Gate"}},{"type":"Feature","geometry":{"type":"Point","coordinates":[77.65774,13.19875]},"properties":{"name":"Airport Trumpet"}},{"type":"Feature","geometry":{"type":"Point","coordinates":[77.74098,13.22272]},"properties":{"name":"Air Lines Dhaba Gate"}},{"type":"Feature","geometry":{"type":"Point","coordinates":[77.74816,13.22065]},"properties":{"name":"Thellahalli Gate"}},{"type":"Feature","geometry":{"type":"Point","coordinates":[77.64607,13.19054]},"properties":{"name":"Sadahalli Gate"}},{"type":"Feature","geometry":{"type":"Point","coordinates":[77.64434,13.18815]},"properties":{"name":"Thabarahalli"}},{"type":"Feature","geometry":{"type":"Point","coordinates":[77.75241,13.21977]},"properties":{"name":"Haraluru Gate"}},{"type":"Feature","geometry":{"type":"Point","coordinates":[77.63318,13.17281]},"properties":{"name":"Chikkajala"}},{"type":"Feature","geometry":{"type":"Point","coordinates":[77.75494,13.21277]},"properties":{"name":"Channahalli Gate"}},{"type":"Feature","geometry":{"type":"Point","coordinates":[77.63114,13.16834]},"properties":{"name":"Kadugenahalli Gate"}},{"type":"Feature","geometry":{"type":"Point","coordinates":[77.76301,13.20732]},"properties":{"name":"Chikkahosahalli Gate"}},{"type":"Feature","geometry":{"type":"Point","coordinates":[77.62724,13.16098]},"properties":{"name":"Vidyanagara Cross Chikkajala"}},{"type":"Feature","geometry":{"type":"Point","coordinates":[77.62355,13.15659]},"properties":{"name":"Bettahalasuru Cross"}},{"type":"Feature","geometry":{"type":"Point","coordinates":[77.77151,13.20226]},"properties":{"name":"Nallur Cross"}},{"type":"Feature","geometry":{"type":"Point","coordinates":[77.62058,13.15192]},"properties":{"name":"SMVIT Cross"}},{"type":"Feature","geometry":{"type":"Point","coordinates":[77.6176,13.13749]},"properties":{"name":"Bharathi Nagara"}},{"type":"Feature","geometry":{"type":"Point","coordinates":[77.79792,13.18474]},"properties":{"name":"Devanahalli Cross Sulibele"}},{"type":"Feature","geometry":{"type":"Point","coordinates":[77.61135,13.12186]},"properties":{"name":"Bagalur Cross"}},{"type":"Feature","geometry":{"type":"Point","coordinates":[77.7939,13.16984]},"properties":{"name":"Attibele Sulibele"}},{"type":"Feature","geometry":{"type":"Point","coordinates":[77.79281,13.16299]},"properties":{"name":"Sadhapanalli Gate"}},{"type":"Feature","geometry":{"type":"Point","coordinates":[77.79068,13.15763]},"properties":{"name":"Yanagunte"}},{"type":"Feature","geometry":{"type":"Point","coordinates":[77.78109,13.1499]},"properties":{"name":"Kammasandra"}},{"type":"Feature","geometry":{"type":"Point","coordinates":[77.77506,13.13533]},"properties":{"name":"Hasigaala"}},{"type":"Feature","geometry":{"type":"Point","coordinates":[77.77384,13.12838]},"properties":{"name":"Sun Valley Public School Thimmsandra"}},{"type":"Feature","geometry":{"type":"Point","coordinates":[77.77332,13.12416]},"properties":{"name":"Thimmasandra Gate"}},{"type":"Feature","geometry":{"type":"Point","coordinates":[77.77342,13.11715]},"properties":{"name":"Lakkondahalli Gate"}},{"type":"Feature","geometry":{"type":"Point","coordinates":[77.77364,13.11458]},"properties":{"name":"Venkatapura Gate Lakkondahalli"}},{"type":"Feature","geometry":{"type":"Point","coordinates":[77.77426,13.11068]},"properties":{"name":"Lakkondahalli Temple"}},{"type":"Feature","geometry":{"type":"Point","coordinates":[77.77614,13.10694]},"properties":{"name":"Shanknipura Gate"}},{"type":"Feature","geometry":{"type":"Point","coordinates":[77.77786,13.10215]},"properties":{"name":"Halappanahalli"}},{"type":"Feature","geometry":{"type":"Point","coordinates":[77.78076,13.08853]},"properties":{"name":"Kumbalahalli Gate"}},{"type":"Feature","geometry":{"type":"Point","coordinates":[77.76199,13.05317]},"properties":{"name":"Katamanallur Gate"}},{"type":"Feature","geometry":{"type":"Point","coordinates":[77.75026,13.04586]},"properties":{"name":"Budigere Cross"}},{"type":"Feature","geometry":{"type":"Point","coordinates":[77.5699,12.92619]},"properties":{"name":"Banashankari Post Office"}},{"type":"Feature","geometry":{"type":"Point","coordinates":[77.57304,12.91669]},"properties":{"name":"Banashankari Bus Station"}},{"type":"Feature","geometry":{"type":"Point","coordinates":[77.55294,12.94193]},"properties":{"name":"Nagendra Block"}},{"type":"Feature","geometry":{"type":"Point","coordinates":[77.5506,12.94205]},"properties":{"name":"Banashankari 1st Stage Muneshwara Block KEB"}},{"type":"Feature","geometry":{"type":"Point","coordinates":[77.54501,12.94072]},"properties":{"name":"Girinagara 2nd Stage"}},{"type":"Feature","geometry":{"type":"Point","coordinates":[77.54858,12.94227]},"properties":{"name":"Muneshwara Block"}},{"type":"Feature","geometry":{"type":"Point","coordinates":[77.54335,12.94839]},"properties":{"name":"Timber Yard Layout"}},{"type":"Feature","geometry":{"type":"Point","coordinates":[77.69998,13.0216]},"properties":{"name":"TC Palya"}},{"type":"Feature","geometry":{"type":"Point","coordinates":[77.68354,13.02068]},"properties":{"name":"Akshayanagara"}},{"type":"Feature","geometry":{"type":"Point","coordinates":[77.6788,13.02128]},"properties":{"name":"Kalkere Cross"}},{"type":"Feature","geometry":{"type":"Point","coordinates":[77.55777,12.93346]},"properties":{"name":"ITI Layout"}},{"type":"Feature","geometry":{"type":"Point","coordinates":[77.67462,13.03355]},"properties":{"name":"Kalkere"}},{"type":"Feature","geometry":{"type":"Point","coordinates":[77.67742,13.03898]},"properties":{"name":"Pooja Garden"}},{"type":"Feature","geometry":{"type":"Point","coordinates":[77.55649,12.92832]},"properties":{"name":"Channammanakere Achukattu"}},{"type":"Feature","geometry":{"type":"Point","coordinates":[77.67947,13.04016]},"properties":{"name":"K Channasandra"}},{"type":"Feature","geometry":{"type":"Point","coordinates":[77.6911,13.0517]},"properties":{"name":"Rampura"}},{"type":"Feature","geometry":{"type":"Point","coordinates":[77.56747,12.9518]},"properties":{"name":"Bengaluru High School"}},{"type":"Feature","geometry":{"type":"Point","coordinates":[77.57302,12.95724]},"properties":{"name":"Makkala Koota"}},{"type":"Feature","geometry":{"type":"Point","coordinates":[77.71509,13.05691]},"properties":{"name":"Bidrahalli Cross"}},{"type":"Feature","geometry":{"type":"Point","coordinates":[77.71619,13.06024]},"properties":{"name":"Bidrahalli"}},{"type":"Feature","geometry":{"type":"Point","coordinates":[77.56774,12.94945]},"properties":{"name":"Ramakrishna Ashrama"}},{"type":"Feature","geometry":{"type":"Point","coordinates":[77.72,13.05014]},"properties":{"name":"East Point College"}},{"type":"Feature","geometry":{"type":"Point","coordinates":[77.5739,12.95778]},"properties":{"name":"Makkala Koota"}},{"type":"Feature","geometry":{"type":"Point","coordinates":[77.72254,13.04583]},"properties":{"name":"Hiranandani"}},{"type":"Feature","geometry":{"type":"Point","coordinates":[77.71063,13.03738]},"properties":{"name":"Kittaganuru"}},{"type":"Feature","geometry":{"type":"Point","coordinates":[77.69297,13.0372]},"properties":{"name":"Maragondanahalli"}},{"type":"Feature","geometry":{"type":"Point","coordinates":[77.72929,13.0397]},"properties":{"name":"Srirama Layout Avalahalli Road"}},{"type":"Feature","geometry":{"type":"Point","coordinates":[77.72281,13.04568]},"properties":{"name":"Hiranandani"}},{"type":"Feature","geometry":{"type":"Point","coordinates":[77.72001,13.04983]},"properties":{"name":"East Point College"}},{"type":"Feature","geometry":{"type":"Point","coordinates":[77.71617,13.06005]},"properties":{"name":"Bidrahalli"}},{"type":"Feature","geometry":{"type":"Point","coordinates":[77.71696,13.06539]},"properties":{"name":"Dodda Mori"}},{"type":"Feature","geometry":{"type":"Point","coordinates":[77.7208,13.07164]},"properties":{"name":"Bayyapannahalli"}},{"type":"Feature","geometry":{"type":"Point","coordinates":[77.71806,13.07509]},"properties":{"name":"Amogha Layout"}},{"type":"Feature","geometry":{"type":"Point","coordinates":[77.71636,13.07856]},"properties":{"name":"Kammasandra"}},{"type":"Feature","geometry":{"type":"Point","coordinates":[77.69182,13.07854]},"properties":{"name":"Kada Agrahara"}},{"type":"Feature","geometry":{"type":"Point","coordinates":[77.68714,13.08523]},"properties":{"name":"Yarappanahalli"}},{"type":"Feature","geometry":{"type":"Point","coordinates":[77.61435,12.95771]},"properties":{"name":"Neelasandra Bus Stand"}},{"type":"Feature","geometry":{"type":"Point","coordinates":[77.71498,13.09976]},"properties":{"name":"Marasandra"}},{"type":"Feature","geometry":{"type":"Point","coordinates":[77.6103,12.96472]},"properties":{"name":"Philomenas Hospital"}},{"type":"Feature","geometry":{"type":"Point","coordinates":[77.68716,13.08535]},"properties":{"name":"Yarappanahalli"}},{"type":"Feature","geometry":{"type":"Point","coordinates":[77.60969,12.96553]},"properties":{"name":"Philomenas Hospital"}},{"type":"Feature","geometry":{"type":"Point","coordinates":[77.6827,13.08097]},"properties":{"name":"Bandebommasandra Cross"}},{"type":"Feature","geometry":{"type":"Point","coordinates":[77.6809,13.07672]},"properties":{"name":"Bande Bommasandra"}},{"type":"Feature","geometry":{"type":"Point","coordinates":[77.61166,12.96318]},"properties":{"name":"Ashoka Nagara"}},{"type":"Feature","geometry":{"type":"Point","coordinates":[77.67885,13.07306]},"properties":{"name":"Anagalipura Gate"}},{"type":"Feature","geometry":{"type":"Point","coordinates":[77.67401,13.07093]},"properties":{"name":"Dodda Gubbi"}},{"type":"Feature","geometry":{"type":"Point","coordinates":[77.61248,12.96143]},"properties":{"name":"Austin Town Neelasandra"}},{"type":"Feature","geometry":{"type":"Point","coordinates":[77.67376,13.07103]},"properties":{"name":"Dodda Gubbi"}},{"type":"Feature","geometry":{"type":"Point","coordinates":[77.61474,12.95731]},"properties":{"name":"Neelasandra BDA Complex"}},{"type":"Feature","geometry":{"type":"Point","coordinates":[77.68072,13.07664]},"properties":{"name":"Bande Bommasandra"}},{"type":"Feature","geometry":{"type":"Point","coordinates":[77.61749,12.95373]},"properties":{"name":"Neelasandra Rose Garden"}},{"type":"Feature","geometry":{"type":"Point","coordinates":[77.68291,13.08093]},"properties":{"name":"Bandebommasandra Cross"}},{"type":"Feature","geometry":{"type":"Point","coordinates":[77.6917,13.07861]},"properties":{"name":"Kada Agrahara"}},{"type":"Feature","geometry":{"type":"Point","coordinates":[77.61457,12.9577]},"properties":{"name":"Neelasandra Bus Stand"}},{"type":"Feature","geometry":{"type":"Point","coordinates":[77.71508,13.08676]},"properties":{"name":"Gundur"}},{"type":"Feature","geometry":{"type":"Point","coordinates":[77.61478,12.95723]},"properties":{"name":"Neelasandra BDA Complex"}},{"type":"Feature","geometry":{"type":"Point","coordinates":[77.71644,13.07862]},"properties":{"name":"Kammasandra"}},{"type":"Feature","geometry":{"type":"Point","coordinates":[77.71818,13.07507]},"properties":{"name":"Amogha Layout"}},{"type":"Feature","geometry":{"type":"Point","coordinates":[77.7208,13.07152]},"properties":{"name":"Bayyapannahalli"}},{"type":"Feature","geometry":{"type":"Point","coordinates":[77.71704,13.06538]},"properties":{"name":"Dodda Mori"}},{"type":"Feature","geometry":{"type":"Point","coordinates":[77.71503,13.05687]},"properties":{"name":"Bidrahalli Cross"}},{"type":"Feature","geometry":{"type":"Point","coordinates":[77.69119,13.05158]},"properties":{"name":"Rampura"}},{"type":"Feature","geometry":{"type":"Point","coordinates":[77.67967,13.04009]},"properties":{"name":"K Channasandra"}},{"type":"Feature","geometry":{"type":"Point","coordinates":[77.6123,12.95409]},"properties":{"name":"Neelasandra Masjid Street"}},{"type":"Feature","geometry":{"type":"Point","coordinates":[77.67756,13.03889]},"properties":{"name":"Pooja Garden"}},{"type":"Feature","geometry":{"type":"Point","coordinates":[77.61208,12.95412]},"properties":{"name":"Neelasandra Masjid Street"}},{"type":"Feature","geometry":{"type":"Point","coordinates":[77.67484,13.03347]},"properties":{"name":"Kalkere"}},{"type":"Feature","geometry":{"type":"Point","coordinates":[77.6124,12.96139]},"properties":{"name":"Austin Town Neelasandra"}},{"type":"Feature","geometry":{"type":"Point","coordinates":[77.61336,12.96162]},"properties":{"name":"Austin Town"}},{"type":"Feature","geometry":{"type":"Point","coordinates":[77.61908,12.96239]},"properties":{"name":"ASC Centre"}},{"type":"Feature","geometry":{"type":"Point","coordinates":[77.67885,13.0212]},"properties":{"name":"Kalkere Cross"}},{"type":"Feature","geometry":{"type":"Point","coordinates":[77.62115,12.95647]},"properties":{"name":"Vannarapet"}},{"type":"Feature","geometry":{"type":"Point","coordinates":[77.68339,13.02072]},"properties":{"name":"Akshayanagara"}},{"type":"Feature","geometry":{"type":"Point","coordinates":[77.62287,12.95446]},"properties":{"name":"Vivek Nagara"}},{"type":"Feature","geometry":{"type":"Point","coordinates":[77.622,12.9514]},"properties":{"name":"Vivek Nagara Police Station Ravi Tent"}},{"type":"Feature","geometry":{"type":"Point","coordinates":[77.62885,12.94673]},"properties":{"name":"Ejipura"}},{"type":"Feature","geometry":{"type":"Point","coordinates":[77.69986,13.02161]},"properties":{"name":"TC Palya"}},{"type":"Feature","geometry":{"type":"Point","coordinates":[77.62872,12.94673]},"properties":{"name":"Ejipura"}},{"type":"Feature","geometry":{"type":"Point","coordinates":[77.62205,12.95147]},"properties":{"name":"Vivek Nagara Police Station Ravi Tent"}},{"type":"Feature","geometry":{"type":"Point","coordinates":[77.62298,12.95415]},"properties":{"name":"Vivek Nagara"}},{"type":"Feature","geometry":{"type":"Point","coordinates":[77.62102,12.95663]},"properties":{"name":"Vannarapet"}},{"type":"Feature","geometry":{"type":"Point","coordinates":[77.61906,12.96197]},"properties":{"name":"ASC Centre"}},{"type":"Feature","geometry":{"type":"Point","coordinates":[77.64344,12.99149]},"properties":{"name":"Bayyappanahalli Gate"}},{"type":"Feature","geometry":{"type":"Point","coordinates":[77.64257,12.98505]},"properties":{"name":"Bayyapannahalli Cross"}},{"type":"Feature","geometry":{"type":"Point","coordinates":[77.64246,12.98519]},"properties":{"name":"Bayyapannahalli Cross"}},{"type":"Feature","geometry":{"type":"Point","coordinates":[77.64338,12.99153]},"properties":{"name":"Bayyappanahalli Gate"}},{"type":"Feature","geometry":{"type":"Point","coordinates":[77.63174,12.99383]},"properties":{"name":"Jeevanahalli Graveyard"}},{"type":"Feature","geometry":{"type":"Point","coordinates":[77.63176,12.99378]},"properties":{"name":"Jeevanahalli Graveyard"}},{"type":"Feature","geometry":{"type":"Point","coordinates":[77.62809,12.99498]},"properties":{"name":"Jeevanahalli"}},{"type":"Feature","geometry":{"type":"Point","coordinates":[77.62849,12.99503]},"properties":{"name":"Jeevanahalli"}},{"type":"Feature","geometry":{"type":"Point","coordinates":[77.62909,12.99434]},"properties":{"name":"Jeevanahalli Cross"}},{"type":"Feature","geometry":{"type":"Point","coordinates":[77.62893,12.99424]},"properties":{"name":"Jeevanahalli Cross"}},{"type":"Feature","geometry":{"type":"Point","coordinates":[77.62666,12.99382]},"properties":{"name":"Jeevanahalli Water Tank"}},{"type":"Feature","geometry":{"type":"Point","coordinates":[77.62348,12.99543]},"properties":{"name":"Pankaj Dairy"}},{"type":"Feature","geometry":{"type":"Point","coordinates":[77.62153,12.99629]},"properties":{"name":"Cox Town"}},{"type":"Feature","geometry":{"type":"Point","coordinates":[77.61664,12.99556]},"properties":{"name":"Sindhi Colony"}},{"type":"Feature","geometry":{"type":"Point","coordinates":[77.61174,12.98551]},"properties":{"name":"Naga Talkies"}},{"type":"Feature","geometry":{"type":"Point","coordinates":[77.61746,12.9885]},"properties":{"name":"Lake Side Hospital"}},{"type":"Feature","geometry":{"type":"Point","coordinates":[77.61595,12.9827]},"properties":{"name":"RBANMS PU College"}},{"type":"Feature","geometry":{"type":"Point","coordinates":[77.60702,12.97755]},"properties":{"name":"Maniksha Parade Ground"}},{"type":"Feature","geometry":{"type":"Point","coordinates":[77.60803,12.97747]},"properties":{"name":"Maniksha Parade Ground"}},{"type":"Feature","geometry":{"type":"Point","coordinates":[77.6096,12.97993]},"properties":{"name":"Commercial Street"}},{"type":"Feature","geometry":{"type":"Point","coordinates":[77.61074,12.98087]},"properties":{"name":"Dickenson Road"}},{"type":"Feature","geometry":{"type":"Point","coordinates":[77.61165,12.98424]},"properties":{"name":"Kamaraja Road"}},{"type":"Feature","geometry":{"type":"Point","coordinates":[77.61423,12.99115]},"properties":{"name":"Thomas Bakery"}},{"type":"Feature","geometry":{"type":"Point","coordinates":[77.61223,12.99649]},"properties":{"name":"Coles Road"}},{"type":"Feature","geometry":{"type":"Point","coordinates":[77.61002,12.99438]},"properties":{"name":"Coles Park"}},{"type":"Feature","geometry":{"type":"Point","coordinates":[77.60989,12.99347]},"properties":{"name":"Coles Park"}},{"type":"Feature","geometry":{"type":"Point","coordinates":[77.61236,12.99633]},"properties":{"name":"Coles Road"}},{"type":"Feature","geometry":{"type":"Point","coordinates":[77.61632,12.99549]},"properties":{"name":"Sindhi Colony"}},{"type":"Feature","geometry":{"type":"Point","coordinates":[77.62157,12.99648]},"properties":{"name":"Cox Town"}},{"type":"Feature","geometry":{"type":"Point","coordinates":[77.62385,12.99591]},"properties":{"name":"Pankaj Dairy"}},{"type":"Feature","geometry":{"type":"Point","coordinates":[77.62694,12.99456]},"properties":{"name":"Jeevanahalli Water Tank"}},{"type":"Feature","geometry":{"type":"Point","coordinates":[77.57882,13.11497]},"properties":{"name":"Ananthapura Gate"}},{"type":"Feature","geometry":{"type":"Point","coordinates":[77.57507,13.12354]},"properties":{"name":"CRPF"}},{"type":"Feature","geometry":{"type":"Point","coordinates":[77.5713,13.12996]},"properties":{"name":"Nagenahalli Gate"}},{"type":"Feature","geometry":{"type":"Point","coordinates":[77.56908,13.13528]},"properties":{"name":"Avalahalli"}},{"type":"Feature","geometry":{"type":"Point","coordinates":[77.56978,13.14757]},"properties":{"name":"Singanayakanahalli Gate"}},{"type":"Feature","geometry":{"type":"Point","coordinates":[77.56662,13.15979]},"properties":{"name":"Honnenahalli"}},{"type":"Feature","geometry":{"type":"Point","coordinates":[77.56295,13.1951]},"properties":{"name":"Sri Ramanahalli"}},{"type":"Feature","geometry":{"type":"Point","coordinates":[77.55892,13.20446]},"properties":{"name":"Suradenapura Gate"}},{"type":"Feature","geometry":{"type":"Point","coordinates":[77.5554,12.95055]},"properties":{"name":"Brundavana Nagara"}},{"type":"Feature","geometry":{"type":"Point","coordinates":[77.54961,13.22285]},"properties":{"name":"Marasandra Circle"}},{"type":"Feature","geometry":{"type":"Point","coordinates":[77.55949,12.96019]},"properties":{"name":"Sirsi Circle"}},{"type":"Feature","geometry":{"type":"Point","coordinates":[77.5617,12.96467]},"properties":{"name":"Binnypet"}},{"type":"Feature","geometry":{"type":"Point","coordinates":[77.56621,12.97057]},"properties":{"name":"Binny Mill"}},{"type":"Feature","geometry":{"type":"Point","coordinates":[77.55016,13.23076]},"properties":{"name":"Marasandra Govt School"}},{"type":"Feature","geometry":{"type":"Point","coordinates":[77.55009,13.23093]},"properties":{"name":"Marasandra Govt School"}},{"type":"Feature","geometry":{"type":"Point","coordinates":[77.56244,12.97564]},"properties":{"name":"1st Cross Magadi Road"}},{"type":"Feature","geometry":{"type":"Point","coordinates":[77.56078,12.97585]},"properties":{"name":"5th Cross Magadi Road"}},{"type":"Feature","geometry":{"type":"Point","coordinates":[77.55274,13.25809]},"properties":{"name":"Bank Circle"}},{"type":"Feature","geometry":{"type":"Point","coordinates":[77.55252,13.2615]},"properties":{"name":"Bashettihalli"}},{"type":"Feature","geometry":{"type":"Point","coordinates":[77.55281,12.99859]},"properties":{"name":"Navarang Theatre"}},{"type":"Feature","geometry":{"type":"Point","coordinates":[77.55198,13.27261]},"properties":{"name":"Aparel Park"}},{"type":"Feature","geometry":{"type":"Point","coordinates":[77.55161,13.28007]},"properties":{"name":"Railway Station Doddaballapura"}},{"type":"Feature","geometry":{"type":"Point","coordinates":[77.55358,13.0184]},"properties":{"name":"Govardhan Talkies"}},{"type":"Feature","geometry":{"type":"Point","coordinates":[77.54387,13.28753]},"properties":{"name":"Rangappa Circle"}},{"type":"Feature","geometry":{"type":"Point","coordinates":[77.55043,13.00088]},"properties":{"name":"Canara Bank Rajajinagara 1st Block"}},{"type":"Feature","geometry":{"type":"Point","coordinates":[77.51822,13.03958]},"properties":{"name":"Jalahalli Cross"}},{"type":"Feature","geometry":{"type":"Point","coordinates":[77.52707,13.03518]},"properties":{"name":"Peenya 1st Stage"}},{"type":"Feature","geometry":{"type":"Point","coordinates":[77.55,13.00381]},"properties":{"name":"1st Block Rajajinagara Diacon Hospital"}},{"type":"Feature","geometry":{"type":"Point","coordinates":[77.54229,13.2934]},"properties":{"name":"Doddaballapura Old Bus Stand"}},{"type":"Feature","geometry":{"type":"Point","coordinates":[77.54398,13.28742]},"properties":{"name":"Rangappa Circle"}},{"type":"Feature","geometry":{"type":"Point","coordinates":[77.55142,12.99606]},"properties":{"name":"2nd Block Rajajinagara"}},{"type":"Feature","geometry":{"type":"Point","coordinates":[77.55175,13.2799]},"properties":{"name":"Railway Station Doddaballapura"}},{"type":"Feature","geometry":{"type":"Point","coordinates":[77.55261,12.99057]},"properties":{"name":"ESI Hospital Rajajinagara"}},{"type":"Feature","geometry":{"type":"Point","coordinates":[77.55247,12.99046]},"properties":{"name":"ESI Hospital Rajajinagara"}},{"type":"Feature","geometry":{"type":"Point","coordinates":[77.55204,13.27231]},"properties":{"name":"Aparel Park"}},{"type":"Feature","geometry":{"type":"Point","coordinates":[77.55636,12.98623]},"properties":{"name":"Rama Mandira Rajajinagara"}},{"type":"Feature","geometry":{"type":"Point","coordinates":[77.55265,13.26176]},"properties":{"name":"Bashettihalli"}},{"type":"Feature","geometry":{"type":"Point","coordinates":[77.55267,13.25801]},"properties":{"name":"Bank Circle"}},{"type":"Feature","geometry":{"type":"Point","coordinates":[77.4821,12.98503]},"properties":{"name":"Byadarahalli"}},{"type":"Feature","geometry":{"type":"Point","coordinates":[77.56198,12.98246]},"properties":{"name":"Sujatha Talkies"}},{"type":"Feature","geometry":{"type":"Point","coordinates":[77.60456,13.11139]},"properties":{"name":"Venkatala"}},{"type":"Feature","geometry":{"type":"Point","coordinates":[77.55243,13.24603]},"properties":{"name":"Jinke Bachahalli Gate"}},{"type":"Feature","geometry":{"type":"Point","coordinates":[77.61061,13.12198]},"properties":{"name":"Bagalur Cross"}},{"type":"Feature","geometry":{"type":"Point","coordinates":[77.47957,12.9855]},"properties":{"name":"College Cross"}},{"type":"Feature","geometry":{"type":"Point","coordinates":[77.61816,13.12135]},"properties":{"name":"Dwaraka Nagara"}},{"type":"Feature","geometry":{"type":"Point","coordinates":[77.55961,12.96109]},"properties":{"name":"Mysore Circle"}},{"type":"Feature","geometry":{"type":"Point","coordinates":[77.55253,13.2459]},"properties":{"name":"Jinke Bachahalli Gate"}},{"type":"Feature","geometry":{"type":"Point","coordinates":[77.62558,13.12187]},"properties":{"name":"Kattigenahalli Cross"}},{"type":"Feature","geometry":{"type":"Point","coordinates":[77.47957,12.98566]},"properties":{"name":"College Cross"}},{"type":"Feature","geometry":{"type":"Point","coordinates":[77.54972,13.22274]},"properties":{"name":"Marasandra Circle"}},{"type":"Feature","geometry":{"type":"Point","coordinates":[77.55554,12.95061]},"properties":{"name":"Brundavana Nagara"}},{"type":"Feature","geometry":{"type":"Point","coordinates":[77.64511,13.12603]},"properties":{"name":"Srinivasapura Cross"}},{"type":"Feature","geometry":{"type":"Point","coordinates":[77.64649,13.1279]},"properties":{"name":"Sathanur Colony"}},{"type":"Feature","geometry":{"type":"Point","coordinates":[77.66809,13.13453]},"properties":{"name":"Bagalur"}},{"type":"Feature","geometry":{"type":"Point","coordinates":[77.668,13.13455]},"properties":{"name":"Bagalur"}},{"type":"Feature","geometry":{"type":"Point","coordinates":[77.6667,13.13333]},"properties":{"name":"Bagalur Santhe"}},{"type":"Feature","geometry":{"type":"Point","coordinates":[77.64752,13.1318]},"properties":{"name":"Sathanur"}},{"type":"Feature","geometry":{"type":"Point","coordinates":[77.64743,13.13191]},"properties":{"name":"Sathanur"}},{"type":"Feature","geometry":{"type":"Point","coordinates":[77.64662,13.12786]},"properties":{"name":"Sathanur Colony"}},{"type":"Feature","geometry":{"type":"Point","coordinates":[77.55907,13.2044]},"properties":{"name":"Suradenapura Gate"}},{"type":"Feature","geometry":{"type":"Point","coordinates":[77.64506,13.12577]},"properties":{"name":"Srinivasapura Cross"}},{"type":"Feature","geometry":{"type":"Point","coordinates":[77.5629,13.19516]},"properties":{"name":"Sri Ramanahalli"}},{"type":"Feature","geometry":{"type":"Point","coordinates":[77.62576,13.12176]},"properties":{"name":"Kattigehalli Cross"}},{"type":"Feature","geometry":{"type":"Point","coordinates":[77.61804,13.12122]},"properties":{"name":"Dwaraka Nagara"}},{"type":"Feature","geometry":{"type":"Point","coordinates":[77.61086,13.1214]},"properties":{"name":"Bagalur Cross"}},{"type":"Feature","geometry":{"type":"Point","coordinates":[77.61503,13.13108]},"properties":{"name":"IAF Indian Air Force"}},{"type":"Feature","geometry":{"type":"Point","coordinates":[77.5666,13.15971]},"properties":{"name":"Honnenahalli"}},{"type":"Feature","geometry":{"type":"Point","coordinates":[77.61768,13.14418]},"properties":{"name":"Hunasamaranahalli"}},{"type":"Feature","geometry":{"type":"Point","coordinates":[77.48202,12.98518]},"properties":{"name":"Byadarahalli"}},{"type":"Feature","geometry":{"type":"Point","coordinates":[77.5692,13.13521]},"properties":{"name":"Avalahalli"}},{"type":"Feature","geometry":{"type":"Point","coordinates":[77.57146,13.12997]},"properties":{"name":"Nagenahalli Gate"}},{"type":"Feature","geometry":{"type":"Point","coordinates":[77.58014,12.94441]},"properties":{"name":"RV Teachers College"}},{"type":"Feature","geometry":{"type":"Point","coordinates":[77.5755,13.12304]},"properties":{"name":"CRPF"}},{"type":"Feature","geometry":{"type":"Point","coordinates":[77.58542,12.94312]},"properties":{"name":"Ashoka Pillar"}},{"type":"Feature","geometry":{"type":"Point","coordinates":[77.57903,13.11486]},"properties":{"name":"Ananthapura Gate"}},{"type":"Feature","geometry":{"type":"Point","coordinates":[77.47497,12.96261]},"properties":{"name":"Ullalu Satelite Town"}},{"type":"Feature","geometry":{"type":"Point","coordinates":[77.58511,12.93766]},"properties":{"name":"Rani Saraladevi High School"}},{"type":"Feature","geometry":{"type":"Point","coordinates":[77.6428,13.14327]},"properties":{"name":"Hosahalli Kodagalahatti"}},{"type":"Feature","geometry":{"type":"Point","coordinates":[77.58128,12.9368]},"properties":{"name":"South End Circle"}},{"type":"Feature","geometry":{"type":"Point","coordinates":[77.64123,13.14038]},"properties":{"name":"Aralimara Hosahalli"}},{"type":"Feature","geometry":{"type":"Point","coordinates":[77.64128,13.14038]},"properties":{"name":"Aralimara Hosahalli"}},{"type":"Feature","geometry":{"type":"Point","coordinates":[77.62907,13.14312]},"properties":{"name":"Kodagalahatti"}},{"type":"Feature","geometry":{"type":"Point","coordinates":[77.6291,13.14309]},"properties":{"name":"Kodagalahatti"}},{"type":"Feature","geometry":{"type":"Point","coordinates":[77.48016,12.9559]},"properties":{"name":"Ullalu Village"}},{"type":"Feature","geometry":{"type":"Point","coordinates":[77.48009,12.95567]},"properties":{"name":"Ullalu"}},{"type":"Feature","geometry":{"type":"Point","coordinates":[77.6178,13.14431]},"properties":{"name":"Hunasamaranahalli"}},{"type":"Feature","geometry":{"type":"Point","coordinates":[77.48418,12.95268]},"properties":{"name":"Manganahalli Cross"}},{"type":"Feature","geometry":{"type":"Point","coordinates":[77.48404,12.9527]},"properties":{"name":"Manganahalli Cross"}},{"type":"Feature","geometry":{"type":"Point","coordinates":[77.57808,12.93087]},"properties":{"name":"6th Block Jayanagara"}},{"type":"Feature","geometry":{"type":"Point","coordinates":[77.48633,12.95115]},"properties":{"name":"Vidyaniketan Public School"}},{"type":"Feature","geometry":{"type":"Point","coordinates":[77.48612,12.95119]},"properties":{"name":"Vidyaniketan Public School"}},{"type":"Feature","geometry":{"type":"Point","coordinates":[77.57239,12.93966]},"properties":{"name":"Netkallappa Circle"}},{"type":"Feature","geometry":{"type":"Point","coordinates":[77.56772,13.1145]},"properties":{"name":"Ananthapura"}},{"type":"Feature","geometry":{"type":"Point","coordinates":[77.49177,12.95091]},"properties":{"name":"Press Layout"}},{"type":"Feature","geometry":{"type":"Point","coordinates":[77.49124,12.95034]},"properties":{"name":"Press Layout"}},{"type":"Feature","geometry":{"type":"Point","coordinates":[77.49416,12.95131]},"properties":{"name":"Muneshwara Layout"}},{"type":"Feature","geometry":{"type":"Point","coordinates":[77.49441,12.95124]},"properties":{"name":"Muneshwara Layout"}},{"type":"Feature","geometry":{"type":"Point","coordinates":[77.55858,13.11936]},"properties":{"name":"Ramagondanahalli"}},{"type":"Feature","geometry":{"type":"Point","coordinates":[77.55861,13.11936]},"properties":{"name":"Ramagondanahalli"}},{"type":"Feature","geometry":{"type":"Point","coordinates":[77.49853,12.95211]},"properties":{"name":"Bangalore University Quarters"}},{"type":"Feature","geometry":{"type":"Point","coordinates":[77.62261,13.15676]},"properties":{"name":"Bettahalasuru Cross"}},{"type":"Feature","geometry":{"type":"Point","coordinates":[77.49838,12.95204]},"properties":{"name":"Bangalore University Quarters"}},{"type":"Feature","geometry":{"type":"Point","coordinates":[77.56523,12.90947]},"properties":{"name":"Dayananda Sagar College"}},{"type":"Feature","geometry":{"type":"Point","coordinates":[77.54725,13.12471]},"properties":{"name":"Amritha Ayurvedic Hospital"}},{"type":"Feature","geometry":{"type":"Point","coordinates":[77.49975,12.95176]},"properties":{"name":"Bengaluru University Quarters"}},{"type":"Feature","geometry":{"type":"Point","coordinates":[77.54721,13.12485]},"properties":{"name":"Amritha Ayurvedic Hospital"}},{"type":"Feature","geometry":{"type":"Point","coordinates":[77.61141,13.15924]},"properties":{"name":"Bettahalasuru Hospital"}},{"type":"Feature","geometry":{"type":"Point","coordinates":[77.5617,12.90293]},"properties":{"name":"Kumaraswamy Layout"}},{"type":"Feature","geometry":{"type":"Point","coordinates":[77.56133,13.11722]},"properties":{"name":"Nagarajuna College Ananthapura"}},{"type":"Feature","geometry":{"type":"Point","coordinates":[77.56127,13.11735]},"properties":{"name":"Nagarajuna College Ananthapura"}},{"type":"Feature","geometry":{"type":"Point","coordinates":[77.5582,12.89956]},"properties":{"name":"ISRO Layout"}},{"type":"Feature","geometry":{"type":"Point","coordinates":[77.60144,13.16259]},"properties":{"name":"Narayanapura"}},{"type":"Feature","geometry":{"type":"Point","coordinates":[77.49346,12.94154]},"properties":{"name":"Kenchanapura Cross"}},{"type":"Feature","geometry":{"type":"Point","coordinates":[77.55509,12.89521]},"properties":{"name":"Pipeline ISRO Layout"}},{"type":"Feature","geometry":{"type":"Point","coordinates":[77.55284,12.89493]},"properties":{"name":"Vasanthapura"}},{"type":"Feature","geometry":{"type":"Point","coordinates":[77.54845,12.8963]},"properties":{"name":"Yadalamma Nagara"}},{"type":"Feature","geometry":{"type":"Point","coordinates":[77.49041,12.9422]},"properties":{"name":"Bhuvaneshwari Nagara 1st Stage"}},{"type":"Feature","geometry":{"type":"Point","coordinates":[77.5989,13.17175]},"properties":{"name":"Gurukula School Tharahunase"}},{"type":"Feature","geometry":{"type":"Point","coordinates":[77.48724,12.94258]},"properties":{"name":"Bhuvaneshwari Nagara 2nd Stage"}},{"type":"Feature","geometry":{"type":"Point","coordinates":[77.48287,12.94199]},"properties":{"name":"Bridge Sonnenahalli"}},{"type":"Feature","geometry":{"type":"Point","coordinates":[77.58864,13.17857]},"properties":{"name":"Tharahunase"}},{"type":"Feature","geometry":{"type":"Point","coordinates":[77.4797,12.94201]},"properties":{"name":"Sonnenahalli"}},{"type":"Feature","geometry":{"type":"Point","coordinates":[77.47502,12.94459]},"properties":{"name":"Chikka Basti"}},{"type":"Feature","geometry":{"type":"Point","coordinates":[77.47409,12.94182]},"properties":{"name":"Masjid Chikka Basti"}},{"type":"Feature","geometry":{"type":"Point","coordinates":[77.47291,12.93947]},"properties":{"name":"Dodda Basti"}},{"type":"Feature","geometry":{"type":"Point","coordinates":[77.56959,13.17291]},"properties":{"name":"Addiganahalli"}},{"type":"Feature","geometry":{"type":"Point","coordinates":[77.47242,12.93445]},"properties":{"name":"Chikkanahalli"}},{"type":"Feature","geometry":{"type":"Point","coordinates":[77.47248,12.93448]},"properties":{"name":"Chikkanahalli"}},{"type":"Feature","geometry":{"type":"Point","coordinates":[77.56445,13.17139]},"properties":{"name":"Rajanukunte"}},{"type":"Feature","geometry":{"type":"Point","coordinates":[77.47278,12.93953]},"properties":{"name":"Dodda Basti"}},{"type":"Feature","geometry":{"type":"Point","coordinates":[77.56431,13.17321]},"properties":{"name":"Rajanukunte"}},{"type":"Feature","geometry":{"type":"Point","coordinates":[77.47405,12.94187]},"properties":{"name":"Chikka Basti Masjid"}},{"type":"Feature","geometry":{"type":"Point","coordinates":[77.56953,13.17295]},"properties":{"name":"Addiganahalli"}},{"type":"Feature","geometry":{"type":"Point","coordinates":[77.47505,12.94464]},"properties":{"name":"Chikka Basti"}},{"type":"Feature","geometry":{"type":"Point","coordinates":[77.58041,13.1699]},"properties":{"name":"Thimmasandra Circle"}},{"type":"Feature","geometry":{"type":"Point","coordinates":[77.58853,13.17865]},"properties":{"name":"Tharahunase"}},{"type":"Feature","geometry":{"type":"Point","coordinates":[77.53656,12.89232]},"properties":{"name":"Pratyangira Temple Turalli"}},{"type":"Feature","geometry":{"type":"Point","coordinates":[77.54138,12.88875]},"properties":{"name":"Karishma Hills Cross"}},{"type":"Feature","geometry":{"type":"Point","coordinates":[77.6014,13.16264]},"properties":{"name":"Narayanapura"}},{"type":"Feature","geometry":{"type":"Point","coordinates":[77.54315,12.89303]},"properties":{"name":"Shanimahathma Temple"}},{"type":"Feature","geometry":{"type":"Point","coordinates":[77.61097,13.16106]},"properties":{"name":"Bettahalasuru Circle"}},{"type":"Feature","geometry":{"type":"Point","coordinates":[77.61518,13.13065]},"properties":{"name":"IAF Indian Air Force"}},{"type":"Feature","geometry":{"type":"Point","coordinates":[77.53705,12.91253]},"properties":{"name":"AGS Layout Arehalli"}},{"type":"Feature","geometry":{"type":"Point","coordinates":[77.44804,12.93906]},"properties":{"name":"Sulikere"}},{"type":"Feature","geometry":{"type":"Point","coordinates":[77.44814,12.93916]},"properties":{"name":"Sulikere Palya"}},{"type":"Feature","geometry":{"type":"Point","coordinates":[77.54238,12.91961]},"properties":{"name":"Ittamadu"}},{"type":"Feature","geometry":{"type":"Point","coordinates":[77.46794,12.94552]},"properties":{"name":"Ramasandra"}},{"type":"Feature","geometry":{"type":"Point","coordinates":[77.54315,12.92121]},"properties":{"name":"SLV Bakery"}},{"type":"Feature","geometry":{"type":"Point","coordinates":[77.47984,12.94214]},"properties":{"name":"Sonnenahalli"}},{"type":"Feature","geometry":{"type":"Point","coordinates":[77.48294,12.94209]},"properties":{"name":"Bridge Sonnenahalli"}},{"type":"Feature","geometry":{"type":"Point","coordinates":[77.54363,12.924]},"properties":{"name":"Ittamadu"}},{"type":"Feature","geometry":{"type":"Point","coordinates":[77.48714,12.94264]},"properties":{"name":"Bhuvaneshwari Nagara 2nd Stage"}},{"type":"Feature","geometry":{"type":"Point","coordinates":[77.49031,12.94229]},"properties":{"name":"Bhuvaneshwari Nagara 1st Stage"}},{"type":"Feature","geometry":{"type":"Point","coordinates":[77.54436,12.92596]},"properties":{"name":"Srinivasa Kalyana Mantapa"}},{"type":"Feature","geometry":{"type":"Point","coordinates":[77.49541,12.9453]},"properties":{"name":"Mariyappanapalya"}},{"type":"Feature","geometry":{"type":"Point","coordinates":[77.50067,12.95001]},"properties":{"name":"Bengaluru University Administrative Block"}},{"type":"Feature","geometry":{"type":"Point","coordinates":[77.50003,12.9527]},"properties":{"name":"Bengaluru University Quarters"}},{"type":"Feature","geometry":{"type":"Point","coordinates":[77.53957,12.93031]},"properties":{"name":"Hoskerehalli"}},{"type":"Feature","geometry":{"type":"Point","coordinates":[77.50318,12.9577]},"properties":{"name":"Mallathahalli Cross"}},{"type":"Feature","geometry":{"type":"Point","coordinates":[77.50062,12.95874]},"properties":{"name":"Mallathahalli"}},{"type":"Feature","geometry":{"type":"Point","coordinates":[77.54423,12.9258]},"properties":{"name":"Srinivasa Kalyana Mantapa"}},{"type":"Feature","geometry":{"type":"Point","coordinates":[77.48914,12.96002]},"properties":{"name":"Balaji Layout"}},{"type":"Feature","geometry":{"type":"Point","coordinates":[77.48932,12.96005]},"properties":{"name":"Balaji Layout"}},{"type":"Feature","geometry":{"type":"Point","coordinates":[77.54368,12.9239]},"properties":{"name":"Ittamadu"}},{"type":"Feature","geometry":{"type":"Point","coordinates":[77.54324,12.92118]},"properties":{"name":"SLV Bakery"}},{"type":"Feature","geometry":{"type":"Point","coordinates":[77.54222,12.91954]},"properties":{"name":"VB Bakery"}},{"type":"Feature","geometry":{"type":"Point","coordinates":[77.53703,12.91244]},"properties":{"name":"AGS Layout Arehalli"}},{"type":"Feature","geometry":{"type":"Point","coordinates":[77.50059,12.95889]},"properties":{"name":"Mallathahalli"}},{"type":"Feature","geometry":{"type":"Point","coordinates":[77.50303,12.95761]},"properties":{"name":"Mallathahalli Cross"}},{"type":"Feature","geometry":{"type":"Point","coordinates":[77.50499,12.96321]},"properties":{"name":"Ambedkar Institute of Technology"}},{"type":"Feature","geometry":{"type":"Point","coordinates":[77.50518,12.96697]},"properties":{"name":"Deepa Complex"}},{"type":"Feature","geometry":{"type":"Point","coordinates":[77.50791,12.9724]},"properties":{"name":"Papareddypalya"}},{"type":"Feature","geometry":{"type":"Point","coordinates":[77.50804,12.97227]},"properties":{"name":"Papareddypalya"}},{"type":"Feature","geometry":{"type":"Point","coordinates":[77.54403,12.89871]},"properties":{"name":"Post Office Subramanyapura"}},{"type":"Feature","geometry":{"type":"Point","coordinates":[77.50958,12.97511]},"properties":{"name":"Aladamara Papareddypalya"}},{"type":"Feature","geometry":{"type":"Point","coordinates":[77.50939,12.97502]},"properties":{"name":"Aladamara Papareddypalya"}},{"type":"Feature","geometry":{"type":"Point","coordinates":[77.54843,12.89637]},"properties":{"name":"Yadalamma Nagara"}},{"type":"Feature","geometry":{"type":"Point","coordinates":[77.51072,12.97931]},"properties":{"name":"BDA Complex Nagarabhavi"}},{"type":"Feature","geometry":{"type":"Point","coordinates":[77.51059,12.97951]},"properties":{"name":"BDA Complex Nagarabhavi"}},{"type":"Feature","geometry":{"type":"Point","coordinates":[77.55263,12.89623]},"properties":{"name":"Vasanthapura Temple"}},{"type":"Feature","geometry":{"type":"Point","coordinates":[77.55512,12.89517]},"properties":{"name":"Pipeline ISRO Layout"}},{"type":"Feature","geometry":{"type":"Point","coordinates":[77.50687,12.98056]},"properties":{"name":"Annapoorneshwarinagara"}},{"type":"Feature","geometry":{"type":"Point","coordinates":[77.55823,12.89943]},"properties":{"name":"ISRO Layout"}},{"type":"Feature","geometry":{"type":"Point","coordinates":[77.56167,12.90324]},"properties":{"name":"Kumaraswamy Layout"}},{"type":"Feature","geometry":{"type":"Point","coordinates":[77.56274,12.90529]},"properties":{"name":"Kumaraswamy Layout Police Station"}},{"type":"Feature","geometry":{"type":"Point","coordinates":[77.56532,12.90952]},"properties":{"name":"Dayananda Sagar College"}},{"type":"Feature","geometry":{"type":"Point","coordinates":[77.50173,12.97872]},"properties":{"name":"Sri GandhadaKavalu"}},{"type":"Feature","geometry":{"type":"Point","coordinates":[77.49702,12.97196]},"properties":{"name":"Annapoorneshwarinagara Water Tank"}},{"type":"Feature","geometry":{"type":"Point","coordinates":[77.49697,12.97203]},"properties":{"name":"Annapoorneshwarinagara Water Tank"}},{"type":"Feature","geometry":{"type":"Point","coordinates":[77.5023,12.9678]},"properties":{"name":"ITI Layout"}},{"type":"Feature","geometry":{"type":"Point","coordinates":[77.50247,12.96778]},"properties":{"name":"ITI Layout"}},{"type":"Feature","geometry":{"type":"Point","coordinates":[77.69629,13.00815]},"properties":{"name":"KR Puram"}},{"type":"Feature","geometry":{"type":"Point","coordinates":[77.70231,13.00531]},"properties":{"name":"Venugopala Temple Devasandra"}},{"type":"Feature","geometry":{"type":"Point","coordinates":[77.70583,13.00442]},"properties":{"name":"Chikka Devasandra KR Puram"}},{"type":"Feature","geometry":{"type":"Point","coordinates":[77.71002,13.00431]},"properties":{"name":"Ayyappa Nagara Sadaramangala"}},{"type":"Feature","geometry":{"type":"Point","coordinates":[77.7124,13.00451]},"properties":{"name":"Ayyappa Nagara Muneshwara Temple"}},{"type":"Feature","geometry":{"type":"Point","coordinates":[77.72729,13.0038]},"properties":{"name":"Kodigehalli"}},{"type":"Feature","geometry":{"type":"Point","coordinates":[77.709,12.9564]},"properties":{"name":"Munnekolalu Cross"}},{"type":"Feature","geometry":{"type":"Point","coordinates":[77.73677,12.99921]},"properties":{"name":"Sadaramangala"}},{"type":"Feature","geometry":{"type":"Point","coordinates":[77.71559,12.95832]},"properties":{"name":"Kundalahalli"}},{"type":"Feature","geometry":{"type":"Point","coordinates":[77.75775,12.9978]},"properties":{"name":"Central Bank Kadugodi"}},{"type":"Feature","geometry":{"type":"Point","coordinates":[77.75854,12.99688]},"properties":{"name":"Kadugodi Railway Station"}},{"type":"Feature","geometry":{"type":"Point","coordinates":[77.71397,12.96759]},"properties":{"name":"CMRIT College"}},{"type":"Feature","geometry":{"type":"Point","coordinates":[77.71247,12.97016]},"properties":{"name":"Kundalahalli Colony"}},{"type":"Feature","geometry":{"type":"Point","coordinates":[77.71131,12.97819]},"properties":{"name":"Graphite India"}},{"type":"Feature","geometry":{"type":"Point","coordinates":[77.75785,12.99453]},"properties":{"name":"Kadugodi Bridge"}},{"type":"Feature","geometry":{"type":"Point","coordinates":[77.71887,12.97735]},"properties":{"name":"I Gate"}},{"type":"Feature","geometry":{"type":"Point","coordinates":[77.75752,12.99417]},"properties":{"name":"Kadugodi Bridge"}},{"type":"Feature","geometry":{"type":"Point","coordinates":[77.72227,12.97699]},"properties":{"name":"KTPO"}},{"type":"Feature","geometry":{"type":"Point","coordinates":[77.75757,13.00093]},"properties":{"name":"Sathya Sai Baba Mandir"}},{"type":"Feature","geometry":{"type":"Point","coordinates":[77.75692,13.0041]},"properties":{"name":"Bellathur"}},{"type":"Feature","geometry":{"type":"Point","coordinates":[77.5054,13.04536]},"properties":{"name":"8th Mile"}},{"type":"Feature","geometry":{"type":"Point","coordinates":[77.76104,13.01344]},"properties":{"name":"Seegehalli Gate"}},{"type":"Feature","geometry":{"type":"Point","coordinates":[77.7278,12.98246]},"properties":{"name":"Sathya Sai Hospital"}},{"type":"Feature","geometry":{"type":"Point","coordinates":[77.76197,13.0217]},"properties":{"name":"Chaithanya Samarpan Apartment"}},{"type":"Feature","geometry":{"type":"Point","coordinates":[77.75854,13.03219]},"properties":{"name":"Kannamangala Gate"}},{"type":"Feature","geometry":{"type":"Point","coordinates":[77.72846,12.98314]},"properties":{"name":"Sathya Sai Hospital"}},{"type":"Feature","geometry":{"type":"Point","coordinates":[77.7597,13.03801]},"properties":{"name":"Safal Market"}},{"type":"Feature","geometry":{"type":"Point","coordinates":[77.5542,12.9845]},"properties":{"name":"Bashyam Circle"}},{"type":"Feature","geometry":{"type":"Point","coordinates":[77.55082,12.98715]},"properties":{"name":"Dhobi Ghat Rajajinagara"}},{"type":"Feature","geometry":{"type":"Point","coordinates":[77.72224,12.97678]},"properties":{"name":"KTPO"}},{"type":"Feature","geometry":{"type":"Point","coordinates":[77.76026,13.04437]},"properties":{"name":"Gorivegere Gate"}},{"type":"Feature","geometry":{"type":"Point","coordinates":[77.71879,12.97712]},"properties":{"name":"I Gate"}},{"type":"Feature","geometry":{"type":"Point","coordinates":[77.5508,12.99095]},"properties":{"name":"ESI Rajajinagara"}},{"type":"Feature","geometry":{"type":"Point","coordinates":[77.71014,12.9772]},"properties":{"name":"Graphite India"}},{"type":"Feature","geometry":{"type":"Point","coordinates":[77.55072,12.99586]},"properties":{"name":"Manjunatha Nagara"}},{"type":"Feature","geometry":{"type":"Point","coordinates":[77.71244,12.97054]},"properties":{"name":"Kundalahalli Colony"}},{"type":"Feature","geometry":{"type":"Point","coordinates":[77.55067,12.99532]},"properties":{"name":"Manjunatha Nagara"}},{"type":"Feature","geometry":{"type":"Point","coordinates":[77.71437,12.96766]},"properties":{"name":"CMRIT College"}},{"type":"Feature","geometry":{"type":"Point","coordinates":[77.54611,12.99749]},"properties":{"name":"Modi Hospital"}},{"type":"Feature","geometry":{"type":"Point","coordinates":[77.76061,13.04393]},"properties":{"name":"Gorivegere Gate"}},{"type":"Feature","geometry":{"type":"Point","coordinates":[77.75993,13.03805]},"properties":{"name":"Safal Market"}},{"type":"Feature","geometry":{"type":"Point","coordinates":[77.71503,12.95684]},"properties":{"name":"Kundalahalli Gate"}},{"type":"Feature","geometry":{"type":"Point","coordinates":[77.75895,13.03465]},"properties":{"name":"Khaji Sonnenahalli Gate"}},{"type":"Feature","geometry":{"type":"Point","coordinates":[77.75909,13.03466]},"properties":{"name":"Khaji Sonnenahalli Gate"}},{"type":"Feature","geometry":{"type":"Point","coordinates":[77.70887,12.95629]},"properties":{"name":"Munnekolalu Cross"}},{"type":"Feature","geometry":{"type":"Point","coordinates":[77.55086,12.99058]},"properties":{"name":"ESI Rajajinagara"}},{"type":"Feature","geometry":{"type":"Point","coordinates":[77.55103,12.98763]},"properties":{"name":"Dhobi Ghat Rajajinagara"}},{"type":"Feature","geometry":{"type":"Point","coordinates":[77.75864,13.03222]},"properties":{"name":"Kannamangala Gate"}},{"type":"Feature","geometry":{"type":"Point","coordinates":[77.76031,13.02788]},"properties":{"name":"Bevina Mara"}},{"type":"Feature","geometry":{"type":"Point","coordinates":[77.76045,13.02795]},"properties":{"name":"Bevina Mara"}},{"type":"Feature","geometry":{"type":"Point","coordinates":[77.76162,13.02442]},"properties":{"name":"Sai Lakshmi Industries"}},{"type":"Feature","geometry":{"type":"Point","coordinates":[77.76175,13.02448]},"properties":{"name":"Sai Lakshmi Industries"}},{"type":"Feature","geometry":{"type":"Point","coordinates":[77.76204,13.02184]},"properties":{"name":"Chaithanya Samarpan Apartment"}},{"type":"Feature","geometry":{"type":"Point","coordinates":[77.76208,13.01773]},"properties":{"name":"Shell Petrol Bunk"}},{"type":"Feature","geometry":{"type":"Point","coordinates":[77.7622,13.01762]},"properties":{"name":"Shell Petrol Bunk"}},{"type":"Feature","geometry":{"type":"Point","coordinates":[77.76107,13.01313]},"properties":{"name":"Seegehalli Gate"}},{"type":"Feature","geometry":{"type":"Point","coordinates":[77.56604,12.97464]},"properties":{"name":"Angalaparameshwari Temple"}},{"type":"Feature","geometry":{"type":"Point","coordinates":[77.76479,13.01164]},"properties":{"name":"Seegehalli"}},{"type":"Feature","geometry":{"type":"Point","coordinates":[77.76468,13.01189]},"properties":{"name":"Seegehalli"}},{"type":"Feature","geometry":{"type":"Point","coordinates":[77.75704,13.00407]},"properties":{"name":"Bellathur"}},{"type":"Feature","geometry":{"type":"Point","coordinates":[77.75768,13.00114]},"properties":{"name":"Sathya Sai Baba Mandir"}},{"type":"Feature","geometry":{"type":"Point","coordinates":[77.75853,12.99563]},"properties":{"name":"Kadugodi Bus Station"}},{"type":"Feature","geometry":{"type":"Point","coordinates":[77.75781,12.99775]},"properties":{"name":"Central Bank"}},{"type":"Feature","geometry":{"type":"Point","coordinates":[77.73704,12.99783]},"properties":{"name":"Sadaramangala Gate"}},{"type":"Feature","geometry":{"type":"Point","coordinates":[77.73666,12.99931]},"properties":{"name":"Sadaramangala Village"}},{"type":"Feature","geometry":{"type":"Point","coordinates":[77.73561,13.00636]},"properties":{"name":"Skylark Arcadia Sadaramangala"}},{"type":"Feature","geometry":{"type":"Point","coordinates":[77.73545,13.00629]},"properties":{"name":"Skylark Arcadia Sadaramangala"}},{"type":"Feature","geometry":{"type":"Point","coordinates":[77.72754,13.00406]},"properties":{"name":"Kodigehalli"}},{"type":"Feature","geometry":{"type":"Point","coordinates":[77.72327,13.00356]},"properties":{"name":"Kodigehalli Gate"}},{"type":"Feature","geometry":{"type":"Point","coordinates":[77.7127,13.00446]},"properties":{"name":"Ayyappa Nagara Muneshwara Temple"}},{"type":"Feature","geometry":{"type":"Point","coordinates":[77.70997,13.00426]},"properties":{"name":"Ayyappa Nagara Sadaramangala"}},{"type":"Feature","geometry":{"type":"Point","coordinates":[77.70605,13.00423]},"properties":{"name":"Chikka Devasandra KR Puram"}},{"type":"Feature","geometry":{"type":"Point","coordinates":[77.70214,13.00523]},"properties":{"name":"Venugopala Temple Devasandra"}},{"type":"Feature","geometry":{"type":"Point","coordinates":[77.78609,12.95681]},"properties":{"name":"Harohalli"}},{"type":"Feature","geometry":{"type":"Point","coordinates":[77.56624,12.88672]},"properties":{"name":"Konanakunte Cross"}},{"type":"Feature","geometry":{"type":"Point","coordinates":[77.55641,12.88581]},"properties":{"name":"Doddakallasandra"}},{"type":"Feature","geometry":{"type":"Point","coordinates":[77.55103,12.88413]},"properties":{"name":"Gubbalala Gate"}},{"type":"Feature","geometry":{"type":"Point","coordinates":[77.54601,12.88054]},"properties":{"name":"Raghuvanahalli Cross"}},{"type":"Feature","geometry":{"type":"Point","coordinates":[77.54368,12.87564]},"properties":{"name":"Bayyanapalya"}},{"type":"Feature","geometry":{"type":"Point","coordinates":[77.53676,12.86937]},"properties":{"name":"Thalagattapura"}},{"type":"Feature","geometry":{"type":"Point","coordinates":[77.53676,12.86943]},"properties":{"name":"Thalagattapura"}},{"type":"Feature","geometry":{"type":"Point","coordinates":[77.54364,12.87555]},"properties":{"name":"Bayyanapalya"}},{"type":"Feature","geometry":{"type":"Point","coordinates":[77.66991,12.91858]},"properties":{"name":"Bellanduru Gate SJP Road"}},{"type":"Feature","geometry":{"type":"Point","coordinates":[77.67767,12.91395]},"properties":{"name":"Kaikondrahalli"}},{"type":"Feature","geometry":{"type":"Point","coordinates":[77.68447,12.91082]},"properties":{"name":"Junnasandra Gate Wipro Regional Office"}},{"type":"Feature","geometry":{"type":"Point","coordinates":[77.69551,12.90729]},"properties":{"name":"Doddakannalli"}},{"type":"Feature","geometry":{"type":"Point","coordinates":[77.70397,12.90352]},"properties":{"name":"Carmelram Gate"}},{"type":"Feature","geometry":{"type":"Point","coordinates":[77.71313,12.89902]},"properties":{"name":"Ambedkar Nagara"}},{"type":"Feature","geometry":{"type":"Point","coordinates":[77.72048,12.8966]},"properties":{"name":"Kodathi Gate"}},{"type":"Feature","geometry":{"type":"Point","coordinates":[77.72853,12.89243]},"properties":{"name":"Sulikunte"}},{"type":"Feature","geometry":{"type":"Point","coordinates":[77.72843,12.89229]},"properties":{"name":"Sulikunte"}},{"type":"Feature","geometry":{"type":"Point","coordinates":[77.72025,12.89652]},"properties":{"name":"Kodathi Gate"}},{"type":"Feature","geometry":{"type":"Point","coordinates":[77.7163,12.88827]},"properties":{"name":"Kodathi Village"}},{"type":"Feature","geometry":{"type":"Point","coordinates":[77.58871,12.9905]},"properties":{"name":"Avinash Petrol Bunk"}},{"type":"Feature","geometry":{"type":"Point","coordinates":[77.71626,12.88827]},"properties":{"name":"Kodathi Village"}},{"type":"Feature","geometry":{"type":"Point","coordinates":[77.57745,12.99905]},"properties":{"name":"Vaiyali Kaval"}},{"type":"Feature","geometry":{"type":"Point","coordinates":[77.57826,13.00087]},"properties":{"name":"Vaiyalikaval Police Station"}},{"type":"Feature","geometry":{"type":"Point","coordinates":[77.57857,13.00483]},"properties":{"name":"Bashyam Circle"}},{"type":"Feature","geometry":{"type":"Point","coordinates":[77.57842,13.0046]},"properties":{"name":"Bashyam Circle"}},{"type":"Feature","geometry":{"type":"Point","coordinates":[77.57951,13.00609]},"properties":{"name":"Bashyam Circle"}},{"type":"Feature","geometry":{"type":"Point","coordinates":[77.58109,13.00496]},"properties":{"name":"Bashyam Circle"}},{"type":"Feature","geometry":{"type":"Point","coordinates":[77.5785,13.00208]},"properties":{"name":"Vaiyalikaval Police Station"}},{"type":"Feature","geometry":{"type":"Point","coordinates":[77.71772,12.92244]},"properties":{"name":"Gunjurpalya"}},{"type":"Feature","geometry":{"type":"Point","coordinates":[77.57754,12.99915]},"properties":{"name":"Vaiyali Kaval"}},{"type":"Feature","geometry":{"type":"Point","coordinates":[77.57495,12.99888]},"properties":{"name":"Dattatreya Temple Malleshwaram"}},{"type":"Feature","geometry":{"type":"Point","coordinates":[77.57461,12.99893]},"properties":{"name":"Dattatreya Temple Malleshwaram"}},{"type":"Feature","geometry":{"type":"Point","coordinates":[77.71295,12.92927]},"properties":{"name":"Panathuru Dinne"}},{"type":"Feature","geometry":{"type":"Point","coordinates":[77.57134,12.9979]},"properties":{"name":"Malleshwaram Circle"}},{"type":"Feature","geometry":{"type":"Point","coordinates":[77.70574,12.93561]},"properties":{"name":"Panathuru Cirlce"}},{"type":"Feature","geometry":{"type":"Point","coordinates":[77.71296,12.92931]},"properties":{"name":"Panathuru Dinne"}},{"type":"Feature","geometry":{"type":"Point","coordinates":[77.71782,12.92213]},"properties":{"name":"Gunjurpalya"}},{"type":"Feature","geometry":{"type":"Point","coordinates":[77.56531,13.00333]},"properties":{"name":"13th Cross Malleshwaram"}},{"type":"Feature","geometry":{"type":"Point","coordinates":[77.56232,13.01026]},"properties":{"name":"18th Cross Malleshwaram"}},{"type":"Feature","geometry":{"type":"Point","coordinates":[77.56526,13.00323]},"properties":{"name":"13th Cross Malleshwaram"}},{"type":"Feature","geometry":{"type":"Point","coordinates":[77.75251,12.88309]},"properties":{"name":"Dommasandra Circle"}},{"type":"Feature","geometry":{"type":"Point","coordinates":[77.74782,12.90062]},"properties":{"name":"Green Wood High School"}},{"type":"Feature","geometry":{"type":"Point","coordinates":[77.68438,12.91077]},"properties":{"name":"Junnasandra Gate Wipro Regional Office"}},{"type":"Feature","geometry":{"type":"Point","coordinates":[77.56638,12.99473]},"properties":{"name":"Chowdeshwari Temple"}},{"type":"Feature","geometry":{"type":"Point","coordinates":[77.74651,12.90579]},"properties":{"name":"Heggondanahalli"}},{"type":"Feature","geometry":{"type":"Point","coordinates":[77.74654,12.90576]},"properties":{"name":"Heggondanahalli"}},{"type":"Feature","geometry":{"type":"Point","coordinates":[77.56632,12.99494]},"properties":{"name":"Chowdeshwari Temple"}},{"type":"Feature","geometry":{"type":"Point","coordinates":[77.67741,12.91396]},"properties":{"name":"Kaikondrahalli"}},{"type":"Feature","geometry":{"type":"Point","coordinates":[77.66931,12.91864]},"properties":{"name":"Bellanduru Gate SJP Road"}},{"type":"Feature","geometry":{"type":"Point","coordinates":[77.73635,12.92135]},"properties":{"name":"Gunjuru"}},{"type":"Feature","geometry":{"type":"Point","coordinates":[77.56332,13.00068]},"properties":{"name":"Railway Station Malleshwaram"}},{"type":"Feature","geometry":{"type":"Point","coordinates":[77.55971,13.00914]},"properties":{"name":"Milk Colony"}},{"type":"Feature","geometry":{"type":"Point","coordinates":[77.747,12.94252]},"properties":{"name":"Varthuru Govt College"}},{"type":"Feature","geometry":{"type":"Point","coordinates":[77.55806,13.0178]},"properties":{"name":"Police Station Yashawanthapura"}},{"type":"Feature","geometry":{"type":"Point","coordinates":[77.56911,13.00979]},"properties":{"name":"18th Cross Malleshwaram"}},{"type":"Feature","geometry":{"type":"Point","coordinates":[77.55813,13.01778]},"properties":{"name":"Police Station Yashawanthapura"}},{"type":"Feature","geometry":{"type":"Point","coordinates":[77.75345,12.9837]},"properties":{"name":"Hope Farm"}},{"type":"Feature","geometry":{"type":"Point","coordinates":[77.761,12.98287]},"properties":{"name":"MVJ College Channasandra"}},{"type":"Feature","geometry":{"type":"Point","coordinates":[77.56772,12.98725]},"properties":{"name":"Bashyam Nagara Okalipuram"}},{"type":"Feature","geometry":{"type":"Point","coordinates":[77.76792,12.98346]},"properties":{"name":"Channasandra"}},{"type":"Feature","geometry":{"type":"Point","coordinates":[77.78139,12.98595]},"properties":{"name":"Thirumalashettyhalli Cross"}},{"type":"Feature","geometry":{"type":"Point","coordinates":[77.78997,12.9802]},"properties":{"name":"Samethanahalli"}},{"type":"Feature","geometry":{"type":"Point","coordinates":[77.79158,12.97998]},"properties":{"name":"Samethanahalli Old Stop"}},{"type":"Feature","geometry":{"type":"Point","coordinates":[77.80249,12.97888]},"properties":{"name":"Bhodhana Hosahalli"}},{"type":"Feature","geometry":{"type":"Point","coordinates":[77.81644,12.97684]},"properties":{"name":"Dodda Dunnasandra"}},{"type":"Feature","geometry":{"type":"Point","coordinates":[77.56082,12.99688]},"properties":{"name":"Harishchandra Ghat"}},{"type":"Feature","geometry":{"type":"Point","coordinates":[77.55582,12.99847]},"properties":{"name":"Mariyappanapalya"}},{"type":"Feature","geometry":{"type":"Point","coordinates":[77.55647,12.9987]},"properties":{"name":"Mariyappanapalya"}},{"type":"Feature","geometry":{"type":"Point","coordinates":[77.65761,12.85115]},"properties":{"name":"Velankani Drive"}},{"type":"Feature","geometry":{"type":"Point","coordinates":[77.56051,12.99729]},"properties":{"name":"Harishchandra Ghat"}},{"type":"Feature","geometry":{"type":"Point","coordinates":[77.65738,12.85105]},"properties":{"name":"Velankani Drive"}},{"type":"Feature","geometry":{"type":"Point","coordinates":[77.56423,12.99622]},"properties":{"name":"Devaiah Park"}},{"type":"Feature","geometry":{"type":"Point","coordinates":[77.56424,12.99641]},"properties":{"name":"Devaiah Park"}},{"type":"Feature","geometry":{"type":"Point","coordinates":[77.81527,12.95726]},"properties":{"name":"Anugondanahalli"}},{"type":"Feature","geometry":{"type":"Point","coordinates":[77.66024,12.84516]},"properties":{"name":"BHEL"}},{"type":"Feature","geometry":{"type":"Point","coordinates":[77.66002,12.84504]},"properties":{"name":"BHEL"}},{"type":"Feature","geometry":{"type":"Point","coordinates":[77.83037,12.95281]},"properties":{"name":"Medi Mallasandra"}},{"type":"Feature","geometry":{"type":"Point","coordinates":[77.83377,12.94769]},"properties":{"name":"Mata Mallasandra"}},{"type":"Feature","geometry":{"type":"Point","coordinates":[77.83686,12.94225]},"properties":{"name":"Arehalli Cross"}},{"type":"Feature","geometry":{"type":"Point","coordinates":[77.8412,12.93636]},"properties":{"name":"Kalkunte Agrahara School"}},{"type":"Feature","geometry":{"type":"Point","coordinates":[77.85018,12.92749]},"properties":{"name":"Shiva Ittige Factory"}},{"type":"Feature","geometry":{"type":"Point","coordinates":[77.85567,12.92116]},"properties":{"name":"Yettu Kodi"}},{"type":"Feature","geometry":{"type":"Point","coordinates":[77.86184,12.91373]},"properties":{"name":"Ganagular Cross"}},{"type":"Feature","geometry":{"type":"Point","coordinates":[77.86791,12.9046]},"properties":{"name":"Anche Muskuru"}},{"type":"Feature","geometry":{"type":"Point","coordinates":[77.86699,12.89512]},"properties":{"name":"Chikka Thirupathi"}},{"type":"Feature","geometry":{"type":"Point","coordinates":[77.86706,12.89536]},"properties":{"name":"Chikka Thirupathi"}},{"type":"Feature","geometry":{"type":"Point","coordinates":[77.85016,12.89332]},"properties":{"name":"Ganagaluru Circle"}},{"type":"Feature","geometry":{"type":"Point","coordinates":[77.56136,13.00415]},"properties":{"name":"Subramanyanagara"}},{"type":"Feature","geometry":{"type":"Point","coordinates":[77.62928,12.9167]},"properties":{"name":"SI Apartment HSR Layout"}},{"type":"Feature","geometry":{"type":"Point","coordinates":[77.45966,12.99176]},"properties":{"name":"Forest Gate"}},{"type":"Feature","geometry":{"type":"Point","coordinates":[77.46128,13.0607]},"properties":{"name":"Madanayakanahalli"}},{"type":"Feature","geometry":{"type":"Point","coordinates":[77.45428,12.99079]},"properties":{"name":"Machohalli Gate"}},{"type":"Feature","geometry":{"type":"Point","coordinates":[77.63999,12.82667]},"properties":{"name":"Vapasandra"}},{"type":"Feature","geometry":{"type":"Point","coordinates":[77.64001,12.82674]},"properties":{"name":"Vapasandra"}},{"type":"Feature","geometry":{"type":"Point","coordinates":[77.82879,12.89583]},"properties":{"name":"Thiruvaranga Gate"}},{"type":"Feature","geometry":{"type":"Point","coordinates":[77.62379,12.91769]},"properties":{"name":"Central Silk Board"}},{"type":"Feature","geometry":{"type":"Point","coordinates":[77.46866,12.9905]},"properties":{"name":"Kachohalli Gate"}},{"type":"Feature","geometry":{"type":"Point","coordinates":[77.46522,12.99148]},"properties":{"name":"Chikka Gollarahatti"}},{"type":"Feature","geometry":{"type":"Point","coordinates":[77.62404,12.91748]},"properties":{"name":"Central Silk Board"}},{"type":"Feature","geometry":{"type":"Point","coordinates":[77.64101,12.83055]},"properties":{"name":"Jayasandrahalli"}},{"type":"Feature","geometry":{"type":"Point","coordinates":[77.64104,12.83052]},"properties":{"name":"Jayasandra halli"}},{"type":"Feature","geometry":{"type":"Point","coordinates":[77.8241,12.91521]},"properties":{"name":"Tattanuru"}},{"type":"Feature","geometry":{"type":"Point","coordinates":[77.82413,12.91518]},"properties":{"name":"Tattanuru"}},{"type":"Feature","geometry":{"type":"Point","coordinates":[77.82652,12.90176]},"properties":{"name":"Thiruvaranga"}},{"type":"Feature","geometry":{"type":"Point","coordinates":[77.63744,12.81949]},"properties":{"name":"Kempapura"}},{"type":"Feature","geometry":{"type":"Point","coordinates":[77.8266,12.90176]},"properties":{"name":"Thiruvaranga"}},{"type":"Feature","geometry":{"type":"Point","coordinates":[77.6373,12.81945]},"properties":{"name":"Kempapura"}},{"type":"Feature","geometry":{"type":"Point","coordinates":[77.82878,12.89588]},"properties":{"name":"Thiruvaranga Gate"}},{"type":"Feature","geometry":{"type":"Point","coordinates":[77.8465,12.89457]},"properties":{"name":"Baguru"}},{"type":"Feature","geometry":{"type":"Point","coordinates":[77.84648,12.89469]},"properties":{"name":"Baguru"}},{"type":"Feature","geometry":{"type":"Point","coordinates":[77.85012,12.89343]},"properties":{"name":"Ganagaluru Circle"}},{"type":"Feature","geometry":{"type":"Point","coordinates":[77.58431,12.9997]},"properties":{"name":"RM Guttahalli"}},{"type":"Feature","geometry":{"type":"Point","coordinates":[77.86692,12.89538]},"properties":{"name":"Chikka Thirupathi"}},{"type":"Feature","geometry":{"type":"Point","coordinates":[77.8678,12.90452]},"properties":{"name":"Anche Muskuru"}},{"type":"Feature","geometry":{"type":"Point","coordinates":[77.86169,12.91382]},"properties":{"name":"Ganagluru Cross"}},{"type":"Feature","geometry":{"type":"Point","coordinates":[77.85556,12.92118]},"properties":{"name":"Yettu Kodi"}},{"type":"Feature","geometry":{"type":"Point","coordinates":[77.85,12.92745]},"properties":{"name":"Shiva Ittige Factory"}},{"type":"Feature","geometry":{"type":"Point","coordinates":[77.58883,12.99311]},"properties":{"name":"Mount Carmel College"}},{"type":"Feature","geometry":{"type":"Point","coordinates":[77.84089,12.93291]},"properties":{"name":"Kalkunte Agahara"}},{"type":"Feature","geometry":{"type":"Point","coordinates":[77.83645,12.94225]},"properties":{"name":"Arehalli Cross"}},{"type":"Feature","geometry":{"type":"Point","coordinates":[77.83364,12.94767]},"properties":{"name":"Mata Mallasandra"}},{"type":"Feature","geometry":{"type":"Point","coordinates":[77.83028,12.95278]},"properties":{"name":"Medi Mallasandra"}},{"type":"Feature","geometry":{"type":"Point","coordinates":[77.82412,12.95626]},"properties":{"name":"Obalapura Gate"}},{"type":"Feature","geometry":{"type":"Point","coordinates":[77.81546,12.95716]},"properties":{"name":"Anugondanahalli"}},{"type":"Feature","geometry":{"type":"Point","coordinates":[77.81659,12.97673]},"properties":{"name":"Dodda Dunnasandra"}},{"type":"Feature","geometry":{"type":"Point","coordinates":[77.8024,12.97883]},"properties":{"name":"Bhodhana Hosahalli"}},{"type":"Feature","geometry":{"type":"Point","coordinates":[77.64423,12.84341]},"properties":{"name":"Thogur Cross"}},{"type":"Feature","geometry":{"type":"Point","coordinates":[77.79148,12.9799]},"properties":{"name":"Samethanahalli Old Stop"}},{"type":"Feature","geometry":{"type":"Point","coordinates":[77.78972,12.98035]},"properties":{"name":"Samethanahalli"}},{"type":"Feature","geometry":{"type":"Point","coordinates":[77.78095,12.98613]},"properties":{"name":"Thirumalashettyhalli Cross"}},{"type":"Feature","geometry":{"type":"Point","coordinates":[77.64409,12.84345]},"properties":{"name":"Thogur Cross"}},{"type":"Feature","geometry":{"type":"Point","coordinates":[77.76815,12.98332]},"properties":{"name":"Channasandra"}},{"type":"Feature","geometry":{"type":"Point","coordinates":[77.76129,12.98286]},"properties":{"name":"MVJ College Channasandra"}},{"type":"Feature","geometry":{"type":"Point","coordinates":[77.75232,12.98327]},"properties":{"name":"Hope Farm"}},{"type":"Feature","geometry":{"type":"Point","coordinates":[77.74702,12.94243]},"properties":{"name":"Varthuru Govt College"}},{"type":"Feature","geometry":{"type":"Point","coordinates":[77.73948,12.92859]},"properties":{"name":"Vinayaka Nagara"}},{"type":"Feature","geometry":{"type":"Point","coordinates":[77.74786,12.90081]},"properties":{"name":"Green Wood High School"}},{"type":"Feature","geometry":{"type":"Point","coordinates":[77.75217,12.88331]},"properties":{"name":"Dommasandra Circle"}},{"type":"Feature","geometry":{"type":"Point","coordinates":[77.6232,13.00899]},"properties":{"name":"Lingarajapura Bridge"}},{"type":"Feature","geometry":{"type":"Point","coordinates":[77.62571,13.01244]},"properties":{"name":"Lingarajapura"}},{"type":"Feature","geometry":{"type":"Point","coordinates":[77.62705,13.01445]},"properties":{"name":"Jyothi School"}},{"type":"Feature","geometry":{"type":"Point","coordinates":[77.62862,13.02126]},"properties":{"name":"Kacharakanahalli"}},{"type":"Feature","geometry":{"type":"Point","coordinates":[77.63219,13.02774]},"properties":{"name":"Hennur Junction"}},{"type":"Feature","geometry":{"type":"Point","coordinates":[77.63233,13.02764]},"properties":{"name":"Hennur Junction"}},{"type":"Feature","geometry":{"type":"Point","coordinates":[77.62868,13.02102]},"properties":{"name":"Kacharakanahalli"}},{"type":"Feature","geometry":{"type":"Point","coordinates":[77.6272,13.01445]},"properties":{"name":"Jyothi School"}},{"type":"Feature","geometry":{"type":"Point","coordinates":[77.63577,13.01461]},"properties":{"name":"Kammanahalli Empire Hotel"}},{"type":"Feature","geometry":{"type":"Point","coordinates":[77.63643,13.01789]},"properties":{"name":"Kammanahalli"}},{"type":"Feature","geometry":{"type":"Point","coordinates":[77.63692,13.02118]},"properties":{"name":"Jalavayu Vihara"}},{"type":"Feature","geometry":{"type":"Point","coordinates":[77.63694,13.02601]},"properties":{"name":"Kalyananagara Junction"}},{"type":"Feature","geometry":{"type":"Point","coordinates":[77.63703,13.02602]},"properties":{"name":"Kalyananagara Junction"}},{"type":"Feature","geometry":{"type":"Point","coordinates":[77.63699,13.02096]},"properties":{"name":"Jalavayu Vihara"}},{"type":"Feature","geometry":{"type":"Point","coordinates":[77.63588,13.01471]},"properties":{"name":"Kammanahalli Empire Hotel"}},{"type":"Feature","geometry":{"type":"Point","coordinates":[77.64233,13.01387]},"properties":{"name":"Patel Public School Kalyananagara"}},{"type":"Feature","geometry":{"type":"Point","coordinates":[77.64267,13.01511]},"properties":{"name":"80ft Road Banasawadi"}},{"type":"Feature","geometry":{"type":"Point","coordinates":[77.64317,13.02095]},"properties":{"name":"80ft Road HRBR Layout"}},{"type":"Feature","geometry":{"type":"Point","coordinates":[77.64321,13.02386]},"properties":{"name":"HRBR Layout Cross"}},{"type":"Feature","geometry":{"type":"Point","coordinates":[77.64337,13.02382]},"properties":{"name":"HRBR Layout Cross"}},{"type":"Feature","geometry":{"type":"Point","coordinates":[77.64328,13.02035]},"properties":{"name":"80ft Road HRBR Layot"}},{"type":"Feature","geometry":{"type":"Point","coordinates":[77.6429,13.01538]},"properties":{"name":"80ft Road Banasawadi"}},{"type":"Feature","geometry":{"type":"Point","coordinates":[77.64248,13.01386]},"properties":{"name":"Patel Public School Kalyananagara"}},{"type":"Feature","geometry":{"type":"Point","coordinates":[77.64326,13.00964]},"properties":{"name":"Maruthi School"}},{"type":"Feature","geometry":{"type":"Point","coordinates":[77.64316,13.00954]},"properties":{"name":"Maruthi School"}},{"type":"Feature","geometry":{"type":"Point","coordinates":[77.64745,13.01158]},"properties":{"name":"Srinidhi Hotel"}},{"type":"Feature","geometry":{"type":"Point","coordinates":[77.65918,13.01094]},"properties":{"name":"Chowdeshwari Temple B Channasandra"}},{"type":"Feature","geometry":{"type":"Point","coordinates":[77.6576,13.0102]},"properties":{"name":"B Channasandra"}},{"type":"Feature","geometry":{"type":"Point","coordinates":[77.65767,13.00998]},"properties":{"name":"B Channasandra"}},{"type":"Feature","geometry":{"type":"Point","coordinates":[77.66125,13.0024]},"properties":{"name":"Kasthuri Nagara"}},{"type":"Feature","geometry":{"type":"Point","coordinates":[77.66102,13.00274]},"properties":{"name":"Kasthuri Nagara"}},{"type":"Feature","geometry":{"type":"Point","coordinates":[77.66205,13.0139]},"properties":{"name":"B Channasandra Bridge"}},{"type":"Feature","geometry":{"type":"Point","coordinates":[77.62581,13.01243]},"properties":{"name":"Lingarajapura"}},{"type":"Feature","geometry":{"type":"Point","coordinates":[77.62094,13.00609]},"properties":{"name":"Charls School Toll Gate"}},{"type":"Feature","geometry":{"type":"Point","coordinates":[77.61932,13.00338]},"properties":{"name":"Richards Park"}},{"type":"Feature","geometry":{"type":"Point","coordinates":[77.65121,12.89881]},"properties":{"name":"Somasundarpalya"}},{"type":"Feature","geometry":{"type":"Point","coordinates":[77.66041,12.90146]},"properties":{"name":"Haraluru"}},{"type":"Feature","geometry":{"type":"Point","coordinates":[77.65525,12.88945]},"properties":{"name":"Kudlu"}},{"type":"Feature","geometry":{"type":"Point","coordinates":[77.64662,12.89021]},"properties":{"name":"BTR Garden"}},{"type":"Feature","geometry":{"type":"Point","coordinates":[77.64035,12.88938]},"properties":{"name":"Kudlu Gate"}},{"type":"Feature","geometry":{"type":"Point","coordinates":[77.64661,12.89027]},"properties":{"name":"BTR Garden"}},{"type":"Feature","geometry":{"type":"Point","coordinates":[77.65519,12.88962]},"properties":{"name":"Kudlu"}},{"type":"Feature","geometry":{"type":"Point","coordinates":[77.6541,12.8709]},"properties":{"name":"Hosa Road"}},{"type":"Feature","geometry":{"type":"Point","coordinates":[77.6583,12.87029]},"properties":{"name":"New MICO Gate"}},{"type":"Feature","geometry":{"type":"Point","coordinates":[77.67481,12.86238]},"properties":{"name":"Dodda Nagamangala"}},{"type":"Feature","geometry":{"type":"Point","coordinates":[77.69495,12.86]},"properties":{"name":"Chikka Nagamangala"}},{"type":"Feature","geometry":{"type":"Point","coordinates":[77.68718,12.84257]},"properties":{"name":"Singena Agrahara Cross Fruits Market"}},{"type":"Feature","geometry":{"type":"Point","coordinates":[77.69235,12.84891]},"properties":{"name":"Depot-38 Gate"}},{"type":"Feature","geometry":{"type":"Point","coordinates":[77.70361,12.86831]},"properties":{"name":"Gattahalli"}},{"type":"Feature","geometry":{"type":"Point","coordinates":[77.61451,13.0078]},"properties":{"name":"Shampura"}},{"type":"Feature","geometry":{"type":"Point","coordinates":[77.59881,13.02401]},"properties":{"name":"Dinnur Main Road"}},{"type":"Feature","geometry":{"type":"Point","coordinates":[77.59884,13.02392]},"properties":{"name":"Dinnur MainRoad"}},{"type":"Feature","geometry":{"type":"Point","coordinates":[77.60329,13.02466]},"properties":{"name":"Ashwathkatte Sultanpalya"}},{"type":"Feature","geometry":{"type":"Point","coordinates":[77.60161,13.02886]},"properties":{"name":"Manorayanapalya"}},{"type":"Feature","geometry":{"type":"Point","coordinates":[77.59963,13.03514]},"properties":{"name":"Jolanayakanahalli"}},{"type":"Feature","geometry":{"type":"Point","coordinates":[77.59929,13.03346]},"properties":{"name":"Chamundi Nagara"}},{"type":"Feature","geometry":{"type":"Point","coordinates":[77.59921,13.03329]},"properties":{"name":"Chamundi Nagara"}},{"type":"Feature","geometry":{"type":"Point","coordinates":[77.59972,13.0352]},"properties":{"name":"Jolanayakanahalli"}},{"type":"Feature","geometry":{"type":"Point","coordinates":[77.59747,13.03677]},"properties":{"name":"Cholanayakanahalli"}},{"type":"Feature","geometry":{"type":"Point","coordinates":[77.59742,13.03671]},"properties":{"name":"Cholanayakanahalli"}},{"type":"Feature","geometry":{"type":"Point","coordinates":[77.60169,13.02889]},"properties":{"name":"Manorayanapalya"}},{"type":"Feature","geometry":{"type":"Point","coordinates":[77.60449,13.02847]},"properties":{"name":"Ashwathkatte Manorayanapalya"}},{"type":"Feature","geometry":{"type":"Point","coordinates":[77.60395,13.02662]},"properties":{"name":"Sultanpalya"}},{"type":"Feature","geometry":{"type":"Point","coordinates":[77.61895,13.03296]},"properties":{"name":"Govindapura"}},{"type":"Feature","geometry":{"type":"Point","coordinates":[77.61892,13.03304]},"properties":{"name":"Govindapura"}},{"type":"Feature","geometry":{"type":"Point","coordinates":[77.70359,12.86832]},"properties":{"name":"Gattahalli"}},{"type":"Feature","geometry":{"type":"Point","coordinates":[77.69504,12.85997]},"properties":{"name":"Chikka Nagamangala"}},{"type":"Feature","geometry":{"type":"Point","coordinates":[77.67491,12.86231]},"properties":{"name":"Dodda Nagamangala"}},{"type":"Feature","geometry":{"type":"Point","coordinates":[77.65834,12.87037]},"properties":{"name":"New MICO Gate"}},{"type":"Feature","geometry":{"type":"Point","coordinates":[77.6664,12.87372]},"properties":{"name":"Bengaluru Central Jail"}},{"type":"Feature","geometry":{"type":"Point","coordinates":[77.67112,12.8757]},"properties":{"name":"Rayasandra Circle"}},{"type":"Feature","geometry":{"type":"Point","coordinates":[77.59872,13.01825]},"properties":{"name":"Thimmayya Garden"}},{"type":"Feature","geometry":{"type":"Point","coordinates":[77.5986,13.01844]},"properties":{"name":"Thimmayya Garden"}},{"type":"Feature","geometry":{"type":"Point","coordinates":[77.59969,13.00454]},"properties":{"name":"Marappa Garden"}},{"type":"Feature","geometry":{"type":"Point","coordinates":[77.68133,12.88926]},"properties":{"name":"Choodasandra"}},{"type":"Feature","geometry":{"type":"Point","coordinates":[77.59253,13.02169]},"properties":{"name":"Post Office RT Nagara"}},{"type":"Feature","geometry":{"type":"Point","coordinates":[77.67126,12.87569]},"properties":{"name":"Rayasandra Circle"}},{"type":"Feature","geometry":{"type":"Point","coordinates":[77.59177,13.01747]},"properties":{"name":"Rehamathnagara"}},{"type":"Feature","geometry":{"type":"Point","coordinates":[77.66641,12.87362]},"properties":{"name":"Bengaluru Central Jail"}},{"type":"Feature","geometry":{"type":"Point","coordinates":[77.65783,12.881]},"properties":{"name":"Parappana Agrahara"}},{"type":"Feature","geometry":{"type":"Point","coordinates":[77.65406,12.87063]},"properties":{"name":"Hosa Road"}},{"type":"Feature","geometry":{"type":"Point","coordinates":[77.66039,12.90149]},"properties":{"name":"Haraluru"}},{"type":"Feature","geometry":{"type":"Point","coordinates":[77.64072,13.06642]},"properties":{"name":"K Narayanapura Main Bus Stand"}},{"type":"Feature","geometry":{"type":"Point","coordinates":[77.67101,13.05451]},"properties":{"name":"Bilishivale"}},{"type":"Feature","geometry":{"type":"Point","coordinates":[77.6708,13.05446]},"properties":{"name":"Bileshivale"}},{"type":"Feature","geometry":{"type":"Point","coordinates":[77.65187,13.06442]},"properties":{"name":"Gubbi Cross"}},{"type":"Feature","geometry":{"type":"Point","coordinates":[77.64073,13.06627]},"properties":{"name":"K Narayanapura Main Bus Stand"}},{"type":"Feature","geometry":{"type":"Point","coordinates":[77.65159,13.07533]},"properties":{"name":"Poornaprajna School"}},{"type":"Feature","geometry":{"type":"Point","coordinates":[77.65429,13.08431]},"properties":{"name":"Chikkagubbi Cross"}},{"type":"Feature","geometry":{"type":"Point","coordinates":[77.65489,13.08664]},"properties":{"name":"Church"}},{"type":"Feature","geometry":{"type":"Point","coordinates":[77.65424,13.09323]},"properties":{"name":"Kannuru"}},{"type":"Feature","geometry":{"type":"Point","coordinates":[77.66088,13.10614]},"properties":{"name":"Hosuru Bande"}},{"type":"Feature","geometry":{"type":"Point","coordinates":[77.68745,13.11357]},"properties":{"name":"Chokkanahalli"}},{"type":"Feature","geometry":{"type":"Point","coordinates":[77.66818,13.13298]},"properties":{"name":"Bagalur"}},{"type":"Feature","geometry":{"type":"Point","coordinates":[77.67461,13.14891]},"properties":{"name":"Navodaya School Bagalur"}},{"type":"Feature","geometry":{"type":"Point","coordinates":[77.68121,13.15607]},"properties":{"name":"Hoovinayakanahalli Gate"}},{"type":"Feature","geometry":{"type":"Point","coordinates":[77.6789,13.1653]},"properties":{"name":"Byalahalli"}},{"type":"Feature","geometry":{"type":"Point","coordinates":[77.67874,13.16515]},"properties":{"name":"Byalahalli"}},{"type":"Feature","geometry":{"type":"Point","coordinates":[77.69087,13.17247]},"properties":{"name":"Bande Kodigehalli Palya"}},{"type":"Feature","geometry":{"type":"Point","coordinates":[77.69091,13.17245]},"properties":{"name":"Bande Kodigehalli Palya"}},{"type":"Feature","geometry":{"type":"Point","coordinates":[77.68106,13.15609]},"properties":{"name":"Hoovinayakanahalli Gate"}},{"type":"Feature","geometry":{"type":"Point","coordinates":[77.67502,13.14911]},"properties":{"name":"Navodaya School Bagalur"}},{"type":"Feature","geometry":{"type":"Point","coordinates":[77.67124,13.14141]},"properties":{"name":"Bagalur Colony"}},{"type":"Feature","geometry":{"type":"Point","coordinates":[77.67118,13.14147]},"properties":{"name":"Bagalur Colony"}},{"type":"Feature","geometry":{"type":"Point","coordinates":[77.67836,13.1196]},"properties":{"name":"Marenahalli"}},{"type":"Feature","geometry":{"type":"Point","coordinates":[77.66467,13.10574]},"properties":{"name":"Tavakkal Hospital"}},{"type":"Feature","geometry":{"type":"Point","coordinates":[77.65829,13.10169]},"properties":{"name":"Kadasonnappanahalli Gate"}},{"type":"Feature","geometry":{"type":"Point","coordinates":[77.65338,13.08146]},"properties":{"name":"Nagenahalli"}},{"type":"Feature","geometry":{"type":"Point","coordinates":[77.65149,13.07538]},"properties":{"name":"Poornaprajna School"}},{"type":"Feature","geometry":{"type":"Point","coordinates":[77.65142,13.07146]},"properties":{"name":"Bible Cross"}},{"type":"Feature","geometry":{"type":"Point","coordinates":[77.65162,13.07128]},"properties":{"name":"Bible Cross"}},{"type":"Feature","geometry":{"type":"Point","coordinates":[77.58405,13.02337]},"properties":{"name":"Gangenahalli"}},{"type":"Feature","geometry":{"type":"Point","coordinates":[77.57969,13.02697]},"properties":{"name":"Ashwath Nagara"}},{"type":"Feature","geometry":{"type":"Point","coordinates":[77.57755,13.03079]},"properties":{"name":"Geddalahalli"}},{"type":"Feature","geometry":{"type":"Point","coordinates":[77.5757,13.034]},"properties":{"name":"Sanjayanagara"}},{"type":"Feature","geometry":{"type":"Point","coordinates":[77.57261,13.04626]},"properties":{"name":"Patelappa Layout"}},{"type":"Feature","geometry":{"type":"Point","coordinates":[77.57266,13.04629]},"properties":{"name":"Patelappa Layout"}},{"type":"Feature","geometry":{"type":"Point","coordinates":[77.57708,13.04263]},"properties":{"name":"Ayyappa Bakery Bhoopasandra"}},{"type":"Feature","geometry":{"type":"Point","coordinates":[77.58008,13.0425]},"properties":{"name":"RMV 2nd Stage"}},{"type":"Feature","geometry":{"type":"Point","coordinates":[77.58002,13.04243]},"properties":{"name":"RMV 2nd Stage"}},{"type":"Feature","geometry":{"type":"Point","coordinates":[77.58083,13.04245]},"properties":{"name":"Bhoopasandra"}},{"type":"Feature","geometry":{"type":"Point","coordinates":[77.58078,13.04239]},"properties":{"name":"Bhoopasandra"}},{"type":"Feature","geometry":{"type":"Point","coordinates":[77.59029,13.0433]},"properties":{"name":"Hebbala Bridge"}},{"type":"Feature","geometry":{"type":"Point","coordinates":[77.5892,13.04126]},"properties":{"name":"Hebbala"}},{"type":"Feature","geometry":{"type":"Point","coordinates":[77.57718,13.04261]},"properties":{"name":"Ayyappa Bakery Bhoopasandra"}},{"type":"Feature","geometry":{"type":"Point","coordinates":[77.57278,13.04179]},"properties":{"name":"Nagashettyhalli"}},{"type":"Feature","geometry":{"type":"Point","coordinates":[77.57424,13.03776]},"properties":{"name":"RMS Sanjayanagara"}},{"type":"Feature","geometry":{"type":"Point","coordinates":[77.57568,13.0342]},"properties":{"name":"Sanjayanagara"}},{"type":"Feature","geometry":{"type":"Point","coordinates":[77.57753,13.03072]},"properties":{"name":"Geddalahalli"}},{"type":"Feature","geometry":{"type":"Point","coordinates":[77.57992,13.02679]},"properties":{"name":"Ashwath Nagara"}},{"type":"Feature","geometry":{"type":"Point","coordinates":[77.58915,13.02626]},"properties":{"name":"Vasanthappa Block"}},{"type":"Feature","geometry":{"type":"Point","coordinates":[77.52854,13.12771]},"properties":{"name":"Mavallipura"}},{"type":"Feature","geometry":{"type":"Point","coordinates":[77.52861,13.12784]},"properties":{"name":"Mavallipura"}},{"type":"Feature","geometry":{"type":"Point","coordinates":[77.50548,13.04522]},"properties":{"name":"8th Mile"}},{"type":"Feature","geometry":{"type":"Point","coordinates":[77.50484,13.04093]},"properties":{"name":"Rukmini Nagara"}},{"type":"Feature","geometry":{"type":"Point","coordinates":[77.53483,13.13639]},"properties":{"name":"Mylappanahalli"}},{"type":"Feature","geometry":{"type":"Point","coordinates":[77.50477,13.04079]},"properties":{"name":"Rukmini Nagara"}},{"type":"Feature","geometry":{"type":"Point","coordinates":[77.50453,13.03859]},"properties":{"name":"Nagasandra Cross"}},{"type":"Feature","geometry":{"type":"Point","coordinates":[77.50447,13.03862]},"properties":{"name":"Nagasandra Cross"}},{"type":"Feature","geometry":{"type":"Point","coordinates":[77.50001,13.03941]},"properties":{"name":"Nagasandra"}},{"type":"Feature","geometry":{"type":"Point","coordinates":[77.49999,13.03946]},"properties":{"name":"Nagasandra"}},{"type":"Feature","geometry":{"type":"Point","coordinates":[77.53981,13.14015]},"properties":{"name":"New Age World School"}},{"type":"Feature","geometry":{"type":"Point","coordinates":[77.53942,13.13996]},"properties":{"name":"New Age World School"}},{"type":"Feature","geometry":{"type":"Point","coordinates":[77.54386,13.14541]},"properties":{"name":"Mid City"}},{"type":"Feature","geometry":{"type":"Point","coordinates":[77.54382,13.14515]},"properties":{"name":"Mid City"}},{"type":"Feature","geometry":{"type":"Point","coordinates":[77.55088,13.14794]},"properties":{"name":"Nitte International School"}},{"type":"Feature","geometry":{"type":"Point","coordinates":[77.55112,13.14799]},"properties":{"name":"Nitte International School"}},{"type":"Feature","geometry":{"type":"Point","coordinates":[77.54027,13.15403]},"properties":{"name":"Madappanahalli"}},{"type":"Feature","geometry":{"type":"Point","coordinates":[77.55209,13.14862]},"properties":{"name":"Mylappanahalli Cross"}},{"type":"Feature","geometry":{"type":"Point","coordinates":[77.55634,13.15153]},"properties":{"name":"RTO Office Yelahanka"}},{"type":"Feature","geometry":{"type":"Point","coordinates":[77.55639,13.15167]},"properties":{"name":"RTO Office Yelahanka"}},{"type":"Feature","geometry":{"type":"Point","coordinates":[77.49377,13.02765]},"properties":{"name":"Indiranagara"}},{"type":"Feature","geometry":{"type":"Point","coordinates":[77.55931,13.15115]},"properties":{"name":"Yediyurappa Nagara"}},{"type":"Feature","geometry":{"type":"Point","coordinates":[77.55951,13.151]},"properties":{"name":"Yediyurappa Nagara"}},{"type":"Feature","geometry":{"type":"Point","coordinates":[77.56969,13.1476]},"properties":{"name":"Singanayakanahalli Gate"}},{"type":"Feature","geometry":{"type":"Point","coordinates":[77.50408,13.0337]},"properties":{"name":"HMT Layout 8th Mile"}},{"type":"Feature","geometry":{"type":"Point","coordinates":[77.50413,13.03366]},"properties":{"name":"HMT Layout"}},{"type":"Feature","geometry":{"type":"Point","coordinates":[77.48896,13.02605]},"properties":{"name":"Siddartha School Cross"}},{"type":"Feature","geometry":{"type":"Point","coordinates":[77.48897,13.02612]},"properties":{"name":"Siddartha School Cross"}},{"type":"Feature","geometry":{"type":"Point","coordinates":[77.53463,13.25435]},"properties":{"name":"Mazara Hosahalli"}},{"type":"Feature","geometry":{"type":"Point","coordinates":[77.53461,13.25441]},"properties":{"name":"Mazara Hosahalli"}},{"type":"Feature","geometry":{"type":"Point","coordinates":[77.53251,13.26351]},"properties":{"name":"Chikka Tumkur"}},{"type":"Feature","geometry":{"type":"Point","coordinates":[77.53262,13.26368]},"properties":{"name":"Chikka Tumkur"}},{"type":"Feature","geometry":{"type":"Point","coordinates":[77.53886,13.25266]},"properties":{"name":"Chikka Tumkur Cross"}},{"type":"Feature","geometry":{"type":"Point","coordinates":[77.53883,13.25273]},"properties":{"name":"Chikka Tumkur Cross"}},{"type":"Feature","geometry":{"type":"Point","coordinates":[77.54819,13.24845]},"properties":{"name":"Mazara Hosahalli Cross"}},{"type":"Feature","geometry":{"type":"Point","coordinates":[77.53104,13.22616]},"properties":{"name":"Dodda Tumkur"}},{"type":"Feature","geometry":{"type":"Point","coordinates":[77.53106,13.22618]},"properties":{"name":"Dodda Tumkur"}},{"type":"Feature","geometry":{"type":"Point","coordinates":[77.54198,13.22212]},"properties":{"name":"Nellukunte"}},{"type":"Feature","geometry":{"type":"Point","coordinates":[77.54186,13.22207]},"properties":{"name":"Nellukunte"}},{"type":"Feature","geometry":{"type":"Point","coordinates":[77.54935,13.22273]},"properties":{"name":"Marasandra Gate"}},{"type":"Feature","geometry":{"type":"Point","coordinates":[77.55255,13.21651]},"properties":{"name":"Aradeshanahalli Gate"}},{"type":"Feature","geometry":{"type":"Point","coordinates":[77.55532,13.21752]},"properties":{"name":"MES College Aradeshanahalli Road"}},{"type":"Feature","geometry":{"type":"Point","coordinates":[77.55551,13.21752]},"properties":{"name":"MES College Aradeshanahalli Road"}},{"type":"Feature","geometry":{"type":"Point","coordinates":[77.57661,13.22559]},"properties":{"name":"Basavanapura"}},{"type":"Feature","geometry":{"type":"Point","coordinates":[77.57642,13.22564]},"properties":{"name":"Basavanapura"}},{"type":"Feature","geometry":{"type":"Point","coordinates":[77.56373,13.22253]},"properties":{"name":"Aradeshanahalli"}},{"type":"Feature","geometry":{"type":"Point","coordinates":[77.56355,13.22242]},"properties":{"name":"Aradeshanahalli"}},{"type":"Feature","geometry":{"type":"Point","coordinates":[77.58824,13.20869]},"properties":{"name":"Bettenahalli"}},{"type":"Feature","geometry":{"type":"Point","coordinates":[77.58828,13.20878]},"properties":{"name":"Bettenahalli"}},{"type":"Feature","geometry":{"type":"Point","coordinates":[77.38313,12.9896]},"properties":{"name":"Lakshmipura"}},{"type":"Feature","geometry":{"type":"Point","coordinates":[77.39188,12.98369]},"properties":{"name":"Gangenahalli"}},{"type":"Feature","geometry":{"type":"Point","coordinates":[77.3919,12.98363]},"properties":{"name":"Gangenahalli"}},{"type":"Feature","geometry":{"type":"Point","coordinates":[77.38718,12.9835]},"properties":{"name":"Jn of Gangenahalli"}},{"type":"Feature","geometry":{"type":"Point","coordinates":[77.38713,12.98348]},"properties":{"name":"Jn of Gangenahalli"}},{"type":"Feature","geometry":{"type":"Point","coordinates":[77.38868,12.97051]},"properties":{"name":"Byachakuppe"}},{"type":"Feature","geometry":{"type":"Point","coordinates":[77.3886,12.96756]},"properties":{"name":"Peddanapalya Cross"}},{"type":"Feature","geometry":{"type":"Point","coordinates":[77.38111,12.96541]},"properties":{"name":"Deva Machohalli Cross"}},{"type":"Feature","geometry":{"type":"Point","coordinates":[77.37414,12.97383]},"properties":{"name":"Karekal Cross"}},{"type":"Feature","geometry":{"type":"Point","coordinates":[77.3657,12.97471]},"properties":{"name":"RINAC Factory Marenahalli"}},{"type":"Feature","geometry":{"type":"Point","coordinates":[77.36173,12.97324]},"properties":{"name":"Marenahalli"}},{"type":"Feature","geometry":{"type":"Point","coordinates":[77.35954,12.96053]},"properties":{"name":"Cholanayakanahalli"}},{"type":"Feature","geometry":{"type":"Point","coordinates":[77.32498,12.96137]},"properties":{"name":"Shanubhoganahalli"}},{"type":"Feature","geometry":{"type":"Point","coordinates":[77.31203,12.95528]},"properties":{"name":"Varadenahalli Handpost"}},{"type":"Feature","geometry":{"type":"Point","coordinates":[77.31199,12.9554]},"properties":{"name":"Varadenahalli Handpost"}},{"type":"Feature","geometry":{"type":"Point","coordinates":[77.34721,12.87955]},"properties":{"name":"Shanthinagara Chikkanahalli"}},{"type":"Feature","geometry":{"type":"Point","coordinates":[77.34728,12.87949]},"properties":{"name":"Shanthinagara Manchanabele"}},{"type":"Feature","geometry":{"type":"Point","coordinates":[77.68392,12.9962]},"properties":{"name":"B Narayanapura Ring Road"}},{"type":"Feature","geometry":{"type":"Point","coordinates":[77.68369,12.99624]},"properties":{"name":"B Narayanapura Ring Road"}},{"type":"Feature","geometry":{"type":"Point","coordinates":[77.68761,12.99118]},"properties":{"name":"Mahadevapura Ring Road"}},{"type":"Feature","geometry":{"type":"Point","coordinates":[77.68724,12.99133]},"properties":{"name":"Mahadevapura Ring Road"}},{"type":"Feature","geometry":{"type":"Point","coordinates":[77.69517,12.97898]},"properties":{"name":"Dodda Nekkundi"}},{"type":"Feature","geometry":{"type":"Point","coordinates":[77.69461,12.97958]},"properties":{"name":"Dodda Nekkundi"}},{"type":"Feature","geometry":{"type":"Point","coordinates":[77.70168,12.9682]},"properties":{"name":"Karthik Nagara"}},{"type":"Feature","geometry":{"type":"Point","coordinates":[77.70147,12.96823]},"properties":{"name":"Karthik Nagara"}},{"type":"Feature","geometry":{"type":"Point","coordinates":[77.70139,12.95985]},"properties":{"name":"Marathahalli Bridge"}},{"type":"Feature","geometry":{"type":"Point","coordinates":[77.7013,12.96026]},"properties":{"name":"Marathahalli Bridge"}},{"type":"Feature","geometry":{"type":"Point","coordinates":[77.70091,12.95574]},"properties":{"name":"Marathahalli Bridge"}},{"type":"Feature","geometry":{"type":"Point","coordinates":[77.6997,12.95155]},"properties":{"name":"Multiplex Marathahalli Marthahalli Bridge"}},{"type":"Feature","geometry":{"type":"Point","coordinates":[77.70182,12.95696]},"properties":{"name":"Marathahalli Bridge"}},{"type":"Feature","geometry":{"type":"Point","coordinates":[77.69116,12.93532]},"properties":{"name":"New Horizon College"}},{"type":"Feature","geometry":{"type":"Point","coordinates":[77.68689,12.93143]},"properties":{"name":"Devarabisanahalli"}},{"type":"Feature","geometry":{"type":"Point","coordinates":[77.68052,12.92775]},"properties":{"name":"Eco Space"}},{"type":"Feature","geometry":{"type":"Point","coordinates":[77.67429,12.92473]},"properties":{"name":"Bellanduru City Light Appartment"}},{"type":"Feature","geometry":{"type":"Point","coordinates":[77.32499,12.96151]},"properties":{"name":"Shanubhoganahalli"}},{"type":"Feature","geometry":{"type":"Point","coordinates":[77.66604,12.92093]},"properties":{"name":"Jn of Sarjapura Ring Road"}},{"type":"Feature","geometry":{"type":"Point","coordinates":[77.66219,12.92147]},"properties":{"name":"Ibblur"}},{"type":"Feature","geometry":{"type":"Point","coordinates":[77.36584,12.97481]},"properties":{"name":"RINAC Factory Marenahalli"}},{"type":"Feature","geometry":{"type":"Point","coordinates":[77.37413,12.97395]},"properties":{"name":"Karekal Cross"}},{"type":"Feature","geometry":{"type":"Point","coordinates":[77.38113,12.96551]},"properties":{"name":"Deva Machohalli Cross"}},{"type":"Feature","geometry":{"type":"Point","coordinates":[77.67076,12.92335]},"properties":{"name":"Petrol Bunk Bellanduru"}},{"type":"Feature","geometry":{"type":"Point","coordinates":[77.38932,12.95861]},"properties":{"name":"Peddanapalya"}},{"type":"Feature","geometry":{"type":"Point","coordinates":[77.38118,12.94698]},"properties":{"name":"Puradapalya"}},{"type":"Feature","geometry":{"type":"Point","coordinates":[77.37782,12.9401]},"properties":{"name":"Jodi Aladamara"}},{"type":"Feature","geometry":{"type":"Point","coordinates":[77.36868,12.92286]},"properties":{"name":"Hunnigere"}},{"type":"Feature","geometry":{"type":"Point","coordinates":[77.36979,12.91059]},"properties":{"name":"Chandrappa Circle"}},{"type":"Feature","geometry":{"type":"Point","coordinates":[77.6802,12.92781]},"properties":{"name":"Eco Space"}},{"type":"Feature","geometry":{"type":"Point","coordinates":[77.68655,12.93143]},"properties":{"name":"Devarabisanahalli"}},{"type":"Feature","geometry":{"type":"Point","coordinates":[77.69056,12.93505]},"properties":{"name":"New Horizon College"}},{"type":"Feature","geometry":{"type":"Point","coordinates":[77.36978,12.91051]},"properties":{"name":"Chandrappa Circle"}},{"type":"Feature","geometry":{"type":"Point","coordinates":[77.69701,12.94253]},"properties":{"name":"JP Morgan"}},{"type":"Feature","geometry":{"type":"Point","coordinates":[77.7,12.95228]},"properties":{"name":"Multiplex Marathahalli Marthahalli Bridge"}},{"type":"Feature","geometry":{"type":"Point","coordinates":[77.70048,12.95488]},"properties":{"name":"Marathahalli Bridge"}},{"type":"Feature","geometry":{"type":"Point","coordinates":[77.36875,12.91997]},"properties":{"name":"Huluvenahalli Gate"}},{"type":"Feature","geometry":{"type":"Point","coordinates":[77.36862,12.91992]},"properties":{"name":"Huluvenahalli Gate"}},{"type":"Feature","geometry":{"type":"Point","coordinates":[77.37181,12.93284]},"properties":{"name":"Kudusiddanapalya"}},{"type":"Feature","geometry":{"type":"Point","coordinates":[77.37784,12.94004]},"properties":{"name":"Jodi Aladamara"}},{"type":"Feature","geometry":{"type":"Point","coordinates":[77.3811,12.94694]},"properties":{"name":"Puradapalya"}},{"type":"Feature","geometry":{"type":"Point","coordinates":[77.38863,12.96764]},"properties":{"name":"Peddanapalya Cross"}},{"type":"Feature","geometry":{"type":"Point","coordinates":[77.684,13.00038]},"properties":{"name":"B Narayanapura"}},{"type":"Feature","geometry":{"type":"Point","coordinates":[77.69071,12.99735]},"properties":{"name":"Mahadevapura"}},{"type":"Feature","geometry":{"type":"Point","coordinates":[77.69375,12.99621]},"properties":{"name":"Singainapalya"}},{"type":"Feature","geometry":{"type":"Point","coordinates":[77.69505,12.99567]},"properties":{"name":"Singaianapalya Phoenix"}},{"type":"Feature","geometry":{"type":"Point","coordinates":[77.70153,12.99393]},"properties":{"name":"Garudacharpalya"}},{"type":"Feature","geometry":{"type":"Point","coordinates":[77.70171,12.99402]},"properties":{"name":"Garudacharpalya"}},{"type":"Feature","geometry":{"type":"Point","coordinates":[77.69347,12.99614]},"properties":{"name":"Singaianapalya"}},{"type":"Feature","geometry":{"type":"Point","coordinates":[77.68398,13.00026]},"properties":{"name":"B Narayanapura"}},{"type":"Feature","geometry":{"type":"Point","coordinates":[77.67666,13.00612]},"properties":{"name":"Vijinapura"}},{"type":"Feature","geometry":{"type":"Point","coordinates":[77.67671,13.00625]},"properties":{"name":"Vijinapura"}},{"type":"Feature","geometry":{"type":"Point","coordinates":[77.66274,12.99718]},"properties":{"name":"Benniganahalli Bridge"}},{"type":"Feature","geometry":{"type":"Point","coordinates":[77.607,12.9659]},"properties":{"name":"Shoole Circle"}},{"type":"Feature","geometry":{"type":"Point","coordinates":[77.60685,12.96552]},"properties":{"name":"Shoole Circle"}},{"type":"Feature","geometry":{"type":"Point","coordinates":[77.60678,12.96324]},"properties":{"name":"Johnson Market"}},{"type":"Feature","geometry":{"type":"Point","coordinates":[77.60695,12.96348]},"properties":{"name":"Johnson Market"}},{"type":"Feature","geometry":{"type":"Point","coordinates":[77.60624,12.9581]},"properties":{"name":"Elgin Floor Mill"}},{"type":"Feature","geometry":{"type":"Point","coordinates":[77.60605,12.95784]},"properties":{"name":"Elgin Floor Mill"}},{"type":"Feature","geometry":{"type":"Point","coordinates":[77.60543,12.95283]},"properties":{"name":"Anepalya"}},{"type":"Feature","geometry":{"type":"Point","coordinates":[77.60525,12.95302]},"properties":{"name":"Anepalya"}},{"type":"Feature","geometry":{"type":"Point","coordinates":[77.60877,12.95194]},"properties":{"name":"Anepalya"}},{"type":"Feature","geometry":{"type":"Point","coordinates":[77.60504,12.95256]},"properties":{"name":"Indian Christian Cemetry"}},{"type":"Feature","geometry":{"type":"Point","coordinates":[77.60303,12.94417]},"properties":{"name":"MICO Factory Junction"}},{"type":"Feature","geometry":{"type":"Point","coordinates":[77.60286,12.9443]},"properties":{"name":"MICO Factory Junction"}},{"type":"Feature","geometry":{"type":"Point","coordinates":[77.60458,12.94426]},"properties":{"name":"MICO Gate Adugodi"}},{"type":"Feature","geometry":{"type":"Point","coordinates":[77.60532,12.94399]},"properties":{"name":"MICO Gate Adugodi"}},{"type":"Feature","geometry":{"type":"Point","coordinates":[77.6078,12.94379]},"properties":{"name":"Adugodi"}},{"type":"Feature","geometry":{"type":"Point","coordinates":[77.60769,12.94372]},"properties":{"name":"Adugodi"}},{"type":"Feature","geometry":{"type":"Point","coordinates":[77.6096,12.93983]},"properties":{"name":"Adugodi Police Statiion"}},{"type":"Feature","geometry":{"type":"Point","coordinates":[77.60967,12.93895]},"properties":{"name":"Adugodi Police Statiion"}},{"type":"Feature","geometry":{"type":"Point","coordinates":[77.6124,12.93475]},"properties":{"name":"Forum Mall"}},{"type":"Feature","geometry":{"type":"Point","coordinates":[77.61427,12.93538]},"properties":{"name":"Jyothi Nivas College"}},{"type":"Feature","geometry":{"type":"Point","coordinates":[77.6143,12.93528]},"properties":{"name":"Jyothi Nivas College"}},{"type":"Feature","geometry":{"type":"Point","coordinates":[77.61844,12.93736]},"properties":{"name":"Kalyana Mantapa Koramangala"}},{"type":"Feature","geometry":{"type":"Point","coordinates":[77.61851,12.93725]},"properties":{"name":"Kalyana Mantapa Koramangala"}},{"type":"Feature","geometry":{"type":"Point","coordinates":[77.62163,12.9417]},"properties":{"name":"Police Station Koramangala"}},{"type":"Feature","geometry":{"type":"Point","coordinates":[77.62174,12.94164]},"properties":{"name":"Police Station Koramangala"}},{"type":"Feature","geometry":{"type":"Point","coordinates":[77.62248,12.94271]},"properties":{"name":"Indoor Stadium"}},{"type":"Feature","geometry":{"type":"Point","coordinates":[77.62731,12.93676]},"properties":{"name":"Sony World 80ft Road Koramangala"}},{"type":"Feature","geometry":{"type":"Point","coordinates":[77.62646,12.93788]},"properties":{"name":"Sony World 80ft Road Koramangala"}},{"type":"Feature","geometry":{"type":"Point","coordinates":[77.62739,12.93684]},"properties":{"name":"Sony World 80ft Road Koramangala"}},{"type":"Feature","geometry":{"type":"Point","coordinates":[77.53747,12.95115]},"properties":{"name":"Deepanjali Nagara"}},{"type":"Feature","geometry":{"type":"Point","coordinates":[77.62253,12.9428]},"properties":{"name":"Indoor Stadium"}},{"type":"Feature","geometry":{"type":"Point","coordinates":[77.54191,12.95331]},"properties":{"name":"Bapujinagara"}},{"type":"Feature","geometry":{"type":"Point","coordinates":[77.54776,12.95643]},"properties":{"name":"New Guddadahalli"}},{"type":"Feature","geometry":{"type":"Point","coordinates":[77.55177,12.95736]},"properties":{"name":"Mysore Road TollGate"}},{"type":"Feature","geometry":{"type":"Point","coordinates":[77.55872,12.96291]},"properties":{"name":"Maramma Temple"}},{"type":"Feature","geometry":{"type":"Point","coordinates":[77.6199,12.94869]},"properties":{"name":"National Games Village Gate"}},{"type":"Feature","geometry":{"type":"Point","coordinates":[77.55783,12.96349]},"properties":{"name":"Goripalya"}},{"type":"Feature","geometry":{"type":"Point","coordinates":[77.55486,12.96461]},"properties":{"name":"Jaga Jeevan Ram Nagara"}},{"type":"Feature","geometry":{"type":"Point","coordinates":[77.55434,12.96427]},"properties":{"name":"Jaga Jeevan Ram Nagara"}},{"type":"Feature","geometry":{"type":"Point","coordinates":[77.62132,12.95141]},"properties":{"name":"Ravi Tent"}},{"type":"Feature","geometry":{"type":"Point","coordinates":[77.55904,12.96304]},"properties":{"name":"Maramma Temple"}},{"type":"Feature","geometry":{"type":"Point","coordinates":[77.56495,12.97535]},"properties":{"name":"Hunasemara"}},{"type":"Feature","geometry":{"type":"Point","coordinates":[77.56173,12.96439]},"properties":{"name":"Binnypet"}},{"type":"Feature","geometry":{"type":"Point","coordinates":[77.61972,12.97068]},"properties":{"name":"Trinity Circle"}},{"type":"Feature","geometry":{"type":"Point","coordinates":[77.61957,12.97083]},"properties":{"name":"Trinity Circle"}},{"type":"Feature","geometry":{"type":"Point","coordinates":[77.61999,12.97339]},"properties":{"name":"Trinity Circle"}},{"type":"Feature","geometry":{"type":"Point","coordinates":[77.62006,12.97503]},"properties":{"name":"Begum Mall"}},{"type":"Feature","geometry":{"type":"Point","coordinates":[77.61999,12.97604]},"properties":{"name":"Gurudwara"}},{"type":"Feature","geometry":{"type":"Point","coordinates":[77.62011,12.97607]},"properties":{"name":"Gurudwara"}},{"type":"Feature","geometry":{"type":"Point","coordinates":[77.56431,12.96205]},"properties":{"name":"Police Quarters"}},{"type":"Feature","geometry":{"type":"Point","coordinates":[77.56779,12.96333]},"properties":{"name":"Vinayaka Talkies"}},{"type":"Feature","geometry":{"type":"Point","coordinates":[77.56882,12.9613]},"properties":{"name":"Rayan Circle"}},{"type":"Feature","geometry":{"type":"Point","coordinates":[77.56791,12.96041]},"properties":{"name":"Rayan Circle"}},{"type":"Feature","geometry":{"type":"Point","coordinates":[77.56358,12.96033]},"properties":{"name":"Water Tank Chamarajapet"}},{"type":"Feature","geometry":{"type":"Point","coordinates":[77.55941,12.95773]},"properties":{"name":"Raghavendra Colony"}},{"type":"Feature","geometry":{"type":"Point","coordinates":[77.55923,12.95685]},"properties":{"name":"TR Mill"}},{"type":"Feature","geometry":{"type":"Point","coordinates":[77.56285,12.95705]},"properties":{"name":"Rama Mandira Chamarajapet"}},{"type":"Feature","geometry":{"type":"Point","coordinates":[77.56387,12.95698]},"properties":{"name":"Rama Mandira Chamarajapet"}},{"type":"Feature","geometry":{"type":"Point","coordinates":[77.56711,12.95707]},"properties":{"name":"Chamarajapet"}},{"type":"Feature","geometry":{"type":"Point","coordinates":[77.56747,12.95613]},"properties":{"name":"Chamarajapet"}},{"type":"Feature","geometry":{"type":"Point","coordinates":[77.56759,12.95345]},"properties":{"name":"Bengaluru High School"}},{"type":"Feature","geometry":{"type":"Point","coordinates":[77.57084,12.94581]},"properties":{"name":"Gandhi Bazaar"}},{"type":"Feature","geometry":{"type":"Point","coordinates":[77.57059,12.94817]},"properties":{"name":"North Road"}},{"type":"Feature","geometry":{"type":"Point","coordinates":[77.57382,12.94933]},"properties":{"name":"National College"}},{"type":"Feature","geometry":{"type":"Point","coordinates":[77.5736,12.95301]},"properties":{"name":"Mahila Seva Samaja"}},{"type":"Feature","geometry":{"type":"Point","coordinates":[77.57383,12.95661]},"properties":{"name":"Makkala Koota"}},{"type":"Feature","geometry":{"type":"Point","coordinates":[77.57387,12.95361]},"properties":{"name":"Mahila Seva Samaja"}},{"type":"Feature","geometry":{"type":"Point","coordinates":[77.57358,12.94841]},"properties":{"name":"National College"}},{"type":"Feature","geometry":{"type":"Point","coordinates":[77.57574,12.94833]},"properties":{"name":"Vasavi Vidya Mandira"}},{"type":"Feature","geometry":{"type":"Point","coordinates":[77.57754,12.9532]},"properties":{"name":"Sajjan Rao Circle"}},{"type":"Feature","geometry":{"type":"Point","coordinates":[77.57677,12.95324]},"properties":{"name":"Sajjan Rao Circle"}},{"type":"Feature","geometry":{"type":"Point","coordinates":[77.5773,12.95592]},"properties":{"name":"Basappa Circle"}},{"type":"Feature","geometry":{"type":"Point","coordinates":[77.57719,12.9559]},"properties":{"name":"Basappa Circle"}},{"type":"Feature","geometry":{"type":"Point","coordinates":[77.57674,12.95309]},"properties":{"name":"Sajjan Rao Circle"}},{"type":"Feature","geometry":{"type":"Point","coordinates":[77.57719,12.95194]},"properties":{"name":"Sajjan Rao Circle"}},{"type":"Feature","geometry":{"type":"Point","coordinates":[77.5769,12.94261]},"properties":{"name":"MN Krishna Rao Park"}},{"type":"Feature","geometry":{"type":"Point","coordinates":[77.57906,12.94815]},"properties":{"name":"Lalbagh West Gate"}},{"type":"Feature","geometry":{"type":"Point","coordinates":[77.57059,12.94828]},"properties":{"name":"North Road"}},{"type":"Feature","geometry":{"type":"Point","coordinates":[77.56799,12.94294]},"properties":{"name":"Bull Temple"}},{"type":"Feature","geometry":{"type":"Point","coordinates":[77.56701,12.94164]},"properties":{"name":"BMS College"}},{"type":"Feature","geometry":{"type":"Point","coordinates":[77.56254,12.93701]},"properties":{"name":"Ashoka Nagara"}},{"type":"Feature","geometry":{"type":"Point","coordinates":[77.56079,12.93523]},"properties":{"name":"Vidyapeeta Circle"}},{"type":"Feature","geometry":{"type":"Point","coordinates":[77.55557,12.93178]},"properties":{"name":"Krishnasagara"}},{"type":"Feature","geometry":{"type":"Point","coordinates":[77.5534,12.93037]},"properties":{"name":"Vivekananda Nagara"}},{"type":"Feature","geometry":{"type":"Point","coordinates":[77.70569,13.1323]},"properties":{"name":"Maralakunte"}},{"type":"Feature","geometry":{"type":"Point","coordinates":[77.70567,13.13228]},"properties":{"name":"Maralakunte"}},{"type":"Feature","geometry":{"type":"Point","coordinates":[77.718,13.13574]},"properties":{"name":"Hosahalli"}},{"type":"Feature","geometry":{"type":"Point","coordinates":[77.71778,13.13577]},"properties":{"name":"Hosahalli"}},{"type":"Feature","geometry":{"type":"Point","coordinates":[77.55332,12.93026]},"properties":{"name":"Vivekananda Nagara"}},{"type":"Feature","geometry":{"type":"Point","coordinates":[77.55571,12.93211]},"properties":{"name":"Krishnasagara"}},{"type":"Feature","geometry":{"type":"Point","coordinates":[77.72578,13.1352]},"properties":{"name":"Manchappanahalli Gate"}},{"type":"Feature","geometry":{"type":"Point","coordinates":[77.72571,13.13514]},"properties":{"name":"Manchappanahalli Gate"}},{"type":"Feature","geometry":{"type":"Point","coordinates":[77.55781,12.93338]},"properties":{"name":"ITI Layout"}},{"type":"Feature","geometry":{"type":"Point","coordinates":[77.5607,12.93519]},"properties":{"name":"Vidyapeeta Circle"}},{"type":"Feature","geometry":{"type":"Point","coordinates":[77.5595,12.93645]},"properties":{"name":"Shankarnagh Circle"}},{"type":"Feature","geometry":{"type":"Point","coordinates":[77.5571,12.9381]},"properties":{"name":"Srinivasa Nagara"}},{"type":"Feature","geometry":{"type":"Point","coordinates":[77.55956,12.93667]},"properties":{"name":"Shankarnagh Circle"}},{"type":"Feature","geometry":{"type":"Point","coordinates":[77.56222,12.93678]},"properties":{"name":"Ashoka Nagara"}},{"type":"Feature","geometry":{"type":"Point","coordinates":[77.56422,12.92916]},"properties":{"name":"Indira Nursing Home"}},{"type":"Feature","geometry":{"type":"Point","coordinates":[77.56814,12.92715]},"properties":{"name":"Nagalakshmi Kalyana Mantapa"}},{"type":"Feature","geometry":{"type":"Point","coordinates":[77.56993,12.92629]},"properties":{"name":"Banashankari Post Office"}},{"type":"Feature","geometry":{"type":"Point","coordinates":[77.57412,12.91981]},"properties":{"name":"Hunasemara"}},{"type":"Feature","geometry":{"type":"Point","coordinates":[77.57423,12.9197]},"properties":{"name":"Hunasemara"}},{"type":"Feature","geometry":{"type":"Point","coordinates":[77.74419,13.13758]},"properties":{"name":"Spriling School"}},{"type":"Feature","geometry":{"type":"Point","coordinates":[77.74429,13.13763]},"properties":{"name":"Spriling School"}},{"type":"Feature","geometry":{"type":"Point","coordinates":[77.57695,12.92514]},"properties":{"name":"Deepak Nursing Home"}},{"type":"Feature","geometry":{"type":"Point","coordinates":[77.74572,13.13716]},"properties":{"name":"Deshnarayanaswamy Temple"}},{"type":"Feature","geometry":{"type":"Point","coordinates":[77.74567,13.13721]},"properties":{"name":"Deshnarayanaswamy Temple"}},{"type":"Feature","geometry":{"type":"Point","coordinates":[77.74747,13.13509]},"properties":{"name":"Budigere"}},{"type":"Feature","geometry":{"type":"Point","coordinates":[77.74747,13.135]},"properties":{"name":"Budigere"}},{"type":"Feature","geometry":{"type":"Point","coordinates":[77.5764,12.93084]},"properties":{"name":"Yediyuru"}},{"type":"Feature","geometry":{"type":"Point","coordinates":[77.57899,12.93669]},"properties":{"name":"Shanthi Talkies"}},{"type":"Feature","geometry":{"type":"Point","coordinates":[77.57386,12.93589]},"properties":{"name":"Tata Silk Farm"}},{"type":"Feature","geometry":{"type":"Point","coordinates":[77.5737,12.92906]},"properties":{"name":"MM Industries"}},{"type":"Feature","geometry":{"type":"Point","coordinates":[77.57357,12.92934]},"properties":{"name":"MM Industries"}},{"type":"Feature","geometry":{"type":"Point","coordinates":[77.57375,12.93582]},"properties":{"name":"Tata Silk Farm"}},{"type":"Feature","geometry":{"type":"Point","coordinates":[77.57967,12.93707]},"properties":{"name":"South End Circle"}},{"type":"Feature","geometry":{"type":"Point","coordinates":[77.69534,13.1308]},"properties":{"name":"Yediyuru Bagalur"}},{"type":"Feature","geometry":{"type":"Point","coordinates":[77.69544,13.13087]},"properties":{"name":"Yediyuru Bagalur"}},{"type":"Feature","geometry":{"type":"Point","coordinates":[77.68849,13.13291]},"properties":{"name":"Gopalapura"}},{"type":"Feature","geometry":{"type":"Point","coordinates":[77.68835,13.13286]},"properties":{"name":"Gopalapura"}},{"type":"Feature","geometry":{"type":"Point","coordinates":[77.58002,12.93986]},"properties":{"name":"Vijaya College"}},{"type":"Feature","geometry":{"type":"Point","coordinates":[77.57992,12.94469]},"properties":{"name":"RV Teachers College"}},{"type":"Feature","geometry":{"type":"Point","coordinates":[77.67021,13.13318]},"properties":{"name":"Marenahalli Gate"}},{"type":"Feature","geometry":{"type":"Point","coordinates":[77.6703,13.13316]},"properties":{"name":"Marenahalli Gate"}},{"type":"Feature","geometry":{"type":"Point","coordinates":[77.44558,12.87809]},"properties":{"name":"Kumbalagodu"}},{"type":"Feature","geometry":{"type":"Point","coordinates":[77.44559,12.87815]},"properties":{"name":"Kumbalagodu"}},{"type":"Feature","geometry":{"type":"Point","coordinates":[77.44834,12.87354]},"properties":{"name":"YMCA Public School"}},{"type":"Feature","geometry":{"type":"Point","coordinates":[77.45048,12.87076]},"properties":{"name":"Pinto Bore"}},{"type":"Feature","geometry":{"type":"Point","coordinates":[77.45041,12.87077]},"properties":{"name":"Pinto Bore"}},{"type":"Feature","geometry":{"type":"Point","coordinates":[77.45506,12.86642]},"properties":{"name":"Thagachaguppe"}},{"type":"Feature","geometry":{"type":"Point","coordinates":[77.45501,12.86647]},"properties":{"name":"Thagachaguppe"}},{"type":"Feature","geometry":{"type":"Point","coordinates":[77.45709,12.86426]},"properties":{"name":"Devagere Cross"}},{"type":"Feature","geometry":{"type":"Point","coordinates":[77.45714,12.8643]},"properties":{"name":"Devagere Cross"}},{"type":"Feature","geometry":{"type":"Point","coordinates":[77.45281,12.85562]},"properties":{"name":"Ranga Jangama"}},{"type":"Feature","geometry":{"type":"Point","coordinates":[77.45296,12.85549]},"properties":{"name":"BGS Gudimavu"}},{"type":"Feature","geometry":{"type":"Point","coordinates":[77.45277,12.85574]},"properties":{"name":"Ranga Jangama"}},{"type":"Feature","geometry":{"type":"Point","coordinates":[77.45271,12.85575]},"properties":{"name":"Ranga Jangama"}},{"type":"Feature","geometry":{"type":"Point","coordinates":[77.44866,12.84985]},"properties":{"name":"Kullegowdanapalya Cross"}},{"type":"Feature","geometry":{"type":"Point","coordinates":[77.44863,12.84991]},"properties":{"name":"Kullegowdanapalya Cross"}},{"type":"Feature","geometry":{"type":"Point","coordinates":[77.44698,12.84672]},"properties":{"name":"Kullegowdanapalya"}},{"type":"Feature","geometry":{"type":"Point","coordinates":[77.44701,12.84667]},"properties":{"name":"Kullegowdanapalya"}},{"type":"Feature","geometry":{"type":"Point","coordinates":[77.44323,12.85125]},"properties":{"name":"Srinivasapura"}},{"type":"Feature","geometry":{"type":"Point","coordinates":[77.4433,12.85122]},"properties":{"name":"Srinivasapura"}},{"type":"Feature","geometry":{"type":"Point","coordinates":[77.44412,12.84452]},"properties":{"name":"Kenchanapalya"}},{"type":"Feature","geometry":{"type":"Point","coordinates":[77.44406,12.84457]},"properties":{"name":"Kenchanapalya"}},{"type":"Feature","geometry":{"type":"Point","coordinates":[77.45204,12.8521]},"properties":{"name":"Nalku Kamba"}},{"type":"Feature","geometry":{"type":"Point","coordinates":[77.45135,12.849]},"properties":{"name":"Eradu Kamba"}},{"type":"Feature","geometry":{"type":"Point","coordinates":[77.45126,12.84909]},"properties":{"name":"Eradu Kamba"}},{"type":"Feature","geometry":{"type":"Point","coordinates":[77.45149,12.8431]},"properties":{"name":"K Gollahalli"}},{"type":"Feature","geometry":{"type":"Point","coordinates":[77.45144,12.84321]},"properties":{"name":"K Gollahalli"}},{"type":"Feature","geometry":{"type":"Point","coordinates":[77.45168,12.8394]},"properties":{"name":"Hospital K Gollahalli"}},{"type":"Feature","geometry":{"type":"Point","coordinates":[77.45161,12.8394]},"properties":{"name":"Hospital K Gollahalli"}},{"type":"Feature","geometry":{"type":"Point","coordinates":[77.45111,12.83236]},"properties":{"name":"Gonipura"}},{"type":"Feature","geometry":{"type":"Point","coordinates":[77.45106,12.83241]},"properties":{"name":"Gonipura"}},{"type":"Feature","geometry":{"type":"Point","coordinates":[77.45249,12.81843]},"properties":{"name":"Seegehalli"}},{"type":"Feature","geometry":{"type":"Point","coordinates":[77.45245,12.81848]},"properties":{"name":"Seegehalli"}},{"type":"Feature","geometry":{"type":"Point","coordinates":[77.44975,12.81213]},"properties":{"name":"Doddakuntanahalli"}},{"type":"Feature","geometry":{"type":"Point","coordinates":[77.44968,12.8122]},"properties":{"name":"Doddakuntanahalli"}},{"type":"Feature","geometry":{"type":"Point","coordinates":[77.44935,12.82536]},"properties":{"name":"Seegehalli Cross"}},{"type":"Feature","geometry":{"type":"Point","coordinates":[77.44929,12.8254]},"properties":{"name":"Seegehalli Cross"}},{"type":"Feature","geometry":{"type":"Point","coordinates":[77.43749,12.79936]},"properties":{"name":"Parasanapalya"}},{"type":"Feature","geometry":{"type":"Point","coordinates":[77.43735,12.79937]},"properties":{"name":"Parasanapalya"}},{"type":"Feature","geometry":{"type":"Point","coordinates":[77.44139,12.79701]},"properties":{"name":"Doddy Chikkuntanahalli"}},{"type":"Feature","geometry":{"type":"Point","coordinates":[77.4413,12.79692]},"properties":{"name":"Doddy Chikkuntanahalli"}},{"type":"Feature","geometry":{"type":"Point","coordinates":[77.43842,12.79354]},"properties":{"name":"Chikkakuntanahalli"}},{"type":"Feature","geometry":{"type":"Point","coordinates":[77.43837,12.79349]},"properties":{"name":"Chikkakuntanahalli"}},{"type":"Feature","geometry":{"type":"Point","coordinates":[77.43861,12.79211]},"properties":{"name":"Chikkakuntanahalli Cross"}},{"type":"Feature","geometry":{"type":"Point","coordinates":[77.43215,12.79486]},"properties":{"name":"Shyanumangala"}},{"type":"Feature","geometry":{"type":"Point","coordinates":[77.42243,12.80467]},"properties":{"name":"Pichaguntarapalya"}},{"type":"Feature","geometry":{"type":"Point","coordinates":[77.42246,12.80474]},"properties":{"name":"Pichaguntarapalya"}},{"type":"Feature","geometry":{"type":"Point","coordinates":[77.41962,12.80785]},"properties":{"name":"Motherson Automotive Cross"}},{"type":"Feature","geometry":{"type":"Point","coordinates":[77.41964,12.8079]},"properties":{"name":"Motherson Automotive Cross"}},{"type":"Feature","geometry":{"type":"Point","coordinates":[77.41626,12.81054]},"properties":{"name":"Eagleton Resort"}},{"type":"Feature","geometry":{"type":"Point","coordinates":[77.40758,12.81516]},"properties":{"name":"Kadumane Hotel"}},{"type":"Feature","geometry":{"type":"Point","coordinates":[77.40755,12.81524]},"properties":{"name":"Kadumane Hotel"}},{"type":"Feature","geometry":{"type":"Point","coordinates":[77.45284,12.78258]},"properties":{"name":"Kodiyala"}},{"type":"Feature","geometry":{"type":"Point","coordinates":[77.45278,12.78268]},"properties":{"name":"Kodiyala"}},{"type":"Feature","geometry":{"type":"Point","coordinates":[77.45832,12.78709]},"properties":{"name":"Marnami Doddy"}},{"type":"Feature","geometry":{"type":"Point","coordinates":[77.45839,12.78703]},"properties":{"name":"Marnami Doddy"}},{"type":"Feature","geometry":{"type":"Point","coordinates":[77.46566,12.78508]},"properties":{"name":"Karenahalli"}},{"type":"Feature","geometry":{"type":"Point","coordinates":[77.46583,12.78502]},"properties":{"name":"Karenahalli"}},{"type":"Feature","geometry":{"type":"Point","coordinates":[77.48364,12.77188]},"properties":{"name":"Nelaguli"}},{"type":"Feature","geometry":{"type":"Point","coordinates":[77.48345,12.77184]},"properties":{"name":"Nelaguli"}},{"type":"Feature","geometry":{"type":"Point","coordinates":[77.49212,12.77413]},"properties":{"name":"Nelagulli Cross"}},{"type":"Feature","geometry":{"type":"Point","coordinates":[77.49664,12.7805]},"properties":{"name":"Sommanahalli Gate"}},{"type":"Feature","geometry":{"type":"Point","coordinates":[77.49671,12.78054]},"properties":{"name":"Sommanahalli Gate"}},{"type":"Feature","geometry":{"type":"Point","coordinates":[77.48942,12.7822]},"properties":{"name":"Chudahalli"}},{"type":"Feature","geometry":{"type":"Point","coordinates":[77.48948,12.78224]},"properties":{"name":"Chudahalli"}},{"type":"Feature","geometry":{"type":"Point","coordinates":[77.48377,12.78846]},"properties":{"name":"Gudipalya"}},{"type":"Feature","geometry":{"type":"Point","coordinates":[77.48388,12.78834]},"properties":{"name":"Gudipalya"}},{"type":"Feature","geometry":{"type":"Point","coordinates":[77.48389,12.79399]},"properties":{"name":"Gudipalya"}},{"type":"Feature","geometry":{"type":"Point","coordinates":[77.48377,12.79398]},"properties":{"name":"Gudipalya"}},{"type":"Feature","geometry":{"type":"Point","coordinates":[77.45065,12.98964]},"properties":{"name":"Kadabagere Cross"}},{"type":"Feature","geometry":{"type":"Point","coordinates":[77.47748,12.79239]},"properties":{"name":"Naganayakanahalli"}},{"type":"Feature","geometry":{"type":"Point","coordinates":[77.47747,12.79251]},"properties":{"name":"Naganayakanahalli"}},{"type":"Feature","geometry":{"type":"Point","coordinates":[77.44878,12.98894]},"properties":{"name":"Kadabagere Cross"}},{"type":"Feature","geometry":{"type":"Point","coordinates":[77.44262,12.99179]},"properties":{"name":"Mutturayanaswamy Temple"}},{"type":"Feature","geometry":{"type":"Point","coordinates":[77.44268,12.99177]},"properties":{"name":"Mutturayanaswamy Temple"}},{"type":"Feature","geometry":{"type":"Point","coordinates":[77.43866,12.99388]},"properties":{"name":"Raghavendra Layout"}},{"type":"Feature","geometry":{"type":"Point","coordinates":[77.43858,12.99386]},"properties":{"name":"Raghavendra Layout"}},{"type":"Feature","geometry":{"type":"Point","coordinates":[77.4332,12.99689]},"properties":{"name":"Kadabagere"}},{"type":"Feature","geometry":{"type":"Point","coordinates":[77.43317,12.99683]},"properties":{"name":"Kadabagere"}},{"type":"Feature","geometry":{"type":"Point","coordinates":[77.45962,12.82736]},"properties":{"name":"Chinnakurchi"}},{"type":"Feature","geometry":{"type":"Point","coordinates":[77.45962,12.82744]},"properties":{"name":"Chinnakurchi"}},{"type":"Feature","geometry":{"type":"Point","coordinates":[77.4348,13.00812]},"properties":{"name":"Bettahalli Cross"}},{"type":"Feature","geometry":{"type":"Point","coordinates":[77.43473,13.00817]},"properties":{"name":"Bettahalli Cross"}},{"type":"Feature","geometry":{"type":"Point","coordinates":[77.45648,13.01612]},"properties":{"name":"Bylakonenahalli"}},{"type":"Feature","geometry":{"type":"Point","coordinates":[77.45287,13.00614]},"properties":{"name":"Machohalli"}},{"type":"Feature","geometry":{"type":"Point","coordinates":[77.44274,12.99889]},"properties":{"name":"Janapriya Township"}},{"type":"Feature","geometry":{"type":"Point","coordinates":[77.44279,12.99906]},"properties":{"name":"Janapriya Township"}},{"type":"Feature","geometry":{"type":"Point","coordinates":[77.48999,12.8244]},"properties":{"name":"Thimmegowdarapalya"}},{"type":"Feature","geometry":{"type":"Point","coordinates":[77.48997,12.82433]},"properties":{"name":"Thimmegowdarapalya"}},{"type":"Feature","geometry":{"type":"Point","coordinates":[77.44228,13.00336]},"properties":{"name":"Bayandahalli Colony"}},{"type":"Feature","geometry":{"type":"Point","coordinates":[77.44235,13.0034]},"properties":{"name":"Bayandahalli Colony"}},{"type":"Feature","geometry":{"type":"Point","coordinates":[77.44215,13.00608]},"properties":{"name":"Bayandahalli"}},{"type":"Feature","geometry":{"type":"Point","coordinates":[77.44223,13.00603]},"properties":{"name":"Bayandahalli"}},{"type":"Feature","geometry":{"type":"Point","coordinates":[77.44691,13.01494]},"properties":{"name":"Vaddarahalli Cross"}},{"type":"Feature","geometry":{"type":"Point","coordinates":[77.44694,13.01486]},"properties":{"name":"Vaddarahalli Cross"}},{"type":"Feature","geometry":{"type":"Point","coordinates":[77.44311,13.0152]},"properties":{"name":"Bettahalli Colony"}},{"type":"Feature","geometry":{"type":"Point","coordinates":[77.44321,13.01521]},"properties":{"name":"Bettahalli Colony"}},{"type":"Feature","geometry":{"type":"Point","coordinates":[77.4373,13.01679]},"properties":{"name":"Bettahalli"}},{"type":"Feature","geometry":{"type":"Point","coordinates":[77.43732,13.01674]},"properties":{"name":"Bettahalli"}},{"type":"Feature","geometry":{"type":"Point","coordinates":[77.59353,12.92301]},"properties":{"name":"4th T Block Jayanagara"}},{"type":"Feature","geometry":{"type":"Point","coordinates":[77.45644,13.01614]},"properties":{"name":"Bylakonenahalli"}},{"type":"Feature","geometry":{"type":"Point","coordinates":[77.47564,12.84346]},"properties":{"name":"Hosapalya Colony"}},{"type":"Feature","geometry":{"type":"Point","coordinates":[77.47559,12.84361]},"properties":{"name":"Hosapalya Colony"}},{"type":"Feature","geometry":{"type":"Point","coordinates":[77.44842,13.01994]},"properties":{"name":"BMTC Training Centre"}},{"type":"Feature","geometry":{"type":"Point","coordinates":[77.47067,12.84621]},"properties":{"name":"Gangasandra"}},{"type":"Feature","geometry":{"type":"Point","coordinates":[77.47074,12.84624]},"properties":{"name":"Gangasandra"}},{"type":"Feature","geometry":{"type":"Point","coordinates":[77.44833,13.01986]},"properties":{"name":"BMTC Training Centre"}},{"type":"Feature","geometry":{"type":"Point","coordinates":[77.59733,12.92633]},"properties":{"name":"Cormel Convent Jayanagara"}},{"type":"Feature","geometry":{"type":"Point","coordinates":[77.59706,12.92672]},"properties":{"name":"Cormel Convent Jayanagara"}},{"type":"Feature","geometry":{"type":"Point","coordinates":[77.67016,12.79412]},"properties":{"name":"Hennagara Dinne"}},{"type":"Feature","geometry":{"type":"Point","coordinates":[77.67337,12.78816]},"properties":{"name":"Hennagara"}},{"type":"Feature","geometry":{"type":"Point","coordinates":[77.67861,12.79323]},"properties":{"name":"Hosahalli"}},{"type":"Feature","geometry":{"type":"Point","coordinates":[77.45953,13.0259]},"properties":{"name":"KG Lakkenahalli Cross"}},{"type":"Feature","geometry":{"type":"Point","coordinates":[77.45955,13.02584]},"properties":{"name":"KG Lakkenahalli Cross"}},{"type":"Feature","geometry":{"type":"Point","coordinates":[77.58746,12.92828]},"properties":{"name":"Jayanagara Church"}},{"type":"Feature","geometry":{"type":"Point","coordinates":[77.6867,12.79919]},"properties":{"name":"Kachanayakanahalli"}},{"type":"Feature","geometry":{"type":"Point","coordinates":[77.58378,12.92379]},"properties":{"name":"Jayanagara Telephone Exchange"}},{"type":"Feature","geometry":{"type":"Point","coordinates":[77.69049,12.80094]},"properties":{"name":"Kithaganahalli"}},{"type":"Feature","geometry":{"type":"Point","coordinates":[77.69074,12.80089]},"properties":{"name":"Kithaganahalli"}},{"type":"Feature","geometry":{"type":"Point","coordinates":[77.46453,13.02908]},"properties":{"name":"Gangondanahalli Cross"}},{"type":"Feature","geometry":{"type":"Point","coordinates":[77.67837,12.79285]},"properties":{"name":"Hosahalli"}},{"type":"Feature","geometry":{"type":"Point","coordinates":[77.46447,13.02912]},"properties":{"name":"Gangondanahalli Cross"}},{"type":"Feature","geometry":{"type":"Point","coordinates":[77.67308,12.78804]},"properties":{"name":"Hennagara"}},{"type":"Feature","geometry":{"type":"Point","coordinates":[77.58008,12.93303]},"properties":{"name":"Nanda Talkies"}},{"type":"Feature","geometry":{"type":"Point","coordinates":[77.46112,13.03741]},"properties":{"name":"Lakshmipura"}},{"type":"Feature","geometry":{"type":"Point","coordinates":[77.46118,13.0375]},"properties":{"name":"Lakshmipura"}},{"type":"Feature","geometry":{"type":"Point","coordinates":[77.58029,12.93247]},"properties":{"name":"Nanda Talkies"}},{"type":"Feature","geometry":{"type":"Point","coordinates":[77.67482,12.77542]},"properties":{"name":"Rajapura"}},{"type":"Feature","geometry":{"type":"Point","coordinates":[77.44981,13.02534]},"properties":{"name":"Kamadhenu Kshetra"}},{"type":"Feature","geometry":{"type":"Point","coordinates":[77.68075,12.77773]},"properties":{"name":"Hinnakki"}},{"type":"Feature","geometry":{"type":"Point","coordinates":[77.58383,12.93186]},"properties":{"name":"3rd Block Jayanagara"}},{"type":"Feature","geometry":{"type":"Point","coordinates":[77.58395,12.93352]},"properties":{"name":"3rd Block Jayanagara"}},{"type":"Feature","geometry":{"type":"Point","coordinates":[77.58395,12.93646]},"properties":{"name":"Madhavan Park"}},{"type":"Feature","geometry":{"type":"Point","coordinates":[77.58529,12.9389]},"properties":{"name":"Rani Saraladevi High School"}},{"type":"Feature","geometry":{"type":"Point","coordinates":[77.46123,13.04525]},"properties":{"name":"Rajeshwarinagara"}},{"type":"Feature","geometry":{"type":"Point","coordinates":[77.4613,13.04528]},"properties":{"name":"Rajeshwarinagara"}},{"type":"Feature","geometry":{"type":"Point","coordinates":[77.58519,12.94234]},"properties":{"name":"Ashoka Pillar"}},{"type":"Feature","geometry":{"type":"Point","coordinates":[77.5846,12.94366]},"properties":{"name":"Ashoka Pillar"}},{"type":"Feature","geometry":{"type":"Point","coordinates":[77.70179,12.77896]},"properties":{"name":"Ramakrishnapura Gate"}},{"type":"Feature","geometry":{"type":"Point","coordinates":[77.58871,12.9463]},"properties":{"name":"Siddapura"}},{"type":"Feature","geometry":{"type":"Point","coordinates":[77.7022,12.77899]},"properties":{"name":"Ramakrishnapura Gate"}},{"type":"Feature","geometry":{"type":"Point","coordinates":[77.59204,12.94781]},"properties":{"name":"Mallige Hospital"}},{"type":"Feature","geometry":{"type":"Point","coordinates":[77.48702,12.84474]},"properties":{"name":"Agara"}},{"type":"Feature","geometry":{"type":"Point","coordinates":[77.48706,12.84446]},"properties":{"name":"Agara"}},{"type":"Feature","geometry":{"type":"Point","coordinates":[77.49434,12.84408]},"properties":{"name":"Sri Swananda Ashrama"}},{"type":"Feature","geometry":{"type":"Point","coordinates":[77.59165,12.9512]},"properties":{"name":"Lalbagh Hopcoms"}},{"type":"Feature","geometry":{"type":"Point","coordinates":[77.67852,12.76222]},"properties":{"name":"Lingapura"}},{"type":"Feature","geometry":{"type":"Point","coordinates":[77.4976,12.84428]},"properties":{"name":"Stone Factory"}},{"type":"Feature","geometry":{"type":"Point","coordinates":[77.67869,12.76212]},"properties":{"name":"Lingapura"}},{"type":"Feature","geometry":{"type":"Point","coordinates":[77.4977,12.84427]},"properties":{"name":"Stone Factory"}},{"type":"Feature","geometry":{"type":"Point","coordinates":[77.50238,12.84255]},"properties":{"name":"Basappanapalya Cross"}},{"type":"Feature","geometry":{"type":"Point","coordinates":[77.50228,12.8425]},"properties":{"name":"Basappanapalya Cross"}},{"type":"Feature","geometry":{"type":"Point","coordinates":[77.50924,12.84378]},"properties":{"name":"Tataguni"}},{"type":"Feature","geometry":{"type":"Point","coordinates":[77.50916,12.84369]},"properties":{"name":"Thataguni"}},{"type":"Feature","geometry":{"type":"Point","coordinates":[77.51416,12.84542]},"properties":{"name":"Chikka Tatguni"}},{"type":"Feature","geometry":{"type":"Point","coordinates":[77.68416,12.77861]},"properties":{"name":"Hinnakki Gate"}},{"type":"Feature","geometry":{"type":"Point","coordinates":[77.51418,12.84552]},"properties":{"name":"Chikka Tatguni"}},{"type":"Feature","geometry":{"type":"Point","coordinates":[77.68057,12.77784]},"properties":{"name":"Hinnakki"}},{"type":"Feature","geometry":{"type":"Point","coordinates":[77.516,12.84858]},"properties":{"name":"Thataguni BWSSB"}},{"type":"Feature","geometry":{"type":"Point","coordinates":[77.67466,12.77541]},"properties":{"name":"Rajapura"}},{"type":"Feature","geometry":{"type":"Point","coordinates":[77.58467,12.95426]},"properties":{"name":"Lalbagh Main Gate"}},{"type":"Feature","geometry":{"type":"Point","coordinates":[77.51893,12.84993]},"properties":{"name":"Chowdeshwari Nagara Thataguni"}},{"type":"Feature","geometry":{"type":"Point","coordinates":[77.72209,12.76049]},"properties":{"name":"Hale ooru"}},{"type":"Feature","geometry":{"type":"Point","coordinates":[77.51879,12.84986]},"properties":{"name":"Chowdeshwarinagara Thataguni"}},{"type":"Feature","geometry":{"type":"Point","coordinates":[77.52203,12.84896]},"properties":{"name":"Agara Cross"}},{"type":"Feature","geometry":{"type":"Point","coordinates":[77.52202,12.84889]},"properties":{"name":"Agara Cross"}},{"type":"Feature","geometry":{"type":"Point","coordinates":[77.57785,12.95598]},"properties":{"name":"Basappa Circle"}},{"type":"Feature","geometry":{"type":"Point","coordinates":[77.44978,13.02539]},"properties":{"name":"Kamadhenu Kshetra"}},{"type":"Feature","geometry":{"type":"Point","coordinates":[77.45976,13.04918]},"properties":{"name":"Dombarahalli"}},{"type":"Feature","geometry":{"type":"Point","coordinates":[77.45492,13.02573]},"properties":{"name":"Ganesha Circle"}},{"type":"Feature","geometry":{"type":"Point","coordinates":[77.45497,13.0257]},"properties":{"name":"Ganesha Circle"}},{"type":"Feature","geometry":{"type":"Point","coordinates":[77.58523,12.96359]},"properties":{"name":"Town Hall"}},{"type":"Feature","geometry":{"type":"Point","coordinates":[77.43902,13.02985]},"properties":{"name":"Kammasandra Palya"}},{"type":"Feature","geometry":{"type":"Point","coordinates":[77.43908,13.02987]},"properties":{"name":"Kammasandra Palya"}},{"type":"Feature","geometry":{"type":"Point","coordinates":[77.67,12.79432]},"properties":{"name":"Hennagara Dinne"}},{"type":"Feature","geometry":{"type":"Point","coordinates":[77.43939,13.03453]},"properties":{"name":"Kammasandra"}},{"type":"Feature","geometry":{"type":"Point","coordinates":[77.43946,13.03454]},"properties":{"name":"Kammasandra"}},{"type":"Feature","geometry":{"type":"Point","coordinates":[77.57717,12.96016]},"properties":{"name":"KR Market"}},{"type":"Feature","geometry":{"type":"Point","coordinates":[77.5738,12.95804]},"properties":{"name":"Makkala Koota"}},{"type":"Feature","geometry":{"type":"Point","coordinates":[77.4215,13.00907]},"properties":{"name":"Kittanahalli"}},{"type":"Feature","geometry":{"type":"Point","coordinates":[77.42154,13.00912]},"properties":{"name":"Kittanahalli"}},{"type":"Feature","geometry":{"type":"Point","coordinates":[77.42038,13.01471]},"properties":{"name":"Chamundi Nagara"}},{"type":"Feature","geometry":{"type":"Point","coordinates":[77.45981,13.04906]},"properties":{"name":"Dombarahalli"}},{"type":"Feature","geometry":{"type":"Point","coordinates":[77.42182,13.01987]},"properties":{"name":"Shanthinagara Ravuttanahalli"}},{"type":"Feature","geometry":{"type":"Point","coordinates":[77.42192,13.01993]},"properties":{"name":"Shanthinagara Ravuttanahalli"}},{"type":"Feature","geometry":{"type":"Point","coordinates":[77.58803,12.96056]},"properties":{"name":"Poornima Talkies"}},{"type":"Feature","geometry":{"type":"Point","coordinates":[77.42385,13.02665]},"properties":{"name":"Ravuthanahalli"}},{"type":"Feature","geometry":{"type":"Point","coordinates":[77.42386,13.02683]},"properties":{"name":"Ravuthanahalli"}},{"type":"Feature","geometry":{"type":"Point","coordinates":[77.57905,12.94842]},"properties":{"name":"Lalbagh West Gate"}},{"type":"Feature","geometry":{"type":"Point","coordinates":[77.56808,12.95721]},"properties":{"name":"Chamarajapet"}},{"type":"Feature","geometry":{"type":"Point","coordinates":[77.39394,13.0186]},"properties":{"name":"Baleveeranahalli"}},{"type":"Feature","geometry":{"type":"Point","coordinates":[77.5539,12.9579]},"properties":{"name":"Mysore Road TollGate"}},{"type":"Feature","geometry":{"type":"Point","coordinates":[77.53273,12.96007]},"properties":{"name":"Income Tax Layout Cross"}},{"type":"Feature","geometry":{"type":"Point","coordinates":[77.68269,12.95447]},"properties":{"name":"HAL Police Station"}},{"type":"Feature","geometry":{"type":"Point","coordinates":[77.65797,12.95927]},"properties":{"name":"Murugeshpalya"}},{"type":"Feature","geometry":{"type":"Point","coordinates":[77.38429,13.02099]},"properties":{"name":"Sondekoppa"}},{"type":"Feature","geometry":{"type":"Point","coordinates":[77.38434,13.02096]},"properties":{"name":"Sondekoppa"}},{"type":"Feature","geometry":{"type":"Point","coordinates":[77.38419,13.01882]},"properties":{"name":"Kerekodi Sondekoppa"}},{"type":"Feature","geometry":{"type":"Point","coordinates":[77.38424,13.01878]},"properties":{"name":"Kerekodi Sondekoppa"}},{"type":"Feature","geometry":{"type":"Point","coordinates":[77.38347,13.01478]},"properties":{"name":"Gayathri Nagara Cross"}},{"type":"Feature","geometry":{"type":"Point","coordinates":[77.38348,13.01483]},"properties":{"name":"Gayathri Nagara Cross"}},{"type":"Feature","geometry":{"type":"Point","coordinates":[77.3942,13.00255]},"properties":{"name":"Mallasandra"}},{"type":"Feature","geometry":{"type":"Point","coordinates":[77.39414,13.00255]},"properties":{"name":"Mallasandra"}},{"type":"Feature","geometry":{"type":"Point","coordinates":[77.53117,12.96008]},"properties":{"name":"Income Tax Layout"}},{"type":"Feature","geometry":{"type":"Point","coordinates":[77.39941,12.99759]},"properties":{"name":"Chowdeshwarinagara"}},{"type":"Feature","geometry":{"type":"Point","coordinates":[77.39937,12.99756]},"properties":{"name":"Chowdeshwarinagara"}},{"type":"Feature","geometry":{"type":"Point","coordinates":[77.40234,12.99356]},"properties":{"name":"Metipalya"}},{"type":"Feature","geometry":{"type":"Point","coordinates":[77.4023,12.99352]},"properties":{"name":"Metipalya"}},{"type":"Feature","geometry":{"type":"Point","coordinates":[77.40214,12.98551]},"properties":{"name":"Varthuru"}},{"type":"Feature","geometry":{"type":"Point","coordinates":[77.4022,12.98557]},"properties":{"name":"Varthuru"}},{"type":"Feature","geometry":{"type":"Point","coordinates":[77.40065,12.97659]},"properties":{"name":"Jettipalya"}},{"type":"Feature","geometry":{"type":"Point","coordinates":[77.4006,12.97663]},"properties":{"name":"Jettipalya"}},{"type":"Feature","geometry":{"type":"Point","coordinates":[77.39938,12.96998]},"properties":{"name":"BWSSB Tavarekere"}},{"type":"Feature","geometry":{"type":"Point","coordinates":[77.39934,12.96995]},"properties":{"name":"BWSSB Tavarekere"}},{"type":"Feature","geometry":{"type":"Point","coordinates":[77.39992,12.96595]},"properties":{"name":"Tavarekere"}},{"type":"Feature","geometry":{"type":"Point","coordinates":[77.40024,12.96585]},"properties":{"name":"Tavarekere"}},{"type":"Feature","geometry":{"type":"Point","coordinates":[77.53658,12.9756]},"properties":{"name":"Govindarajanagara"}},{"type":"Feature","geometry":{"type":"Point","coordinates":[77.53651,12.97565]},"properties":{"name":"Govindarajanagara"}},{"type":"Feature","geometry":{"type":"Point","coordinates":[77.5391,12.97573]},"properties":{"name":"Sarvajna College"}},{"type":"Feature","geometry":{"type":"Point","coordinates":[77.70889,12.80873]},"properties":{"name":"Heelalige Cross"}},{"type":"Feature","geometry":{"type":"Point","coordinates":[77.70897,12.80867]},"properties":{"name":"Heelalige Cross"}},{"type":"Feature","geometry":{"type":"Point","coordinates":[77.71873,12.82079]},"properties":{"name":"Ramasagara"}},{"type":"Feature","geometry":{"type":"Point","coordinates":[77.71885,12.82089]},"properties":{"name":"Ramasagara"}},{"type":"Feature","geometry":{"type":"Point","coordinates":[77.71973,12.82884]},"properties":{"name":"Nursery Farm"}},{"type":"Feature","geometry":{"type":"Point","coordinates":[77.71995,12.829]},"properties":{"name":"Nursery Farm"}},{"type":"Feature","geometry":{"type":"Point","coordinates":[77.7161,12.83766]},"properties":{"name":"Singena Agrahara"}},{"type":"Feature","geometry":{"type":"Point","coordinates":[77.71612,12.83771]},"properties":{"name":"Singena Agrahara"}},{"type":"Feature","geometry":{"type":"Point","coordinates":[77.71893,12.83498]},"properties":{"name":"Singena Agrahara Cross"}},{"type":"Feature","geometry":{"type":"Point","coordinates":[77.71895,12.83496]},"properties":{"name":"Singana Agrahara Cross"}},{"type":"Feature","geometry":{"type":"Point","coordinates":[77.72747,12.84306]},"properties":{"name":"Muttanalluru Cross"}},{"type":"Feature","geometry":{"type":"Point","coordinates":[77.72747,12.84302]},"properties":{"name":"Muttanalluru Cross"}},{"type":"Feature","geometry":{"type":"Point","coordinates":[77.73454,12.83245]},"properties":{"name":"Muttanalluru"}},{"type":"Feature","geometry":{"type":"Point","coordinates":[77.73671,12.83166]},"properties":{"name":"Muttanalluru"}},{"type":"Feature","geometry":{"type":"Point","coordinates":[77.73643,12.83165]},"properties":{"name":"Samanahalli"}},{"type":"Feature","geometry":{"type":"Point","coordinates":[77.73644,12.82033]},"properties":{"name":"Ali Bommasandra"}},{"type":"Feature","geometry":{"type":"Point","coordinates":[77.73644,12.82026]},"properties":{"name":"Ali Bommasandra"}},{"type":"Feature","geometry":{"type":"Point","coordinates":[77.73654,12.82032]},"properties":{"name":"Ali Bommasandra"}},{"type":"Feature","geometry":{"type":"Point","coordinates":[77.72418,12.81084]},"properties":{"name":"Lakshmisagara"}},{"type":"Feature","geometry":{"type":"Point","coordinates":[77.72426,12.81075]},"properties":{"name":"Lakshmisagara"}},{"type":"Feature","geometry":{"type":"Point","coordinates":[77.73152,12.81832]},"properties":{"name":"Lakshmisagara Cross"}},{"type":"Feature","geometry":{"type":"Point","coordinates":[77.73156,12.81826]},"properties":{"name":"Lakshmisagara Cross"}},{"type":"Feature","geometry":{"type":"Point","coordinates":[77.79669,12.80585]},"properties":{"name":"Malenahalli Bidaraguppe"}},{"type":"Feature","geometry":{"type":"Point","coordinates":[77.73674,12.82786]},"properties":{"name":"Muthanallur Amanikere"}},{"type":"Feature","geometry":{"type":"Point","coordinates":[77.73686,12.82787]},"properties":{"name":"Muthanallur Amanikere"}},{"type":"Feature","geometry":{"type":"Point","coordinates":[77.73711,12.83617]},"properties":{"name":"Muthanallur Colony"}},{"type":"Feature","geometry":{"type":"Point","coordinates":[77.73723,12.83621]},"properties":{"name":"Muthanallur Colony"}},{"type":"Feature","geometry":{"type":"Point","coordinates":[77.74768,12.8327]},"properties":{"name":"Samanahalli"}},{"type":"Feature","geometry":{"type":"Point","coordinates":[77.74766,12.83268]},"properties":{"name":"Samanahalli"}},{"type":"Feature","geometry":{"type":"Point","coordinates":[77.7566,12.83039]},"properties":{"name":"Sollepura"}},{"type":"Feature","geometry":{"type":"Point","coordinates":[77.7365,12.83175]},"properties":{"name":"Sollepura"}},{"type":"Feature","geometry":{"type":"Point","coordinates":[77.76617,12.82542]},"properties":{"name":"Handenahalli Attibele"}},{"type":"Feature","geometry":{"type":"Point","coordinates":[77.76604,12.82534]},"properties":{"name":"Handenahalli Attibele"}},{"type":"Feature","geometry":{"type":"Point","coordinates":[77.7749,12.80975]},"properties":{"name":"Arenur"}},{"type":"Feature","geometry":{"type":"Point","coordinates":[77.77503,12.80984]},"properties":{"name":"Arenur"}},{"type":"Feature","geometry":{"type":"Point","coordinates":[77.77016,12.76837]},"properties":{"name":"Jn of Anekal Road"}},{"type":"Feature","geometry":{"type":"Point","coordinates":[77.78338,12.80608]},"properties":{"name":"Bidaraguppe"}},{"type":"Feature","geometry":{"type":"Point","coordinates":[77.78327,12.80601]},"properties":{"name":"Bidaraguppe"}},{"type":"Feature","geometry":{"type":"Point","coordinates":[77.78617,12.82762]},"properties":{"name":"Thyavakanahalli Gate"}},{"type":"Feature","geometry":{"type":"Point","coordinates":[77.77989,12.74873]},"properties":{"name":"Dasanapura Cross"}},{"type":"Feature","geometry":{"type":"Point","coordinates":[77.75999,12.83667]},"properties":{"name":"Bikkanahalli"}},{"type":"Feature","geometry":{"type":"Point","coordinates":[77.76003,12.83672]},"properties":{"name":"Bikkanahalli"}},{"type":"Feature","geometry":{"type":"Point","coordinates":[77.7968,12.80576]},"properties":{"name":"Malenahalli Bidaraguppe"}},{"type":"Feature","geometry":{"type":"Point","coordinates":[77.75126,12.81456]},"properties":{"name":"Adigondanahalli"}},{"type":"Feature","geometry":{"type":"Point","coordinates":[77.75116,12.81457]},"properties":{"name":"Adigondanahalli"}},{"type":"Feature","geometry":{"type":"Point","coordinates":[77.74263,12.80313]},"properties":{"name":"Guddahatti"}},{"type":"Feature","geometry":{"type":"Point","coordinates":[77.74261,12.80299]},"properties":{"name":"Guddahatti"}},{"type":"Feature","geometry":{"type":"Point","coordinates":[77.74266,12.80604]},"properties":{"name":"Guddahatti Cross"}},{"type":"Feature","geometry":{"type":"Point","coordinates":[77.74276,12.80604]},"properties":{"name":"Guddahatti Cross"}},{"type":"Feature","geometry":{"type":"Point","coordinates":[77.74051,12.81443]},"properties":{"name":"Bendiganahalli"}},{"type":"Feature","geometry":{"type":"Point","coordinates":[77.74047,12.81438]},"properties":{"name":"Bendiganahalli"}},{"type":"Feature","geometry":{"type":"Point","coordinates":[77.72523,12.83608]},"properties":{"name":"Narayanaghatta"}},{"type":"Feature","geometry":{"type":"Point","coordinates":[77.72456,12.83781]},"properties":{"name":"Narayanaghatta Gate"}},{"type":"Feature","geometry":{"type":"Point","coordinates":[77.7436,12.84552]},"properties":{"name":"Chikka Thimmasandra"}},{"type":"Feature","geometry":{"type":"Point","coordinates":[77.74366,12.84552]},"properties":{"name":"Chikka Thimmasandra"}},{"type":"Feature","geometry":{"type":"Point","coordinates":[77.74178,12.84872]},"properties":{"name":"Chikka Thimmasandra Colony"}},{"type":"Feature","geometry":{"type":"Point","coordinates":[77.7418,12.84863]},"properties":{"name":"Chikka Thimmasandra Colony"}},{"type":"Feature","geometry":{"type":"Point","coordinates":[77.73779,12.84945]},"properties":{"name":"Gopasandra"}},{"type":"Feature","geometry":{"type":"Point","coordinates":[77.72991,12.85241]},"properties":{"name":"Gopasandra Gate"}},{"type":"Feature","geometry":{"type":"Point","coordinates":[77.72986,12.85252]},"properties":{"name":"Gopasandra Gate"}},{"type":"Feature","geometry":{"type":"Point","coordinates":[77.38921,12.79493]},"properties":{"name":"ByraDoddy Circle"}},{"type":"Feature","geometry":{"type":"Point","coordinates":[77.38918,12.79486]},"properties":{"name":"ByraDoddy Circle"}},{"type":"Feature","geometry":{"type":"Point","coordinates":[77.39411,12.78644]},"properties":{"name":"K Gollahalli Gate"}},{"type":"Feature","geometry":{"type":"Point","coordinates":[77.3941,12.78637]},"properties":{"name":"K Gollahalli Gate"}},{"type":"Feature","geometry":{"type":"Point","coordinates":[77.39725,12.7795]},"properties":{"name":"BGS School Banandur"}},{"type":"Feature","geometry":{"type":"Point","coordinates":[77.39723,12.77938]},"properties":{"name":"BGS School Banandur"}},{"type":"Feature","geometry":{"type":"Point","coordinates":[77.39795,12.77677]},"properties":{"name":"Banandur"}},{"type":"Feature","geometry":{"type":"Point","coordinates":[77.3979,12.77677]},"properties":{"name":"Banandur"}},{"type":"Feature","geometry":{"type":"Point","coordinates":[77.39839,12.77528]},"properties":{"name":"Banandur Circle"}},{"type":"Feature","geometry":{"type":"Point","coordinates":[77.39835,12.77523]},"properties":{"name":"Banandur Circle"}},{"type":"Feature","geometry":{"type":"Point","coordinates":[77.40465,12.75661]},"properties":{"name":"Ittamadu"}},{"type":"Feature","geometry":{"type":"Point","coordinates":[77.40471,12.75659]},"properties":{"name":"Ittamadu"}},{"type":"Feature","geometry":{"type":"Point","coordinates":[77.40249,12.72584]},"properties":{"name":"M Gopahalli"}},{"type":"Feature","geometry":{"type":"Point","coordinates":[77.39132,12.71256]},"properties":{"name":"Huchammana Doddy"}},{"type":"Feature","geometry":{"type":"Point","coordinates":[77.39127,12.71272]},"properties":{"name":"Huchammana Doddy"}},{"type":"Feature","geometry":{"type":"Point","coordinates":[77.37468,12.75171]},"properties":{"name":"Karadigowdana Doddy"}},{"type":"Feature","geometry":{"type":"Point","coordinates":[77.37481,12.75172]},"properties":{"name":"Karadigowdanahalli"}},{"type":"Feature","geometry":{"type":"Point","coordinates":[77.37514,12.75671]},"properties":{"name":"Heggadagere Cross"}},{"type":"Feature","geometry":{"type":"Point","coordinates":[77.3752,12.7567]},"properties":{"name":"Heggadagere Cross"}},{"type":"Feature","geometry":{"type":"Point","coordinates":[77.37653,12.76162]},"properties":{"name":"Heggadagere"}},{"type":"Feature","geometry":{"type":"Point","coordinates":[77.37658,12.76165]},"properties":{"name":"Heggadagere"}},{"type":"Feature","geometry":{"type":"Point","coordinates":[77.37902,12.76427]},"properties":{"name":"Site Heggadagere"}},{"type":"Feature","geometry":{"type":"Point","coordinates":[77.37899,12.76437]},"properties":{"name":"Site Heggadagere"}},{"type":"Feature","geometry":{"type":"Point","coordinates":[77.37821,12.78481]},"properties":{"name":"Kariyapppana Doddy"}},{"type":"Feature","geometry":{"type":"Point","coordinates":[77.37831,12.78484]},"properties":{"name":"Kariyappana Doddy"}},{"type":"Feature","geometry":{"type":"Point","coordinates":[77.37577,12.78698]},"properties":{"name":"Devasthana Kariapppana Doddy"}},{"type":"Feature","geometry":{"type":"Point","coordinates":[77.37577,12.78707]},"properties":{"name":"Devasthana Kariapppana Doddy"}},{"type":"Feature","geometry":{"type":"Point","coordinates":[77.37627,12.79003]},"properties":{"name":"Kenchanakuppe Colony"}},{"type":"Feature","geometry":{"type":"Point","coordinates":[77.37615,12.78974]},"properties":{"name":"Kenchanakuppe Colony"}},{"type":"Feature","geometry":{"type":"Point","coordinates":[77.55566,13.01995]},"properties":{"name":"Yeshwanthapura Market"}},{"type":"Feature","geometry":{"type":"Point","coordinates":[77.40411,12.78103]},"properties":{"name":"Coca Cola"}},{"type":"Feature","geometry":{"type":"Point","coordinates":[77.40413,12.78087]},"properties":{"name":"Coca Cola"}},{"type":"Feature","geometry":{"type":"Point","coordinates":[77.4094,12.77421]},"properties":{"name":"Abbanakuppe"}},{"type":"Feature","geometry":{"type":"Point","coordinates":[77.40941,12.7741]},"properties":{"name":"Abbanakuppe"}},{"type":"Feature","geometry":{"type":"Point","coordinates":[77.41562,12.76627]},"properties":{"name":"Vrishabavatipura"}},{"type":"Feature","geometry":{"type":"Point","coordinates":[77.41559,12.76621]},"properties":{"name":"Vrishabavatipura"}},{"type":"Feature","geometry":{"type":"Point","coordinates":[77.41605,12.76215]},"properties":{"name":"Thimmegowdana Doddy"}},{"type":"Feature","geometry":{"type":"Point","coordinates":[77.41598,12.76219]},"properties":{"name":"Thimmegowdana Doddy"}},{"type":"Feature","geometry":{"type":"Point","coordinates":[77.42213,12.74984]},"properties":{"name":"Byramangala"}},{"type":"Feature","geometry":{"type":"Point","coordinates":[77.42214,12.7498]},"properties":{"name":"Byramangala"}},{"type":"Feature","geometry":{"type":"Point","coordinates":[77.42425,12.74882]},"properties":{"name":"Byramangala"}},{"type":"Feature","geometry":{"type":"Point","coordinates":[77.42416,12.74881]},"properties":{"name":"Byramangala"}},{"type":"Feature","geometry":{"type":"Point","coordinates":[77.4295,12.74383]},"properties":{"name":"Kempashetty Doddy Gate"}},{"type":"Feature","geometry":{"type":"Point","coordinates":[77.42943,12.74377]},"properties":{"name":"Kempashetty Doddy Gate"}},{"type":"Feature","geometry":{"type":"Point","coordinates":[77.43228,12.73882]},"properties":{"name":"Kempashetty Doddy"}},{"type":"Feature","geometry":{"type":"Point","coordinates":[77.43223,12.73881]},"properties":{"name":"Kempashetty Doddy"}},{"type":"Feature","geometry":{"type":"Point","coordinates":[77.45963,13.08044]},"properties":{"name":"Patel Thota Aluru"}},{"type":"Feature","geometry":{"type":"Point","coordinates":[77.45448,13.06559]},"properties":{"name":"Makali"}},{"type":"Feature","geometry":{"type":"Point","coordinates":[77.45854,13.07599]},"properties":{"name":"Heggadadevanapura"}},{"type":"Feature","geometry":{"type":"Point","coordinates":[77.45638,13.06894]},"properties":{"name":"Makali Govt High School"}},{"type":"Feature","geometry":{"type":"Point","coordinates":[77.45976,13.08046]},"properties":{"name":"Patel Thota Aluru"}},{"type":"Feature","geometry":{"type":"Point","coordinates":[77.45175,13.06711]},"properties":{"name":"Makali Cross"}},{"type":"Feature","geometry":{"type":"Point","coordinates":[77.48076,12.74075]},"properties":{"name":"Vaderahalli"}},{"type":"Feature","geometry":{"type":"Point","coordinates":[77.4808,12.74088]},"properties":{"name":"Vaderahalli"}},{"type":"Feature","geometry":{"type":"Point","coordinates":[77.4586,13.07596]},"properties":{"name":"Heggadadevanapura"}},{"type":"Feature","geometry":{"type":"Point","coordinates":[77.45442,13.06561]},"properties":{"name":"Makali"}},{"type":"Feature","geometry":{"type":"Point","coordinates":[77.46495,12.74471]},"properties":{"name":"Karekal Doddy"}},{"type":"Feature","geometry":{"type":"Point","coordinates":[77.44799,12.7424]},"properties":{"name":"B Hosur Circle"}},{"type":"Feature","geometry":{"type":"Point","coordinates":[77.44806,12.74247]},"properties":{"name":"B Hosur Circle"}},{"type":"Feature","geometry":{"type":"Point","coordinates":[77.45109,12.74255]},"properties":{"name":"B Hosur Water Tank"}},{"type":"Feature","geometry":{"type":"Point","coordinates":[77.45119,12.7425]},"properties":{"name":"B Hosur Water Tank"}},{"type":"Feature","geometry":{"type":"Point","coordinates":[77.45183,13.06706]},"properties":{"name":"Makali Cross"}},{"type":"Feature","geometry":{"type":"Point","coordinates":[77.45703,13.1082]},"properties":{"name":"Mattahalli"}},{"type":"Feature","geometry":{"type":"Point","coordinates":[77.46351,13.10985]},"properties":{"name":"Narasipura"}},{"type":"Feature","geometry":{"type":"Point","coordinates":[77.46355,13.10982]},"properties":{"name":"Narasipura"}},{"type":"Feature","geometry":{"type":"Point","coordinates":[77.45715,13.10816]},"properties":{"name":"Mattahalli"}},{"type":"Feature","geometry":{"type":"Point","coordinates":[77.48888,13.09344]},"properties":{"name":"Soladevanahalli Police Station"}},{"type":"Feature","geometry":{"type":"Point","coordinates":[77.48083,13.10125]},"properties":{"name":"Tharabanahalli"}},{"type":"Feature","geometry":{"type":"Point","coordinates":[77.47912,13.10535]},"properties":{"name":"Tharabanahalli Choultry"}},{"type":"Feature","geometry":{"type":"Point","coordinates":[77.48432,13.13054]},"properties":{"name":"Hesaraghatta TB Cross"}},{"type":"Feature","geometry":{"type":"Point","coordinates":[77.42634,13.1412]},"properties":{"name":"Gopalapura"}},{"type":"Feature","geometry":{"type":"Point","coordinates":[77.48281,13.11595]},"properties":{"name":"Hurali Chikkanahalli"}},{"type":"Feature","geometry":{"type":"Point","coordinates":[77.47916,13.10531]},"properties":{"name":"Tharabanahalli Choultry"}},{"type":"Feature","geometry":{"type":"Point","coordinates":[77.48357,13.12539]},"properties":{"name":"Thirumalapura"}},{"type":"Feature","geometry":{"type":"Point","coordinates":[77.51936,12.98774]},"properties":{"name":"Summanahalli"}},{"type":"Feature","geometry":{"type":"Point","coordinates":[77.53353,12.93798]},"properties":{"name":"Veerabhadra Nagara"}},{"type":"Feature","geometry":{"type":"Point","coordinates":[77.53889,12.93394]},"properties":{"name":"Dwaraka Nagara Hoskerehalli"}},{"type":"Feature","geometry":{"type":"Point","coordinates":[77.53992,12.93402]},"properties":{"name":"Banashankari 3rd Stage 2nd Phase"}},{"type":"Feature","geometry":{"type":"Point","coordinates":[77.52969,12.9233]},"properties":{"name":"H Krishnappa Layout"}},{"type":"Feature","geometry":{"type":"Point","coordinates":[77.656,13.23222]},"properties":{"name":"Uganawadi Cross"}},{"type":"Feature","geometry":{"type":"Point","coordinates":[77.65588,13.23208]},"properties":{"name":"Uganawadi Cross"}},{"type":"Feature","geometry":{"type":"Point","coordinates":[77.64813,13.24659]},"properties":{"name":"Peddanahalli"}},{"type":"Feature","geometry":{"type":"Point","coordinates":[77.64887,13.2531]},"properties":{"name":"Devaganahalli"}},{"type":"Feature","geometry":{"type":"Point","coordinates":[77.55819,12.91154]},"properties":{"name":"Prarthana School"}},{"type":"Feature","geometry":{"type":"Point","coordinates":[77.54917,12.90903]},"properties":{"name":"Chikkallasandra Bank Colony"}},{"type":"Feature","geometry":{"type":"Point","coordinates":[77.53982,12.93413]},"properties":{"name":"Banashankari 3rd Stage 2nd Phase"}},{"type":"Feature","geometry":{"type":"Point","coordinates":[77.54403,12.89864]},"properties":{"name":"Subramanyapura"}},{"type":"Feature","geometry":{"type":"Point","coordinates":[77.6283,13.25728]},"properties":{"name":"Kundana"}},{"type":"Feature","geometry":{"type":"Point","coordinates":[77.62824,13.25735]},"properties":{"name":"Kundana"}},{"type":"Feature","geometry":{"type":"Point","coordinates":[77.5981,12.97594]},"properties":{"name":"MG Statue"}},{"type":"Feature","geometry":{"type":"Point","coordinates":[77.54254,12.90577]},"properties":{"name":"Uttarahalli Circle"}},{"type":"Feature","geometry":{"type":"Point","coordinates":[77.54904,12.90903]},"properties":{"name":"Chikkallasandra Bank Colony"}},{"type":"Feature","geometry":{"type":"Point","coordinates":[77.55239,12.91174]},"properties":{"name":"Chikkallasandra Aralimara"}},{"type":"Feature","geometry":{"type":"Point","coordinates":[77.55194,12.91894]},"properties":{"name":"Hanumagiri Nagara"}},{"type":"Feature","geometry":{"type":"Point","coordinates":[77.55199,12.91857]},"properties":{"name":"Hanumagiri Nagara"}},{"type":"Feature","geometry":{"type":"Point","coordinates":[77.69944,12.71127]},"properties":{"name":"Chowdareddy Circle"}},{"type":"Feature","geometry":{"type":"Point","coordinates":[77.69631,12.70932]},"properties":{"name":"Anekal"}},{"type":"Feature","geometry":{"type":"Point","coordinates":[77.54539,12.91062]},"properties":{"name":"Ramanjaneya Layout Chikkallasandra"}},{"type":"Feature","geometry":{"type":"Point","coordinates":[77.69652,12.70945]},"properties":{"name":"Anekal"}},{"type":"Feature","geometry":{"type":"Point","coordinates":[77.54354,12.91196]},"properties":{"name":"Tulasiram Circle"}},{"type":"Feature","geometry":{"type":"Point","coordinates":[77.5557,12.9115]},"properties":{"name":"Gowdanapalya"}},{"type":"Feature","geometry":{"type":"Point","coordinates":[77.71288,12.72017]},"properties":{"name":"Haldenahalli"}},{"type":"Feature","geometry":{"type":"Point","coordinates":[77.70584,12.71452]},"properties":{"name":"Dinnur Sudhamanagara"}},{"type":"Feature","geometry":{"type":"Point","coordinates":[77.72083,12.7243]},"properties":{"name":"Karpura Gate"}},{"type":"Feature","geometry":{"type":"Point","coordinates":[77.5582,12.90598]},"properties":{"name":"2nd Stage Kumaraswamy Layout"}},{"type":"Feature","geometry":{"type":"Point","coordinates":[77.55827,12.906]},"properties":{"name":"2nd Stage Kumaraswamy Layout"}},{"type":"Feature","geometry":{"type":"Point","coordinates":[77.56166,12.90842]},"properties":{"name":"Water Tank"}},{"type":"Feature","geometry":{"type":"Point","coordinates":[77.61716,13.25708]},"properties":{"name":"Kundana Circle"}},{"type":"Feature","geometry":{"type":"Point","coordinates":[77.61717,13.25699]},"properties":{"name":"Kundana Circle"}},{"type":"Feature","geometry":{"type":"Point","coordinates":[77.5596,12.91764]},"properties":{"name":"Padmanabha Nagara"}},{"type":"Feature","geometry":{"type":"Point","coordinates":[77.55916,12.92193]},"properties":{"name":"Devegowda Petrol Bunk"}},{"type":"Feature","geometry":{"type":"Point","coordinates":[77.54609,12.92782]},"properties":{"name":"Ittamadu Cross"}},{"type":"Feature","geometry":{"type":"Point","coordinates":[77.53891,12.93374]},"properties":{"name":"Dwaraka Nagara Hoskerehalli"}},{"type":"Feature","geometry":{"type":"Point","coordinates":[77.53021,12.94401]},"properties":{"name":"Jn of Nayandahalli"}},{"type":"Feature","geometry":{"type":"Point","coordinates":[77.51689,12.9588]},"properties":{"name":"Manasa Nagara"}},{"type":"Feature","geometry":{"type":"Point","coordinates":[77.51948,12.98688]},"properties":{"name":"Summanahalli"}},{"type":"Feature","geometry":{"type":"Point","coordinates":[77.52336,12.9975]},"properties":{"name":"LB Samudaya Bhavana"}},{"type":"Feature","geometry":{"type":"Point","coordinates":[77.75893,12.74382]},"properties":{"name":"Kodalipura"}},{"type":"Feature","geometry":{"type":"Point","coordinates":[77.75898,12.74376]},"properties":{"name":"Kodalipura"}},{"type":"Feature","geometry":{"type":"Point","coordinates":[77.52651,13.00847]},"properties":{"name":"Laggere Bridge"}},{"type":"Feature","geometry":{"type":"Point","coordinates":[77.67046,13.22936]},"properties":{"name":"Kannamangalapalya"}},{"type":"Feature","geometry":{"type":"Point","coordinates":[77.67027,13.22903]},"properties":{"name":"Kannamangalapalya"}},{"type":"Feature","geometry":{"type":"Point","coordinates":[77.6822,13.22112]},"properties":{"name":"Palya Gate"}},{"type":"Feature","geometry":{"type":"Point","coordinates":[77.757,12.74573]},"properties":{"name":"Kodalipura"}},{"type":"Feature","geometry":{"type":"Point","coordinates":[77.75703,12.74569]},"properties":{"name":"Kodalipura"}},{"type":"Feature","geometry":{"type":"Point","coordinates":[77.7432,12.75908]},"properties":{"name":"Kambalipura"}},{"type":"Feature","geometry":{"type":"Point","coordinates":[77.7433,12.7591]},"properties":{"name":"Kambalipura"}},{"type":"Feature","geometry":{"type":"Point","coordinates":[77.75355,12.76668]},"properties":{"name":"Manchanahalli"}},{"type":"Feature","geometry":{"type":"Point","coordinates":[77.7535,12.76669]},"properties":{"name":"Manchanahalli"}},{"type":"Feature","geometry":{"type":"Point","coordinates":[77.75607,12.75411]},"properties":{"name":"Harohalli"}},{"type":"Feature","geometry":{"type":"Point","coordinates":[77.75624,12.75412]},"properties":{"name":"Harohalli"}},{"type":"Feature","geometry":{"type":"Point","coordinates":[77.76182,12.75742]},"properties":{"name":"Bhakthipura Cross"}},{"type":"Feature","geometry":{"type":"Point","coordinates":[77.76188,12.75735]},"properties":{"name":"Bhakthipura Cross"}},{"type":"Feature","geometry":{"type":"Point","coordinates":[77.76696,12.76327]},"properties":{"name":"Arehalli"}},{"type":"Feature","geometry":{"type":"Point","coordinates":[77.76729,12.76352]},"properties":{"name":"Arehalli"}},{"type":"Feature","geometry":{"type":"Point","coordinates":[77.72852,12.77344]},"properties":{"name":"Marasur Madivala"}},{"type":"Feature","geometry":{"type":"Point","coordinates":[77.76973,12.77887]},"properties":{"name":"Attibele Circle"}},{"type":"Feature","geometry":{"type":"Point","coordinates":[77.76981,12.77785]},"properties":{"name":"Attibele Circle"}},{"type":"Feature","geometry":{"type":"Point","coordinates":[77.76972,12.77785]},"properties":{"name":"Attibele Circle"}},{"type":"Feature","geometry":{"type":"Point","coordinates":[77.78606,12.82357]},"properties":{"name":"S Medahalli"}},{"type":"Feature","geometry":{"type":"Point","coordinates":[77.78531,12.81571]},"properties":{"name":"BHEL Navaratna Layout"}},{"type":"Feature","geometry":{"type":"Point","coordinates":[77.7852,12.8142]},"properties":{"name":"Silk Farm"}},{"type":"Feature","geometry":{"type":"Point","coordinates":[77.78385,12.80699]},"properties":{"name":"Bidaraguppe"}},{"type":"Feature","geometry":{"type":"Point","coordinates":[77.7582,12.93291]},"properties":{"name":"Halasahalli Cross"}},{"type":"Feature","geometry":{"type":"Point","coordinates":[77.75819,12.93289]},"properties":{"name":"Halasahalli Cross"}},{"type":"Feature","geometry":{"type":"Point","coordinates":[77.7606,12.93238]},"properties":{"name":"Vagdevi Vilas School"}},{"type":"Feature","geometry":{"type":"Point","coordinates":[77.76068,12.93227]},"properties":{"name":"Vagdevi Vilas School"}},{"type":"Feature","geometry":{"type":"Point","coordinates":[77.76254,12.9314]},"properties":{"name":"Surya Nagara Apartment"}},{"type":"Feature","geometry":{"type":"Point","coordinates":[77.76264,12.93126]},"properties":{"name":"Surya Nagara Apartment"}},{"type":"Feature","geometry":{"type":"Point","coordinates":[77.77588,12.92785]},"properties":{"name":"Nakkundi Dommasandra"}},{"type":"Feature","geometry":{"type":"Point","coordinates":[77.77603,12.92783]},"properties":{"name":"Nakkundi Dommasandra"}},{"type":"Feature","geometry":{"type":"Point","coordinates":[77.78178,12.92655]},"properties":{"name":"Janthagundanahalli Cross"}},{"type":"Feature","geometry":{"type":"Point","coordinates":[77.78176,12.92651]},"properties":{"name":"Janthagundanahalli Cross"}},{"type":"Feature","geometry":{"type":"Point","coordinates":[77.80889,12.92272]},"properties":{"name":"Sheganayakanahalli Cross"}},{"type":"Feature","geometry":{"type":"Point","coordinates":[77.80898,12.92269]},"properties":{"name":"Sheganayakanahalli Cross"}},{"type":"Feature","geometry":{"type":"Point","coordinates":[77.7927,12.90809]},"properties":{"name":"Kamanahalli Circle"}},{"type":"Feature","geometry":{"type":"Point","coordinates":[77.7961,12.90795]},"properties":{"name":"Kamanahalli"}},{"type":"Feature","geometry":{"type":"Point","coordinates":[77.79581,12.90792]},"properties":{"name":"Kamanahalli"}},{"type":"Feature","geometry":{"type":"Point","coordinates":[77.80102,12.90335]},"properties":{"name":"Koli Farm"}},{"type":"Feature","geometry":{"type":"Point","coordinates":[77.80087,12.9034]},"properties":{"name":"Koli Farm"}},{"type":"Feature","geometry":{"type":"Point","coordinates":[77.82094,12.89488]},"properties":{"name":"Mugaluru"}},{"type":"Feature","geometry":{"type":"Point","coordinates":[77.82101,12.89478]},"properties":{"name":"Mugaluru"}},{"type":"Feature","geometry":{"type":"Point","coordinates":[77.79045,12.8974]},"properties":{"name":"Kuthaganahalli Cross"}},{"type":"Feature","geometry":{"type":"Point","coordinates":[77.79037,12.8974]},"properties":{"name":"Kuthaganahalli Cross"}},{"type":"Feature","geometry":{"type":"Point","coordinates":[77.60357,13.14482]},"properties":{"name":"Suggatta"}},{"type":"Feature","geometry":{"type":"Point","coordinates":[77.60332,13.14464]},"properties":{"name":"Suggatta"}},{"type":"Feature","geometry":{"type":"Point","coordinates":[77.79741,12.8933]},"properties":{"name":"Bhovipalya"}},{"type":"Feature","geometry":{"type":"Point","coordinates":[77.60902,13.15002]},"properties":{"name":"SMVIT College"}},{"type":"Feature","geometry":{"type":"Point","coordinates":[77.60861,13.14945]},"properties":{"name":"SMVIT College"}},{"type":"Feature","geometry":{"type":"Point","coordinates":[77.61971,13.15197]},"properties":{"name":"SMVIT Cross"}},{"type":"Feature","geometry":{"type":"Point","coordinates":[77.61716,13.15615]},"properties":{"name":"Sonnappanahalli"}},{"type":"Feature","geometry":{"type":"Point","coordinates":[77.6172,13.15609]},"properties":{"name":"Sonnappanahalli"}},{"type":"Feature","geometry":{"type":"Point","coordinates":[77.61142,13.15911]},"properties":{"name":"Bettahalasuru Hospital"}},{"type":"Feature","geometry":{"type":"Point","coordinates":[77.61155,13.15916]},"properties":{"name":"Bettahalasuru Hospital"}},{"type":"Feature","geometry":{"type":"Point","coordinates":[77.61103,13.1611]},"properties":{"name":"Bettahalasuru Circle"}},{"type":"Feature","geometry":{"type":"Point","coordinates":[77.60857,13.16285]},"properties":{"name":"Bettahalasuru Village"}},{"type":"Feature","geometry":{"type":"Point","coordinates":[77.60861,13.16278]},"properties":{"name":"Bettahalasuru Village"}},{"type":"Feature","geometry":{"type":"Point","coordinates":[77.59883,13.17185]},"properties":{"name":"Gurukula School Tharahunase"}},{"type":"Feature","geometry":{"type":"Point","coordinates":[77.77685,12.91168]},"properties":{"name":"Nerige"}},{"type":"Feature","geometry":{"type":"Point","coordinates":[77.77682,12.91167]},"properties":{"name":"Nerige"}},{"type":"Feature","geometry":{"type":"Point","coordinates":[77.67829,12.9727]},"properties":{"name":"Malleshpalya New Bus Station"}},{"type":"Feature","geometry":{"type":"Point","coordinates":[77.58047,13.1699]},"properties":{"name":"Thimmasandra Circle"}},{"type":"Feature","geometry":{"type":"Point","coordinates":[77.6661,12.97514]},"properties":{"name":"GM palya"}},{"type":"Feature","geometry":{"type":"Point","coordinates":[77.57122,13.17284]},"properties":{"name":"Addiganahalli Extension"}},{"type":"Feature","geometry":{"type":"Point","coordinates":[77.57126,13.1728]},"properties":{"name":"Addiganahalli Extension"}},{"type":"Feature","geometry":{"type":"Point","coordinates":[77.56554,13.17247]},"properties":{"name":"Parvathipura"}},{"type":"Feature","geometry":{"type":"Point","coordinates":[77.5656,13.17242]},"properties":{"name":"Parvathipura"}},{"type":"Feature","geometry":{"type":"Point","coordinates":[77.58126,13.172]},"properties":{"name":"Thimmasandra"}},{"type":"Feature","geometry":{"type":"Point","coordinates":[77.64992,12.98767]},"properties":{"name":"NGEF"}},{"type":"Feature","geometry":{"type":"Point","coordinates":[77.58131,13.17205]},"properties":{"name":"Thimmasandra"}},{"type":"Feature","geometry":{"type":"Point","coordinates":[77.59546,13.17384]},"properties":{"name":"Embassy School"}},{"type":"Feature","geometry":{"type":"Point","coordinates":[77.59026,13.17695]},"properties":{"name":"High School Tharahunase"}},{"type":"Feature","geometry":{"type":"Point","coordinates":[77.58922,13.19492]},"properties":{"name":"Sri Rakum School"}},{"type":"Feature","geometry":{"type":"Point","coordinates":[77.82865,12.89594]},"properties":{"name":"Thiruvanga Gate"}},{"type":"Feature","geometry":{"type":"Point","coordinates":[77.58926,13.19485]},"properties":{"name":"Sri Rakum School"}},{"type":"Feature","geometry":{"type":"Point","coordinates":[77.82871,12.89598]},"properties":{"name":"Thiruvanga Gate"}},{"type":"Feature","geometry":{"type":"Point","coordinates":[77.6639,12.98567]},"properties":{"name":"CV Raman Nagara"}},{"type":"Feature","geometry":{"type":"Point","coordinates":[77.57027,13.18342]},"properties":{"name":"Patalamma Temple"}},{"type":"Feature","geometry":{"type":"Point","coordinates":[77.57039,13.18336]},"properties":{"name":"Patalamma Temple"}},{"type":"Feature","geometry":{"type":"Point","coordinates":[77.67928,12.98575]},"properties":{"name":"DRDO 2nd Stage"}},{"type":"Feature","geometry":{"type":"Point","coordinates":[77.5727,13.19462]},"properties":{"name":"Sadenahalli"}},{"type":"Feature","geometry":{"type":"Point","coordinates":[77.5727,13.19469]},"properties":{"name":"Sadenahalli"}},{"type":"Feature","geometry":{"type":"Point","coordinates":[77.8244,12.92414]},"properties":{"name":"Anjan Vidya Kendra School"}},{"type":"Feature","geometry":{"type":"Point","coordinates":[77.82438,12.92424]},"properties":{"name":"Anjan Vidya Kendra School"}},{"type":"Feature","geometry":{"type":"Point","coordinates":[77.82052,12.9294]},"properties":{"name":"Muthugadahalli"}},{"type":"Feature","geometry":{"type":"Point","coordinates":[77.81532,12.93968]},"properties":{"name":"Byalahalli"}},{"type":"Feature","geometry":{"type":"Point","coordinates":[77.66941,12.99669]},"properties":{"name":"Tin Factory"}},{"type":"Feature","geometry":{"type":"Point","coordinates":[77.81543,12.94543]},"properties":{"name":"Byalahalli Garment"}},{"type":"Feature","geometry":{"type":"Point","coordinates":[77.81546,12.94535]},"properties":{"name":"Byalahalli Garment"}},{"type":"Feature","geometry":{"type":"Point","coordinates":[77.8109,12.94962]},"properties":{"name":"Yadagondanahalli"}},{"type":"Feature","geometry":{"type":"Point","coordinates":[77.81087,12.94961]},"properties":{"name":"Yadagondanahalli"}},{"type":"Feature","geometry":{"type":"Point","coordinates":[77.65509,12.99012]},"properties":{"name":"Bayyappanahalli Metro Station"}},{"type":"Feature","geometry":{"type":"Point","coordinates":[77.8062,12.9566]},"properties":{"name":"Muthkur"}},{"type":"Feature","geometry":{"type":"Point","coordinates":[77.61038,13.21818]},"properties":{"name":"Hegganahalli"}},{"type":"Feature","geometry":{"type":"Point","coordinates":[77.67985,12.98356]},"properties":{"name":"Kaggadasapura"}},{"type":"Feature","geometry":{"type":"Point","coordinates":[77.61062,13.21815]},"properties":{"name":"Hegganahalli"}},{"type":"Feature","geometry":{"type":"Point","coordinates":[77.60476,13.21775]},"properties":{"name":"Hegganahalli Gate"}},{"type":"Feature","geometry":{"type":"Point","coordinates":[77.60471,13.2178]},"properties":{"name":"Hegganahalli Gate"}},{"type":"Feature","geometry":{"type":"Point","coordinates":[77.68178,12.96239]},"properties":{"name":"Rameshnagara"}},{"type":"Feature","geometry":{"type":"Point","coordinates":[77.60585,13.22745]},"properties":{"name":"E Hosuru"}},{"type":"Feature","geometry":{"type":"Point","coordinates":[77.60599,13.22738]},"properties":{"name":"E Hosuru"}},{"type":"Feature","geometry":{"type":"Point","coordinates":[77.59933,13.24001]},"properties":{"name":"Devarahalli"}},{"type":"Feature","geometry":{"type":"Point","coordinates":[77.599,13.23985]},"properties":{"name":"Devarahalli"}},{"type":"Feature","geometry":{"type":"Point","coordinates":[77.59399,13.23399]},"properties":{"name":"Thindlu"}},{"type":"Feature","geometry":{"type":"Point","coordinates":[77.59565,13.23357]},"properties":{"name":"Thindlu"}},{"type":"Feature","geometry":{"type":"Point","coordinates":[77.59992,13.22855]},"properties":{"name":"Thindlu Cross"}},{"type":"Feature","geometry":{"type":"Point","coordinates":[77.61927,13.21665]},"properties":{"name":"Nagamangala"}},{"type":"Feature","geometry":{"type":"Point","coordinates":[77.61929,13.21665]},"properties":{"name":"Nagamangala"}},{"type":"Feature","geometry":{"type":"Point","coordinates":[77.78651,12.93774]},"properties":{"name":"Muthsandra"}},{"type":"Feature","geometry":{"type":"Point","coordinates":[77.7864,12.93779]},"properties":{"name":"Muthsandra"}},{"type":"Feature","geometry":{"type":"Point","coordinates":[77.78171,12.9386]},"properties":{"name":"Gullakaipura"}},{"type":"Feature","geometry":{"type":"Point","coordinates":[77.78159,12.93866]},"properties":{"name":"Gullakaipura"}},{"type":"Feature","geometry":{"type":"Point","coordinates":[77.61387,13.2258]},"properties":{"name":"Indrasanahalli"}},{"type":"Feature","geometry":{"type":"Point","coordinates":[77.61389,13.22581]},"properties":{"name":"Indrasanahalli"}},{"type":"Feature","geometry":{"type":"Point","coordinates":[77.77562,12.94765]},"properties":{"name":"Kotur Gate"}},{"type":"Feature","geometry":{"type":"Point","coordinates":[77.77563,12.94767]},"properties":{"name":"Kotur Gate"}},{"type":"Feature","geometry":{"type":"Point","coordinates":[77.6153,13.23023]},"properties":{"name":"Indrasanahalli Cross"}},{"type":"Feature","geometry":{"type":"Point","coordinates":[77.61508,13.23033]},"properties":{"name":"Indrasanahalli Cross"}},{"type":"Feature","geometry":{"type":"Point","coordinates":[77.78207,12.94491]},"properties":{"name":"Kotur"}},{"type":"Feature","geometry":{"type":"Point","coordinates":[77.62859,13.22886]},"properties":{"name":"Singarahalli Cross"}},{"type":"Feature","geometry":{"type":"Point","coordinates":[77.6285,13.22877]},"properties":{"name":"Singarahalli Cross"}},{"type":"Feature","geometry":{"type":"Point","coordinates":[77.77237,12.94893]},"properties":{"name":"Valepura Gate"}},{"type":"Feature","geometry":{"type":"Point","coordinates":[77.62974,13.22897]},"properties":{"name":"Neragenahalli Cross"}},{"type":"Feature","geometry":{"type":"Point","coordinates":[77.62979,13.22896]},"properties":{"name":"Neragenahalli Cross"}},{"type":"Feature","geometry":{"type":"Point","coordinates":[77.76635,12.95576]},"properties":{"name":"Valepura"}},{"type":"Feature","geometry":{"type":"Point","coordinates":[77.76637,12.95575]},"properties":{"name":"Valepura"}},{"type":"Feature","geometry":{"type":"Point","coordinates":[77.63002,13.23604]},"properties":{"name":"Neragenahalli"}},{"type":"Feature","geometry":{"type":"Point","coordinates":[77.63006,13.236]},"properties":{"name":"Neragenahalli"}},{"type":"Feature","geometry":{"type":"Point","coordinates":[77.7668,12.94638]},"properties":{"name":"Valepura Cross"}},{"type":"Feature","geometry":{"type":"Point","coordinates":[77.64358,13.23052]},"properties":{"name":"Arasanahalli Cross"}},{"type":"Feature","geometry":{"type":"Point","coordinates":[77.64361,13.23045]},"properties":{"name":"Arasanahalli Cross"}},{"type":"Feature","geometry":{"type":"Point","coordinates":[77.64484,13.23075]},"properties":{"name":"Ilathore Cross"}},{"type":"Feature","geometry":{"type":"Point","coordinates":[77.64494,13.2307]},"properties":{"name":"Ilathore Cross"}},{"type":"Feature","geometry":{"type":"Point","coordinates":[77.76427,12.94124]},"properties":{"name":"Madhura Nagara"}},{"type":"Feature","geometry":{"type":"Point","coordinates":[77.76421,12.94117]},"properties":{"name":"Madhura Nagara"}},{"type":"Feature","geometry":{"type":"Point","coordinates":[77.76039,12.93975]},"properties":{"name":"Madhura Nagara Hostel"}},{"type":"Feature","geometry":{"type":"Point","coordinates":[77.76027,12.9398]},"properties":{"name":"Madhura Nagara Hostel"}},{"type":"Feature","geometry":{"type":"Point","coordinates":[77.75742,12.94204]},"properties":{"name":"Janthamane"}},{"type":"Feature","geometry":{"type":"Point","coordinates":[77.75743,12.94196]},"properties":{"name":"Janthamane"}},{"type":"Feature","geometry":{"type":"Point","coordinates":[77.75094,12.94331]},"properties":{"name":"Sorahunse Gate"}},{"type":"Feature","geometry":{"type":"Point","coordinates":[77.75108,12.9434]},"properties":{"name":"Sorahunse Gate"}},{"type":"Feature","geometry":{"type":"Point","coordinates":[77.63565,13.20007]},"properties":{"name":"Navarathna Agrahara"}},{"type":"Feature","geometry":{"type":"Point","coordinates":[77.63587,13.1997]},"properties":{"name":"Navarathna Agrahara"}},{"type":"Feature","geometry":{"type":"Point","coordinates":[77.62767,13.19046]},"properties":{"name":"Tharabanahalli"}},{"type":"Feature","geometry":{"type":"Point","coordinates":[77.62759,13.19037]},"properties":{"name":"Tharabanahalli"}},{"type":"Feature","geometry":{"type":"Point","coordinates":[77.62524,13.19116]},"properties":{"name":"Tharabanahalli Colony"}},{"type":"Feature","geometry":{"type":"Point","coordinates":[77.62535,13.19084]},"properties":{"name":"Tharabanahalli Colony"}},{"type":"Feature","geometry":{"type":"Point","coordinates":[77.6195,13.19583]},"properties":{"name":"Gadigenahalli Gate"}},{"type":"Feature","geometry":{"type":"Point","coordinates":[77.61956,13.19593]},"properties":{"name":"Gadigenahalli Gate"}},{"type":"Feature","geometry":{"type":"Point","coordinates":[77.61891,13.19241]},"properties":{"name":"Gadigenahalli"}},{"type":"Feature","geometry":{"type":"Point","coordinates":[77.61909,13.19251]},"properties":{"name":"Gadigenahalli"}},{"type":"Feature","geometry":{"type":"Point","coordinates":[77.60855,13.188]},"properties":{"name":"Kuduregere Colony"}},{"type":"Feature","geometry":{"type":"Point","coordinates":[77.61057,13.18582]},"properties":{"name":"Kuduregere"}},{"type":"Feature","geometry":{"type":"Point","coordinates":[77.6106,13.18582]},"properties":{"name":"Kuduregere"}},{"type":"Feature","geometry":{"type":"Point","coordinates":[77.40359,13.13254]},"properties":{"name":"Mylanahalli"}},{"type":"Feature","geometry":{"type":"Point","coordinates":[77.4002,13.12913]},"properties":{"name":"KG Srinivasapura Cross"}},{"type":"Feature","geometry":{"type":"Point","coordinates":[77.39837,13.12716]},"properties":{"name":"Mylanahalli Gate"}},{"type":"Feature","geometry":{"type":"Point","coordinates":[77.38828,13.11038]},"properties":{"name":"Basavanahalli"}},{"type":"Feature","geometry":{"type":"Point","coordinates":[77.38806,13.10581]},"properties":{"name":"Renuka Nagara"}},{"type":"Feature","geometry":{"type":"Point","coordinates":[77.38816,13.11031]},"properties":{"name":"Basavanahalli"}},{"type":"Feature","geometry":{"type":"Point","coordinates":[77.39841,13.1271]},"properties":{"name":"Mylanahalli Gate"}},{"type":"Feature","geometry":{"type":"Point","coordinates":[77.40026,13.12902]},"properties":{"name":"KG Srinivasapura Cross"}},{"type":"Feature","geometry":{"type":"Point","coordinates":[77.41754,13.14688]},"properties":{"name":"Railway Gollahalli"}},{"type":"Feature","geometry":{"type":"Point","coordinates":[77.43139,13.20188]},"properties":{"name":"Kanasawadi"}},{"type":"Feature","geometry":{"type":"Point","coordinates":[77.43144,13.20182]},"properties":{"name":"Kanasawadi"}},{"type":"Feature","geometry":{"type":"Point","coordinates":[77.41917,13.18907]},"properties":{"name":"Kannamangala Gate"}},{"type":"Feature","geometry":{"type":"Point","coordinates":[77.41919,13.18892]},"properties":{"name":"Kannamangala Gate"}},{"type":"Feature","geometry":{"type":"Point","coordinates":[77.4174,13.14672]},"properties":{"name":"Railway Gollahalli"}},{"type":"Feature","geometry":{"type":"Point","coordinates":[77.42905,13.10285]},"properties":{"name":"Pillahalli"}},{"type":"Feature","geometry":{"type":"Point","coordinates":[77.42899,13.10279]},"properties":{"name":"Pillahalli"}},{"type":"Feature","geometry":{"type":"Point","coordinates":[77.78394,12.84164]},"properties":{"name":"Boorugunte"}},{"type":"Feature","geometry":{"type":"Point","coordinates":[77.77936,12.74974]},"properties":{"name":"Balluru Cross"}},{"type":"Feature","geometry":{"type":"Point","coordinates":[77.77943,12.74968]},"properties":{"name":"Balluru Cross"}},{"type":"Feature","geometry":{"type":"Point","coordinates":[77.7706,12.77948]},"properties":{"name":"Attibele Circle"}},{"type":"Feature","geometry":{"type":"Point","coordinates":[77.77195,12.78205]},"properties":{"name":"Jigala Cross"}},{"type":"Feature","geometry":{"type":"Point","coordinates":[77.77193,12.78206]},"properties":{"name":"Jigala Cross"}},{"type":"Feature","geometry":{"type":"Point","coordinates":[77.80158,12.80048]},"properties":{"name":"Narasapura"}},{"type":"Feature","geometry":{"type":"Point","coordinates":[77.78504,12.83744]},"properties":{"name":"Billapura"}},{"type":"Feature","geometry":{"type":"Point","coordinates":[77.78392,12.84151]},"properties":{"name":"Boorugunte"}},{"type":"Feature","geometry":{"type":"Point","coordinates":[77.78291,12.84531]},"properties":{"name":"Garments Factory"}},{"type":"Feature","geometry":{"type":"Point","coordinates":[77.73077,12.75303]},"properties":{"name":"Shettyhalli Anekal Road"}},{"type":"Feature","geometry":{"type":"Point","coordinates":[77.76982,12.77921]},"properties":{"name":"Attibele Circle"}},{"type":"Feature","geometry":{"type":"Point","coordinates":[77.77055,12.77959]},"properties":{"name":"Attibele Circle"}},{"type":"Feature","geometry":{"type":"Point","coordinates":[77.7309,12.75312]},"properties":{"name":"Shettyhalli Anekal Road"}},{"type":"Feature","geometry":{"type":"Point","coordinates":[77.68825,12.73943]},"properties":{"name":"Kempa Vaderahalli"}},{"type":"Feature","geometry":{"type":"Point","coordinates":[77.69796,12.83943]},"properties":{"name":"Sampige Nagara Gate"}},{"type":"Feature","geometry":{"type":"Point","coordinates":[77.71326,12.89911]},"properties":{"name":"Ambedkar Nagara"}},{"type":"Feature","geometry":{"type":"Point","coordinates":[77.70391,12.90344]},"properties":{"name":"Carmelram Gate"}},{"type":"Feature","geometry":{"type":"Point","coordinates":[77.69548,12.90722]},"properties":{"name":"Doddakannalli"}},{"type":"Feature","geometry":{"type":"Point","coordinates":[77.75062,12.78551]},"properties":{"name":"Yadavanahalli"}},{"type":"Feature","geometry":{"type":"Point","coordinates":[77.63816,12.92476]},"properties":{"name":"Jakkasandra"}},{"type":"Feature","geometry":{"type":"Point","coordinates":[77.63817,12.9246]},"properties":{"name":"Jakkasandra"}},{"type":"Feature","geometry":{"type":"Point","coordinates":[77.74217,12.78652]},"properties":{"name":"Guestline Hotel"}},{"type":"Feature","geometry":{"type":"Point","coordinates":[77.73544,12.78864]},"properties":{"name":"Guddahatti Gate"}},{"type":"Feature","geometry":{"type":"Point","coordinates":[77.63425,12.92482]},"properties":{"name":"1st Block Koramangala"}},{"type":"Feature","geometry":{"type":"Point","coordinates":[77.63099,12.92433]},"properties":{"name":"John Fowler"}},{"type":"Feature","geometry":{"type":"Point","coordinates":[77.72827,12.79209]},"properties":{"name":"Neraluru Gate"}},{"type":"Feature","geometry":{"type":"Point","coordinates":[77.62081,12.92757]},"properties":{"name":"Water Tank Koramangala"}},{"type":"Feature","geometry":{"type":"Point","coordinates":[77.72049,12.79414]},"properties":{"name":"Tirumagondanahalli"}},{"type":"Feature","geometry":{"type":"Point","coordinates":[77.71137,12.80177]},"properties":{"name":"Hale Chandapura"}},{"type":"Feature","geometry":{"type":"Point","coordinates":[77.60114,12.93714]},"properties":{"name":"Bengaluru Dairy Circle"}},{"type":"Feature","geometry":{"type":"Point","coordinates":[77.59136,12.95115]},"properties":{"name":"Lalbagh Hopcoms"}},{"type":"Feature","geometry":{"type":"Point","coordinates":[77.69945,12.80607]},"properties":{"name":"Hennagara Gate"}},{"type":"Feature","geometry":{"type":"Point","coordinates":[77.65371,12.86915]},"properties":{"name":"Hosa Road"}},{"type":"Feature","geometry":{"type":"Point","coordinates":[77.52158,12.99307]},"properties":{"name":"Depot-31 Gate"}},{"type":"Feature","geometry":{"type":"Point","coordinates":[77.3908,13.0998]},"properties":{"name":"Nelamangala Hunasemara"}},{"type":"Feature","geometry":{"type":"Point","coordinates":[77.39085,13.09991]},"properties":{"name":"Nelamangala Hunasemara"}},{"type":"Feature","geometry":{"type":"Point","coordinates":[77.38535,13.09758]},"properties":{"name":"Jn of Tumkur Road"}},{"type":"Feature","geometry":{"type":"Point","coordinates":[77.38543,13.09779]},"properties":{"name":"Jn of Tumkur Road"}},{"type":"Feature","geometry":{"type":"Point","coordinates":[77.37755,13.09184]},"properties":{"name":"Nelamangala Cement Factory"}},{"type":"Feature","geometry":{"type":"Point","coordinates":[77.3755,13.08761]},"properties":{"name":"BP Indian School"}},{"type":"Feature","geometry":{"type":"Point","coordinates":[77.37159,13.08232]},"properties":{"name":"Mallarabanavadi Cross"}},{"type":"Feature","geometry":{"type":"Point","coordinates":[77.37162,13.08245]},"properties":{"name":"Mallarabanavadi Cross"}},{"type":"Feature","geometry":{"type":"Point","coordinates":[77.36732,13.07896]},"properties":{"name":"Nelamangala Shanthinagara"}},{"type":"Feature","geometry":{"type":"Point","coordinates":[77.36168,13.06822]},"properties":{"name":"Kunigal Road Toll Plaza"}},{"type":"Feature","geometry":{"type":"Point","coordinates":[77.36161,13.06833]},"properties":{"name":"Kunigal Road Toll Plaza"}},{"type":"Feature","geometry":{"type":"Point","coordinates":[77.3466,13.06284]},"properties":{"name":"Yantaganahalli"}},{"type":"Feature","geometry":{"type":"Point","coordinates":[77.34232,13.06127]},"properties":{"name":"Yantaganahalli Hospital"}},{"type":"Feature","geometry":{"type":"Point","coordinates":[77.33442,13.06089]},"properties":{"name":"Seetharam Bhattarapalya"}},{"type":"Feature","geometry":{"type":"Point","coordinates":[77.32999,13.06301]},"properties":{"name":"Cadburys Factory"}},{"type":"Feature","geometry":{"type":"Point","coordinates":[77.3285,13.06373]},"properties":{"name":"Buragamarada Palya"}},{"type":"Feature","geometry":{"type":"Point","coordinates":[77.32486,13.06538]},"properties":{"name":"Lingenahalli"}},{"type":"Feature","geometry":{"type":"Point","coordinates":[77.31955,13.06629]},"properties":{"name":"Mahadevapura"}},{"type":"Feature","geometry":{"type":"Point","coordinates":[77.31951,13.06629]},"properties":{"name":"Mahadevapura"}},{"type":"Feature","geometry":{"type":"Point","coordinates":[77.32496,13.06556]},"properties":{"name":"Lingenahalli"}},{"type":"Feature","geometry":{"type":"Point","coordinates":[77.32832,13.06404]},"properties":{"name":"Buragamarada Palya"}},{"type":"Feature","geometry":{"type":"Point","coordinates":[77.33035,13.06306]},"properties":{"name":"Cadburys Factory"}},{"type":"Feature","geometry":{"type":"Point","coordinates":[77.33441,13.06108]},"properties":{"name":"Seetharam Bhattarapalya"}},{"type":"Feature","geometry":{"type":"Point","coordinates":[77.34223,13.06155]},"properties":{"name":"Yantaganahalli Hospital"}},{"type":"Feature","geometry":{"type":"Point","coordinates":[77.34548,13.06287]},"properties":{"name":"Yantaganahalli"}},{"type":"Feature","geometry":{"type":"Point","coordinates":[77.34903,13.06431]},"properties":{"name":"Yantaganahalli Palya"}},{"type":"Feature","geometry":{"type":"Point","coordinates":[77.34933,13.06393]},"properties":{"name":"Yantaganahalli Palya"}},{"type":"Feature","geometry":{"type":"Point","coordinates":[77.36111,13.069]},"properties":{"name":"Kunigal Road Toll Plaza"}},{"type":"Feature","geometry":{"type":"Point","coordinates":[77.36143,13.06879]},"properties":{"name":"Kunigal Road Toll Plaza"}},{"type":"Feature","geometry":{"type":"Point","coordinates":[77.36474,13.0751]},"properties":{"name":"Srinivasapura Cross"}},{"type":"Feature","geometry":{"type":"Point","coordinates":[77.36511,13.07492]},"properties":{"name":"Srinivasapura Cross"}},{"type":"Feature","geometry":{"type":"Point","coordinates":[77.36689,13.07888]},"properties":{"name":"Nelamangala Shanthinagara"}},{"type":"Feature","geometry":{"type":"Point","coordinates":[77.37145,13.08272]},"properties":{"name":"Mallarabanavadi Cross"}},{"type":"Feature","geometry":{"type":"Point","coordinates":[77.37523,13.08785]},"properties":{"name":"BP Indian School"}},{"type":"Feature","geometry":{"type":"Point","coordinates":[77.37735,13.09217]},"properties":{"name":"Nelamangala Cement Factory"}},{"type":"Feature","geometry":{"type":"Point","coordinates":[77.38544,13.09812]},"properties":{"name":"Jn of Tumkur Road"}},{"type":"Feature","geometry":{"type":"Point","coordinates":[77.38608,13.09807]},"properties":{"name":"Jn of Tumkur Road"}},{"type":"Feature","geometry":{"type":"Point","coordinates":[77.78531,12.83524]},"properties":{"name":"Exide Gate"}},{"type":"Feature","geometry":{"type":"Point","coordinates":[77.58093,12.81369]},"properties":{"name":"Bannerughatta Circle"}},{"type":"Feature","geometry":{"type":"Point","coordinates":[77.57854,12.81069]},"properties":{"name":"PrabasNagara"}},{"type":"Feature","geometry":{"type":"Point","coordinates":[77.57895,12.80551]},"properties":{"name":"Sampigehalli"}},{"type":"Feature","geometry":{"type":"Point","coordinates":[77.57752,12.80082]},"properties":{"name":"Bannerughatta National Park"}},{"type":"Feature","geometry":{"type":"Point","coordinates":[77.57893,12.80577]},"properties":{"name":"Sampigehalli"}},{"type":"Feature","geometry":{"type":"Point","coordinates":[77.57845,12.81166]},"properties":{"name":"PrabasNagara"}},{"type":"Feature","geometry":{"type":"Point","coordinates":[77.62352,12.79178]},"properties":{"name":"Harapanahalli"}},{"type":"Feature","geometry":{"type":"Point","coordinates":[77.62154,12.78719]},"properties":{"name":"Nisarga Badavane East Gate"}},{"type":"Feature","geometry":{"type":"Point","coordinates":[77.61964,12.77881]},"properties":{"name":"Bukkasagara"}},{"type":"Feature","geometry":{"type":"Point","coordinates":[77.61961,12.77898]},"properties":{"name":"Bukkasagara"}},{"type":"Feature","geometry":{"type":"Point","coordinates":[77.6223,12.79064]},"properties":{"name":"Harapanahalli"}},{"type":"Feature","geometry":{"type":"Point","coordinates":[77.62162,12.78735]},"properties":{"name":"Nisarga Badavane East Gate"}},{"type":"Feature","geometry":{"type":"Point","coordinates":[77.62253,12.79089]},"properties":{"name":"Harapanahalli"}},{"type":"Feature","geometry":{"type":"Point","coordinates":[77.63069,12.78092]},"properties":{"name":"OTC Circle"}},{"type":"Feature","geometry":{"type":"Point","coordinates":[77.63071,12.78065]},"properties":{"name":"OTC Circle"}},{"type":"Feature","geometry":{"type":"Point","coordinates":[77.63552,12.76422]},"properties":{"name":"Konasandra Cross"}},{"type":"Feature","geometry":{"type":"Point","coordinates":[77.63551,12.76429]},"properties":{"name":"Konasandra Cross"}},{"type":"Feature","geometry":{"type":"Point","coordinates":[77.64048,12.75797]},"properties":{"name":"Dyavasandra Cross"}},{"type":"Feature","geometry":{"type":"Point","coordinates":[77.64044,12.75791]},"properties":{"name":"Dyavasandra Cross"}},{"type":"Feature","geometry":{"type":"Point","coordinates":[77.64274,12.75404]},"properties":{"name":"Bommandahalli"}},{"type":"Feature","geometry":{"type":"Point","coordinates":[77.64278,12.75406]},"properties":{"name":"Bommandahalli"}},{"type":"Feature","geometry":{"type":"Point","coordinates":[77.64425,12.7492]},"properties":{"name":"Nosanoor Cross"}},{"type":"Feature","geometry":{"type":"Point","coordinates":[77.64597,12.74191]},"properties":{"name":"Gollahalli"}},{"type":"Feature","geometry":{"type":"Point","coordinates":[77.64801,12.72796]},"properties":{"name":"Aladamara Chikkanahalli Cross"}},{"type":"Feature","geometry":{"type":"Point","coordinates":[77.64804,12.72809]},"properties":{"name":"Aladamara Chikkanahalli Cross"}},{"type":"Feature","geometry":{"type":"Point","coordinates":[77.63868,12.72815]},"properties":{"name":"Indluvadi"}},{"type":"Feature","geometry":{"type":"Point","coordinates":[77.63868,12.72823]},"properties":{"name":"Indluvadi"}},{"type":"Feature","geometry":{"type":"Point","coordinates":[77.63013,12.76828]},"properties":{"name":"Vaderamanchanahalli Jigani"}},{"type":"Feature","geometry":{"type":"Point","coordinates":[77.63035,12.7683]},"properties":{"name":"Vaderamanchanahalli Jigani"}},{"type":"Feature","geometry":{"type":"Point","coordinates":[77.62734,12.77093]},"properties":{"name":"Kallabala Cross"}},{"type":"Feature","geometry":{"type":"Point","coordinates":[77.62725,12.77111]},"properties":{"name":"Kallabala Cross"}},{"type":"Feature","geometry":{"type":"Point","coordinates":[77.61862,12.76884]},"properties":{"name":"Mahanthalingapura"}},{"type":"Feature","geometry":{"type":"Point","coordinates":[77.6187,12.76879]},"properties":{"name":"Mahanthalingapura"}},{"type":"Feature","geometry":{"type":"Point","coordinates":[77.61723,12.76311]},"properties":{"name":"Krishnayyana Doddy"}},{"type":"Feature","geometry":{"type":"Point","coordinates":[77.61724,12.763]},"properties":{"name":"Krishnayyana Doddy"}},{"type":"Feature","geometry":{"type":"Point","coordinates":[77.58773,12.96102]},"properties":{"name":"Poornima Talkies"}},{"type":"Feature","geometry":{"type":"Point","coordinates":[77.60375,12.79782]},"properties":{"name":"Begihalli"}},{"type":"Feature","geometry":{"type":"Point","coordinates":[77.54605,12.81044]},"properties":{"name":"Ramanahalli"}},{"type":"Feature","geometry":{"type":"Point","coordinates":[77.52415,12.79762]},"properties":{"name":"Gulakamale"}},{"type":"Feature","geometry":{"type":"Point","coordinates":[77.52246,12.78932]},"properties":{"name":"Tharalu"}},{"type":"Feature","geometry":{"type":"Point","coordinates":[77.52225,12.78918]},"properties":{"name":"Tharalu"}},{"type":"Feature","geometry":{"type":"Point","coordinates":[77.52429,12.78639]},"properties":{"name":"Tharalu Estate"}},{"type":"Feature","geometry":{"type":"Point","coordinates":[77.52428,12.78645]},"properties":{"name":"Tharalu Estate"}},{"type":"Feature","geometry":{"type":"Point","coordinates":[77.52542,12.77692]},"properties":{"name":"Richard Farm"}},{"type":"Feature","geometry":{"type":"Point","coordinates":[77.52559,12.77626]},"properties":{"name":"Richard Farm"}},{"type":"Feature","geometry":{"type":"Point","coordinates":[77.52944,12.77388]},"properties":{"name":"Tataguppe"}},{"type":"Feature","geometry":{"type":"Point","coordinates":[77.52925,12.77374]},"properties":{"name":"Tataguppe"}},{"type":"Feature","geometry":{"type":"Point","coordinates":[77.51368,12.76715]},"properties":{"name":"Rayara Doddy"}},{"type":"Feature","geometry":{"type":"Point","coordinates":[77.5284,12.75661]},"properties":{"name":"Mukkodlu"}},{"type":"Feature","geometry":{"type":"Point","coordinates":[77.52836,12.75676]},"properties":{"name":"Mukkodlu"}},{"type":"Feature","geometry":{"type":"Point","coordinates":[77.5348,12.75186]},"properties":{"name":"Yanasandra"}},{"type":"Feature","geometry":{"type":"Point","coordinates":[77.53504,12.75149]},"properties":{"name":"Yanasandra"}},{"type":"Feature","geometry":{"type":"Point","coordinates":[77.54695,12.73072]},"properties":{"name":"Guddahatti Kaval"}},{"type":"Feature","geometry":{"type":"Point","coordinates":[77.37173,13.11715]},"properties":{"name":"KBD Factory"}},{"type":"Feature","geometry":{"type":"Point","coordinates":[77.37213,13.11709]},"properties":{"name":"KBD Factory"}},{"type":"Feature","geometry":{"type":"Point","coordinates":[77.36814,13.1213]},"properties":{"name":"Bommanahalli"}},{"type":"Feature","geometry":{"type":"Point","coordinates":[77.35881,13.13108]},"properties":{"name":"Budihal Gate"}},{"type":"Feature","geometry":{"type":"Point","coordinates":[77.52608,12.7206]},"properties":{"name":"Gottigehalli"}},{"type":"Feature","geometry":{"type":"Point","coordinates":[77.52608,12.72074]},"properties":{"name":"Gottigehalli"}},{"type":"Feature","geometry":{"type":"Point","coordinates":[77.35895,13.13119]},"properties":{"name":"Budihal Gate"}},{"type":"Feature","geometry":{"type":"Point","coordinates":[77.36742,13.12844]},"properties":{"name":"Ice Factory Gate"}},{"type":"Feature","geometry":{"type":"Point","coordinates":[77.36748,13.12839]},"properties":{"name":"Ice Factory Gate"}},{"type":"Feature","geometry":{"type":"Point","coordinates":[77.3683,13.12141]},"properties":{"name":"Bommanahalli"}},{"type":"Feature","geometry":{"type":"Point","coordinates":[77.3722,13.11733]},"properties":{"name":"KBD Factory"}},{"type":"Feature","geometry":{"type":"Point","coordinates":[77.37436,13.11533]},"properties":{"name":"Nelamangala Jass Toll"}},{"type":"Feature","geometry":{"type":"Point","coordinates":[77.37492,13.11393]},"properties":{"name":"Nelamangala Jass Toll"}},{"type":"Feature","geometry":{"type":"Point","coordinates":[77.41187,13.14818]},"properties":{"name":"Arch Railway Gollahalli"}},{"type":"Feature","geometry":{"type":"Point","coordinates":[77.41192,13.1482]},"properties":{"name":"Arch Railway Gollahalli"}},{"type":"Feature","geometry":{"type":"Point","coordinates":[77.66168,12.85912]},"properties":{"name":"PESIT College"}},{"type":"Feature","geometry":{"type":"Point","coordinates":[77.70771,12.74654]},"properties":{"name":"Avadadenahalli Gate"}},{"type":"Feature","geometry":{"type":"Point","coordinates":[77.57382,12.94127]},"properties":{"name":"Basavanagudi Police Station"}},{"type":"Feature","geometry":{"type":"Point","coordinates":[77.58019,12.93624]},"properties":{"name":"South End Circle"}},{"type":"Feature","geometry":{"type":"Point","coordinates":[77.50852,12.80024]},"properties":{"name":"Kaggalipura"}},{"type":"Feature","geometry":{"type":"Point","coordinates":[77.5119,12.79914]},"properties":{"name":"Christ School"}},{"type":"Feature","geometry":{"type":"Point","coordinates":[77.51192,12.79909]},"properties":{"name":"Christ School"}},{"type":"Feature","geometry":{"type":"Point","coordinates":[77.52589,12.79801]},"properties":{"name":"NallakkanaDoddy Cross"}},{"type":"Feature","geometry":{"type":"Point","coordinates":[77.52591,12.79809]},"properties":{"name":"NallakkanaDoddy Cross"}},{"type":"Feature","geometry":{"type":"Point","coordinates":[77.53074,12.80946]},"properties":{"name":"NallakkanaDoddy"}},{"type":"Feature","geometry":{"type":"Point","coordinates":[77.52342,12.74742]},"properties":{"name":"Gottigehalli"}},{"type":"Feature","geometry":{"type":"Point","coordinates":[77.52338,12.74746]},"properties":{"name":"Gottigehalli"}},{"type":"Feature","geometry":{"type":"Point","coordinates":[77.50919,13.27367]},"properties":{"name":"Aralumallige"}},{"type":"Feature","geometry":{"type":"Point","coordinates":[77.50912,13.27362]},"properties":{"name":"Aralumallige"}},{"type":"Feature","geometry":{"type":"Point","coordinates":[77.51903,13.27744]},"properties":{"name":"Chikka Tumkur Lake"}},{"type":"Feature","geometry":{"type":"Point","coordinates":[77.51912,13.27726]},"properties":{"name":"Chikka Tumkur Lake"}},{"type":"Feature","geometry":{"type":"Point","coordinates":[77.52152,13.2775]},"properties":{"name":"Halahalli"}},{"type":"Feature","geometry":{"type":"Point","coordinates":[77.53137,13.28125]},"properties":{"name":"KCP Kalyana Mantapa"}},{"type":"Feature","geometry":{"type":"Point","coordinates":[77.53141,13.28116]},"properties":{"name":"KCP Kalyana Mantapa"}},{"type":"Feature","geometry":{"type":"Point","coordinates":[77.53647,13.28566]},"properties":{"name":"Sanjeeva Nagara"}},{"type":"Feature","geometry":{"type":"Point","coordinates":[77.5365,13.28576]},"properties":{"name":"Sanjeeva Nagara"}},{"type":"Feature","geometry":{"type":"Point","coordinates":[77.44493,13.20989]},"properties":{"name":"Anjaneya Temple Madhure"}},{"type":"Feature","geometry":{"type":"Point","coordinates":[77.44514,13.20998]},"properties":{"name":"Anjaneya Temple Madhure"}},{"type":"Feature","geometry":{"type":"Point","coordinates":[77.45182,13.20968]},"properties":{"name":"Kodipalya"}},{"type":"Feature","geometry":{"type":"Point","coordinates":[77.4518,13.20961]},"properties":{"name":"Kodipalya"}},{"type":"Feature","geometry":{"type":"Point","coordinates":[77.48454,13.19305]},"properties":{"name":"Byatha"}},{"type":"Feature","geometry":{"type":"Point","coordinates":[77.48449,13.19301]},"properties":{"name":"Byatha"}},{"type":"Feature","geometry":{"type":"Point","coordinates":[77.49905,12.78217]},"properties":{"name":"KEB Office Somanahalli"}},{"type":"Feature","geometry":{"type":"Point","coordinates":[77.48627,13.19311]},"properties":{"name":"Byatha Cross"}},{"type":"Feature","geometry":{"type":"Point","coordinates":[77.48618,13.19303]},"properties":{"name":"Byatha Cross"}},{"type":"Feature","geometry":{"type":"Point","coordinates":[77.48911,13.19823]},"properties":{"name":"Kamakshipura"}},{"type":"Feature","geometry":{"type":"Point","coordinates":[77.4891,13.19817]},"properties":{"name":"Kamakshipura"}},{"type":"Feature","geometry":{"type":"Point","coordinates":[77.49186,13.20004]},"properties":{"name":"Karlapura Gate"}},{"type":"Feature","geometry":{"type":"Point","coordinates":[77.49191,13.20008]},"properties":{"name":"Karlapura Gate"}},{"type":"Feature","geometry":{"type":"Point","coordinates":[77.49178,13.20014]},"properties":{"name":"Karlapura Gate"}},{"type":"Feature","geometry":{"type":"Point","coordinates":[77.50644,13.21733]},"properties":{"name":"Challahalli"}},{"type":"Feature","geometry":{"type":"Point","coordinates":[77.50632,13.21739]},"properties":{"name":"Challahalli"}},{"type":"Feature","geometry":{"type":"Point","coordinates":[77.50507,13.21647]},"properties":{"name":"Challahalli Colony"}},{"type":"Feature","geometry":{"type":"Point","coordinates":[77.50505,13.21671]},"properties":{"name":"Challahalli Colony"}},{"type":"Feature","geometry":{"type":"Point","coordinates":[77.50085,13.20863]},"properties":{"name":"Karlapalya"}},{"type":"Feature","geometry":{"type":"Point","coordinates":[77.50087,13.2086]},"properties":{"name":"Karlapalya"}},{"type":"Feature","geometry":{"type":"Point","coordinates":[77.50033,13.19759]},"properties":{"name":"Sonnenahalli"}},{"type":"Feature","geometry":{"type":"Point","coordinates":[77.50225,13.19339]},"properties":{"name":"Sonnenahalli Govt Hospital"}},{"type":"Feature","geometry":{"type":"Point","coordinates":[77.50222,13.19335]},"properties":{"name":"Sonnenahalli Govt Hospital"}},{"type":"Feature","geometry":{"type":"Point","coordinates":[77.55107,12.88417]},"properties":{"name":"Gubbalala Gate"}},{"type":"Feature","geometry":{"type":"Point","coordinates":[77.57616,12.9308]},"properties":{"name":"Yediyuru"}},{"type":"Feature","geometry":{"type":"Point","coordinates":[77.57347,12.90136]},"properties":{"name":"Jaraganahalli Cross"}},{"type":"Feature","geometry":{"type":"Point","coordinates":[77.57157,12.8975]},"properties":{"name":"Yelachenahalli"}},{"type":"Feature","geometry":{"type":"Point","coordinates":[77.56763,12.89316]},"properties":{"name":"Metro"}},{"type":"Feature","geometry":{"type":"Point","coordinates":[77.55641,12.88576]},"properties":{"name":"Doddakallasandra"}},{"type":"Feature","geometry":{"type":"Point","coordinates":[77.54619,12.88088]},"properties":{"name":"Raghuvanahalli Cross"}},{"type":"Feature","geometry":{"type":"Point","coordinates":[77.53315,12.86468]},"properties":{"name":"Vajramuneshwara Gate"}},{"type":"Feature","geometry":{"type":"Point","coordinates":[77.48767,12.76453]},"properties":{"name":"Hosa Doddy Gate"}},{"type":"Feature","geometry":{"type":"Point","coordinates":[77.78143,12.98614]},"properties":{"name":"Thirumalashettyhalli Cross"}},{"type":"Feature","geometry":{"type":"Point","coordinates":[77.78119,12.98636]},"properties":{"name":"Thirumalashettyhalli Cross"}},{"type":"Feature","geometry":{"type":"Point","coordinates":[77.78355,12.99615]},"properties":{"name":"Koraluru Railway Gate"}},{"type":"Feature","geometry":{"type":"Point","coordinates":[77.78397,12.99782]},"properties":{"name":"Koraluru"}},{"type":"Feature","geometry":{"type":"Point","coordinates":[77.78424,12.99782]},"properties":{"name":"Koraluru"}},{"type":"Feature","geometry":{"type":"Point","coordinates":[77.7841,13.0082]},"properties":{"name":"Mallasandra"}},{"type":"Feature","geometry":{"type":"Point","coordinates":[77.78412,13.0081]},"properties":{"name":"Mallasandra"}},{"type":"Feature","geometry":{"type":"Point","coordinates":[77.78438,13.01852]},"properties":{"name":"Bhaktharahalli Cross"}},{"type":"Feature","geometry":{"type":"Point","coordinates":[77.78448,13.01851]},"properties":{"name":"Bhaktharahalli Cross"}},{"type":"Feature","geometry":{"type":"Point","coordinates":[77.78547,13.03345]},"properties":{"name":"Doddagattiganabbe Cross"}},{"type":"Feature","geometry":{"type":"Point","coordinates":[77.78551,13.03336]},"properties":{"name":"Doddagattiganabbe Cross"}},{"type":"Feature","geometry":{"type":"Point","coordinates":[77.78485,13.04632]},"properties":{"name":"Sarakari Guttahalli Cross"}},{"type":"Feature","geometry":{"type":"Point","coordinates":[77.7849,13.04637]},"properties":{"name":"Sarakari Guttahalli Cross"}},{"type":"Feature","geometry":{"type":"Point","coordinates":[77.78474,13.05153]},"properties":{"name":"Pethanahalli Cross"}},{"type":"Feature","geometry":{"type":"Point","coordinates":[77.78479,13.0515]},"properties":{"name":"Pethanahalli Cross"}},{"type":"Feature","geometry":{"type":"Point","coordinates":[77.78441,13.06017]},"properties":{"name":"Nanda Shree"}},{"type":"Feature","geometry":{"type":"Point","coordinates":[77.78446,13.06021]},"properties":{"name":"Nanda Shree"}},{"type":"Feature","geometry":{"type":"Point","coordinates":[77.78687,13.07225]},"properties":{"name":"Hoskote KEB Circle"}},{"type":"Feature","geometry":{"type":"Point","coordinates":[77.79826,13.06919]},"properties":{"name":"Kannurahalli Cross"}},{"type":"Feature","geometry":{"type":"Point","coordinates":[77.79823,13.06918]},"properties":{"name":"Kannurahalli Cross"}},{"type":"Feature","geometry":{"type":"Point","coordinates":[77.80713,13.06]},"properties":{"name":"Kannurahalli"}},{"type":"Feature","geometry":{"type":"Point","coordinates":[77.80719,13.05984]},"properties":{"name":"Kannurahalli"}},{"type":"Feature","geometry":{"type":"Point","coordinates":[77.80993,13.05415]},"properties":{"name":"Kannurahalli Ittige Factory"}},{"type":"Feature","geometry":{"type":"Point","coordinates":[77.81171,13.05063]},"properties":{"name":"Cheemandahalli"}},{"type":"Feature","geometry":{"type":"Point","coordinates":[77.81179,13.05051]},"properties":{"name":"Cheemandahalli"}},{"type":"Feature","geometry":{"type":"Point","coordinates":[77.81356,13.0449]},"properties":{"name":"Cheemandahalli Cross"}},{"type":"Feature","geometry":{"type":"Point","coordinates":[77.81346,13.0449]},"properties":{"name":"Cheemandahalli Cross"}},{"type":"Feature","geometry":{"type":"Point","coordinates":[77.80186,13.04925]},"properties":{"name":"Ganagalu"}},{"type":"Feature","geometry":{"type":"Point","coordinates":[77.802,13.04925]},"properties":{"name":"Ganagalu"}},{"type":"Feature","geometry":{"type":"Point","coordinates":[77.78931,13.0512]},"properties":{"name":"Pethanahalli Apartment"}},{"type":"Feature","geometry":{"type":"Point","coordinates":[77.78932,13.05126]},"properties":{"name":"Pethanahalli Apartment"}},{"type":"Feature","geometry":{"type":"Point","coordinates":[77.79206,13.0513]},"properties":{"name":"Pethanahalli"}},{"type":"Feature","geometry":{"type":"Point","coordinates":[77.79213,13.05123]},"properties":{"name":"Pethanahalli"}},{"type":"Feature","geometry":{"type":"Point","coordinates":[77.79509,13.04848]},"properties":{"name":"Pethanahalli Tank"}},{"type":"Feature","geometry":{"type":"Point","coordinates":[77.79514,13.04842]},"properties":{"name":"Pethanahalli Tank"}},{"type":"Feature","geometry":{"type":"Point","coordinates":[77.79768,13.04599]},"properties":{"name":"Ganagalu Cross"}},{"type":"Feature","geometry":{"type":"Point","coordinates":[77.79761,13.04597]},"properties":{"name":"Ganagalu Cross"}},{"type":"Feature","geometry":{"type":"Point","coordinates":[77.79275,13.03544]},"properties":{"name":"Poojena Agrahara Cross"}},{"type":"Feature","geometry":{"type":"Point","coordinates":[77.79306,13.03198]},"properties":{"name":"Poojena Agrahara"}},{"type":"Feature","geometry":{"type":"Point","coordinates":[77.79304,13.03202]},"properties":{"name":"Poojena Agrahara"}},{"type":"Feature","geometry":{"type":"Point","coordinates":[77.78798,13.03366]},"properties":{"name":"Doddagattiganabbe"}},{"type":"Feature","geometry":{"type":"Point","coordinates":[77.78788,13.03369]},"properties":{"name":"Doddagattiganabbe"}},{"type":"Feature","geometry":{"type":"Point","coordinates":[77.82104,13.02419]},"properties":{"name":"Devashettyhalli"}},{"type":"Feature","geometry":{"type":"Point","coordinates":[77.82109,13.02425]},"properties":{"name":"Devashettyhalli"}},{"type":"Feature","geometry":{"type":"Point","coordinates":[77.826,13.02964]},"properties":{"name":"Jinnagara Cross"}},{"type":"Feature","geometry":{"type":"Point","coordinates":[77.82616,13.02985]},"properties":{"name":"Jinnagara Cross"}},{"type":"Feature","geometry":{"type":"Point","coordinates":[77.83578,13.02308]},"properties":{"name":"Vagata"}},{"type":"Feature","geometry":{"type":"Point","coordinates":[77.83572,13.02304]},"properties":{"name":"Vagata"}},{"type":"Feature","geometry":{"type":"Point","coordinates":[77.82965,13.01873]},"properties":{"name":"Makanahalli Cross"}},{"type":"Feature","geometry":{"type":"Point","coordinates":[77.82967,13.01888]},"properties":{"name":"Makanahalli Cross"}},{"type":"Feature","geometry":{"type":"Point","coordinates":[77.82804,13.01245]},"properties":{"name":"Kateramma Temple Makanahalli"}},{"type":"Feature","geometry":{"type":"Point","coordinates":[77.82797,13.01236]},"properties":{"name":"Kateramma Temple Makanahalli"}},{"type":"Feature","geometry":{"type":"Point","coordinates":[77.82842,13.00997]},"properties":{"name":"Makanahalli 1st stop"}},{"type":"Feature","geometry":{"type":"Point","coordinates":[77.82839,13.00999]},"properties":{"name":"Makanahalli 1st stop"}},{"type":"Feature","geometry":{"type":"Point","coordinates":[77.82904,13.00964]},"properties":{"name":"Makanahalli"}},{"type":"Feature","geometry":{"type":"Point","coordinates":[77.82899,13.00957]},"properties":{"name":"Makanahalli"}},{"type":"Feature","geometry":{"type":"Point","coordinates":[77.86588,13.00843]},"properties":{"name":"Khaji Hosalli"}},{"type":"Feature","geometry":{"type":"Point","coordinates":[77.86598,13.00848]},"properties":{"name":"Khaji Hosalli"}},{"type":"Feature","geometry":{"type":"Point","coordinates":[77.87171,13.01208]},"properties":{"name":"Bommanabande"}},{"type":"Feature","geometry":{"type":"Point","coordinates":[77.87175,13.01218]},"properties":{"name":"Bommanabande"}},{"type":"Feature","geometry":{"type":"Point","coordinates":[77.87696,13.02364]},"properties":{"name":"Kattigenahalli"}},{"type":"Feature","geometry":{"type":"Point","coordinates":[77.877,13.0236]},"properties":{"name":"Kattigenahalli"}},{"type":"Feature","geometry":{"type":"Point","coordinates":[77.88434,13.02831]},"properties":{"name":"Kattigenahalli Colony"}},{"type":"Feature","geometry":{"type":"Point","coordinates":[77.88415,13.02825]},"properties":{"name":"Kattigenahalli Colony"}},{"type":"Feature","geometry":{"type":"Point","coordinates":[77.88741,13.03737]},"properties":{"name":"Kattigenahalli Gate"}},{"type":"Feature","geometry":{"type":"Point","coordinates":[77.88731,13.0373]},"properties":{"name":"Kattigenahalli Gate"}},{"type":"Feature","geometry":{"type":"Point","coordinates":[77.86469,13.04554]},"properties":{"name":"Karibeeranahosahalli Cross"}},{"type":"Feature","geometry":{"type":"Point","coordinates":[77.86456,13.04547]},"properties":{"name":"Karibeeranahosahalli Cross"}},{"type":"Feature","geometry":{"type":"Point","coordinates":[77.8615,13.03865]},"properties":{"name":"Karibeeranahosahalli"}},{"type":"Feature","geometry":{"type":"Point","coordinates":[77.8614,13.03861]},"properties":{"name":"Karibeeranahosahalli"}},{"type":"Feature","geometry":{"type":"Point","coordinates":[77.85819,13.03063]},"properties":{"name":"Govindapura Colony"}},{"type":"Feature","geometry":{"type":"Point","coordinates":[77.85812,13.03063]},"properties":{"name":"Govindapura Colony"}},{"type":"Feature","geometry":{"type":"Point","coordinates":[77.85143,13.03128]},"properties":{"name":"Govindapura"}},{"type":"Feature","geometry":{"type":"Point","coordinates":[77.8514,13.03139]},"properties":{"name":"Govindapura"}},{"type":"Feature","geometry":{"type":"Point","coordinates":[77.85492,13.01845]},"properties":{"name":"Honachenahalli"}},{"type":"Feature","geometry":{"type":"Point","coordinates":[77.85491,13.01836]},"properties":{"name":"Honachenahalli"}},{"type":"Feature","geometry":{"type":"Point","coordinates":[77.86155,13.01628]},"properties":{"name":"Kamarasanahalli"}},{"type":"Feature","geometry":{"type":"Point","coordinates":[77.86159,13.01626]},"properties":{"name":"Kamarasanahalli"}},{"type":"Feature","geometry":{"type":"Point","coordinates":[77.86493,12.99053]},"properties":{"name":"Thindlu"}},{"type":"Feature","geometry":{"type":"Point","coordinates":[77.86492,12.99049]},"properties":{"name":"Thindlu"}},{"type":"Feature","geometry":{"type":"Point","coordinates":[77.84401,12.99641]},"properties":{"name":"Tharabanahalli"}},{"type":"Feature","geometry":{"type":"Point","coordinates":[77.84406,12.99654]},"properties":{"name":"Tharabanahalli"}},{"type":"Feature","geometry":{"type":"Point","coordinates":[77.84145,12.99815]},"properties":{"name":"Dodda Dasarahalli Cross"}},{"type":"Feature","geometry":{"type":"Point","coordinates":[77.84148,12.99821]},"properties":{"name":"Dodda Dasarahalli Cross"}},{"type":"Feature","geometry":{"type":"Point","coordinates":[77.83087,13.00454]},"properties":{"name":"Dodda Dasarahalli"}},{"type":"Feature","geometry":{"type":"Point","coordinates":[77.8308,13.00462]},"properties":{"name":"Dodda Dasarahalli"}},{"type":"Feature","geometry":{"type":"Point","coordinates":[77.81306,13.00891]},"properties":{"name":"Bisanahalli"}},{"type":"Feature","geometry":{"type":"Point","coordinates":[77.79657,13.0061]},"properties":{"name":"Naduvatti"}},{"type":"Feature","geometry":{"type":"Point","coordinates":[77.79651,13.00614]},"properties":{"name":"Naduvatti"}},{"type":"Feature","geometry":{"type":"Point","coordinates":[77.79456,12.99702]},"properties":{"name":"Soukya Hospital"}},{"type":"Feature","geometry":{"type":"Point","coordinates":[77.79467,12.99705]},"properties":{"name":"Soukya Hospital"}},{"type":"Feature","geometry":{"type":"Point","coordinates":[77.57525,12.9615]},"properties":{"name":"KR Market"}},{"type":"Feature","geometry":{"type":"Point","coordinates":[77.82035,12.97605]},"properties":{"name":"Dodda Dunnasandra Cross"}},{"type":"Feature","geometry":{"type":"Point","coordinates":[77.82033,12.97596]},"properties":{"name":"Dodda Dunnasandra Cross"}},{"type":"Feature","geometry":{"type":"Point","coordinates":[77.82971,12.97479]},"properties":{"name":"Hosahalli Cross Devangondi"}},{"type":"Feature","geometry":{"type":"Point","coordinates":[77.82951,12.9747]},"properties":{"name":"Hosahalli Cross Devangondi"}},{"type":"Feature","geometry":{"type":"Point","coordinates":[77.8326,12.97414]},"properties":{"name":"Shrunga School Devangondi"}},{"type":"Feature","geometry":{"type":"Point","coordinates":[77.83262,12.97406]},"properties":{"name":"Shrunga School Devangondi"}},{"type":"Feature","geometry":{"type":"Point","coordinates":[77.83874,12.97403]},"properties":{"name":"Devanagondi"}},{"type":"Feature","geometry":{"type":"Point","coordinates":[77.49675,12.78052]},"properties":{"name":"Sommanahalli Gate"}},{"type":"Feature","geometry":{"type":"Point","coordinates":[77.83884,12.97388]},"properties":{"name":"Devanagondi"}},{"type":"Feature","geometry":{"type":"Point","coordinates":[77.82836,12.98277]},"properties":{"name":"Devalapura Circle"}},{"type":"Feature","geometry":{"type":"Point","coordinates":[77.82829,12.98268]},"properties":{"name":"Devalapura Circle"}},{"type":"Feature","geometry":{"type":"Point","coordinates":[77.82956,12.98534]},"properties":{"name":"Devanagondi Railway Station"}},{"type":"Feature","geometry":{"type":"Point","coordinates":[77.82975,12.98547]},"properties":{"name":"Devanagondi Railway Station"}},{"type":"Feature","geometry":{"type":"Point","coordinates":[77.82644,12.99611]},"properties":{"name":"Karekal Cross"}},{"type":"Feature","geometry":{"type":"Point","coordinates":[77.82642,12.99611]},"properties":{"name":"Karekal Cross"}},{"type":"Feature","geometry":{"type":"Point","coordinates":[77.82307,12.99322]},"properties":{"name":"Karekal"}},{"type":"Feature","geometry":{"type":"Point","coordinates":[77.82295,12.9932]},"properties":{"name":"Karekal"}},{"type":"Feature","geometry":{"type":"Point","coordinates":[77.57723,12.92589]},"properties":{"name":"Deepak Nursing Home"}},{"type":"Feature","geometry":{"type":"Point","coordinates":[77.59128,13.05755]},"properties":{"name":"SanjeeviniNagara"}},{"type":"Feature","geometry":{"type":"Point","coordinates":[77.59134,13.05767]},"properties":{"name":"SanjeeviniNagara"}},{"type":"Feature","geometry":{"type":"Point","coordinates":[77.581,13.05881]},"properties":{"name":"Maruthi Nagara"}},{"type":"Feature","geometry":{"type":"Point","coordinates":[77.58108,13.05888]},"properties":{"name":"Maruthi Nagara"}},{"type":"Feature","geometry":{"type":"Point","coordinates":[77.58731,13.06142]},"properties":{"name":"Post Office Sahakara Nagara"}},{"type":"Feature","geometry":{"type":"Point","coordinates":[77.58736,13.06133]},"properties":{"name":"Post Office Sahakara Nagara"}},{"type":"Feature","geometry":{"type":"Point","coordinates":[77.58937,13.06383]},"properties":{"name":"North Side Hospital"}},{"type":"Feature","geometry":{"type":"Point","coordinates":[77.58944,13.06369]},"properties":{"name":"North Side Hospital"}},{"type":"Feature","geometry":{"type":"Point","coordinates":[77.58561,13.06342]},"properties":{"name":"Ganesha Temple Sahakara Nagara"}},{"type":"Feature","geometry":{"type":"Point","coordinates":[77.58517,13.06289]},"properties":{"name":"Ganesha Temple Sahakara Nagara"}},{"type":"Feature","geometry":{"type":"Point","coordinates":[77.58348,13.06409]},"properties":{"name":"Police Station Sahakara Nagara"}},{"type":"Feature","geometry":{"type":"Point","coordinates":[77.58343,13.06412]},"properties":{"name":"Police Station Sahakara Nagara"}},{"type":"Feature","geometry":{"type":"Point","coordinates":[77.57429,13.06169]},"properties":{"name":"Railway Gate Kodigehalli"}},{"type":"Feature","geometry":{"type":"Point","coordinates":[77.57404,13.06187]},"properties":{"name":"Railway Gate Kodigehalli"}},{"type":"Feature","geometry":{"type":"Point","coordinates":[77.57175,13.06378]},"properties":{"name":"Virupakshapura"}},{"type":"Feature","geometry":{"type":"Point","coordinates":[77.57182,13.06375]},"properties":{"name":"Virupakshapura"}},{"type":"Feature","geometry":{"type":"Point","coordinates":[77.56946,13.06825]},"properties":{"name":"Tennis Court Thindlu"}},{"type":"Feature","geometry":{"type":"Point","coordinates":[77.56952,13.06835]},"properties":{"name":"Tennis Court Thindlu"}},{"type":"Feature","geometry":{"type":"Point","coordinates":[77.56675,13.07331]},"properties":{"name":"Thindlu"}},{"type":"Feature","geometry":{"type":"Point","coordinates":[77.56675,13.07326]},"properties":{"name":"Thindlu"}},{"type":"Feature","geometry":{"type":"Point","coordinates":[77.62123,13.04117]},"properties":{"name":"Manyata Embassy Business Park"}},{"type":"Feature","geometry":{"type":"Point","coordinates":[77.62115,13.04102]},"properties":{"name":"Manyata Embassy Business Park"}},{"type":"Feature","geometry":{"type":"Point","coordinates":[77.62453,13.04014]},"properties":{"name":"Jn of Nagawara"}},{"type":"Feature","geometry":{"type":"Point","coordinates":[77.62863,13.0352]},"properties":{"name":"HBR Layout"}},{"type":"Feature","geometry":{"type":"Point","coordinates":[77.62854,13.03503]},"properties":{"name":"HBR Layout"}},{"type":"Feature","geometry":{"type":"Point","coordinates":[77.67055,13.01161]},"properties":{"name":"Ramamurthy Nagara Manipal"}},{"type":"Feature","geometry":{"type":"Point","coordinates":[77.67059,13.01167]},"properties":{"name":"Ramamurthy Nagara Manipal"}},{"type":"Feature","geometry":{"type":"Point","coordinates":[77.67336,13.01153]},"properties":{"name":"Yarayyanapalya"}},{"type":"Feature","geometry":{"type":"Point","coordinates":[77.6735,13.01148]},"properties":{"name":"Yarayyanapalya"}},{"type":"Feature","geometry":{"type":"Point","coordinates":[77.67681,13.01146]},"properties":{"name":"Ramamurthy Nagara Alada Mara"}},{"type":"Feature","geometry":{"type":"Point","coordinates":[77.67685,13.01137]},"properties":{"name":"Ramamurthy Nagara Alada Mara"}},{"type":"Feature","geometry":{"type":"Point","coordinates":[77.67855,13.01166]},"properties":{"name":"Ramamurthy Nagara Church"}},{"type":"Feature","geometry":{"type":"Point","coordinates":[77.68328,13.00795]},"properties":{"name":"ITI Circle"}},{"type":"Feature","geometry":{"type":"Point","coordinates":[77.68509,13.00507]},"properties":{"name":"ITI Colony Gate"}},{"type":"Feature","geometry":{"type":"Point","coordinates":[77.60684,12.97054]},"properties":{"name":"Brigade Road"}},{"type":"Feature","geometry":{"type":"Point","coordinates":[77.60678,12.97151]},"properties":{"name":"Brigade Road"}},{"type":"Feature","geometry":{"type":"Point","coordinates":[77.60823,12.98163]},"properties":{"name":"Commercial Street"}},{"type":"Feature","geometry":{"type":"Point","coordinates":[77.60955,12.9655]},"properties":{"name":"Philomenas Hospital"}},{"type":"Feature","geometry":{"type":"Point","coordinates":[77.61114,12.9676]},"properties":{"name":"D Souza Circle"}},{"type":"Feature","geometry":{"type":"Point","coordinates":[77.61104,12.96754]},"properties":{"name":"D Souza Circle"}},{"type":"Feature","geometry":{"type":"Point","coordinates":[77.61018,12.96461]},"properties":{"name":"Philomenas Hospital"}},{"type":"Feature","geometry":{"type":"Point","coordinates":[77.61539,12.98966]},"properties":{"name":"Sivanchetty Gardens"}},{"type":"Feature","geometry":{"type":"Point","coordinates":[77.60628,12.9828]},"properties":{"name":"Commercial Street"}},{"type":"Feature","geometry":{"type":"Point","coordinates":[77.62211,12.98754]},"properties":{"name":"MEG Centre"}},{"type":"Feature","geometry":{"type":"Point","coordinates":[77.62262,12.98736]},"properties":{"name":"MEG Centre"}},{"type":"Feature","geometry":{"type":"Point","coordinates":[77.62387,12.98194]},"properties":{"name":"Philips Millenium Halsooru"}},{"type":"Feature","geometry":{"type":"Point","coordinates":[77.63468,12.98241]},"properties":{"name":"Depot-06"}},{"type":"Feature","geometry":{"type":"Point","coordinates":[77.63994,12.98375]},"properties":{"name":"Binnamangala"}},{"type":"Feature","geometry":{"type":"Point","coordinates":[77.65825,12.99446]},"properties":{"name":"Sadananda Nagara"}},{"type":"Feature","geometry":{"type":"Point","coordinates":[77.65441,12.99276]},"properties":{"name":"NGEF KSRTC Satellite"}},{"type":"Feature","geometry":{"type":"Point","coordinates":[77.67707,12.99503]},"properties":{"name":"A Narayanapura"}},{"type":"Feature","geometry":{"type":"Point","coordinates":[77.67709,12.99481]},"properties":{"name":"A Narayanapura"}},{"type":"Feature","geometry":{"type":"Point","coordinates":[77.67599,12.99372]},"properties":{"name":"Udaya Nagara"}},{"type":"Feature","geometry":{"type":"Point","coordinates":[77.66008,13.017]},"properties":{"name":"Vijaya Bank Colony Ring Road"}},{"type":"Feature","geometry":{"type":"Point","coordinates":[77.65989,13.01724]},"properties":{"name":"Vijaya Bank Colony Ring Road"}},{"type":"Feature","geometry":{"type":"Point","coordinates":[77.6414,13.03962]},"properties":{"name":"Hennur"}},{"type":"Feature","geometry":{"type":"Point","coordinates":[77.64148,13.0394]},"properties":{"name":"Hennur"}},{"type":"Feature","geometry":{"type":"Point","coordinates":[77.63136,13.03578]},"properties":{"name":"5th Block HBR Layout"}},{"type":"Feature","geometry":{"type":"Point","coordinates":[77.63142,13.03585]},"properties":{"name":"5th Block HBR Layout"}},{"type":"Feature","geometry":{"type":"Point","coordinates":[77.63078,13.03028]},"properties":{"name":"3rd Block HRBR Layout"}},{"type":"Feature","geometry":{"type":"Point","coordinates":[77.63095,13.03034]},"properties":{"name":"3rd Block HRBR Layout"}},{"type":"Feature","geometry":{"type":"Point","coordinates":[77.59656,12.9622]},"properties":{"name":"Akkithimmanahalli"}},{"type":"Feature","geometry":{"type":"Point","coordinates":[77.63142,13.02466]},"properties":{"name":"Mariappa Circle"}},{"type":"Feature","geometry":{"type":"Point","coordinates":[77.63114,13.02475]},"properties":{"name":"Mariappa Circle"}},{"type":"Feature","geometry":{"type":"Point","coordinates":[77.63172,13.02632]},"properties":{"name":"Depot-10 Hennuru Gate"}},{"type":"Feature","geometry":{"type":"Point","coordinates":[77.63708,13.02645]},"properties":{"name":"Kalyananagara"}},{"type":"Feature","geometry":{"type":"Point","coordinates":[77.66531,13.0147]},"properties":{"name":"RK Apartment"}},{"type":"Feature","geometry":{"type":"Point","coordinates":[77.66526,13.01459]},"properties":{"name":"RK Apartment"}},{"type":"Feature","geometry":{"type":"Point","coordinates":[77.62381,12.95071]},"properties":{"name":"Shine Bakery"}},{"type":"Feature","geometry":{"type":"Point","coordinates":[77.67445,13.01994]},"properties":{"name":"Raghavendra Circle"}},{"type":"Feature","geometry":{"type":"Point","coordinates":[77.62533,12.95037]},"properties":{"name":"Fairland Shop"}},{"type":"Feature","geometry":{"type":"Point","coordinates":[77.67428,13.01994]},"properties":{"name":"Raghavendra Circle"}},{"type":"Feature","geometry":{"type":"Point","coordinates":[77.61853,12.94612]},"properties":{"name":"Passport Office Koramangala"}},{"type":"Feature","geometry":{"type":"Point","coordinates":[77.68234,13.06842]},"properties":{"name":"Anagalipura"}},{"type":"Feature","geometry":{"type":"Point","coordinates":[77.68241,13.06838]},"properties":{"name":"Anagalipura"}},{"type":"Feature","geometry":{"type":"Point","coordinates":[77.66533,13.03826]},"properties":{"name":"Banjara Layout"}},{"type":"Feature","geometry":{"type":"Point","coordinates":[77.66516,13.03832]},"properties":{"name":"Banjara Layout"}},{"type":"Feature","geometry":{"type":"Point","coordinates":[77.61927,12.94547]},"properties":{"name":"Passport Office Koramangala"}},{"type":"Feature","geometry":{"type":"Point","coordinates":[77.62143,12.95121]},"properties":{"name":"Ravi Tent"}},{"type":"Feature","geometry":{"type":"Point","coordinates":[77.78295,12.86086]},"properties":{"name":"Police Station Sarjapura"}},{"type":"Feature","geometry":{"type":"Point","coordinates":[77.78562,12.86125]},"properties":{"name":"Sarjapura"}},{"type":"Feature","geometry":{"type":"Point","coordinates":[77.80607,12.88099]},"properties":{"name":"Dodda Thimmasandra"}},{"type":"Feature","geometry":{"type":"Point","coordinates":[77.80619,12.88087]},"properties":{"name":"Dodda Thimmasandra"}},{"type":"Feature","geometry":{"type":"Point","coordinates":[77.7637,12.84762]},"properties":{"name":"Bikkana Hosahalli"}},{"type":"Feature","geometry":{"type":"Point","coordinates":[77.66382,12.80824]},"properties":{"name":"Biocon"}},{"type":"Feature","geometry":{"type":"Point","coordinates":[77.44411,12.82141]},"properties":{"name":"Lingapura"}},{"type":"Feature","geometry":{"type":"Point","coordinates":[77.65506,12.85063]},"properties":{"name":"Dodda Thoguru"}},{"type":"Feature","geometry":{"type":"Point","coordinates":[77.46762,13.02157]},"properties":{"name":"Gangondanahalli"}},{"type":"Feature","geometry":{"type":"Point","coordinates":[77.46767,13.02157]},"properties":{"name":"Gangondanahalli"}},{"type":"Feature","geometry":{"type":"Point","coordinates":[77.47062,13.00022]},"properties":{"name":"Kachohalli"}},{"type":"Feature","geometry":{"type":"Point","coordinates":[77.47058,13.00016]},"properties":{"name":"Kachohalli"}},{"type":"Feature","geometry":{"type":"Point","coordinates":[77.48745,13.00458]},"properties":{"name":"Vidyamanya Nagara"}},{"type":"Feature","geometry":{"type":"Point","coordinates":[77.48733,13.00461]},"properties":{"name":"Vidyamanya Nagara"}},{"type":"Feature","geometry":{"type":"Point","coordinates":[77.48822,13.0023]},"properties":{"name":"Acharya College"}},{"type":"Feature","geometry":{"type":"Point","coordinates":[77.48931,12.99805]},"properties":{"name":"Syndicate Bank Layout"}},{"type":"Feature","geometry":{"type":"Point","coordinates":[77.48944,12.99794]},"properties":{"name":"Syndicate Bank Layout"}},{"type":"Feature","geometry":{"type":"Point","coordinates":[77.48856,12.99327]},"properties":{"name":"Venkateshwara Layout"}},{"type":"Feature","geometry":{"type":"Point","coordinates":[77.48852,12.99337]},"properties":{"name":"Venkateshwara Layout"}},{"type":"Feature","geometry":{"type":"Point","coordinates":[77.48513,12.99192]},"properties":{"name":"Thunga Nagara"}},{"type":"Feature","geometry":{"type":"Point","coordinates":[77.48517,12.99185]},"properties":{"name":"Thunga Nagara"}},{"type":"Feature","geometry":{"type":"Point","coordinates":[77.5425,13.1707]},"properties":{"name":"Ittagalpura"}},{"type":"Feature","geometry":{"type":"Point","coordinates":[77.55028,13.17005]},"properties":{"name":"Ittagalpura Gate"}},{"type":"Feature","geometry":{"type":"Point","coordinates":[77.55032,13.17009]},"properties":{"name":"Ittagalpura Gate"}},{"type":"Feature","geometry":{"type":"Point","coordinates":[77.5287,13.16678]},"properties":{"name":"Dibbur"}},{"type":"Feature","geometry":{"type":"Point","coordinates":[77.52882,13.16688]},"properties":{"name":"Dibbur"}},{"type":"Feature","geometry":{"type":"Point","coordinates":[77.51856,13.18419]},"properties":{"name":"Kakolu"}},{"type":"Feature","geometry":{"type":"Point","coordinates":[77.51852,13.18414]},"properties":{"name":"Kakolu"}},{"type":"Feature","geometry":{"type":"Point","coordinates":[77.5201,13.18711]},"properties":{"name":"Kakolu Village"}},{"type":"Feature","geometry":{"type":"Point","coordinates":[77.52003,13.18702]},"properties":{"name":"Kakolu Village"}},{"type":"Feature","geometry":{"type":"Point","coordinates":[77.52798,13.19092]},"properties":{"name":"Budumanahalli"}},{"type":"Feature","geometry":{"type":"Point","coordinates":[77.52782,13.19089]},"properties":{"name":"Budumanahalli"}},{"type":"Feature","geometry":{"type":"Point","coordinates":[77.53796,13.20015]},"properties":{"name":"Arakere Byrapura"}},{"type":"Feature","geometry":{"type":"Point","coordinates":[77.53803,13.2003]},"properties":{"name":"Arakere Byrapura"}},{"type":"Feature","geometry":{"type":"Point","coordinates":[77.55093,12.96091]},"properties":{"name":"Old Guddadahalli"}},{"type":"Feature","geometry":{"type":"Point","coordinates":[77.52804,13.21528]},"properties":{"name":"Kakkehalli"}},{"type":"Feature","geometry":{"type":"Point","coordinates":[77.55253,13.21641]},"properties":{"name":"Aradeshanahalli Gate"}},{"type":"Feature","geometry":{"type":"Point","coordinates":[77.60162,12.79857]},"properties":{"name":"Mantapa Cross"}},{"type":"Feature","geometry":{"type":"Point","coordinates":[77.5941,12.79346]},"properties":{"name":"Kaleshwari Bannerughatta Road"}},{"type":"Feature","geometry":{"type":"Point","coordinates":[77.47057,13.22536]},"properties":{"name":"11th Mile Cross"}},{"type":"Feature","geometry":{"type":"Point","coordinates":[77.4706,13.22531]},"properties":{"name":"11th Mile Cross"}},{"type":"Feature","geometry":{"type":"Point","coordinates":[77.46813,13.22375]},"properties":{"name":"11th Mile"}},{"type":"Feature","geometry":{"type":"Point","coordinates":[77.46804,13.22381]},"properties":{"name":"11th Mile"}},{"type":"Feature","geometry":{"type":"Point","coordinates":[77.45816,13.21788]},"properties":{"name":"Channadevi Agrahara"}},{"type":"Feature","geometry":{"type":"Point","coordinates":[77.57574,12.74561]},"properties":{"name":"RamanayakanaDoddy Cross"}},{"type":"Feature","geometry":{"type":"Point","coordinates":[77.45818,13.21784]},"properties":{"name":"Channadevi Agrahara"}},{"type":"Feature","geometry":{"type":"Point","coordinates":[77.45549,13.21563]},"properties":{"name":"Channadevi Agrahara Cross"}},{"type":"Feature","geometry":{"type":"Point","coordinates":[77.57435,12.73881]},"properties":{"name":"Ragihalli"}},{"type":"Feature","geometry":{"type":"Point","coordinates":[77.45555,13.21561]},"properties":{"name":"Channadevi Agrahara Cross"}},{"type":"Feature","geometry":{"type":"Point","coordinates":[77.5514,13.05778]},"properties":{"name":"Ramachandrapura Tent"}},{"type":"Feature","geometry":{"type":"Point","coordinates":[77.55114,13.06206]},"properties":{"name":"Ramachandrapura"}},{"type":"Feature","geometry":{"type":"Point","coordinates":[77.55135,13.05782]},"properties":{"name":"Ramachandrapura Tent"}},{"type":"Feature","geometry":{"type":"Point","coordinates":[77.55111,13.06208]},"properties":{"name":"Ramachandrapura"}},{"type":"Feature","geometry":{"type":"Point","coordinates":[77.54465,13.06763]},"properties":{"name":"Jalahalli East"}},{"type":"Feature","geometry":{"type":"Point","coordinates":[77.54451,13.06765]},"properties":{"name":"Jalahalli East"}},{"type":"Feature","geometry":{"type":"Point","coordinates":[77.57047,12.72935]},"properties":{"name":"Koratagere Doddy"}},{"type":"Feature","geometry":{"type":"Point","coordinates":[77.54406,13.06498]},"properties":{"name":"Kendriya Vidyalaya"}},{"type":"Feature","geometry":{"type":"Point","coordinates":[77.54424,13.06498]},"properties":{"name":"Kendriya Vidyalaya"}},{"type":"Feature","geometry":{"type":"Point","coordinates":[77.5699,12.72442]},"properties":{"name":"Hongemara"}},{"type":"Feature","geometry":{"type":"Point","coordinates":[77.55265,13.06551]},"properties":{"name":"Patel Pillegowda Layout"}},{"type":"Feature","geometry":{"type":"Point","coordinates":[77.55264,13.06542]},"properties":{"name":"Patel Pillegowda Layout"}},{"type":"Feature","geometry":{"type":"Point","coordinates":[77.57245,12.72333]},"properties":{"name":"Shivanahalli"}},{"type":"Feature","geometry":{"type":"Point","coordinates":[77.55641,13.07237]},"properties":{"name":"3rd Block Vidyaranyapura"}},{"type":"Feature","geometry":{"type":"Point","coordinates":[77.55644,13.07236]},"properties":{"name":"3rd Block Vidyaranyapura"}},{"type":"Feature","geometry":{"type":"Point","coordinates":[77.53983,13.07501]},"properties":{"name":"Singapura Layout"}},{"type":"Feature","geometry":{"type":"Point","coordinates":[77.53999,13.07498]},"properties":{"name":"Singapura Layout"}},{"type":"Feature","geometry":{"type":"Point","coordinates":[77.56932,12.70871]},"properties":{"name":"Jaypura Doddy"}},{"type":"Feature","geometry":{"type":"Point","coordinates":[77.56939,12.70869]},"properties":{"name":"Jaypura Doddy"}},{"type":"Feature","geometry":{"type":"Point","coordinates":[77.57256,12.72333]},"properties":{"name":"Shivanahalli"}},{"type":"Feature","geometry":{"type":"Point","coordinates":[77.56985,12.72445]},"properties":{"name":"Hongemara"}},{"type":"Feature","geometry":{"type":"Point","coordinates":[77.57039,12.72938]},"properties":{"name":"Koratagere"}},{"type":"Feature","geometry":{"type":"Point","coordinates":[77.57426,12.73896]},"properties":{"name":"Ragihalli"}},{"type":"Feature","geometry":{"type":"Point","coordinates":[77.54423,13.18489]},"properties":{"name":"Arakere Colony"}},{"type":"Feature","geometry":{"type":"Point","coordinates":[77.54427,13.1849]},"properties":{"name":"Arakere"}},{"type":"Feature","geometry":{"type":"Point","coordinates":[77.57584,12.74564]},"properties":{"name":"RamanayakanaDoddy Cross"}},{"type":"Feature","geometry":{"type":"Point","coordinates":[77.54023,13.186]},"properties":{"name":"Budumanahalli Cross"}},{"type":"Feature","geometry":{"type":"Point","coordinates":[77.54021,13.18592]},"properties":{"name":"Budumanahalli Cross"}},{"type":"Feature","geometry":{"type":"Point","coordinates":[77.58373,12.74031]},"properties":{"name":"Sevanayakanahalli"}},{"type":"Feature","geometry":{"type":"Point","coordinates":[77.58877,12.73814]},"properties":{"name":"RamanayakanaDoddy"}},{"type":"Feature","geometry":{"type":"Point","coordinates":[77.58325,12.74039]},"properties":{"name":"Sevanayakanahalli"}},{"type":"Feature","geometry":{"type":"Point","coordinates":[77.57762,12.7444]},"properties":{"name":"Annayyana Doddy Cross"}},{"type":"Feature","geometry":{"type":"Point","coordinates":[77.53022,13.17264]},"properties":{"name":"Dibbur Cross"}},{"type":"Feature","geometry":{"type":"Point","coordinates":[77.53026,13.17253]},"properties":{"name":"Dibbur Cross"}},{"type":"Feature","geometry":{"type":"Point","coordinates":[77.59401,12.79365]},"properties":{"name":"Kaleshwari Bannerughatta Road"}},{"type":"Feature","geometry":{"type":"Point","coordinates":[77.60158,12.7987]},"properties":{"name":"Mantapa Cross"}},{"type":"Feature","geometry":{"type":"Point","coordinates":[77.55802,13.17152]},"properties":{"name":"Sri Banashankari Layout"}},{"type":"Feature","geometry":{"type":"Point","coordinates":[77.55796,13.17154]},"properties":{"name":"Sri Banashankari Layout"}},{"type":"Feature","geometry":{"type":"Point","coordinates":[77.58095,12.81387]},"properties":{"name":"Bannerughatta Circle"}},{"type":"Feature","geometry":{"type":"Point","coordinates":[77.54362,12.80373]},"properties":{"name":"Byatarayana Doddy Cross"}},{"type":"Feature","geometry":{"type":"Point","coordinates":[77.54392,12.80582]},"properties":{"name":"Byalamarana Doddy"}},{"type":"Feature","geometry":{"type":"Point","coordinates":[77.52542,13.17362]},"properties":{"name":"Seethakempanahalli Gate"}},{"type":"Feature","geometry":{"type":"Point","coordinates":[77.52544,13.17369]},"properties":{"name":"Seethakempanahalli Gate"}},{"type":"Feature","geometry":{"type":"Point","coordinates":[77.50796,13.15525]},"properties":{"name":"Muthkur"}},{"type":"Feature","geometry":{"type":"Point","coordinates":[77.50806,13.15545]},"properties":{"name":"Muthkur"}},{"type":"Feature","geometry":{"type":"Point","coordinates":[77.50503,13.14897]},"properties":{"name":"Kalenahalli Gate"}},{"type":"Feature","geometry":{"type":"Point","coordinates":[77.50497,13.149]},"properties":{"name":"Kalenahalli Gate"}},{"type":"Feature","geometry":{"type":"Point","coordinates":[77.51466,13.13393]},"properties":{"name":"Shivakote"}},{"type":"Feature","geometry":{"type":"Point","coordinates":[77.51326,13.13552]},"properties":{"name":"Shivakote Cross"}},{"type":"Feature","geometry":{"type":"Point","coordinates":[77.51331,13.13555]},"properties":{"name":"Shivakote Cross"}},{"type":"Feature","geometry":{"type":"Point","coordinates":[77.50215,13.14307]},"properties":{"name":"Mathkur Cross"}},{"type":"Feature","geometry":{"type":"Point","coordinates":[77.51475,13.134]},"properties":{"name":"Shivakote"}},{"type":"Feature","geometry":{"type":"Point","coordinates":[77.48034,13.13747]},"properties":{"name":"Hesaraghatta"}},{"type":"Feature","geometry":{"type":"Point","coordinates":[77.47918,13.13789]},"properties":{"name":"Hesaraghatta Village"}},{"type":"Feature","geometry":{"type":"Point","coordinates":[77.47669,13.14919]},"properties":{"name":"Poultry Farm"}},{"type":"Feature","geometry":{"type":"Point","coordinates":[77.47651,13.14925]},"properties":{"name":"Poultry Farm"}},{"type":"Feature","geometry":{"type":"Point","coordinates":[77.47292,13.1542]},"properties":{"name":"Nruthyagrama Gate"}},{"type":"Feature","geometry":{"type":"Point","coordinates":[77.47296,13.15415]},"properties":{"name":"Nruthyagrama Gate"}},{"type":"Feature","geometry":{"type":"Point","coordinates":[77.53394,13.09205]},"properties":{"name":"Lakshmipura Cross"}},{"type":"Feature","geometry":{"type":"Point","coordinates":[77.51062,13.11448]},"properties":{"name":"Paakegowdanapalya"}},{"type":"Feature","geometry":{"type":"Point","coordinates":[77.51078,13.11442]},"properties":{"name":"Paakegowdanapalya"}},{"type":"Feature","geometry":{"type":"Point","coordinates":[77.501,13.1143]},"properties":{"name":"Siluvepura"}},{"type":"Feature","geometry":{"type":"Point","coordinates":[77.50108,13.11424]},"properties":{"name":"Siluvepura"}},{"type":"Feature","geometry":{"type":"Point","coordinates":[77.47472,13.08231]},"properties":{"name":"Aluru Cross"}},{"type":"Feature","geometry":{"type":"Point","coordinates":[77.47476,13.08237]},"properties":{"name":"Aluru Cross"}},{"type":"Feature","geometry":{"type":"Point","coordinates":[77.47339,13.07521]},"properties":{"name":"Kuduregere Madanayakanahalli"}},{"type":"Feature","geometry":{"type":"Point","coordinates":[77.47335,13.07504]},"properties":{"name":"Kuduregere Madanayakanahalli"}},{"type":"Feature","geometry":{"type":"Point","coordinates":[77.57351,12.9233]},"properties":{"name":"Shastri Bakery"}},{"type":"Feature","geometry":{"type":"Point","coordinates":[77.57361,12.9232]},"properties":{"name":"Shastri Bakery"}},{"type":"Feature","geometry":{"type":"Point","coordinates":[77.5742,12.92093]},"properties":{"name":"Banashankari Hunasemara"}},{"type":"Feature","geometry":{"type":"Point","coordinates":[77.57404,12.92086]},"properties":{"name":"Banashankari Hunasemara"}},{"type":"Feature","geometry":{"type":"Point","coordinates":[77.56907,12.91679]},"properties":{"name":"Yarab Nagara"}},{"type":"Feature","geometry":{"type":"Point","coordinates":[77.56727,12.91368]},"properties":{"name":"Kadirenahalli Cross"}},{"type":"Feature","geometry":{"type":"Point","coordinates":[77.47606,13.0682]},"properties":{"name":"Kudurugere Colony"}},{"type":"Feature","geometry":{"type":"Point","coordinates":[77.47611,13.06817]},"properties":{"name":"Kudurugere Colony"}},{"type":"Feature","geometry":{"type":"Point","coordinates":[77.57487,12.88552]},"properties":{"name":"Chunchaghatta"}},{"type":"Feature","geometry":{"type":"Point","coordinates":[77.57497,12.88557]},"properties":{"name":"Chunchaghatta"}},{"type":"Feature","geometry":{"type":"Point","coordinates":[77.576,12.88127]},"properties":{"name":"Maruthi School"}},{"type":"Feature","geometry":{"type":"Point","coordinates":[77.57589,12.88127]},"properties":{"name":"Maruthi School"}},{"type":"Feature","geometry":{"type":"Point","coordinates":[77.57713,12.87649]},"properties":{"name":"Kothanuru Hari Nagara"}},{"type":"Feature","geometry":{"type":"Point","coordinates":[77.57724,12.87639]},"properties":{"name":"Kothanuru Hari Nagara"}},{"type":"Feature","geometry":{"type":"Point","coordinates":[77.46551,13.08495]},"properties":{"name":"Aluru"}},{"type":"Feature","geometry":{"type":"Point","coordinates":[77.46561,13.0849]},"properties":{"name":"Aluru"}},{"type":"Feature","geometry":{"type":"Point","coordinates":[77.45639,13.0688]},"properties":{"name":"Makali Govt High School"}},{"type":"Feature","geometry":{"type":"Point","coordinates":[77.48686,13.06998]},"properties":{"name":"Govt School Thotada Guddadahalli"}},{"type":"Feature","geometry":{"type":"Point","coordinates":[77.4869,13.07]},"properties":{"name":"Govt School Thotada Guddadahalli"}},{"type":"Feature","geometry":{"type":"Point","coordinates":[77.49288,13.06548]},"properties":{"name":"Meenakshi Layout"}},{"type":"Feature","geometry":{"type":"Point","coordinates":[77.49298,13.06553]},"properties":{"name":"Meenakshi Layout"}},{"type":"Feature","geometry":{"type":"Point","coordinates":[77.50406,12.99976]},"properties":{"name":"Hegganahalli Cross"}},{"type":"Feature","geometry":{"type":"Point","coordinates":[77.50402,12.9997]},"properties":{"name":"Hegganahalli Cross"}},{"type":"Feature","geometry":{"type":"Point","coordinates":[77.49745,12.99841]},"properties":{"name":"Nagarahole Nagara"}},{"type":"Feature","geometry":{"type":"Point","coordinates":[77.49738,12.99845]},"properties":{"name":"Nagarahole Nagara"}},{"type":"Feature","geometry":{"type":"Point","coordinates":[77.49394,12.98975]},"properties":{"name":"Maruthi Nagara"}},{"type":"Feature","geometry":{"type":"Point","coordinates":[77.49398,12.98967]},"properties":{"name":"Maruthi Nagara"}},{"type":"Feature","geometry":{"type":"Point","coordinates":[77.48757,12.99046]},"properties":{"name":"Herohalli Sunkadakatte"}},{"type":"Feature","geometry":{"type":"Point","coordinates":[77.4876,12.99051]},"properties":{"name":"Herohalli Sunkadakatte"}},{"type":"Feature","geometry":{"type":"Point","coordinates":[77.48786,12.96632]},"properties":{"name":"Muddinapalya"}},{"type":"Feature","geometry":{"type":"Point","coordinates":[77.4878,12.9663]},"properties":{"name":"Muddinapalya"}},{"type":"Feature","geometry":{"type":"Point","coordinates":[77.47945,12.93992]},"properties":{"name":"Maruthi Nagara"}},{"type":"Feature","geometry":{"type":"Point","coordinates":[77.47951,12.93972]},"properties":{"name":"Maruthi Nagara"}},{"type":"Feature","geometry":{"type":"Point","coordinates":[77.48724,12.93051]},"properties":{"name":"Shirke KHB Quarters"}},{"type":"Feature","geometry":{"type":"Point","coordinates":[77.48738,12.93045]},"properties":{"name":"Shirke KHB Quarters"}},{"type":"Feature","geometry":{"type":"Point","coordinates":[77.48013,12.91097]},"properties":{"name":"Ganesha Temple"}},{"type":"Feature","geometry":{"type":"Point","coordinates":[77.4876,12.89915]},"properties":{"name":"Sridhara Gudda"}},{"type":"Feature","geometry":{"type":"Point","coordinates":[77.48752,12.89912]},"properties":{"name":"Sridhara Gudda"}},{"type":"Feature","geometry":{"type":"Point","coordinates":[77.49906,12.90716]},"properties":{"name":"BGS Health City Gate Abhiman Studio"}},{"type":"Feature","geometry":{"type":"Point","coordinates":[77.49916,12.90706]},"properties":{"name":"BGS Health City Gate Abhiman Studio"}},{"type":"Feature","geometry":{"type":"Point","coordinates":[77.50443,12.90475]},"properties":{"name":"Omkar Hills"}},{"type":"Feature","geometry":{"type":"Point","coordinates":[77.50453,12.90478]},"properties":{"name":"Omkar Hills"}},{"type":"Feature","geometry":{"type":"Point","coordinates":[77.60256,12.87734]},"properties":{"name":"Hulimavu"}},{"type":"Feature","geometry":{"type":"Point","coordinates":[77.60231,12.87736]},"properties":{"name":"Hulimavu"}},{"type":"Feature","geometry":{"type":"Point","coordinates":[77.6035,12.88281]},"properties":{"name":"Shanthiniketan Layout"}},{"type":"Feature","geometry":{"type":"Point","coordinates":[77.60342,12.88282]},"properties":{"name":"Shanthiniketan Layout"}},{"type":"Feature","geometry":{"type":"Point","coordinates":[77.60973,12.8785]},"properties":{"name":"Double Road"}},{"type":"Feature","geometry":{"type":"Point","coordinates":[77.60962,12.87857]},"properties":{"name":"Double Road"}},{"type":"Feature","geometry":{"type":"Point","coordinates":[77.59828,12.8653]},"properties":{"name":"AECS Dental College"}},{"type":"Feature","geometry":{"type":"Point","coordinates":[77.59836,12.86522]},"properties":{"name":"AECS Dental College"}},{"type":"Feature","geometry":{"type":"Point","coordinates":[77.60949,12.85446]},"properties":{"name":"Begur Nice Road Junction"}},{"type":"Feature","geometry":{"type":"Point","coordinates":[77.53041,12.96488]},"properties":{"name":"Vinayaka Layout"}},{"type":"Feature","geometry":{"type":"Point","coordinates":[77.53037,12.9649]},"properties":{"name":"Vinayaka Layout"}},{"type":"Feature","geometry":{"type":"Point","coordinates":[77.53146,12.95722]},"properties":{"name":"Water Tank Chandra Layout"}},{"type":"Feature","geometry":{"type":"Point","coordinates":[77.5314,12.95728]},"properties":{"name":"Water Tank Chandra Layout"}},{"type":"Feature","geometry":{"type":"Point","coordinates":[77.58013,13.10991]},"properties":{"name":"Puttenahalli"}},{"type":"Feature","geometry":{"type":"Point","coordinates":[77.57251,13.10575]},"properties":{"name":"5th Phase Yelahanka New Town"}},{"type":"Feature","geometry":{"type":"Point","coordinates":[77.58027,13.13061]},"properties":{"name":"Harohalli"}},{"type":"Feature","geometry":{"type":"Point","coordinates":[77.58024,13.13053]},"properties":{"name":"Harohalli"}},{"type":"Feature","geometry":{"type":"Point","coordinates":[77.5898,13.13126]},"properties":{"name":"Nitte Meenakshi College"}},{"type":"Feature","geometry":{"type":"Point","coordinates":[77.59012,13.13083]},"properties":{"name":"Nitte Meenakshi College"}},{"type":"Feature","geometry":{"type":"Point","coordinates":[77.60607,13.10787]},"properties":{"name":"Maruthi Nagara"}},{"type":"Feature","geometry":{"type":"Point","coordinates":[77.60807,13.11708]},"properties":{"name":"Palanahalli Gate"}},{"type":"Feature","geometry":{"type":"Point","coordinates":[77.60852,13.11675]},"properties":{"name":"Palanahalli Gate"}},{"type":"Feature","geometry":{"type":"Point","coordinates":[77.70611,13.25849]},"properties":{"name":"Neeleri"}},{"type":"Feature","geometry":{"type":"Point","coordinates":[77.70623,13.25862]},"properties":{"name":"Neeleri"}},{"type":"Feature","geometry":{"type":"Point","coordinates":[77.5228,13.15566]},"properties":{"name":"Linganahalli"}},{"type":"Feature","geometry":{"type":"Point","coordinates":[77.52177,13.16499]},"properties":{"name":"Koluvarayanahalli"}},{"type":"Feature","geometry":{"type":"Point","coordinates":[77.50748,12.96081]},"properties":{"name":"Vinayaka Layout Nagarabhavi"}},{"type":"Feature","geometry":{"type":"Point","coordinates":[77.5075,12.96066]},"properties":{"name":"Vinayaka Layout Nagarabhavi"}},{"type":"Feature","geometry":{"type":"Point","coordinates":[77.50423,12.96034]},"properties":{"name":"Kengunte Circle"}},{"type":"Feature","geometry":{"type":"Point","coordinates":[77.50435,12.96027]},"properties":{"name":"Kengunte Circle"}},{"type":"Feature","geometry":{"type":"Point","coordinates":[77.55737,12.91859]},"properties":{"name":"Padmanabha Nagara Rock"}},{"type":"Feature","geometry":{"type":"Point","coordinates":[77.55732,12.9185]},"properties":{"name":"Padmanabha Nagara Rock"}},{"type":"Feature","geometry":{"type":"Point","coordinates":[77.56464,12.92448]},"properties":{"name":"Banashankari 2nd Stage"}},{"type":"Feature","geometry":{"type":"Point","coordinates":[77.56435,12.92466]},"properties":{"name":"Banashankari 2nd Stage"}},{"type":"Feature","geometry":{"type":"Point","coordinates":[77.52866,12.9388]},"properties":{"name":"Pramod Layout"}},{"type":"Feature","geometry":{"type":"Point","coordinates":[77.5287,12.93875]},"properties":{"name":"Pramod Layout"}},{"type":"Feature","geometry":{"type":"Point","coordinates":[77.52965,12.95131]},"properties":{"name":"BCC Layout"}},{"type":"Feature","geometry":{"type":"Point","coordinates":[77.65803,12.96572]},"properties":{"name":"Jeevanbheema Nagara"}},{"type":"Feature","geometry":{"type":"Point","coordinates":[77.65058,12.95966]},"properties":{"name":"NAL Manipal Hospital"}},{"type":"Feature","geometry":{"type":"Point","coordinates":[77.62952,12.97956]},"properties":{"name":"Halasuru"}},{"type":"Feature","geometry":{"type":"Point","coordinates":[77.55291,12.97546]},"properties":{"name":"Prasanna Theatre"}},{"type":"Feature","geometry":{"type":"Point","coordinates":[77.55232,12.97547]},"properties":{"name":"Prasanna Theatre"}},{"type":"Feature","geometry":{"type":"Point","coordinates":[77.55359,12.97962]},"properties":{"name":"6th Block Rajajinagara"}},{"type":"Feature","geometry":{"type":"Point","coordinates":[77.55366,12.97934]},"properties":{"name":"6th Block Rajajinagara"}},{"type":"Feature","geometry":{"type":"Point","coordinates":[77.39461,13.06851]},"properties":{"name":"Hulegowdanahalli"}},{"type":"Feature","geometry":{"type":"Point","coordinates":[77.39472,13.0684]},"properties":{"name":"Hulegowdanahalli"}},{"type":"Feature","geometry":{"type":"Point","coordinates":[77.39105,13.03918]},"properties":{"name":"Hunnigere Cross"}},{"type":"Feature","geometry":{"type":"Point","coordinates":[77.39109,13.03915]},"properties":{"name":"Hunnigere Cross"}},{"type":"Feature","geometry":{"type":"Point","coordinates":[77.58566,13.10261]},"properties":{"name":"Escorts"}},{"type":"Feature","geometry":{"type":"Point","coordinates":[77.58232,13.10577]},"properties":{"name":"Wheel And Axle Plant"}},{"type":"Feature","geometry":{"type":"Point","coordinates":[77.59422,13.09469]},"properties":{"name":"YHK Police Station"}},{"type":"Feature","geometry":{"type":"Point","coordinates":[77.59439,13.09465]},"properties":{"name":"YHK Police Station"}},{"type":"Feature","geometry":{"type":"Point","coordinates":[77.62346,13.10348]},"properties":{"name":"Srinivasapura"}},{"type":"Feature","geometry":{"type":"Point","coordinates":[77.59659,13.09798]},"properties":{"name":"Yelahanka Santhe Circle"}},{"type":"Feature","geometry":{"type":"Point","coordinates":[77.41612,13.03503]},"properties":{"name":"Averahalli"}},{"type":"Feature","geometry":{"type":"Point","coordinates":[77.57783,13.15987]},"properties":{"name":"Nagadasanahalli"}},{"type":"Feature","geometry":{"type":"Point","coordinates":[77.57478,13.13113]},"properties":{"name":"Nagenahalli"}},{"type":"Feature","geometry":{"type":"Point","coordinates":[77.65818,13.14592]},"properties":{"name":"Razakpalya"}},{"type":"Feature","geometry":{"type":"Point","coordinates":[77.65147,13.16555]},"properties":{"name":"Uttanahalli"}},{"type":"Feature","geometry":{"type":"Point","coordinates":[77.64227,13.16165]},"properties":{"name":"Akkayamma Betta"}},{"type":"Feature","geometry":{"type":"Point","coordinates":[77.64073,13.16001]},"properties":{"name":"Vidyanagara Chikkajala"}},{"type":"Feature","geometry":{"type":"Point","coordinates":[77.63637,13.16039]},"properties":{"name":"Venkateshwara College"}},{"type":"Feature","geometry":{"type":"Point","coordinates":[77.55095,13.23677]},"properties":{"name":"Hosa Hudya Gate"}},{"type":"Feature","geometry":{"type":"Point","coordinates":[77.55101,13.23672]},"properties":{"name":"Hosa Hudya"}},{"type":"Feature","geometry":{"type":"Point","coordinates":[77.55217,13.2691]},"properties":{"name":"Navodaya School Doddaballapura"}},{"type":"Feature","geometry":{"type":"Point","coordinates":[77.5522,13.2691]},"properties":{"name":"Navodaya School Doddaballapura"}},{"type":"Feature","geometry":{"type":"Point","coordinates":[77.54729,13.28255]},"properties":{"name":"Kasaba"}},{"type":"Feature","geometry":{"type":"Point","coordinates":[77.54733,13.2826]},"properties":{"name":"Kasaba"}},{"type":"Feature","geometry":{"type":"Point","coordinates":[77.56286,13.20632]},"properties":{"name":"Suradevanapura Cross"}},{"type":"Feature","geometry":{"type":"Point","coordinates":[77.56299,13.20638]},"properties":{"name":"Maragondanahalli Cross"}},{"type":"Feature","geometry":{"type":"Point","coordinates":[77.56215,13.21115]},"properties":{"name":"Suradenapura Yelahanka"}},{"type":"Feature","geometry":{"type":"Point","coordinates":[77.5622,13.21116]},"properties":{"name":"Suradenapura Yelahanka"}},{"type":"Feature","geometry":{"type":"Point","coordinates":[77.74053,13.03934]},"properties":{"name":"Cheemasandra Gate"}},{"type":"Feature","geometry":{"type":"Point","coordinates":[77.69682,13.18545]},"properties":{"name":"Mylanahalli"}},{"type":"Feature","geometry":{"type":"Point","coordinates":[77.69695,13.18537]},"properties":{"name":"Mylanahalli"}},{"type":"Feature","geometry":{"type":"Point","coordinates":[77.66659,13.17909]},"properties":{"name":"Shettigere"}},{"type":"Feature","geometry":{"type":"Point","coordinates":[77.67303,13.1825]},"properties":{"name":"Muthukadahalli"}},{"type":"Feature","geometry":{"type":"Point","coordinates":[77.6882,13.18385]},"properties":{"name":"Chikkanahalli"}},{"type":"Feature","geometry":{"type":"Point","coordinates":[77.65721,13.16927]},"properties":{"name":"Kolipura"}},{"type":"Feature","geometry":{"type":"Point","coordinates":[77.62688,13.0847]},"properties":{"name":"Chokkanahalli"}},{"type":"Feature","geometry":{"type":"Point","coordinates":[77.63125,13.0528]},"properties":{"name":"Ashwath Nagara"}},{"type":"Feature","geometry":{"type":"Point","coordinates":[77.55385,13.25155]},"properties":{"name":"Railway Gate"}},{"type":"Feature","geometry":{"type":"Point","coordinates":[77.61336,13.00863]},"properties":{"name":"Periyar Nagara Circle"}},{"type":"Feature","geometry":{"type":"Point","coordinates":[77.63507,13.10125]},"properties":{"name":"Bellahalli Cross"}},{"type":"Feature","geometry":{"type":"Point","coordinates":[77.60616,13.07746]},"properties":{"name":"Govt School"}},{"type":"Feature","geometry":{"type":"Point","coordinates":[77.60415,13.0866]},"properties":{"name":"VRL Gowdon Jakkur"}},{"type":"Feature","geometry":{"type":"Point","coordinates":[77.59905,13.09764]},"properties":{"name":"Raitarasanthe"}},{"type":"Feature","geometry":{"type":"Point","coordinates":[77.60015,13.09609]},"properties":{"name":"Surabhi Layout"}},{"type":"Feature","geometry":{"type":"Point","coordinates":[77.60744,13.23114]},"properties":{"name":"Dyavasandra"}},{"type":"Feature","geometry":{"type":"Point","coordinates":[77.64314,13.18649]},"properties":{"name":"ITC Factory"}},{"type":"Feature","geometry":{"type":"Point","coordinates":[77.64285,13.18669]},"properties":{"name":"ITC Factory"}},{"type":"Feature","geometry":{"type":"Point","coordinates":[77.63152,13.16821]},"properties":{"name":"Kadiganahalli Gate"}},{"type":"Feature","geometry":{"type":"Point","coordinates":[77.5561,13.07161]},"properties":{"name":"Canara Bank"}},{"type":"Feature","geometry":{"type":"Point","coordinates":[77.54166,12.97359]},"properties":{"name":"Vijayanagara Vijaya Bank"}},{"type":"Feature","geometry":{"type":"Point","coordinates":[77.56024,13.06835]},"properties":{"name":"Nanjappa Circle"}},{"type":"Feature","geometry":{"type":"Point","coordinates":[77.54917,12.97867]},"properties":{"name":"Aralimara Industrial Area Rajajinagara"}},{"type":"Feature","geometry":{"type":"Point","coordinates":[77.54893,12.97829]},"properties":{"name":"Aralimara Industrial Area Rajajinagara"}},{"type":"Feature","geometry":{"type":"Point","coordinates":[77.54906,12.98194]},"properties":{"name":"Industrial Area Rajajinagara"}},{"type":"Feature","geometry":{"type":"Point","coordinates":[77.54892,12.98199]},"properties":{"name":"Industrial Area Rajajinagara"}},{"type":"Feature","geometry":{"type":"Point","coordinates":[77.54932,12.98561]},"properties":{"name":"Dhobi Ghat Rajajinagara"}},{"type":"Feature","geometry":{"type":"Point","coordinates":[77.54915,12.98551]},"properties":{"name":"Dhobi Ghat Rajajinagara"}},{"type":"Feature","geometry":{"type":"Point","coordinates":[77.53805,12.9652]},"properties":{"name":"Hampi Nagara Post Office"}},{"type":"Feature","geometry":{"type":"Point","coordinates":[77.55347,13.01288]},"properties":{"name":"Govt Soap Factory"}},{"type":"Feature","geometry":{"type":"Point","coordinates":[77.55432,13.0131]},"properties":{"name":"Govt Soap Factory"}},{"type":"Feature","geometry":{"type":"Point","coordinates":[77.52241,13.04623]},"properties":{"name":"Ayyappa Temple Jalahalli Cross"}},{"type":"Feature","geometry":{"type":"Point","coordinates":[77.54636,13.05773]},"properties":{"name":"Gangamma Circle"}},{"type":"Feature","geometry":{"type":"Point","coordinates":[77.62552,13.06904]},"properties":{"name":"Dr Shivaramkaranth Residents"}},{"type":"Feature","geometry":{"type":"Point","coordinates":[77.62543,13.06893]},"properties":{"name":"Dr Shivaramkaranth Residents"}},{"type":"Feature","geometry":{"type":"Point","coordinates":[77.61664,13.06797]},"properties":{"name":"Telecom Layout"}},{"type":"Feature","geometry":{"type":"Point","coordinates":[77.61668,13.06802]},"properties":{"name":"Telecom Layout"}},{"type":"Feature","geometry":{"type":"Point","coordinates":[77.61999,13.06594]},"properties":{"name":"Sri Ramapura"}},{"type":"Feature","geometry":{"type":"Point","coordinates":[77.61993,13.0659]},"properties":{"name":"Sri Ramapura"}},{"type":"Feature","geometry":{"type":"Point","coordinates":[77.61953,13.06059]},"properties":{"name":"Mestripalya"}},{"type":"Feature","geometry":{"type":"Point","coordinates":[77.61954,13.06052]},"properties":{"name":"Mestripalya"}},{"type":"Feature","geometry":{"type":"Point","coordinates":[77.62358,13.05806]},"properties":{"name":"Rachenahalli"}},{"type":"Feature","geometry":{"type":"Point","coordinates":[77.61921,13.05913]},"properties":{"name":"Rachenahalli Cross"}},{"type":"Feature","geometry":{"type":"Point","coordinates":[77.61931,13.05909]},"properties":{"name":"Rachenahalli Cross"}},{"type":"Feature","geometry":{"type":"Point","coordinates":[77.62039,13.06136]},"properties":{"name":"Mestripalya Cross"}},{"type":"Feature","geometry":{"type":"Point","coordinates":[77.61693,13.06571]},"properties":{"name":"Royal Enclave"}},{"type":"Feature","geometry":{"type":"Point","coordinates":[77.61695,13.06573]},"properties":{"name":"Royal Enclave"}},{"type":"Feature","geometry":{"type":"Point","coordinates":[77.61311,13.06777]},"properties":{"name":"Sri Ramapura Cross"}},{"type":"Feature","geometry":{"type":"Point","coordinates":[77.61321,13.06762]},"properties":{"name":"Sri Ramapura Cross"}},{"type":"Feature","geometry":{"type":"Point","coordinates":[77.60967,13.06664]},"properties":{"name":"Sri Ramapura Circle"}},{"type":"Feature","geometry":{"type":"Point","coordinates":[77.60973,13.06658]},"properties":{"name":"Sri Ramapura Circle"}},{"type":"Feature","geometry":{"type":"Point","coordinates":[77.5433,12.94842]},"properties":{"name":"Timber Yard Layout"}},{"type":"Feature","geometry":{"type":"Point","coordinates":[77.54937,12.94843]},"properties":{"name":"Telecom Layout"}},{"type":"Feature","geometry":{"type":"Point","coordinates":[77.54928,12.94844]},"properties":{"name":"Telecom Layout"}},{"type":"Feature","geometry":{"type":"Point","coordinates":[77.55247,12.94835]},"properties":{"name":"Kalidasa Layout"}},{"type":"Feature","geometry":{"type":"Point","coordinates":[77.55242,12.94833]},"properties":{"name":"Kalidasa Layout"}},{"type":"Feature","geometry":{"type":"Point","coordinates":[77.6033,13.06884]},"properties":{"name":"Jakkur 18th Cross"}},{"type":"Feature","geometry":{"type":"Point","coordinates":[77.60338,13.06888]},"properties":{"name":"Jakkur 18th Cross"}},{"type":"Feature","geometry":{"type":"Point","coordinates":[77.53686,12.94337]},"properties":{"name":"Avalahalli New BDA Layout"}},{"type":"Feature","geometry":{"type":"Point","coordinates":[77.53679,12.94343]},"properties":{"name":"Avalahalli New BDA Layout"}},{"type":"Feature","geometry":{"type":"Point","coordinates":[77.6008,13.06578]},"properties":{"name":"Amruthahalli"}},{"type":"Feature","geometry":{"type":"Point","coordinates":[77.54464,12.94322]},"properties":{"name":"Girinagara"}},{"type":"Feature","geometry":{"type":"Point","coordinates":[77.54464,12.94314]},"properties":{"name":"Girinagara"}},{"type":"Feature","geometry":{"type":"Point","coordinates":[77.5427,12.94336]},"properties":{"name":"Avalahalli BDA Park Girinagara"}},{"type":"Feature","geometry":{"type":"Point","coordinates":[77.54635,12.95159]},"properties":{"name":"Telecom Colony"}},{"type":"Feature","geometry":{"type":"Point","coordinates":[77.54641,12.95156]},"properties":{"name":"Telecom Colony"}},{"type":"Feature","geometry":{"type":"Point","coordinates":[77.5937,13.05732]},"properties":{"name":"Kodigehalli Gate"}},{"type":"Feature","geometry":{"type":"Point","coordinates":[77.59856,13.05773]},"properties":{"name":"Amrutha Nagara Hebbala"}},{"type":"Feature","geometry":{"type":"Point","coordinates":[77.59874,13.05782]},"properties":{"name":"Amrutha Nagara"}},{"type":"Feature","geometry":{"type":"Point","coordinates":[77.59974,13.05506]},"properties":{"name":"Amrutha Nagara Canara Bank"}},{"type":"Feature","geometry":{"type":"Point","coordinates":[77.59969,13.05518]},"properties":{"name":"Amrutha Nagara Canara Bank"}},{"type":"Feature","geometry":{"type":"Point","coordinates":[77.50747,13.18845]},"properties":{"name":"KMF"}},{"type":"Feature","geometry":{"type":"Point","coordinates":[77.50746,13.1885]},"properties":{"name":"KMF"}},{"type":"Feature","geometry":{"type":"Point","coordinates":[77.60245,13.05519]},"properties":{"name":"Sri Bhuvaneshwari Nagara"}},{"type":"Feature","geometry":{"type":"Point","coordinates":[77.60257,13.0552]},"properties":{"name":"Sri Bhuvaneshwari Nagara"}},{"type":"Feature","geometry":{"type":"Point","coordinates":[77.53617,13.29567]},"properties":{"name":"Doddaballapura TollGate"}},{"type":"Feature","geometry":{"type":"Point","coordinates":[77.53634,13.29565]},"properties":{"name":"Doddaballapura TollGate"}},{"type":"Feature","geometry":{"type":"Point","coordinates":[77.60782,13.05543]},"properties":{"name":"Sri Maruthi Badavane"}},{"type":"Feature","geometry":{"type":"Point","coordinates":[77.60773,13.05549]},"properties":{"name":"Maruthi Badavane"}},{"type":"Feature","geometry":{"type":"Point","coordinates":[77.59349,13.06726]},"properties":{"name":"Byatarayanapura"}},{"type":"Feature","geometry":{"type":"Point","coordinates":[77.59365,13.06713]},"properties":{"name":"Byatarayanapura"}},{"type":"Feature","geometry":{"type":"Point","coordinates":[77.61191,13.04907]},"properties":{"name":"Mariyannanapalya"}},{"type":"Feature","geometry":{"type":"Point","coordinates":[77.61178,13.0493]},"properties":{"name":"Mariyannanapalya"}},{"type":"Feature","geometry":{"type":"Point","coordinates":[77.60063,13.05084]},"properties":{"name":"Kempapura"}},{"type":"Feature","geometry":{"type":"Point","coordinates":[77.60067,13.05079]},"properties":{"name":"Kempapura"}},{"type":"Feature","geometry":{"type":"Point","coordinates":[77.60919,13.04853]},"properties":{"name":"Coffee Board Layout"}},{"type":"Feature","geometry":{"type":"Point","coordinates":[77.60914,13.04843]},"properties":{"name":"Coffee Board Layout"}},{"type":"Feature","geometry":{"type":"Point","coordinates":[77.61352,13.04215]},"properties":{"name":"Veeranapalya"}},{"type":"Feature","geometry":{"type":"Point","coordinates":[77.61349,13.04206]},"properties":{"name":"Veeranapalya"}},{"type":"Feature","geometry":{"type":"Point","coordinates":[77.6136,13.04255]},"properties":{"name":"Veerannapalya Cross"}},{"type":"Feature","geometry":{"type":"Point","coordinates":[77.58881,13.03591]},"properties":{"name":"Canara Bank Hebbala"}},{"type":"Feature","geometry":{"type":"Point","coordinates":[77.5891,13.03829]},"properties":{"name":"Hebbala"}},{"type":"Feature","geometry":{"type":"Point","coordinates":[77.59421,13.08541]},"properties":{"name":"Allalasandra Gate"}},{"type":"Feature","geometry":{"type":"Point","coordinates":[77.5538,13.25162]},"properties":{"name":"Railway Gate Bashettihalli"}},{"type":"Feature","geometry":{"type":"Point","coordinates":[77.51223,12.96095]},"properties":{"name":"12th Block Nagarabhavi"}},{"type":"Feature","geometry":{"type":"Point","coordinates":[77.49723,12.94862]},"properties":{"name":"PVP School"}},{"type":"Feature","geometry":{"type":"Point","coordinates":[77.48183,12.91022]},"properties":{"name":"Police Station Kengeri"}},{"type":"Feature","geometry":{"type":"Point","coordinates":[77.5447,13.08935]},"properties":{"name":"Best County"}},{"type":"Feature","geometry":{"type":"Point","coordinates":[77.52577,13.1117]},"properties":{"name":"Dodda Byalakere"}},{"type":"Feature","geometry":{"type":"Point","coordinates":[77.52149,13.11965]},"properties":{"name":"Chikka Byalakere"}},{"type":"Feature","geometry":{"type":"Point","coordinates":[77.51954,13.12673]},"properties":{"name":"Kurubarahalli Cross"}},{"type":"Feature","geometry":{"type":"Point","coordinates":[77.48439,13.13032]},"properties":{"name":"Hesaraghatta TB Cross"}},{"type":"Feature","geometry":{"type":"Point","coordinates":[77.47913,13.13784]},"properties":{"name":"Hesaraghatta Village"}},{"type":"Feature","geometry":{"type":"Point","coordinates":[77.44596,13.13619]},"properties":{"name":"Thotagere Village"}},{"type":"Feature","geometry":{"type":"Point","coordinates":[77.43927,13.13701]},"properties":{"name":"Huskur Baare"}},{"type":"Feature","geometry":{"type":"Point","coordinates":[77.43482,13.13828]},"properties":{"name":"Kanaka Nagara Gate"}},{"type":"Feature","geometry":{"type":"Point","coordinates":[77.41178,13.15053]},"properties":{"name":"Railway Gate Gollahalli"}},{"type":"Feature","geometry":{"type":"Point","coordinates":[77.41023,13.1401]},"properties":{"name":"Hyadalu"}},{"type":"Feature","geometry":{"type":"Point","coordinates":[77.60055,13.10329]},"properties":{"name":"Kogilu Cross"}},{"type":"Feature","geometry":{"type":"Point","coordinates":[77.63611,13.10143]},"properties":{"name":"Bellahalli Cross"}},{"type":"Feature","geometry":{"type":"Point","coordinates":[77.64209,13.09913]},"properties":{"name":"Bellahalli"}},{"type":"Feature","geometry":{"type":"Point","coordinates":[77.66061,13.05642]},"properties":{"name":"Kyalasanahalli"}},{"type":"Feature","geometry":{"type":"Point","coordinates":[77.63797,13.0668]},"properties":{"name":"Shirdi Sai Nagara"}},{"type":"Feature","geometry":{"type":"Point","coordinates":[77.63818,13.06675]},"properties":{"name":"Shirdi Sai Nagara"}},{"type":"Feature","geometry":{"type":"Point","coordinates":[77.64887,13.06197]},"properties":{"name":"Kothanuru"}},{"type":"Feature","geometry":{"type":"Point","coordinates":[77.58023,13.11015]},"properties":{"name":"Puttenahalli"}},{"type":"Feature","geometry":{"type":"Point","coordinates":[77.5822,13.10607]},"properties":{"name":"Wheel And Axle Plant"}},{"type":"Feature","geometry":{"type":"Point","coordinates":[77.58568,13.10275]},"properties":{"name":"Escorts"}},{"type":"Feature","geometry":{"type":"Point","coordinates":[77.59557,13.08737]},"properties":{"name":"Allalasandra Gate"}},{"type":"Feature","geometry":{"type":"Point","coordinates":[77.64532,13.04847]},"properties":{"name":"Geddalahalli"}},{"type":"Feature","geometry":{"type":"Point","coordinates":[77.64226,13.06332]},"properties":{"name":"K Narayanapura"}},{"type":"Feature","geometry":{"type":"Point","coordinates":[77.64083,13.06635]},"properties":{"name":"K Narayanapura Main Bus Stand"}},{"type":"Feature","geometry":{"type":"Point","coordinates":[77.63127,13.05247]},"properties":{"name":"Ashwath Nagara"}},{"type":"Feature","geometry":{"type":"Point","coordinates":[77.57698,12.98122]},"properties":{"name":"Ananda Rao Circle"}},{"type":"Feature","geometry":{"type":"Point","coordinates":[77.62615,13.05759]},"properties":{"name":"IBM Gate"}},{"type":"Feature","geometry":{"type":"Point","coordinates":[77.62631,13.05751]},"properties":{"name":"IBM Gate"}},{"type":"Feature","geometry":{"type":"Point","coordinates":[77.63053,13.05053]},"properties":{"name":"Ashwath Nagara Cross"}},{"type":"Feature","geometry":{"type":"Point","coordinates":[77.63042,13.05067]},"properties":{"name":"Ashwath Nagara Cross"}},{"type":"Feature","geometry":{"type":"Point","coordinates":[77.59452,13.10072]},"properties":{"name":"Yelahanka Old Town"}},{"type":"Feature","geometry":{"type":"Point","coordinates":[77.50411,12.99016]},"properties":{"name":"Sunkadakatte"}},{"type":"Feature","geometry":{"type":"Point","coordinates":[77.52344,12.99721]},"properties":{"name":"LB Samudaya Bhavana"}},{"type":"Feature","geometry":{"type":"Point","coordinates":[77.52538,13.00186]},"properties":{"name":"Kempegowda Arch"}},{"type":"Feature","geometry":{"type":"Point","coordinates":[77.52554,13.00174]},"properties":{"name":"Kempegowda Arch"}},{"type":"Feature","geometry":{"type":"Point","coordinates":[77.52687,13.00754]},"properties":{"name":"Laggere Bridge"}},{"type":"Feature","geometry":{"type":"Point","coordinates":[77.52661,13.00841]},"properties":{"name":"Laggere Bridge"}},{"type":"Feature","geometry":{"type":"Point","coordinates":[77.53275,13.02271]},"properties":{"name":"Kanteerava Studio"}},{"type":"Feature","geometry":{"type":"Point","coordinates":[77.53612,13.02865]},"properties":{"name":"Reliance Petrol Bunk Goraguntepalya"}},{"type":"Feature","geometry":{"type":"Point","coordinates":[77.53627,13.00092]},"properties":{"name":"Kurubarahalli"}},{"type":"Feature","geometry":{"type":"Point","coordinates":[77.53069,12.99958]},"properties":{"name":"Cauvery Nagara"}},{"type":"Feature","geometry":{"type":"Point","coordinates":[77.53064,12.99962]},"properties":{"name":"Cauvery Nagara"}},{"type":"Feature","geometry":{"type":"Point","coordinates":[77.53816,13.00911]},"properties":{"name":"Saraswathipuram"}},{"type":"Feature","geometry":{"type":"Point","coordinates":[77.54134,13.01805]},"properties":{"name":"Krishnananda Nagara"}},{"type":"Feature","geometry":{"type":"Point","coordinates":[77.54127,13.01815]},"properties":{"name":"Krishnananda Nagara"}},{"type":"Feature","geometry":{"type":"Point","coordinates":[77.66372,12.85529]},"properties":{"name":"Electronic City 1st phase"}},{"type":"Feature","geometry":{"type":"Point","coordinates":[77.66357,12.85533]},"properties":{"name":"Electronic City 1st Phase"}},{"type":"Feature","geometry":{"type":"Point","coordinates":[77.66442,12.85614]},"properties":{"name":"Konappana Agarhara"}},{"type":"Feature","geometry":{"type":"Point","coordinates":[77.53827,12.90851]},"properties":{"name":"Arehalli"}},{"type":"Feature","geometry":{"type":"Point","coordinates":[77.53822,12.90839]},"properties":{"name":"Arehalli"}},{"type":"Feature","geometry":{"type":"Point","coordinates":[77.53466,12.90847]},"properties":{"name":"Uttarahalli Water Tank"}},{"type":"Feature","geometry":{"type":"Point","coordinates":[77.5347,12.90836]},"properties":{"name":"Uttarahalli Water Tank"}},{"type":"Feature","geometry":{"type":"Point","coordinates":[77.53014,12.90474]},"properties":{"name":"Patalamma Temple"}},{"type":"Feature","geometry":{"type":"Point","coordinates":[77.52314,12.89994]},"properties":{"name":"Dwarka Layout"}},{"type":"Feature","geometry":{"type":"Point","coordinates":[77.52331,12.89995]},"properties":{"name":"Dwarka Layout"}},{"type":"Feature","geometry":{"type":"Point","coordinates":[77.51109,12.92778]},"properties":{"name":"RR Temple"}},{"type":"Feature","geometry":{"type":"Point","coordinates":[77.51102,12.92677]},"properties":{"name":"RR Temple"}},{"type":"Feature","geometry":{"type":"Point","coordinates":[77.51167,12.91986]},"properties":{"name":"Pattanagere"}},{"type":"Feature","geometry":{"type":"Point","coordinates":[77.51176,12.91982]},"properties":{"name":"Pattanagere"}},{"type":"Feature","geometry":{"type":"Point","coordinates":[77.50901,12.91902]},"properties":{"name":"BHEL Layout Water Tank"}},{"type":"Feature","geometry":{"type":"Point","coordinates":[77.50899,12.91895]},"properties":{"name":"BHEL Layout Water Tank"}},{"type":"Feature","geometry":{"type":"Point","coordinates":[77.59776,12.86817]},"properties":{"name":"Nobo Nagara"}},{"type":"Feature","geometry":{"type":"Point","coordinates":[77.59781,12.86818]},"properties":{"name":"Nobo Nagara"}},{"type":"Feature","geometry":{"type":"Point","coordinates":[77.61566,12.88897]},"properties":{"name":"Devarachikkanahalli"}},{"type":"Feature","geometry":{"type":"Point","coordinates":[77.60332,12.90862]},"properties":{"name":"NS Palya"}},{"type":"Feature","geometry":{"type":"Point","coordinates":[77.60627,12.89125]},"properties":{"name":"Vijaya Bank Colony Ayyappa Temple"}},{"type":"Feature","geometry":{"type":"Point","coordinates":[77.57319,12.87399]},"properties":{"name":"Sarathi Nagara"}},{"type":"Feature","geometry":{"type":"Point","coordinates":[77.5389,12.89751]},"properties":{"name":"Thuralli"}},{"type":"Feature","geometry":{"type":"Point","coordinates":[77.53883,12.8975]},"properties":{"name":"Thuralli"}},{"type":"Feature","geometry":{"type":"Point","coordinates":[77.53652,12.89231]},"properties":{"name":"Pratyangira Temple Turalli"}},{"type":"Feature","geometry":{"type":"Point","coordinates":[77.52882,12.85984]},"properties":{"name":"Jyothi Farm"}},{"type":"Feature","geometry":{"type":"Point","coordinates":[77.59141,12.89938]},"properties":{"name":"Vinayaka Nagara JP Nagara"}},{"type":"Feature","geometry":{"type":"Point","coordinates":[77.58494,12.90505]},"properties":{"name":"Oxford College JP Nagara"}},{"type":"Feature","geometry":{"type":"Point","coordinates":[77.58331,12.91063]},"properties":{"name":"JP Nagara 24th Main 9th Cross"}},{"type":"Feature","geometry":{"type":"Point","coordinates":[77.57454,12.9113]},"properties":{"name":"JP Nagara 1st Phase"}},{"type":"Feature","geometry":{"type":"Point","coordinates":[77.57284,12.90943]},"properties":{"name":"Sarakki"}},{"type":"Feature","geometry":{"type":"Point","coordinates":[77.54676,12.89735]},"properties":{"name":"KEB Subramanyapura"}},{"type":"Feature","geometry":{"type":"Point","coordinates":[77.54673,12.8973]},"properties":{"name":"KEB Subramanyapura"}},{"type":"Feature","geometry":{"type":"Point","coordinates":[77.54339,12.90511]},"properties":{"name":"Uttarahalli"}},{"type":"Feature","geometry":{"type":"Point","coordinates":[77.54336,12.90505]},"properties":{"name":"Uttarahalli"}},{"type":"Feature","geometry":{"type":"Point","coordinates":[77.54297,12.90599]},"properties":{"name":"Uttarahalli Circle"}},{"type":"Feature","geometry":{"type":"Point","coordinates":[77.51659,12.90331]},"properties":{"name":"Channasandra Colony"}},{"type":"Feature","geometry":{"type":"Point","coordinates":[77.51662,12.90325]},"properties":{"name":"Channasandra Colony"}},{"type":"Feature","geometry":{"type":"Point","coordinates":[77.57687,13.28815]},"properties":{"name":"Raghunathapura"}},{"type":"Feature","geometry":{"type":"Point","coordinates":[77.51229,12.90402]},"properties":{"name":"Indo American Hybrid Farm"}},{"type":"Feature","geometry":{"type":"Point","coordinates":[77.47985,12.91596]},"properties":{"name":"Robin Theatre"}},{"type":"Feature","geometry":{"type":"Point","coordinates":[77.48237,12.91682]},"properties":{"name":"Railway Station Kengeri"}},{"type":"Feature","geometry":{"type":"Point","coordinates":[77.4841,12.92156]},"properties":{"name":"Society Kengeri Satellite Town"}},{"type":"Feature","geometry":{"type":"Point","coordinates":[77.49314,12.94078]},"properties":{"name":"Jnanajyothi Nagara"}},{"type":"Feature","geometry":{"type":"Point","coordinates":[77.49323,12.94063]},"properties":{"name":"Jnana JyothiNagara"}},{"type":"Feature","geometry":{"type":"Point","coordinates":[77.66889,13.1662]},"properties":{"name":"Meesagaanahalli"}},{"type":"Feature","geometry":{"type":"Point","coordinates":[77.49229,12.93585]},"properties":{"name":"Nagadevanahalli"}},{"type":"Feature","geometry":{"type":"Point","coordinates":[77.65726,13.16935]},"properties":{"name":"Kolipura"}},{"type":"Feature","geometry":{"type":"Point","coordinates":[77.52656,12.92497]},"properties":{"name":"Bangarappa Nagara"}},{"type":"Feature","geometry":{"type":"Point","coordinates":[77.52656,12.92512]},"properties":{"name":"Bangarappa Nagara"}},{"type":"Feature","geometry":{"type":"Point","coordinates":[77.52075,12.9297]},"properties":{"name":"Javaregowda Nagara"}},{"type":"Feature","geometry":{"type":"Point","coordinates":[77.66724,13.1798]},"properties":{"name":"Shettigere"}},{"type":"Feature","geometry":{"type":"Point","coordinates":[77.51609,12.93256]},"properties":{"name":"Petrol Bunk RR Nagara"}},{"type":"Feature","geometry":{"type":"Point","coordinates":[77.68817,13.18394]},"properties":{"name":"Chikkanahalli"}},{"type":"Feature","geometry":{"type":"Point","coordinates":[77.52358,12.93985]},"properties":{"name":"BWSSB Quarters Nayandahalli"}},{"type":"Feature","geometry":{"type":"Point","coordinates":[77.72406,13.16156]},"properties":{"name":"Singahalli"}},{"type":"Feature","geometry":{"type":"Point","coordinates":[77.72394,13.16151]},"properties":{"name":"Singahalli"}},{"type":"Feature","geometry":{"type":"Point","coordinates":[77.72836,13.15039]},"properties":{"name":"Gollahalli Cross"}},{"type":"Feature","geometry":{"type":"Point","coordinates":[77.72846,13.1503]},"properties":{"name":"Gollahalli Cross"}},{"type":"Feature","geometry":{"type":"Point","coordinates":[77.73744,13.16618]},"properties":{"name":"B Marenahalli"}},{"type":"Feature","geometry":{"type":"Point","coordinates":[77.73759,13.16639]},"properties":{"name":"B Marenahalli"}},{"type":"Feature","geometry":{"type":"Point","coordinates":[77.71535,13.09927]},"properties":{"name":"Marasandra"}},{"type":"Feature","geometry":{"type":"Point","coordinates":[77.73836,13.08176]},"properties":{"name":"Mandur"}},{"type":"Feature","geometry":{"type":"Point","coordinates":[77.73833,13.08184]},"properties":{"name":"Mandur"}},{"type":"Feature","geometry":{"type":"Point","coordinates":[77.55603,13.07167]},"properties":{"name":"Canara Bank"}},{"type":"Feature","geometry":{"type":"Point","coordinates":[77.55712,13.0412]},"properties":{"name":"Gokula"}},{"type":"Feature","geometry":{"type":"Point","coordinates":[77.56313,13.04339]},"properties":{"name":"Railway Station Lottegollahalli"}},{"type":"Feature","geometry":{"type":"Point","coordinates":[77.56303,13.04298]},"properties":{"name":"Railway Station Lottegollahalli"}},{"type":"Feature","geometry":{"type":"Point","coordinates":[77.47287,12.98843]},"properties":{"name":"Gollarahatti"}},{"type":"Feature","geometry":{"type":"Point","coordinates":[77.45293,13.0061]},"properties":{"name":"Machohalli"}},{"type":"Feature","geometry":{"type":"Point","coordinates":[77.48842,12.98609]},"properties":{"name":"Anjana Nagara"}},{"type":"Feature","geometry":{"type":"Point","coordinates":[77.49214,12.98712]},"properties":{"name":"Herohalli Cross"}},{"type":"Feature","geometry":{"type":"Point","coordinates":[77.5336,12.98837]},"properties":{"name":"Basaveshwaranagara New Bus Stand"}},{"type":"Feature","geometry":{"type":"Point","coordinates":[77.53768,12.989]},"properties":{"name":"Havanur Circle Basaveshwara Nagara"}},{"type":"Feature","geometry":{"type":"Point","coordinates":[77.53447,12.9922]},"properties":{"name":"Kamalanagara Old Bus Stop"}},{"type":"Feature","geometry":{"type":"Point","coordinates":[77.53462,12.99224]},"properties":{"name":"Kamalanagara Old Bus Stop"}},{"type":"Feature","geometry":{"type":"Point","coordinates":[77.52936,12.99291]},"properties":{"name":"BEML Layout Kamalanagara"}},{"type":"Feature","geometry":{"type":"Point","coordinates":[77.52929,12.99286]},"properties":{"name":"BEML Layout Kamalanagara"}},{"type":"Feature","geometry":{"type":"Point","coordinates":[77.53076,12.99273]},"properties":{"name":"Kamalanagara"}},{"type":"Feature","geometry":{"type":"Point","coordinates":[77.53327,12.99527]},"properties":{"name":"Gudde Devastana Kamalanagara"}},{"type":"Feature","geometry":{"type":"Point","coordinates":[77.53324,12.99533]},"properties":{"name":"Gudde Devastana Kamalanagara"}},{"type":"Feature","geometry":{"type":"Point","coordinates":[77.52677,12.99472]},"properties":{"name":"Shankarnagh Bus Stand"}},{"type":"Feature","geometry":{"type":"Point","coordinates":[77.5418,12.99882]},"properties":{"name":"Shankar Mutt"}},{"type":"Feature","geometry":{"type":"Point","coordinates":[77.55091,12.99827]},"properties":{"name":"Navarang Theatre"}},{"type":"Feature","geometry":{"type":"Point","coordinates":[77.55162,12.99795]},"properties":{"name":"Navrang Theatre"}},{"type":"Feature","geometry":{"type":"Point","coordinates":[77.55431,13.00804]},"properties":{"name":"Vivekananda College"}},{"type":"Feature","geometry":{"type":"Point","coordinates":[77.78304,12.86083]},"properties":{"name":"Police Station Sarjapura"}},{"type":"Feature","geometry":{"type":"Point","coordinates":[77.62091,12.9202]},"properties":{"name":"Madivala"}},{"type":"Feature","geometry":{"type":"Point","coordinates":[77.61804,12.92488]},"properties":{"name":"Ayyappaswamy Temple Madivala"}},{"type":"Feature","geometry":{"type":"Point","coordinates":[77.6186,12.92484]},"properties":{"name":"Madivala Masidi"}},{"type":"Feature","geometry":{"type":"Point","coordinates":[77.61865,12.92473]},"properties":{"name":"Madivala Masidi"}},{"type":"Feature","geometry":{"type":"Point","coordinates":[77.62964,12.93441]},"properties":{"name":"Maharaja Signal"}},{"type":"Feature","geometry":{"type":"Point","coordinates":[77.62983,12.93444]},"properties":{"name":"Maharaja Signal"}},{"type":"Feature","geometry":{"type":"Point","coordinates":[77.61584,12.94183]},"properties":{"name":"8th Block Koramangala"}},{"type":"Feature","geometry":{"type":"Point","coordinates":[77.61585,12.94179]},"properties":{"name":"8th Block Koramangala"}},{"type":"Feature","geometry":{"type":"Point","coordinates":[77.61749,12.9538]},"properties":{"name":"Neelasandra Rose Garden"}},{"type":"Feature","geometry":{"type":"Point","coordinates":[77.78356,12.80592]},"properties":{"name":"Bidaraguppe"}},{"type":"Feature","geometry":{"type":"Point","coordinates":[77.59511,12.90715]},"properties":{"name":"Dalmia Circle"}},{"type":"Feature","geometry":{"type":"Point","coordinates":[77.59521,12.90706]},"properties":{"name":"Dalmia Circle"}},{"type":"Feature","geometry":{"type":"Point","coordinates":[77.53937,12.94112]},"properties":{"name":"Girinagara Extension"}},{"type":"Feature","geometry":{"type":"Point","coordinates":[77.53945,12.94099]},"properties":{"name":"Girinagara Extension"}},{"type":"Feature","geometry":{"type":"Point","coordinates":[77.5451,12.9408]},"properties":{"name":"Girinagara 2nd Stage"}},{"type":"Feature","geometry":{"type":"Point","coordinates":[77.55292,12.94191]},"properties":{"name":"Nagendra Block"}},{"type":"Feature","geometry":{"type":"Point","coordinates":[77.55916,12.94832]},"properties":{"name":"Kempegowda Nagara Swimming Pool"}},{"type":"Feature","geometry":{"type":"Point","coordinates":[77.55929,12.94823]},"properties":{"name":"Kempegowda Nagara Swimming Pool"}},{"type":"Feature","geometry":{"type":"Point","coordinates":[77.56419,12.94658]},"properties":{"name":"Hanumantha Nagara Syndicate Bank"}},{"type":"Feature","geometry":{"type":"Point","coordinates":[77.56946,12.99719]},"properties":{"name":"Malleshwaram Circle"}},{"type":"Feature","geometry":{"type":"Point","coordinates":[77.53488,12.95464]},"properties":{"name":"BCC Layout Cross"}},{"type":"Feature","geometry":{"type":"Point","coordinates":[77.5568,12.96036]},"properties":{"name":"Sirsi Circle"}},{"type":"Feature","geometry":{"type":"Point","coordinates":[77.55975,12.96211]},"properties":{"name":"CR Police Ground"}},{"type":"Feature","geometry":{"type":"Point","coordinates":[77.55914,12.96037]},"properties":{"name":"Sirsi Circle"}},{"type":"Feature","geometry":{"type":"Point","coordinates":[77.50973,12.96109]},"properties":{"name":"NGEF Layout Nagarabhavi"}},{"type":"Feature","geometry":{"type":"Point","coordinates":[77.51408,12.96012]},"properties":{"name":"12th Block Nagarabhavi"}},{"type":"Feature","geometry":{"type":"Point","coordinates":[77.51321,12.96085]},"properties":{"name":"12th Block Nagarabhavi"}},{"type":"Feature","geometry":{"type":"Point","coordinates":[77.58239,13.09349]},"properties":{"name":"Chikkabommasandra Cross"}},{"type":"Feature","geometry":{"type":"Point","coordinates":[77.55449,13.00927]},"properties":{"name":"Vivekananda College"}},{"type":"Feature","geometry":{"type":"Point","coordinates":[77.55356,13.00347]},"properties":{"name":"Police Station Subramanyanagara"}},{"type":"Feature","geometry":{"type":"Point","coordinates":[77.55341,13.0034]},"properties":{"name":"Police Station Subramanyanagara"}},{"type":"Feature","geometry":{"type":"Point","coordinates":[77.54249,12.98912]},"properties":{"name":"3rd Stage Basaveshwaranagara"}},{"type":"Feature","geometry":{"type":"Point","coordinates":[77.54254,12.98898]},"properties":{"name":"3rd Stage Basaveshwaranagara"}},{"type":"Feature","geometry":{"type":"Point","coordinates":[77.54288,12.99145]},"properties":{"name":"Manjunatha Nagara"}},{"type":"Feature","geometry":{"type":"Point","coordinates":[77.54188,12.98581]},"properties":{"name":"Dasarahalli Kere"}},{"type":"Feature","geometry":{"type":"Point","coordinates":[77.54419,12.98522]},"properties":{"name":"Dasarahalli Kere"}},{"type":"Feature","geometry":{"type":"Point","coordinates":[77.55203,12.91508]},"properties":{"name":"Chikkallasandra"}},{"type":"Feature","geometry":{"type":"Point","coordinates":[77.552,12.91502]},"properties":{"name":"Chikkallasandra"}},{"type":"Feature","geometry":{"type":"Point","coordinates":[77.55229,12.91203]},"properties":{"name":"Chikkallasandra Aralimara"}},{"type":"Feature","geometry":{"type":"Point","coordinates":[77.55235,12.91207]},"properties":{"name":"Chikkallasandra Aralimara"}},{"type":"Feature","geometry":{"type":"Point","coordinates":[77.55084,12.92191]},"properties":{"name":"Bhuvaneshwari Nagara Mahalakshmi Temple"}},{"type":"Feature","geometry":{"type":"Point","coordinates":[77.63815,12.91267]},"properties":{"name":"BDA Complex HSR Layout"}},{"type":"Feature","geometry":{"type":"Point","coordinates":[77.69676,12.94214]},"properties":{"name":"Kadabisanahalli"}},{"type":"Feature","geometry":{"type":"Point","coordinates":[77.816,12.959]},"properties":{"name":"Anugondanahalli Cross"}},{"type":"Feature","geometry":{"type":"Point","coordinates":[77.81583,12.95891]},"properties":{"name":"Anugondanahalli Cross"}},{"type":"Feature","geometry":{"type":"Point","coordinates":[77.83242,12.96831]},"properties":{"name":"D Hosahalli"}},{"type":"Feature","geometry":{"type":"Point","coordinates":[77.83253,12.96839]},"properties":{"name":"D Hosahalli"}},{"type":"Feature","geometry":{"type":"Point","coordinates":[77.85776,12.94398]},"properties":{"name":"Narayanakere"}},{"type":"Feature","geometry":{"type":"Point","coordinates":[77.85785,12.94391]},"properties":{"name":"Narayanakere"}},{"type":"Feature","geometry":{"type":"Point","coordinates":[77.8412,12.93276]},"properties":{"name":"Kalkunte Agrahara"}},{"type":"Feature","geometry":{"type":"Point","coordinates":[77.601,13.10364]},"properties":{"name":"Kogilu Cross"}},{"type":"Feature","geometry":{"type":"Point","coordinates":[77.52042,12.81782]},"properties":{"name":"OB Chudanahalli"}},{"type":"Feature","geometry":{"type":"Point","coordinates":[77.50042,12.83134]},"properties":{"name":"Basappanapalya"}},{"type":"Feature","geometry":{"type":"Point","coordinates":[77.50037,12.8313]},"properties":{"name":"Basappanapalya"}},{"type":"Feature","geometry":{"type":"Point","coordinates":[77.46634,12.87499]},"properties":{"name":"Karabele"}},{"type":"Feature","geometry":{"type":"Point","coordinates":[77.46631,12.87508]},"properties":{"name":"Karabele"}},{"type":"Feature","geometry":{"type":"Point","coordinates":[77.42767,12.91147]},"properties":{"name":"Haridasa Nagara"}},{"type":"Feature","geometry":{"type":"Point","coordinates":[77.42768,12.91138]},"properties":{"name":"Haridasa Nagara"}},{"type":"Feature","geometry":{"type":"Point","coordinates":[77.37514,12.88422]},"properties":{"name":"Donnehalli"}},{"type":"Feature","geometry":{"type":"Point","coordinates":[77.37532,12.88421]},"properties":{"name":"Donnehalli"}},{"type":"Feature","geometry":{"type":"Point","coordinates":[77.3774,12.86629]},"properties":{"name":"Dodderi Grama"}},{"type":"Feature","geometry":{"type":"Point","coordinates":[77.37822,12.86644]},"properties":{"name":"Dodderi Grama"}},{"type":"Feature","geometry":{"type":"Point","coordinates":[77.39526,12.83981]},"properties":{"name":"Jadenahalli"}},{"type":"Feature","geometry":{"type":"Point","coordinates":[77.3953,12.83985]},"properties":{"name":"Jadenahalli"}},{"type":"Feature","geometry":{"type":"Point","coordinates":[77.38225,12.92043]},"properties":{"name":"Muddayyanapalya"}},{"type":"Feature","geometry":{"type":"Point","coordinates":[77.38231,12.92046]},"properties":{"name":"Muddayyanapalya"}},{"type":"Feature","geometry":{"type":"Point","coordinates":[77.37164,12.93284]},"properties":{"name":"Kudusiddanapalya"}},{"type":"Feature","geometry":{"type":"Point","coordinates":[77.38162,12.95726]},"properties":{"name":"Ganakal"}},{"type":"Feature","geometry":{"type":"Point","coordinates":[77.38166,12.9573]},"properties":{"name":"Ganakal"}},{"type":"Feature","geometry":{"type":"Point","coordinates":[77.38925,12.95876]},"properties":{"name":"Peddanapalya"}},{"type":"Feature","geometry":{"type":"Point","coordinates":[77.3594,12.95999]},"properties":{"name":"Cholanayakanahalli"}},{"type":"Feature","geometry":{"type":"Point","coordinates":[77.33513,12.95231]},"properties":{"name":"TG Halli Quarters"}},{"type":"Feature","geometry":{"type":"Point","coordinates":[77.33545,12.95255]},"properties":{"name":"TG Halli Quarters"}},{"type":"Feature","geometry":{"type":"Point","coordinates":[77.30408,12.95476]},"properties":{"name":"Bhachenahatti"}},{"type":"Feature","geometry":{"type":"Point","coordinates":[77.30402,12.95491]},"properties":{"name":"Bhachenahatti"}},{"type":"Feature","geometry":{"type":"Point","coordinates":[77.64828,13.168]},"properties":{"name":"Maranayakanahalli"}},{"type":"Feature","geometry":{"type":"Point","coordinates":[77.64833,13.168]},"properties":{"name":"Maranayakanahalli"}},{"type":"Feature","geometry":{"type":"Point","coordinates":[77.65163,13.16563]},"properties":{"name":"Uttanahalli"}},{"type":"Feature","geometry":{"type":"Point","coordinates":[77.62955,13.01694]},"properties":{"name":"Jyothi School"}},{"type":"Feature","geometry":{"type":"Point","coordinates":[77.62958,13.01689]},"properties":{"name":"Jyothi School"}},{"type":"Feature","geometry":{"type":"Point","coordinates":[77.62996,13.01848]},"properties":{"name":"Thomas Town"}},{"type":"Feature","geometry":{"type":"Point","coordinates":[77.62986,13.01846]},"properties":{"name":"Thomas Town"}},{"type":"Feature","geometry":{"type":"Point","coordinates":[77.62981,13.0214]},"properties":{"name":"Kacharakanahalli"}},{"type":"Feature","geometry":{"type":"Point","coordinates":[77.62989,13.02119]},"properties":{"name":"Kacharakanahalli"}},{"type":"Feature","geometry":{"type":"Point","coordinates":[77.7171,13.15398]},"properties":{"name":"Are Bannimangala"}},{"type":"Feature","geometry":{"type":"Point","coordinates":[77.71701,13.15394]},"properties":{"name":"Are Bannimangala"}},{"type":"Feature","geometry":{"type":"Point","coordinates":[77.71271,13.22431]},"properties":{"name":"Bychapura"}},{"type":"Feature","geometry":{"type":"Point","coordinates":[77.7127,13.22434]},"properties":{"name":"Bychapura"}},{"type":"Feature","geometry":{"type":"Point","coordinates":[77.6946,13.2342]},"properties":{"name":"Sanna Amanikere"}},{"type":"Feature","geometry":{"type":"Point","coordinates":[77.6997,13.23887]},"properties":{"name":"Hiranandani"}},{"type":"Feature","geometry":{"type":"Point","coordinates":[77.63463,12.92506]},"properties":{"name":"1st Block Koramangala"}},{"type":"Feature","geometry":{"type":"Point","coordinates":[77.63097,12.92445]},"properties":{"name":"John Fowler"}},{"type":"Feature","geometry":{"type":"Point","coordinates":[77.62559,12.92553]},"properties":{"name":"Kudure Mukha Colony"}},{"type":"Feature","geometry":{"type":"Point","coordinates":[77.51418,13.12655]},"properties":{"name":"Kondashettyhalli"}},{"type":"Feature","geometry":{"type":"Point","coordinates":[77.514,13.1264]},"properties":{"name":"Kondashettyhalli"}},{"type":"Feature","geometry":{"type":"Point","coordinates":[77.62338,13.10333]},"properties":{"name":"Srinivasapura"}},{"type":"Feature","geometry":{"type":"Point","coordinates":[77.61331,13.00865]},"properties":{"name":"Periyar Nagara Circle"}},{"type":"Feature","geometry":{"type":"Point","coordinates":[77.5618,13.02635]},"properties":{"name":"Diwanarapalya"}},{"type":"Feature","geometry":{"type":"Point","coordinates":[77.57418,13.03765]},"properties":{"name":"RMS Sanjayanagara"}},{"type":"Feature","geometry":{"type":"Point","coordinates":[77.57271,13.04174]},"properties":{"name":"Nagashettyhalli"}},{"type":"Feature","geometry":{"type":"Point","coordinates":[77.57703,13.05982]},"properties":{"name":"Kodigehalli"}},{"type":"Feature","geometry":{"type":"Point","coordinates":[77.58834,13.05778]},"properties":{"name":"Sterling Apartment"}},{"type":"Feature","geometry":{"type":"Point","coordinates":[77.58845,13.05783]},"properties":{"name":"Sterling Apartment"}},{"type":"Feature","geometry":{"type":"Point","coordinates":[77.5724,12.98978]},"properties":{"name":"Central"}},{"type":"Feature","geometry":{"type":"Point","coordinates":[77.60017,13.04361]},"properties":{"name":"Kempapura"}},{"type":"Feature","geometry":{"type":"Point","coordinates":[77.58981,13.04265]},"properties":{"name":"Hebbala Bridge"}},{"type":"Feature","geometry":{"type":"Point","coordinates":[77.58927,12.92326]},"properties":{"name":"18th Main Jayanagara"}},{"type":"Feature","geometry":{"type":"Point","coordinates":[77.62733,13.09849]},"properties":{"name":"Agrahara Layout"}},{"type":"Feature","geometry":{"type":"Point","coordinates":[77.62734,13.09845]},"properties":{"name":"Agrahara Layout"}},{"type":"Feature","geometry":{"type":"Point","coordinates":[77.62692,13.08475]},"properties":{"name":"Chokkanahalli"}},{"type":"Feature","geometry":{"type":"Point","coordinates":[77.60742,13.07936]},"properties":{"name":"Jakkur"}},{"type":"Feature","geometry":{"type":"Point","coordinates":[77.74196,13.06126]},"properties":{"name":"SKF Factory"}},{"type":"Feature","geometry":{"type":"Point","coordinates":[77.74166,13.06123]},"properties":{"name":"SKF Factory"}},{"type":"Feature","geometry":{"type":"Point","coordinates":[77.73983,13.06317]},"properties":{"name":"Grandwell"}},{"type":"Feature","geometry":{"type":"Point","coordinates":[77.74504,13.07103]},"properties":{"name":"Bommenahalli Colony"}},{"type":"Feature","geometry":{"type":"Point","coordinates":[77.74521,13.07128]},"properties":{"name":"Bommenahalli Colony"}},{"type":"Feature","geometry":{"type":"Point","coordinates":[77.7468,13.07449]},"properties":{"name":"Bommenahalli"}},{"type":"Feature","geometry":{"type":"Point","coordinates":[77.74688,13.07442]},"properties":{"name":"Bommenahalli"}},{"type":"Feature","geometry":{"type":"Point","coordinates":[77.76261,13.06053]},"properties":{"name":"Huskur"}},{"type":"Feature","geometry":{"type":"Point","coordinates":[77.76269,13.06061]},"properties":{"name":"Huskur"}},{"type":"Feature","geometry":{"type":"Point","coordinates":[77.73721,13.07254]},"properties":{"name":"New Baldwin INT School"}},{"type":"Feature","geometry":{"type":"Point","coordinates":[77.73707,13.07269]},"properties":{"name":"New Baldwin INT School"}},{"type":"Feature","geometry":{"type":"Point","coordinates":[77.73693,13.07914]},"properties":{"name":"Premium Farm Mandur"}},{"type":"Feature","geometry":{"type":"Point","coordinates":[77.737,13.07917]},"properties":{"name":"Premium Farm Mandur"}},{"type":"Feature","geometry":{"type":"Point","coordinates":[77.74161,13.09184]},"properties":{"name":"Hancharahalli Gate"}},{"type":"Feature","geometry":{"type":"Point","coordinates":[77.74164,13.09179]},"properties":{"name":"Hancharahalli Gate"}},{"type":"Feature","geometry":{"type":"Point","coordinates":[77.74932,13.091]},"properties":{"name":"Hancharahalli Circle"}},{"type":"Feature","geometry":{"type":"Point","coordinates":[77.74929,13.09103]},"properties":{"name":"Hancharahalli Circle"}},{"type":"Feature","geometry":{"type":"Point","coordinates":[77.75053,13.09366]},"properties":{"name":"Hancharahalli"}},{"type":"Feature","geometry":{"type":"Point","coordinates":[77.74277,13.09448]},"properties":{"name":"Kaatugollahalli Gate"}},{"type":"Feature","geometry":{"type":"Point","coordinates":[77.74285,13.09437]},"properties":{"name":"Kaatugollahalli Gate"}},{"type":"Feature","geometry":{"type":"Point","coordinates":[77.73511,13.09588]},"properties":{"name":"Kattlugollahalli"}},{"type":"Feature","geometry":{"type":"Point","coordinates":[77.73506,13.09587]},"properties":{"name":"Kaatugollahalli"}},{"type":"Feature","geometry":{"type":"Point","coordinates":[77.74371,13.09956]},"properties":{"name":"Singarapura"}},{"type":"Feature","geometry":{"type":"Point","coordinates":[77.74367,13.09961]},"properties":{"name":"Singarapura"}},{"type":"Feature","geometry":{"type":"Point","coordinates":[77.74414,13.10265]},"properties":{"name":"Jyothipura Gate"}},{"type":"Feature","geometry":{"type":"Point","coordinates":[77.74408,13.10256]},"properties":{"name":"Jyothipura Gate"}},{"type":"Feature","geometry":{"type":"Point","coordinates":[77.75065,13.10275]},"properties":{"name":"Jyothipura"}},{"type":"Feature","geometry":{"type":"Point","coordinates":[77.7506,13.1027]},"properties":{"name":"Jyothipura"}},{"type":"Feature","geometry":{"type":"Point","coordinates":[77.74516,13.11045]},"properties":{"name":"Thirumenahalli Gate"}},{"type":"Feature","geometry":{"type":"Point","coordinates":[77.74506,13.11054]},"properties":{"name":"Thirumenahalli Gate"}},{"type":"Feature","geometry":{"type":"Point","coordinates":[77.75191,13.11114]},"properties":{"name":"Thirumenahalli Circle"}},{"type":"Feature","geometry":{"type":"Point","coordinates":[77.75189,13.11115]},"properties":{"name":"Thirumenahalli Circle"}},{"type":"Feature","geometry":{"type":"Point","coordinates":[77.7536,13.11069]},"properties":{"name":"Thirumenahalli"}},{"type":"Feature","geometry":{"type":"Point","coordinates":[77.75352,13.11075]},"properties":{"name":"Thirumenahalli"}},{"type":"Feature","geometry":{"type":"Point","coordinates":[77.74418,13.12337]},"properties":{"name":"Handarahalli Gate"}},{"type":"Feature","geometry":{"type":"Point","coordinates":[77.74423,13.12334]},"properties":{"name":"Handarahalli Gate"}},{"type":"Feature","geometry":{"type":"Point","coordinates":[77.75083,13.12143]},"properties":{"name":"Handarahalli"}},{"type":"Feature","geometry":{"type":"Point","coordinates":[77.75078,13.12139]},"properties":{"name":"Handarahalli"}},{"type":"Feature","geometry":{"type":"Point","coordinates":[77.74543,13.15854]},"properties":{"name":"Kaggalahalli"}},{"type":"Feature","geometry":{"type":"Point","coordinates":[77.76012,13.17097]},"properties":{"name":"Somathanahalli Gate"}},{"type":"Feature","geometry":{"type":"Point","coordinates":[77.76011,13.17102]},"properties":{"name":"Somathanahalli Gate"}},{"type":"Feature","geometry":{"type":"Point","coordinates":[77.7669,13.16947]},"properties":{"name":"Somathanahalli Circle"}},{"type":"Feature","geometry":{"type":"Point","coordinates":[77.76708,13.16939]},"properties":{"name":"Somathanahalli Circle"}},{"type":"Feature","geometry":{"type":"Point","coordinates":[77.76864,13.16917]},"properties":{"name":"Somathanahalli"}},{"type":"Feature","geometry":{"type":"Point","coordinates":[77.76858,13.16917]},"properties":{"name":"Somathanahalli"}},{"type":"Feature","geometry":{"type":"Point","coordinates":[77.76132,13.17281]},"properties":{"name":"Nagenahalli"}},{"type":"Feature","geometry":{"type":"Point","coordinates":[77.76136,13.17293]},"properties":{"name":"Nagenahalli"}},{"type":"Feature","geometry":{"type":"Point","coordinates":[77.75915,13.18157]},"properties":{"name":"Jonnahalli Gate"}},{"type":"Feature","geometry":{"type":"Point","coordinates":[77.75911,13.18157]},"properties":{"name":"Jonnahalli Gate"}},{"type":"Feature","geometry":{"type":"Point","coordinates":[77.75978,13.18517]},"properties":{"name":"Nallur Cross"}},{"type":"Feature","geometry":{"type":"Point","coordinates":[77.7597,13.18515]},"properties":{"name":"Nallur Cross"}},{"type":"Feature","geometry":{"type":"Point","coordinates":[77.7604,13.18698]},"properties":{"name":"Nallur"}},{"type":"Feature","geometry":{"type":"Point","coordinates":[77.76044,13.18698]},"properties":{"name":"Nallur"}},{"type":"Feature","geometry":{"type":"Point","coordinates":[77.76329,13.1915]},"properties":{"name":"Doddanalluru"}},{"type":"Feature","geometry":{"type":"Point","coordinates":[77.76329,13.19142]},"properties":{"name":"Doddanalluru"}},{"type":"Feature","geometry":{"type":"Point","coordinates":[77.77151,13.20218]},"properties":{"name":"Nallur Cross"}},{"type":"Feature","geometry":{"type":"Point","coordinates":[77.7706,13.1877]},"properties":{"name":"Bidalapura"}},{"type":"Feature","geometry":{"type":"Point","coordinates":[77.7708,13.18779]},"properties":{"name":"Bidalapura"}},{"type":"Feature","geometry":{"type":"Point","coordinates":[77.77778,13.19682]},"properties":{"name":"Bidalapura Cross"}},{"type":"Feature","geometry":{"type":"Point","coordinates":[77.77789,13.1968]},"properties":{"name":"Bidalapura Cross"}},{"type":"Feature","geometry":{"type":"Point","coordinates":[77.77707,13.19786]},"properties":{"name":"Balepura Gate"}},{"type":"Feature","geometry":{"type":"Point","coordinates":[77.77893,13.19919]},"properties":{"name":"Balepura"}},{"type":"Feature","geometry":{"type":"Point","coordinates":[77.77885,13.1992]},"properties":{"name":"Balepura"}},{"type":"Feature","geometry":{"type":"Point","coordinates":[77.6421,13.18063]},"properties":{"name":"Meenakunte"}},{"type":"Feature","geometry":{"type":"Point","coordinates":[77.77996,13.20406]},"properties":{"name":"Mallapura"}},{"type":"Feature","geometry":{"type":"Point","coordinates":[77.78,13.20396]},"properties":{"name":"Mallapura"}},{"type":"Feature","geometry":{"type":"Point","coordinates":[77.78116,13.20659]},"properties":{"name":"Nallapanahalli Gate"}},{"type":"Feature","geometry":{"type":"Point","coordinates":[77.78127,13.20669]},"properties":{"name":"Nallapanahalli Gate"}},{"type":"Feature","geometry":{"type":"Point","coordinates":[77.77364,13.20065]},"properties":{"name":"Arishinakunte"}},{"type":"Feature","geometry":{"type":"Point","coordinates":[77.77359,13.20061]},"properties":{"name":"Arishinakunte"}},{"type":"Feature","geometry":{"type":"Point","coordinates":[77.54659,12.97393]},"properties":{"name":"Manuvana"}},{"type":"Feature","geometry":{"type":"Point","coordinates":[77.52975,12.96054]},"properties":{"name":"Chandra Public School"}},{"type":"Feature","geometry":{"type":"Point","coordinates":[77.52177,12.95937]},"properties":{"name":"Jyothi Nagara"}},{"type":"Feature","geometry":{"type":"Point","coordinates":[77.52175,12.95926]},"properties":{"name":"Jyothi Nagara"}},{"type":"Feature","geometry":{"type":"Point","coordinates":[77.48791,12.97455]},"properties":{"name":"Gidadakonenahalli Cross"}},{"type":"Feature","geometry":{"type":"Point","coordinates":[77.48786,12.97457]},"properties":{"name":"Gidadakonenahalli Cross"}},{"type":"Feature","geometry":{"type":"Point","coordinates":[77.5322,12.96469]},"properties":{"name":"Subbanna Garden"}},{"type":"Feature","geometry":{"type":"Point","coordinates":[77.53218,12.96467]},"properties":{"name":"Subbanna Garden"}},{"type":"Feature","geometry":{"type":"Point","coordinates":[77.52873,12.96823]},"properties":{"name":"GKW Layout"}},{"type":"Feature","geometry":{"type":"Point","coordinates":[77.52858,12.96805]},"properties":{"name":"GKW Layout"}},{"type":"Feature","geometry":{"type":"Point","coordinates":[77.59287,13.02514]},"properties":{"name":"Police Station RT Nagara"}},{"type":"Feature","geometry":{"type":"Point","coordinates":[77.54593,12.95591]},"properties":{"name":"New Guddadahalli"}},{"type":"Feature","geometry":{"type":"Point","coordinates":[77.50608,12.94182]},"properties":{"name":"Bengaluru University Ladies Hostel"}},{"type":"Feature","geometry":{"type":"Point","coordinates":[77.50432,12.94444]},"properties":{"name":"Bengaluru University Library"}},{"type":"Feature","geometry":{"type":"Point","coordinates":[77.5042,12.94424]},"properties":{"name":"Bengaluru University Library"}},{"type":"Feature","geometry":{"type":"Point","coordinates":[77.46797,12.94548]},"properties":{"name":"Ramasandra"}},{"type":"Feature","geometry":{"type":"Point","coordinates":[77.5293,12.972]},"properties":{"name":"Bapuji Layout Saraswathi Nagara"}},{"type":"Feature","geometry":{"type":"Point","coordinates":[77.52672,12.97108]},"properties":{"name":"Priyadarshini Layout"}},{"type":"Feature","geometry":{"type":"Point","coordinates":[77.58967,12.92693]},"properties":{"name":"Jayanagara Church"}},{"type":"Feature","geometry":{"type":"Point","coordinates":[77.52346,12.97649]},"properties":{"name":"Srinivasa Nagara PattegarPalya"}},{"type":"Feature","geometry":{"type":"Point","coordinates":[77.52056,12.97432]},"properties":{"name":"Panchasheela Nagara"}},{"type":"Feature","geometry":{"type":"Point","coordinates":[77.52573,12.94656]},"properties":{"name":"Railway Gate Nayandahalli"}},{"type":"Feature","geometry":{"type":"Point","coordinates":[77.52677,12.94965]},"properties":{"name":"Gangondanahalli Masjid"}},{"type":"Feature","geometry":{"type":"Point","coordinates":[77.51951,13.12671]},"properties":{"name":"Kurubarahalli Cross"}},{"type":"Feature","geometry":{"type":"Point","coordinates":[77.52157,13.1196]},"properties":{"name":"Chikka Byalakere"}},{"type":"Feature","geometry":{"type":"Point","coordinates":[77.52809,13.10982]},"properties":{"name":"Choudappa Layout"}},{"type":"Feature","geometry":{"type":"Point","coordinates":[77.52028,12.95291]},"properties":{"name":"1st Stage 3rd Block Nagarabhavi"}},{"type":"Feature","geometry":{"type":"Point","coordinates":[77.52559,13.11192]},"properties":{"name":"Dodda Byalakere"}},{"type":"Feature","geometry":{"type":"Point","coordinates":[77.53058,13.10131]},"properties":{"name":"Medi Agrahara Cross"}},{"type":"Feature","geometry":{"type":"Point","coordinates":[77.53892,13.09064]},"properties":{"name":"Kanshiram Nagara"}},{"type":"Feature","geometry":{"type":"Point","coordinates":[77.55264,12.92431]},"properties":{"name":"Banashankari 3rd Stage 3rd Phase"}},{"type":"Feature","geometry":{"type":"Point","coordinates":[77.54457,13.0893]},"properties":{"name":"Best County"}},{"type":"Feature","geometry":{"type":"Point","coordinates":[77.54659,13.08826]},"properties":{"name":"Sambhram College"}},{"type":"Feature","geometry":{"type":"Point","coordinates":[77.55535,13.08606]},"properties":{"name":"Jally Machine"}},{"type":"Feature","geometry":{"type":"Point","coordinates":[77.68109,13.05191]},"properties":{"name":"Rampura Cross"}},{"type":"Feature","geometry":{"type":"Point","coordinates":[77.68107,13.05193]},"properties":{"name":"Rampura Cross"}},{"type":"Feature","geometry":{"type":"Point","coordinates":[77.72956,13.03958]},"properties":{"name":"Sri Rama Layout Avalahalli raod"}},{"type":"Feature","geometry":{"type":"Point","coordinates":[77.71501,13.0867]},"properties":{"name":"Gundur"}},{"type":"Feature","geometry":{"type":"Point","coordinates":[77.67888,13.07303]},"properties":{"name":"Anagalipura Gate"}},{"type":"Feature","geometry":{"type":"Point","coordinates":[77.6623,12.84541]},"properties":{"name":"Siemens"}},{"type":"Feature","geometry":{"type":"Point","coordinates":[77.5432,12.89296]},"properties":{"name":"Shanimahathma Temple"}},{"type":"Feature","geometry":{"type":"Point","coordinates":[77.54131,12.88875]},"properties":{"name":"Karishma Hills Cross"}},{"type":"Feature","geometry":{"type":"Point","coordinates":[77.65777,12.88102]},"properties":{"name":"Parappana Agrahara"}},{"type":"Feature","geometry":{"type":"Point","coordinates":[77.59099,13.00956]},"properties":{"name":"TV Tower"}},{"type":"Feature","geometry":{"type":"Point","coordinates":[77.59469,13.0007]},"properties":{"name":"Jayamahal"}},{"type":"Feature","geometry":{"type":"Point","coordinates":[77.53491,12.95472]},"properties":{"name":"BCC Layout Cross"}},{"type":"Feature","geometry":{"type":"Point","coordinates":[77.6134,12.97585]},"properties":{"name":"Manipal Centre MG Road"}},{"type":"Feature","geometry":{"type":"Point","coordinates":[77.59178,12.86599]},"properties":{"name":"Kalena Agrahara"}},{"type":"Feature","geometry":{"type":"Point","coordinates":[77.73989,13.06319]},"properties":{"name":"Grandwell"}},{"type":"Feature","geometry":{"type":"Point","coordinates":[77.5105,12.94877]},"properties":{"name":"Gandhi Bhavan"}},{"type":"Feature","geometry":{"type":"Point","coordinates":[77.51575,12.94153]},"properties":{"name":"Sports Authority of India"}},{"type":"Feature","geometry":{"type":"Point","coordinates":[77.49416,12.84391]},"properties":{"name":"Sri Swananda Ashrama"}},{"type":"Feature","geometry":{"type":"Point","coordinates":[77.67616,12.92597]},"properties":{"name":"Bellanduru Junction City Light Apartment"}},{"type":"Feature","geometry":{"type":"Point","coordinates":[77.69323,12.98184]},"properties":{"name":"EMC2"}},{"type":"Feature","geometry":{"type":"Point","coordinates":[77.69343,12.98182]},"properties":{"name":"EMC2"}},{"type":"Feature","geometry":{"type":"Point","coordinates":[77.69674,12.94177]},"properties":{"name":"Kadabisanahalli"}},{"type":"Feature","geometry":{"type":"Point","coordinates":[77.67084,12.92322]},"properties":{"name":"Petrol Bunk Bellanduru"}},{"type":"Feature","geometry":{"type":"Point","coordinates":[77.66196,12.92134]},"properties":{"name":"Ibblur"}},{"type":"Feature","geometry":{"type":"Point","coordinates":[77.63494,12.91619]},"properties":{"name":"14th Main HSR Layout"}},{"type":"Feature","geometry":{"type":"Point","coordinates":[77.60328,12.91674]},"properties":{"name":"MICO Layout"}},{"type":"Feature","geometry":{"type":"Point","coordinates":[77.58371,12.91731]},"properties":{"name":"5th Block Jayanagara"}},{"type":"Feature","geometry":{"type":"Point","coordinates":[77.58371,12.92374]},"properties":{"name":"Jayanagara Telephone Exchange"}},{"type":"Feature","geometry":{"type":"Point","coordinates":[77.77984,12.74876]},"properties":{"name":"Dasanapura Cross"}},{"type":"Feature","geometry":{"type":"Point","coordinates":[77.50458,13.07541]},"properties":{"name":"Railway Station Chikkabanavara"}},{"type":"Feature","geometry":{"type":"Point","coordinates":[77.4439,12.98403]},"properties":{"name":"Seegehalli Gate"}},{"type":"Feature","geometry":{"type":"Point","coordinates":[77.43064,12.97788]},"properties":{"name":"Channenahalli"}},{"type":"Feature","geometry":{"type":"Point","coordinates":[77.42119,12.97422]},"properties":{"name":"Honaganahatti"}},{"type":"Feature","geometry":{"type":"Point","coordinates":[77.40999,12.96993]},"properties":{"name":"Lakkuppe"}},{"type":"Feature","geometry":{"type":"Point","coordinates":[77.40325,12.96697]},"properties":{"name":"Ganesha Temple"}},{"type":"Feature","geometry":{"type":"Point","coordinates":[77.3513,12.9587]},"properties":{"name":"Gangappanahalli"}},{"type":"Feature","geometry":{"type":"Point","coordinates":[77.35108,12.95858]},"properties":{"name":"Gangappanahalli"}},{"type":"Feature","geometry":{"type":"Point","coordinates":[77.30919,12.95437]},"properties":{"name":"Adakimaranahalli Cross"}},{"type":"Feature","geometry":{"type":"Point","coordinates":[77.30929,12.95451]},"properties":{"name":"Adakimaranahalli Cross"}},{"type":"Feature","geometry":{"type":"Point","coordinates":[77.46529,12.9774]},"properties":{"name":"Yale Kodigehalli"}},{"type":"Feature","geometry":{"type":"Point","coordinates":[77.46513,12.97734]},"properties":{"name":"Yale Kodigehalli"}},{"type":"Feature","geometry":{"type":"Point","coordinates":[77.45891,12.96763]},"properties":{"name":"Kannalli"}},{"type":"Feature","geometry":{"type":"Point","coordinates":[77.45894,12.96755]},"properties":{"name":"Kannalli"}},{"type":"Feature","geometry":{"type":"Point","coordinates":[77.60494,13.11112]},"properties":{"name":"Venkatala"}},{"type":"Feature","geometry":{"type":"Point","coordinates":[77.49432,12.9921]},"properties":{"name":"Mahadeshwara Nagara"}},{"type":"Feature","geometry":{"type":"Point","coordinates":[77.49425,12.99201]},"properties":{"name":"Mahadeshwara Nagara"}},{"type":"Feature","geometry":{"type":"Point","coordinates":[77.49381,12.9879]},"properties":{"name":"Herohalli Cross"}},{"type":"Feature","geometry":{"type":"Point","coordinates":[77.49387,12.98795]},"properties":{"name":"Herohalli Cross"}},{"type":"Feature","geometry":{"type":"Point","coordinates":[77.66344,13.10719]},"properties":{"name":"Mittaganahalli"}},{"type":"Feature","geometry":{"type":"Point","coordinates":[77.66345,13.10715]},"properties":{"name":"Mittaganahalli"}},{"type":"Feature","geometry":{"type":"Point","coordinates":[77.66676,13.0894]},"properties":{"name":"Oasis School"}},{"type":"Feature","geometry":{"type":"Point","coordinates":[77.66634,13.08934]},"properties":{"name":"Oasis School"}},{"type":"Feature","geometry":{"type":"Point","coordinates":[77.68057,13.09286]},"properties":{"name":"Yarappana Bande"}},{"type":"Feature","geometry":{"type":"Point","coordinates":[77.68117,13.09276]},"properties":{"name":"Yarappana Bande"}},{"type":"Feature","geometry":{"type":"Point","coordinates":[77.51834,13.03934]},"properties":{"name":"Jalahalli Cross"}},{"type":"Feature","geometry":{"type":"Point","coordinates":[77.52193,13.02359]},"properties":{"name":"Police Station Rajagopala Nagara"}},{"type":"Feature","geometry":{"type":"Point","coordinates":[77.52091,13.01326]},"properties":{"name":"Aladamara"}},{"type":"Feature","geometry":{"type":"Point","coordinates":[77.52097,13.01325]},"properties":{"name":"Aladamara"}},{"type":"Feature","geometry":{"type":"Point","coordinates":[77.52024,13.0162]},"properties":{"name":"Parvathi Nagara"}},{"type":"Feature","geometry":{"type":"Point","coordinates":[77.52029,13.01628]},"properties":{"name":"Parvathi Nagara"}},{"type":"Feature","geometry":{"type":"Point","coordinates":[77.5198,13.02832]},"properties":{"name":"TVS Cross Peenya"}},{"type":"Feature","geometry":{"type":"Point","coordinates":[77.50248,13.08042]},"properties":{"name":"Chikka Banavara"}},{"type":"Feature","geometry":{"type":"Point","coordinates":[77.50802,13.02032]},"properties":{"name":"Brundavana Peenya"}},{"type":"Feature","geometry":{"type":"Point","coordinates":[77.51134,13.02522]},"properties":{"name":"NTTF Peenya"}},{"type":"Feature","geometry":{"type":"Point","coordinates":[77.51472,13.02654]},"properties":{"name":"Rolling Mill"}},{"type":"Feature","geometry":{"type":"Point","coordinates":[77.51953,13.02866]},"properties":{"name":"TVS Cross Peenya"}},{"type":"Feature","geometry":{"type":"Point","coordinates":[77.50323,13.0667]},"properties":{"name":"Sapthagiri College"}},{"type":"Feature","geometry":{"type":"Point","coordinates":[77.50329,13.06675]},"properties":{"name":"Sapthagiri College"}},{"type":"Feature","geometry":{"type":"Point","coordinates":[77.4513,12.99755]},"properties":{"name":"Machohalli Colony"}},{"type":"Feature","geometry":{"type":"Point","coordinates":[77.45136,12.99754]},"properties":{"name":"Machohalli Colony"}},{"type":"Feature","geometry":{"type":"Point","coordinates":[77.63321,13.06154]},"properties":{"name":"Book Factory"}},{"type":"Feature","geometry":{"type":"Point","coordinates":[77.63332,13.06163]},"properties":{"name":"Book Factory"}},{"type":"Feature","geometry":{"type":"Point","coordinates":[77.63488,13.1013]},"properties":{"name":"Bellahalli Cross"}},{"type":"Feature","geometry":{"type":"Point","coordinates":[77.63345,13.10207]},"properties":{"name":"Bellahalli Cross"}},{"type":"Feature","geometry":{"type":"Point","coordinates":[77.63334,13.10198]},"properties":{"name":"Bellahalli Cross"}},{"type":"Feature","geometry":{"type":"Point","coordinates":[77.63607,13.10131]},"properties":{"name":"Bellahalli Cross"}},{"type":"Feature","geometry":{"type":"Point","coordinates":[77.59736,12.98392]},"properties":{"name":"Indian Express"}},{"type":"Feature","geometry":{"type":"Point","coordinates":[77.59716,12.984]},"properties":{"name":"Indian Express"}},{"type":"Feature","geometry":{"type":"Point","coordinates":[77.56433,12.97947]},"properties":{"name":"Minerva Mill"}},{"type":"Feature","geometry":{"type":"Point","coordinates":[77.55194,13.14863]},"properties":{"name":"Mylappanahalli Cross"}},{"type":"Feature","geometry":{"type":"Point","coordinates":[77.5406,13.15408]},"properties":{"name":"Madappanahalli"}},{"type":"Feature","geometry":{"type":"Point","coordinates":[77.52436,13.15564]},"properties":{"name":"Linganahalli"}},{"type":"Feature","geometry":{"type":"Point","coordinates":[77.53492,13.13696]},"properties":{"name":"Mylappanahalli"}},{"type":"Feature","geometry":{"type":"Point","coordinates":[77.53478,13.13686]},"properties":{"name":"Mylappanahalli"}},{"type":"Feature","geometry":{"type":"Point","coordinates":[77.52165,13.16497]},"properties":{"name":"Koluvarayanahalli"}},{"type":"Feature","geometry":{"type":"Point","coordinates":[77.73549,13.03535]},"properties":{"name":"Avalahalli"}},{"type":"Feature","geometry":{"type":"Point","coordinates":[77.57154,12.98023]},"properties":{"name":"Kodays Circle"}},{"type":"Feature","geometry":{"type":"Point","coordinates":[77.56518,13.14768]},"properties":{"name":"Singanayakanahalli"}},{"type":"Feature","geometry":{"type":"Point","coordinates":[77.60416,12.99216]},"properties":{"name":"Bamboo Bazaar"}},{"type":"Feature","geometry":{"type":"Point","coordinates":[77.58405,13.22614]},"properties":{"name":"Jalige"}},{"type":"Feature","geometry":{"type":"Point","coordinates":[77.57707,12.96397]},"properties":{"name":"KR Market"}},{"type":"Feature","geometry":{"type":"Point","coordinates":[77.57652,12.9644]},"properties":{"name":"KR Market"}},{"type":"Feature","geometry":{"type":"Point","coordinates":[77.57867,13.1147]},"properties":{"name":"Ananthapura Gate"}},{"type":"Feature","geometry":{"type":"Point","coordinates":[77.58402,12.96408]},"properties":{"name":"Town Hall"}},{"type":"Feature","geometry":{"type":"Point","coordinates":[77.57877,13.11478]},"properties":{"name":"Ananthapura Gate"}},{"type":"Feature","geometry":{"type":"Point","coordinates":[77.56587,13.11521]},"properties":{"name":"Ananthapura"}},{"type":"Feature","geometry":{"type":"Point","coordinates":[77.60413,13.08657]},"properties":{"name":"VRL Gowdon"}},{"type":"Feature","geometry":{"type":"Point","coordinates":[77.60019,13.09599]},"properties":{"name":"Surabhi Layout"}},{"type":"Feature","geometry":{"type":"Point","coordinates":[77.59907,13.0977]},"properties":{"name":"Raitarasanthe"}},{"type":"Feature","geometry":{"type":"Point","coordinates":[77.57468,13.13111]},"properties":{"name":"Nagenahalli"}},{"type":"Feature","geometry":{"type":"Point","coordinates":[77.60611,13.07763]},"properties":{"name":"Govt School Jakkur"}},{"type":"Feature","geometry":{"type":"Point","coordinates":[77.61367,13.04224]},"properties":{"name":"Veeranapalya"}},{"type":"Feature","geometry":{"type":"Point","coordinates":[77.57133,12.99183]},"properties":{"name":"Mantri Mall"}},{"type":"Feature","geometry":{"type":"Point","coordinates":[77.5677,13.01437]},"properties":{"name":"Tata Institute"}},{"type":"Feature","geometry":{"type":"Point","coordinates":[77.56307,13.02146]},"properties":{"name":"Ayyappa Temple Yeshwanthapura"}},{"type":"Feature","geometry":{"type":"Point","coordinates":[77.5574,13.03448]},"properties":{"name":"Mattikere"}},{"type":"Feature","geometry":{"type":"Point","coordinates":[77.5579,13.03393]},"properties":{"name":"Mattikere"}},{"type":"Feature","geometry":{"type":"Point","coordinates":[77.54887,13.10653]},"properties":{"name":"Kempanahalli"}},{"type":"Feature","geometry":{"type":"Point","coordinates":[77.54887,13.1066]},"properties":{"name":"Kempanahalli"}},{"type":"Feature","geometry":{"type":"Point","coordinates":[77.56681,13.10085]},"properties":{"name":"Atturu Layout Vegetable Market"}},{"type":"Feature","geometry":{"type":"Point","coordinates":[77.56688,13.10074]},"properties":{"name":"Atturu Layout Vegetable Market"}},{"type":"Feature","geometry":{"type":"Point","coordinates":[77.56576,13.10832]},"properties":{"name":"Atturu"}},{"type":"Feature","geometry":{"type":"Point","coordinates":[77.55099,13.05324]},"properties":{"name":"HMT Club House"}},{"type":"Feature","geometry":{"type":"Point","coordinates":[77.59149,13.04295]},"properties":{"name":"Hebbala Bridge"}},{"type":"Feature","geometry":{"type":"Point","coordinates":[77.53915,13.18312]},"properties":{"name":"Chokkanahalli"}},{"type":"Feature","geometry":{"type":"Point","coordinates":[77.53932,13.18306]},"properties":{"name":"Chokkanahalli"}},{"type":"Feature","geometry":{"type":"Point","coordinates":[77.54811,13.24845]},"properties":{"name":"Mazara Hosahalli Cross"}},{"type":"Feature","geometry":{"type":"Point","coordinates":[77.58013,13.00864]},"properties":{"name":"Sadashivanagara"}},{"type":"Feature","geometry":{"type":"Point","coordinates":[77.58027,13.00863]},"properties":{"name":"Sadashivanagara"}},{"type":"Feature","geometry":{"type":"Point","coordinates":[77.57227,13.02207]},"properties":{"name":"CPRI Quarters"}},{"type":"Feature","geometry":{"type":"Point","coordinates":[77.57218,13.02241]},"properties":{"name":"CPRI Quarters"}},{"type":"Feature","geometry":{"type":"Point","coordinates":[77.56858,13.03393]},"properties":{"name":"ITI Layout"}},{"type":"Feature","geometry":{"type":"Point","coordinates":[77.56629,13.03622]},"properties":{"name":"Devasandra Chikkamaranahalli"}},{"type":"Feature","geometry":{"type":"Point","coordinates":[77.56134,13.04332]},"properties":{"name":"Kuvempu Circle"}},{"type":"Feature","geometry":{"type":"Point","coordinates":[77.85165,12.91118]},"properties":{"name":"Ganagaluru"}},{"type":"Feature","geometry":{"type":"Point","coordinates":[77.81654,13.1746]},"properties":{"name":"Giddappanahalli"}},{"type":"Feature","geometry":{"type":"Point","coordinates":[77.45163,13.2098]},"properties":{"name":"Kodipalya"}},{"type":"Feature","geometry":{"type":"Point","coordinates":[77.45161,13.20975]},"properties":{"name":"Kodipalya"}},{"type":"Feature","geometry":{"type":"Point","coordinates":[77.78981,13.13602]},"properties":{"name":"Sonnallipura"}},{"type":"Feature","geometry":{"type":"Point","coordinates":[77.78987,13.136]},"properties":{"name":"Sonnallipura"}},{"type":"Feature","geometry":{"type":"Point","coordinates":[77.79787,13.14391]},"properties":{"name":"M Sathyawara"}},{"type":"Feature","geometry":{"type":"Point","coordinates":[77.80424,13.13103]},"properties":{"name":"Kamblipura"}},{"type":"Feature","geometry":{"type":"Point","coordinates":[77.81562,13.14543]},"properties":{"name":"E Muthsandra"}},{"type":"Feature","geometry":{"type":"Point","coordinates":[77.4836,13.23969]},"properties":{"name":"Kadanuru Handpost"}},{"type":"Feature","geometry":{"type":"Point","coordinates":[77.48382,13.24004]},"properties":{"name":"Kadanuru Handpost"}},{"type":"Feature","geometry":{"type":"Point","coordinates":[77.52143,13.27755]},"properties":{"name":"Halahalli"}},{"type":"Feature","geometry":{"type":"Point","coordinates":[77.53919,13.28776]},"properties":{"name":"Kanakadasa Circle"}},{"type":"Feature","geometry":{"type":"Point","coordinates":[77.53917,13.28771]},"properties":{"name":"Kanakadasa Circle"}},{"type":"Feature","geometry":{"type":"Point","coordinates":[77.49761,13.26713]},"properties":{"name":"RH Farm"}},{"type":"Feature","geometry":{"type":"Point","coordinates":[77.49759,13.26717]},"properties":{"name":"RH Farm"}},{"type":"Feature","geometry":{"type":"Point","coordinates":[77.64208,13.18059]},"properties":{"name":"Meenakunte"}},{"type":"Feature","geometry":{"type":"Point","coordinates":[77.58814,13.09932]},"properties":{"name":"Sheshadripuram College"}},{"type":"Feature","geometry":{"type":"Point","coordinates":[77.58812,13.09942]},"properties":{"name":"Sheshadripuram College"}},{"type":"Feature","geometry":{"type":"Point","coordinates":[77.59365,13.00381]},"properties":{"name":"Munireddy Palya J C Nagara"}},{"type":"Feature","geometry":{"type":"Point","coordinates":[77.59489,13.00046]},"properties":{"name":"Jayamahal"}},{"type":"Feature","geometry":{"type":"Point","coordinates":[77.66324,12.99403]},"properties":{"name":"Benniganahalli"}},{"type":"Feature","geometry":{"type":"Point","coordinates":[77.78698,13.07231]},"properties":{"name":"Hoskote KEB Circle"}},{"type":"Feature","geometry":{"type":"Point","coordinates":[77.78697,13.07001]},"properties":{"name":"Hoskote Ayyappa Temple"}},{"type":"Feature","geometry":{"type":"Point","coordinates":[77.78692,13.06988]},"properties":{"name":"Hoskote Ayyappa Temple"}},{"type":"Feature","geometry":{"type":"Point","coordinates":[77.82081,13.03301]},"properties":{"name":"Jinnagara"}},{"type":"Feature","geometry":{"type":"Point","coordinates":[77.82066,13.03306]},"properties":{"name":"Jinnagara"}},{"type":"Feature","geometry":{"type":"Point","coordinates":[77.826,13.0297]},"properties":{"name":"Jinnagra Cross"}},{"type":"Feature","geometry":{"type":"Point","coordinates":[77.55744,13.01804]},"properties":{"name":"Yeshwanthapura Circle"}},{"type":"Feature","geometry":{"type":"Point","coordinates":[77.5841,13.02309]},"properties":{"name":"Gangenahalli"}},{"type":"Feature","geometry":{"type":"Point","coordinates":[77.57745,13.03072]},"properties":{"name":"Geddalahalli"}},{"type":"Feature","geometry":{"type":"Point","coordinates":[77.5179,13.03502]},"properties":{"name":"Systems Peenya"}},{"type":"Feature","geometry":{"type":"Point","coordinates":[77.51802,13.03499]},"properties":{"name":"Systems Peenya"}},{"type":"Feature","geometry":{"type":"Point","coordinates":[77.64073,13.15958]},"properties":{"name":"Vidyanagara Chikkajala"}},{"type":"Feature","geometry":{"type":"Point","coordinates":[77.64223,13.16162]},"properties":{"name":"Akkayammana Betta"}},{"type":"Feature","geometry":{"type":"Point","coordinates":[77.62687,13.16097]},"properties":{"name":"Vidyanagara Cross"}},{"type":"Feature","geometry":{"type":"Point","coordinates":[77.64068,13.15991]},"properties":{"name":"Vidyanagara Chikkajala"}},{"type":"Feature","geometry":{"type":"Point","coordinates":[77.63641,13.16037]},"properties":{"name":"Venkateshwara College"}},{"type":"Feature","geometry":{"type":"Point","coordinates":[77.5887,12.98607]},"properties":{"name":"Basaveshwara Circle Sophiya School"}},{"type":"Feature","geometry":{"type":"Point","coordinates":[77.71285,13.24569]},"properties":{"name":"Devanahalli New Bus Station"}},{"type":"Feature","geometry":{"type":"Point","coordinates":[77.57685,13.10329]},"properties":{"name":"Yelahanka Bakery"}},{"type":"Feature","geometry":{"type":"Point","coordinates":[77.57692,13.1033]},"properties":{"name":"Yelahanka Bakery"}},{"type":"Feature","geometry":{"type":"Point","coordinates":[77.57583,13.10695]},"properties":{"name":"Shrusti School Yelahanka"}},{"type":"Feature","geometry":{"type":"Point","coordinates":[77.57605,13.107]},"properties":{"name":"Shrusti School Yelahanka"}},{"type":"Feature","geometry":{"type":"Point","coordinates":[77.69411,13.21842]},"properties":{"name":"Doddasanne"}},{"type":"Feature","geometry":{"type":"Point","coordinates":[77.69407,13.21846]},"properties":{"name":"Doddasanne"}},{"type":"Feature","geometry":{"type":"Point","coordinates":[77.50669,13.01099]},"properties":{"name":"Peenya 2nd Stage"}},{"type":"Feature","geometry":{"type":"Point","coordinates":[77.67853,13.11966]},"properties":{"name":"Marenahalli"}},{"type":"Feature","geometry":{"type":"Point","coordinates":[77.51859,13.04046]},"properties":{"name":"Jalahalli Cross"}},{"type":"Feature","geometry":{"type":"Point","coordinates":[77.53476,13.0549]},"properties":{"name":"Kammagondanahalli Bridge"}},{"type":"Feature","geometry":{"type":"Point","coordinates":[77.53458,13.05505]},"properties":{"name":"Kammagondanahalli Bridge"}},{"type":"Feature","geometry":{"type":"Point","coordinates":[77.54082,13.05468]},"properties":{"name":"Fathima Church Gangamma Circle"}},{"type":"Feature","geometry":{"type":"Point","coordinates":[77.71058,13.21535]},"properties":{"name":"Anneshwara"}},{"type":"Feature","geometry":{"type":"Point","coordinates":[77.71054,13.2153]},"properties":{"name":"Anneshwara"}},{"type":"Feature","geometry":{"type":"Point","coordinates":[77.60764,13.23143]},"properties":{"name":"Dyavarahalli Gate"}},{"type":"Feature","geometry":{"type":"Point","coordinates":[77.60721,13.23134]},"properties":{"name":"Dyavarahalli Gate"}},{"type":"Feature","geometry":{"type":"Point","coordinates":[77.59299,13.06251]},"properties":{"name":"Big Market"}},{"type":"Feature","geometry":{"type":"Point","coordinates":[77.59288,13.06261]},"properties":{"name":"Big Market"}},{"type":"Feature","geometry":{"type":"Point","coordinates":[77.58471,13.08346]},"properties":{"name":"Judical Layout Jn of 14th Cross"}},{"type":"Feature","geometry":{"type":"Point","coordinates":[77.58464,13.08341]},"properties":{"name":"Judical Layout Jn of 14th Cross"}},{"type":"Feature","geometry":{"type":"Point","coordinates":[77.75015,13.04657]},"properties":{"name":"Budigere Cross"}},{"type":"Feature","geometry":{"type":"Point","coordinates":[77.7596,13.05306]},"properties":{"name":"Nimbekaipura Gate"}},{"type":"Feature","geometry":{"type":"Point","coordinates":[77.75575,13.05854]},"properties":{"name":"Nimbekaipura"}},{"type":"Feature","geometry":{"type":"Point","coordinates":[77.75585,13.05853]},"properties":{"name":"Nimbekaipura"}},{"type":"Feature","geometry":{"type":"Point","coordinates":[77.72932,13.14369]},"properties":{"name":"Manchappanahalli Gate"}},{"type":"Feature","geometry":{"type":"Point","coordinates":[77.72927,13.14365]},"properties":{"name":"Manchappanahalli Gate"}},{"type":"Feature","geometry":{"type":"Point","coordinates":[77.74547,13.15852]},"properties":{"name":"Kaggalahalli"}},{"type":"Feature","geometry":{"type":"Point","coordinates":[77.72987,13.15556]},"properties":{"name":"Kundalahalli Gate"}},{"type":"Feature","geometry":{"type":"Point","coordinates":[77.73004,13.1555]},"properties":{"name":"Kundalahalli Gate"}},{"type":"Feature","geometry":{"type":"Point","coordinates":[77.744,13.18334]},"properties":{"name":"Ramanahalli"}},{"type":"Feature","geometry":{"type":"Point","coordinates":[77.74359,13.18934]},"properties":{"name":"Baladimmanahalli"}},{"type":"Feature","geometry":{"type":"Point","coordinates":[77.74414,13.18313]},"properties":{"name":"Ramanahalli"}},{"type":"Feature","geometry":{"type":"Point","coordinates":[77.74134,13.21163]},"properties":{"name":"Rayasandra Cross"}},{"type":"Feature","geometry":{"type":"Point","coordinates":[77.74139,13.21167]},"properties":{"name":"Channahalli Gate"}},{"type":"Feature","geometry":{"type":"Point","coordinates":[77.71293,13.23502]},"properties":{"name":"Anjaneya Temple"}},{"type":"Feature","geometry":{"type":"Point","coordinates":[77.68855,13.16789]},"properties":{"name":"Basavanna Temple Hoovinayakanahalli"}},{"type":"Feature","geometry":{"type":"Point","coordinates":[77.68856,13.16782]},"properties":{"name":"Basavanna Temple Hoovinayakanahalli"}},{"type":"Feature","geometry":{"type":"Point","coordinates":[77.54602,13.07221]},"properties":{"name":"SBI Bank"}},{"type":"Feature","geometry":{"type":"Point","coordinates":[77.54613,13.07206]},"properties":{"name":"SBI Bank"}},{"type":"Feature","geometry":{"type":"Point","coordinates":[77.63938,13.12356]},"properties":{"name":"Country Club"}},{"type":"Feature","geometry":{"type":"Point","coordinates":[77.63936,13.12348]},"properties":{"name":"Country Club"}},{"type":"Feature","geometry":{"type":"Point","coordinates":[77.60204,13.10647]},"properties":{"name":"Kendriya Vihara"}},{"type":"Feature","geometry":{"type":"Point","coordinates":[77.56081,13.01746]},"properties":{"name":"Yeshwanthpura TolGate"}},{"type":"Feature","geometry":{"type":"Point","coordinates":[77.78209,13.07954]},"properties":{"name":"Raghavendra Circle"}},{"type":"Feature","geometry":{"type":"Point","coordinates":[77.78218,13.07947]},"properties":{"name":"Raghavendra Circle"}},{"type":"Feature","geometry":{"type":"Point","coordinates":[77.61736,12.98833]},"properties":{"name":"Lake Side Hospital"}},{"type":"Feature","geometry":{"type":"Point","coordinates":[77.61544,12.98973]},"properties":{"name":"Sivanchetty Gardens"}},{"type":"Feature","geometry":{"type":"Point","coordinates":[77.6142,12.99121]},"properties":{"name":"Thomas Bakery"}},{"type":"Feature","geometry":{"type":"Point","coordinates":[77.61184,13.00093]},"properties":{"name":"Frazer Town"}},{"type":"Feature","geometry":{"type":"Point","coordinates":[77.7874,13.13559]},"properties":{"name":"Kamblipura Cross"}},{"type":"Feature","geometry":{"type":"Point","coordinates":[77.78732,13.13553]},"properties":{"name":"Kamblipura Cross"}},{"type":"Feature","geometry":{"type":"Point","coordinates":[77.80062,13.18579]},"properties":{"name":"Sulibele KEB"}},{"type":"Feature","geometry":{"type":"Point","coordinates":[77.80019,13.18555]},"properties":{"name":"Sulibele KEB"}},{"type":"Feature","geometry":{"type":"Point","coordinates":[77.56769,12.93228]},"properties":{"name":"Tyagaraja Nagara Banashankari 2nd Stage"}},{"type":"Feature","geometry":{"type":"Point","coordinates":[77.56844,12.93509]},"properties":{"name":"KEB Quarters"}},{"type":"Feature","geometry":{"type":"Point","coordinates":[77.56895,12.93794]},"properties":{"name":"NR Colony"}},{"type":"Feature","geometry":{"type":"Point","coordinates":[77.567,12.94179]},"properties":{"name":"BMS College"}},{"type":"Feature","geometry":{"type":"Point","coordinates":[77.54864,12.94231]},"properties":{"name":"Muneshwara Block"}},{"type":"Feature","geometry":{"type":"Point","coordinates":[77.55088,12.94213]},"properties":{"name":"Banashankari 1st Stage Muneshwara Block KEB"}},{"type":"Feature","geometry":{"type":"Point","coordinates":[77.53575,12.94882]},"properties":{"name":"BHEL"}},{"type":"Feature","geometry":{"type":"Point","coordinates":[77.63319,12.93759]},"properties":{"name":"Srinivagilu Bus Stand"}},{"type":"Feature","geometry":{"type":"Point","coordinates":[77.63976,12.95129]},"properties":{"name":"Dell"}},{"type":"Feature","geometry":{"type":"Point","coordinates":[77.52011,12.95284]},"properties":{"name":"1st Stage 3rd Block Nagarabhavi"}},{"type":"Feature","geometry":{"type":"Point","coordinates":[77.58572,12.91551]},"properties":{"name":"Marenahalli"}},{"type":"Feature","geometry":{"type":"Point","coordinates":[77.59135,13.04284]},"properties":{"name":"Hebbala Bridge"}},{"type":"Feature","geometry":{"type":"Point","coordinates":[77.58308,12.93675]},"properties":{"name":"Madhavan Park"}},{"type":"Feature","geometry":{"type":"Point","coordinates":[77.6407,13.02555]},"properties":{"name":"80ft Road Kalyananagara"}},{"type":"Feature","geometry":{"type":"Point","coordinates":[77.56902,12.90559]},"properties":{"name":"Iliyas Nagara"}},{"type":"Feature","geometry":{"type":"Point","coordinates":[77.5691,12.90555]},"properties":{"name":"Iliyas Nagara"}},{"type":"Feature","geometry":{"type":"Point","coordinates":[77.64754,13.02254]},"properties":{"name":"Babusabpalya"}},{"type":"Feature","geometry":{"type":"Point","coordinates":[77.63712,13.02244]},"properties":{"name":"Jn of 8th Main 3rd Cross"}},{"type":"Feature","geometry":{"type":"Point","coordinates":[77.63647,13.01783]},"properties":{"name":"Kammanahalli"}},{"type":"Feature","geometry":{"type":"Point","coordinates":[77.61582,12.98273]},"properties":{"name":"RBANMS PU College"}},{"type":"Feature","geometry":{"type":"Point","coordinates":[77.60981,12.97995]},"properties":{"name":"Commercial Street"}},{"type":"Feature","geometry":{"type":"Point","coordinates":[77.6027,12.97908]},"properties":{"name":"BRV Talkies Cubbon Road"}},{"type":"Feature","geometry":{"type":"Point","coordinates":[77.58855,12.98186]},"properties":{"name":"Telephone Exchange AGO"}},{"type":"Feature","geometry":{"type":"Point","coordinates":[77.4971,12.94869]},"properties":{"name":"PVP School"}},{"type":"Feature","geometry":{"type":"Point","coordinates":[77.48645,12.92821]},"properties":{"name":"Kengeri Church"}},{"type":"Feature","geometry":{"type":"Point","coordinates":[77.47488,12.9223]},"properties":{"name":"Beedi Karmikara Colony Gate"}},{"type":"Feature","geometry":{"type":"Point","coordinates":[77.47299,12.92343]},"properties":{"name":"Kengeri Club"}},{"type":"Feature","geometry":{"type":"Point","coordinates":[77.48811,13.00235]},"properties":{"name":"Acharya College"}},{"type":"Feature","geometry":{"type":"Point","coordinates":[77.39391,13.01854]},"properties":{"name":"Baleveeranahalli"}},{"type":"Feature","geometry":{"type":"Point","coordinates":[77.38318,12.9896]},"properties":{"name":"Lakshmipura"}},{"type":"Feature","geometry":{"type":"Point","coordinates":[77.38886,12.97382]},"properties":{"name":"Gowrava Bhovi Palya"}},{"type":"Feature","geometry":{"type":"Point","coordinates":[77.38862,12.97049]},"properties":{"name":"Bychakuppe"}},{"type":"Feature","geometry":{"type":"Point","coordinates":[77.33045,12.8491]},"properties":{"name":"Hagalahalli"}},{"type":"Feature","geometry":{"type":"Point","coordinates":[77.33059,12.84907]},"properties":{"name":"Hagalahalli"}},{"type":"Feature","geometry":{"type":"Point","coordinates":[77.33385,12.8565]},"properties":{"name":"Ningegowdana Doddy"}},{"type":"Feature","geometry":{"type":"Point","coordinates":[77.33402,12.85651]},"properties":{"name":"Ningegowdana Doddy"}},{"type":"Feature","geometry":{"type":"Point","coordinates":[77.33497,12.86159]},"properties":{"name":"Aane Kempegowdana Doddy"}},{"type":"Feature","geometry":{"type":"Point","coordinates":[77.33512,12.86153]},"properties":{"name":"Aane Kempegowdana Doddy"}},{"type":"Feature","geometry":{"type":"Point","coordinates":[77.33451,12.86704]},"properties":{"name":"Manchanabele"}},{"type":"Feature","geometry":{"type":"Point","coordinates":[77.33466,12.86701]},"properties":{"name":"Manchanabele"}},{"type":"Feature","geometry":{"type":"Point","coordinates":[77.33962,12.87155]},"properties":{"name":"Manchanabele Dam Cross"}},{"type":"Feature","geometry":{"type":"Point","coordinates":[77.33969,12.87151]},"properties":{"name":"Manchanabele Dam Cross"}},{"type":"Feature","geometry":{"type":"Point","coordinates":[77.34203,12.87687]},"properties":{"name":"Vahale Gate"}},{"type":"Feature","geometry":{"type":"Point","coordinates":[77.34211,12.87686]},"properties":{"name":"Vahale Gate"}},{"type":"Feature","geometry":{"type":"Point","coordinates":[77.36146,12.89375]},"properties":{"name":"S Gollahalli"}},{"type":"Feature","geometry":{"type":"Point","coordinates":[77.36136,12.89388]},"properties":{"name":"S Gollahalli"}},{"type":"Feature","geometry":{"type":"Point","coordinates":[77.43264,12.89761]},"properties":{"name":"MGM School"}},{"type":"Feature","geometry":{"type":"Point","coordinates":[77.43269,12.89761]},"properties":{"name":"MGM School"}},{"type":"Feature","geometry":{"type":"Point","coordinates":[77.46077,12.89618]},"properties":{"name":"RR Medical College"}},{"type":"Feature","geometry":{"type":"Point","coordinates":[77.46065,12.89629]},"properties":{"name":"RR Medical College"}},{"type":"Feature","geometry":{"type":"Point","coordinates":[77.46719,12.90083]},"properties":{"name":"Basava Nagara Kengeri"}},{"type":"Feature","geometry":{"type":"Point","coordinates":[77.46705,12.90095]},"properties":{"name":"Basava Nagara Kengeri"}},{"type":"Feature","geometry":{"type":"Point","coordinates":[77.46927,12.90232]},"properties":{"name":"NICE Road Kengeri Road Junction"}},{"type":"Feature","geometry":{"type":"Point","coordinates":[77.46951,12.90292]},"properties":{"name":"NICE Road Kengeri Road Junction"}},{"type":"Feature","geometry":{"type":"Point","coordinates":[77.47084,12.9047]},"properties":{"name":"Depot-12 Gate"}},{"type":"Feature","geometry":{"type":"Point","coordinates":[77.49061,12.91755]},"properties":{"name":"Mylasandra Cross"}},{"type":"Feature","geometry":{"type":"Point","coordinates":[77.51268,12.93598]},"properties":{"name":"Bengaluru University Gate"}},{"type":"Feature","geometry":{"type":"Point","coordinates":[77.51289,12.93606]},"properties":{"name":"Bengaluru University Gate"}},{"type":"Feature","geometry":{"type":"Point","coordinates":[77.32226,12.82109]},"properties":{"name":"Katammana Doddy"}},{"type":"Feature","geometry":{"type":"Point","coordinates":[77.32233,12.82109]},"properties":{"name":"Katammana Doddy"}},{"type":"Feature","geometry":{"type":"Point","coordinates":[77.32468,12.83028]},"properties":{"name":"Kaggalahalli"}},{"type":"Feature","geometry":{"type":"Point","coordinates":[77.59648,12.96478]},"properties":{"name":"Richmond Circle (PF Office Under Fly Over)"}},{"type":"Feature","geometry":{"type":"Point","coordinates":[77.75371,13.1483]},"properties":{"name":"Chowdappanahalli"}},{"type":"Feature","geometry":{"type":"Point","coordinates":[77.75375,13.14822]},"properties":{"name":"Chowdappanahalli"}},{"type":"Feature","geometry":{"type":"Point","coordinates":[77.76347,13.15294]},"properties":{"name":"Gangavara"}},{"type":"Feature","geometry":{"type":"Point","coordinates":[77.76346,13.15285]},"properties":{"name":"Gangavara"}},{"type":"Feature","geometry":{"type":"Point","coordinates":[77.7526,13.15317]},"properties":{"name":"Kaggalahalli Gate"}},{"type":"Feature","geometry":{"type":"Point","coordinates":[77.75255,13.15319]},"properties":{"name":"Kaggalahalli Gate"}},{"type":"Feature","geometry":{"type":"Point","coordinates":[77.80643,13.08105]},"properties":{"name":"Siddartha Nagara"}},{"type":"Feature","geometry":{"type":"Point","coordinates":[77.82166,13.10189]},"properties":{"name":"Dodda Hullur Gate"}},{"type":"Feature","geometry":{"type":"Point","coordinates":[77.83923,13.1191]},"properties":{"name":"Cholappanahalli Gate"}},{"type":"Feature","geometry":{"type":"Point","coordinates":[77.83509,13.11504]},"properties":{"name":"Pillagumpa Factory Gate"}},{"type":"Feature","geometry":{"type":"Point","coordinates":[77.83919,13.11897]},"properties":{"name":"Cholappanahalli Gate"}},{"type":"Feature","geometry":{"type":"Point","coordinates":[77.43239,12.79426]},"properties":{"name":"Shyanumangala"}},{"type":"Feature","geometry":{"type":"Point","coordinates":[77.4253,12.8014]},"properties":{"name":"Gollarapalya"}},{"type":"Feature","geometry":{"type":"Point","coordinates":[77.83513,13.11497]},"properties":{"name":"Pillagumpa Factory Gate"}},{"type":"Feature","geometry":{"type":"Point","coordinates":[77.54866,13.00778]},"properties":{"name":"Mahalakshmi Layout Entrance"}},{"type":"Feature","geometry":{"type":"Point","coordinates":[77.72341,13.00361]},"properties":{"name":"Kodigehalli Gate"}},{"type":"Feature","geometry":{"type":"Point","coordinates":[77.56447,13.17249]},"properties":{"name":"Rajanukunte"}},{"type":"Feature","geometry":{"type":"Point","coordinates":[77.57616,13.20292]},"properties":{"name":"Maragondanahalli"}},{"type":"Feature","geometry":{"type":"Point","coordinates":[77.57625,13.20298]},"properties":{"name":"Maragondanahalli"}},{"type":"Feature","geometry":{"type":"Point","coordinates":[77.84812,13.23972]},"properties":{"name":"Byrasandra Dinne"}},{"type":"Feature","geometry":{"type":"Point","coordinates":[77.83441,13.2063]},"properties":{"name":"Bendiganahalli Cross"}},{"type":"Feature","geometry":{"type":"Point","coordinates":[77.55372,13.0177]},"properties":{"name":"Govardhan Talkies"}},{"type":"Feature","geometry":{"type":"Point","coordinates":[77.81115,13.07461]},"properties":{"name":"Dandupalya"}},{"type":"Feature","geometry":{"type":"Point","coordinates":[77.8296,13.07541]},"properties":{"name":"Kolathuru"}},{"type":"Feature","geometry":{"type":"Point","coordinates":[77.80616,13.08098]},"properties":{"name":"Siddartha Nagara"}},{"type":"Feature","geometry":{"type":"Point","coordinates":[77.80607,13.08995]},"properties":{"name":"Sonnadevanahalli"}},{"type":"Feature","geometry":{"type":"Point","coordinates":[77.83557,13.09339]},"properties":{"name":"Halasahalli"}},{"type":"Feature","geometry":{"type":"Point","coordinates":[77.8465,13.09467]},"properties":{"name":"Gottipura Gate"}},{"type":"Feature","geometry":{"type":"Point","coordinates":[77.81199,13.07944]},"properties":{"name":"MVJ Medical Hospital"}},{"type":"Feature","geometry":{"type":"Point","coordinates":[77.84917,13.10757]},"properties":{"name":"Gottipura"}},{"type":"Feature","geometry":{"type":"Point","coordinates":[77.8501,13.1081]},"properties":{"name":"Gottipura"}},{"type":"Feature","geometry":{"type":"Point","coordinates":[77.83611,13.09001]},"properties":{"name":"Halasahalli Cross"}},{"type":"Feature","geometry":{"type":"Point","coordinates":[77.82162,13.10193]},"properties":{"name":"Dodda Hullur Gate"}},{"type":"Feature","geometry":{"type":"Point","coordinates":[77.82493,13.10508]},"properties":{"name":"Chikkahullur"}},{"type":"Feature","geometry":{"type":"Point","coordinates":[77.85841,13.09877]},"properties":{"name":"Atturu"}},{"type":"Feature","geometry":{"type":"Point","coordinates":[77.85864,13.09855]},"properties":{"name":"Atturu"}},{"type":"Feature","geometry":{"type":"Point","coordinates":[77.86669,13.10304]},"properties":{"name":"Channapura Gate"}},{"type":"Feature","geometry":{"type":"Point","coordinates":[77.86663,13.10328]},"properties":{"name":"Channapura Gate"}},{"type":"Feature","geometry":{"type":"Point","coordinates":[77.81861,13.12052]},"properties":{"name":"Chokkahalli Factory Gate"}},{"type":"Feature","geometry":{"type":"Point","coordinates":[77.67733,13.02988]},"properties":{"name":"NRI Layout"}},{"type":"Feature","geometry":{"type":"Point","coordinates":[77.87758,13.1094]},"properties":{"name":"M Hosahalli Gate"}},{"type":"Feature","geometry":{"type":"Point","coordinates":[77.83197,13.11197]},"properties":{"name":"Chokkahalli Gate"}},{"type":"Feature","geometry":{"type":"Point","coordinates":[77.60169,13.0695]},"properties":{"name":"Jakkur Layout"}},{"type":"Feature","geometry":{"type":"Point","coordinates":[77.79366,13.09187]},"properties":{"name":"Kumbalahalli"}},{"type":"Feature","geometry":{"type":"Point","coordinates":[77.84743,13.12693]},"properties":{"name":"Mallimakanapura"}},{"type":"Feature","geometry":{"type":"Point","coordinates":[77.79373,13.09182]},"properties":{"name":"Kumbalahalli"}},{"type":"Feature","geometry":{"type":"Point","coordinates":[77.90421,13.12559]},"properties":{"name":"Chikkanahalli Gate"}},{"type":"Feature","geometry":{"type":"Point","coordinates":[77.64857,12.98739]},"properties":{"name":"NGEF Main Road"}},{"type":"Feature","geometry":{"type":"Point","coordinates":[77.64852,12.98706]},"properties":{"name":"NGEF Main Road"}},{"type":"Feature","geometry":{"type":"Point","coordinates":[77.90143,13.20237]},"properties":{"name":"Nandagudi"}},{"type":"Feature","geometry":{"type":"Point","coordinates":[77.9123,13.21369]},"properties":{"name":"Banahalli"}},{"type":"Feature","geometry":{"type":"Point","coordinates":[77.65169,12.99192]},"properties":{"name":"Krishnayyana Palya NGEF"}},{"type":"Feature","geometry":{"type":"Point","coordinates":[77.91441,13.22143]},"properties":{"name":"Hindiganala"}},{"type":"Feature","geometry":{"type":"Point","coordinates":[77.65799,12.99442]},"properties":{"name":"Sadananda Nagara"}},{"type":"Feature","geometry":{"type":"Point","coordinates":[77.9265,13.13183]},"properties":{"name":"Tavarekere"}},{"type":"Feature","geometry":{"type":"Point","coordinates":[77.93574,13.22045]},"properties":{"name":"Nelavagilu"}},{"type":"Feature","geometry":{"type":"Point","coordinates":[77.66326,13.00403]},"properties":{"name":"Kasthuri Nagara Ring Road"}},{"type":"Feature","geometry":{"type":"Point","coordinates":[77.91557,13.12849]},"properties":{"name":"Tavarekere Volvo"}},{"type":"Feature","geometry":{"type":"Point","coordinates":[77.66261,13.01305]},"properties":{"name":"B Channasandra Bridge"}},{"type":"Feature","geometry":{"type":"Point","coordinates":[77.40278,12.83829]},"properties":{"name":"Wonderla Amusement Park"}},{"type":"Feature","geometry":{"type":"Point","coordinates":[77.90103,13.20232]},"properties":{"name":"Nandagudi"}},{"type":"Feature","geometry":{"type":"Point","coordinates":[77.88874,13.11945]},"properties":{"name":"Mugabala"}},{"type":"Feature","geometry":{"type":"Point","coordinates":[77.88853,13.11977]},"properties":{"name":"Mugabala"}},{"type":"Feature","geometry":{"type":"Point","coordinates":[77.67123,13.01793]},"properties":{"name":"Muneshwara Nagara"}},{"type":"Feature","geometry":{"type":"Point","coordinates":[77.67118,13.01785]},"properties":{"name":"Muneshwara Nagara"}},{"type":"Feature","geometry":{"type":"Point","coordinates":[77.86845,13.15056]},"properties":{"name":"D Shettihalli Gate"}},{"type":"Feature","geometry":{"type":"Point","coordinates":[77.87333,13.10731]},"properties":{"name":"Mylapura Gate"}},{"type":"Feature","geometry":{"type":"Point","coordinates":[77.59305,13.04951]},"properties":{"name":"Military Dairy Farm"}},{"type":"Feature","geometry":{"type":"Point","coordinates":[77.84719,13.12697]},"properties":{"name":"Mallimakanapura"}},{"type":"Feature","geometry":{"type":"Point","coordinates":[77.83551,13.09344]},"properties":{"name":"Halasahalli"}},{"type":"Feature","geometry":{"type":"Point","coordinates":[77.59993,13.04983]},"properties":{"name":"Kempapura Cross"}},{"type":"Feature","geometry":{"type":"Point","coordinates":[77.81853,13.12057]},"properties":{"name":"Chokkahalli Factory Gate"}},{"type":"Feature","geometry":{"type":"Point","coordinates":[77.82485,13.1051]},"properties":{"name":"Chikkahullur"}},{"type":"Feature","geometry":{"type":"Point","coordinates":[77.59987,13.04979]},"properties":{"name":"Kempapura Cross"}},{"type":"Feature","geometry":{"type":"Point","coordinates":[77.82952,13.07534]},"properties":{"name":"Kolathuru"}},{"type":"Feature","geometry":{"type":"Point","coordinates":[77.83211,13.112]},"properties":{"name":"Chokkahalli Gate"}},{"type":"Feature","geometry":{"type":"Point","coordinates":[77.81156,13.07455]},"properties":{"name":"Dandupalya"}},{"type":"Feature","geometry":{"type":"Point","coordinates":[77.80727,13.08767]},"properties":{"name":"Sonadenahalli Gate"}},{"type":"Feature","geometry":{"type":"Point","coordinates":[77.59289,13.04948]},"properties":{"name":"Military Dairy Farm"}},{"type":"Feature","geometry":{"type":"Point","coordinates":[77.80614,13.08997]},"properties":{"name":"Sonadenahalli"}},{"type":"Feature","geometry":{"type":"Point","coordinates":[77.56037,13.06833]},"properties":{"name":"Nanjappa Circle"}},{"type":"Feature","geometry":{"type":"Point","coordinates":[77.8703,13.09561]},"properties":{"name":"Nidaghatta"}},{"type":"Feature","geometry":{"type":"Point","coordinates":[77.87034,13.09565]},"properties":{"name":"Nidaghatta"}},{"type":"Feature","geometry":{"type":"Point","coordinates":[77.85348,13.08812]},"properties":{"name":"Attivatta"}},{"type":"Feature","geometry":{"type":"Point","coordinates":[77.85298,13.08798]},"properties":{"name":"Attivatta"}},{"type":"Feature","geometry":{"type":"Point","coordinates":[77.83619,13.08981]},"properties":{"name":"Halasahalli Cross"}},{"type":"Feature","geometry":{"type":"Point","coordinates":[77.83611,13.09998]},"properties":{"name":"Dasarahalli"}},{"type":"Feature","geometry":{"type":"Point","coordinates":[77.83616,13.09995]},"properties":{"name":"Dasarahalli"}},{"type":"Feature","geometry":{"type":"Point","coordinates":[77.8867,13.18333]},"properties":{"name":"Chokkasandra Gate"}},{"type":"Feature","geometry":{"type":"Point","coordinates":[77.88681,13.1832]},"properties":{"name":"Chokkasandra Gate"}},{"type":"Feature","geometry":{"type":"Point","coordinates":[77.86833,13.15048]},"properties":{"name":"D Shettihalli Gate"}},{"type":"Feature","geometry":{"type":"Point","coordinates":[77.85584,13.13529]},"properties":{"name":"Bhimakanahalli Gate"}},{"type":"Feature","geometry":{"type":"Point","coordinates":[77.85597,13.13531]},"properties":{"name":"Bhimakanahalli Gate"}},{"type":"Feature","geometry":{"type":"Point","coordinates":[77.79773,13.1022]},"properties":{"name":"Kurubarahalli"}},{"type":"Feature","geometry":{"type":"Point","coordinates":[77.79782,13.10224]},"properties":{"name":"Kurubarahalli"}},{"type":"Feature","geometry":{"type":"Point","coordinates":[77.78,13.12245]},"properties":{"name":"Vabasandra"}},{"type":"Feature","geometry":{"type":"Point","coordinates":[77.78002,13.12244]},"properties":{"name":"Vabasandra"}},{"type":"Feature","geometry":{"type":"Point","coordinates":[77.7694,13.12475]},"properties":{"name":"Thimmasandra"}},{"type":"Feature","geometry":{"type":"Point","coordinates":[77.76944,13.12475]},"properties":{"name":"Thimmasandra"}},{"type":"Feature","geometry":{"type":"Point","coordinates":[77.74526,13.11541]},"properties":{"name":"Andhrahalli Gate"}},{"type":"Feature","geometry":{"type":"Point","coordinates":[77.74529,13.1154]},"properties":{"name":"Andhrahalli Gate"}},{"type":"Feature","geometry":{"type":"Point","coordinates":[77.78883,13.10668]},"properties":{"name":"Kallahalli"}},{"type":"Feature","geometry":{"type":"Point","coordinates":[77.78884,13.10667]},"properties":{"name":"Kallahalli"}},{"type":"Feature","geometry":{"type":"Point","coordinates":[77.84646,13.09488]},"properties":{"name":"Gottipura Gate"}},{"type":"Feature","geometry":{"type":"Point","coordinates":[77.72307,12.76044]},"properties":{"name":"Hale ooru"}},{"type":"Feature","geometry":{"type":"Point","coordinates":[77.87763,13.10917]},"properties":{"name":"M Hosahalli Gate"}},{"type":"Feature","geometry":{"type":"Point","coordinates":[77.87341,13.10712]},"properties":{"name":"Mylapura Gate"}},{"type":"Feature","geometry":{"type":"Point","coordinates":[77.84309,13.07078]},"properties":{"name":"Solur"}},{"type":"Feature","geometry":{"type":"Point","coordinates":[77.84313,13.07085]},"properties":{"name":"Solur"}},{"type":"Feature","geometry":{"type":"Point","coordinates":[77.91534,13.12881]},"properties":{"name":"Tavarekere Volvo"}},{"type":"Feature","geometry":{"type":"Point","coordinates":[77.90411,13.12584]},"properties":{"name":"Chikkanahalli Gate"}},{"type":"Feature","geometry":{"type":"Point","coordinates":[77.9039,13.15346]},"properties":{"name":"Shivanaapura"}},{"type":"Feature","geometry":{"type":"Point","coordinates":[77.90396,13.15347]},"properties":{"name":"Shivanaapura"}},{"type":"Feature","geometry":{"type":"Point","coordinates":[77.91228,13.21376]},"properties":{"name":"Banahalli"}},{"type":"Feature","geometry":{"type":"Point","coordinates":[77.91452,13.22143]},"properties":{"name":"Hindiganala"}},{"type":"Feature","geometry":{"type":"Point","coordinates":[77.8166,13.1746]},"properties":{"name":"Giddappanahalli"}},{"type":"Feature","geometry":{"type":"Point","coordinates":[77.82017,13.18234]},"properties":{"name":"Bettahalli"}},{"type":"Feature","geometry":{"type":"Point","coordinates":[77.82019,13.18228]},"properties":{"name":"Bettahalli"}},{"type":"Feature","geometry":{"type":"Point","coordinates":[77.84328,13.13887]},"properties":{"name":"Begur"}},{"type":"Feature","geometry":{"type":"Point","coordinates":[77.84305,13.13896]},"properties":{"name":"Begur"}},{"type":"Feature","geometry":{"type":"Point","coordinates":[77.702,12.77861]},"properties":{"name":"Ramakrishnapura Gate"}},{"type":"Feature","geometry":{"type":"Point","coordinates":[77.82512,13.08501]},"properties":{"name":"Kolathuru Gate"}},{"type":"Feature","geometry":{"type":"Point","coordinates":[77.82519,13.08494]},"properties":{"name":"Kolathuru Gate"}},{"type":"Feature","geometry":{"type":"Point","coordinates":[77.89838,13.14104]},"properties":{"name":"Chennathimmana Gollahalli Gate"}},{"type":"Feature","geometry":{"type":"Point","coordinates":[77.89828,13.14109]},"properties":{"name":"Chennathimmana Gollahalli Gate"}},{"type":"Feature","geometry":{"type":"Point","coordinates":[77.59124,12.94758]},"properties":{"name":"Mallige Hospital"}},{"type":"Feature","geometry":{"type":"Point","coordinates":[77.58078,12.91994]},"properties":{"name":"40th Cross Jayanagara"}},{"type":"Feature","geometry":{"type":"Point","coordinates":[77.58067,12.91987]},"properties":{"name":"40th Cross Jayanagara"}},{"type":"Feature","geometry":{"type":"Point","coordinates":[77.62468,12.94063]},"properties":{"name":"Koramangala TTMC"}},{"type":"Feature","geometry":{"type":"Point","coordinates":[77.62484,12.94072]},"properties":{"name":"Koramangala TTMC"}},{"type":"Feature","geometry":{"type":"Point","coordinates":[77.5275,12.91153]},"properties":{"name":"Shanmukha Temple"}},{"type":"Feature","geometry":{"type":"Point","coordinates":[77.52746,12.91149]},"properties":{"name":"Shanmukha Temple"}},{"type":"Feature","geometry":{"type":"Point","coordinates":[77.51994,12.92652]},"properties":{"name":"Devadiga Soudha"}},{"type":"Feature","geometry":{"type":"Point","coordinates":[77.52,12.9265]},"properties":{"name":"Devadiga Soudha"}},{"type":"Feature","geometry":{"type":"Point","coordinates":[77.60508,12.97014]},"properties":{"name":"St Patrick Church"}},{"type":"Feature","geometry":{"type":"Point","coordinates":[77.6129,12.97401]},"properties":{"name":"MG Road Electric B Station"}},{"type":"Feature","geometry":{"type":"Point","coordinates":[77.60295,12.96986]},"properties":{"name":"St Joseph College"}},{"type":"Feature","geometry":{"type":"Point","coordinates":[77.62542,12.97494]},"properties":{"name":"Halasuru Police Station"}},{"type":"Feature","geometry":{"type":"Point","coordinates":[77.62544,12.97511]},"properties":{"name":"Halasuru Police Station"}},{"type":"Feature","geometry":{"type":"Point","coordinates":[77.63834,12.96356]},"properties":{"name":"Domlur Bridge"}},{"type":"Feature","geometry":{"type":"Point","coordinates":[77.51213,12.89793]},"properties":{"name":"Ganakal"}},{"type":"Feature","geometry":{"type":"Point","coordinates":[77.51231,12.89787]},"properties":{"name":"Ganakal"}},{"type":"Feature","geometry":{"type":"Point","coordinates":[77.52127,12.89186]},"properties":{"name":"Kariyanapalya"}},{"type":"Feature","geometry":{"type":"Point","coordinates":[77.52133,12.89182]},"properties":{"name":"Kariyanapalya"}},{"type":"Feature","geometry":{"type":"Point","coordinates":[77.50691,12.91301]},"properties":{"name":"Krishna Garden BHEL Layout"}},{"type":"Feature","geometry":{"type":"Point","coordinates":[77.50703,12.9131]},"properties":{"name":"Krishna Garden BHEL Layout"}},{"type":"Feature","geometry":{"type":"Point","coordinates":[77.41068,12.82256]},"properties":{"name":"Railway Gate Lakshmisagara"}},{"type":"Feature","geometry":{"type":"Point","coordinates":[77.41116,12.82427]},"properties":{"name":"Railway Gate Lakshmisagara"}},{"type":"Feature","geometry":{"type":"Point","coordinates":[77.43667,12.86662]},"properties":{"name":"Swami Narayana Gurukula"}},{"type":"Feature","geometry":{"type":"Point","coordinates":[77.43678,12.86655]},"properties":{"name":"Swami Narayana Gurukula"}},{"type":"Feature","geometry":{"type":"Point","coordinates":[77.42887,12.83068]},"properties":{"name":"Hampapura"}},{"type":"Feature","geometry":{"type":"Point","coordinates":[77.42882,12.8307]},"properties":{"name":"Hampapura"}},{"type":"Feature","geometry":{"type":"Point","coordinates":[77.40279,12.83824]},"properties":{"name":"Wonderla Amusement Park"}},{"type":"Feature","geometry":{"type":"Point","coordinates":[77.39814,12.83926]},"properties":{"name":"Hakki Pikki Colony Cross"}},{"type":"Feature","geometry":{"type":"Point","coordinates":[77.3981,12.83921]},"properties":{"name":"Hakki Pikki Colony Cross"}},{"type":"Feature","geometry":{"type":"Point","coordinates":[77.39729,12.82297]},"properties":{"name":"Vajarahalli Colony"}},{"type":"Feature","geometry":{"type":"Point","coordinates":[77.39734,12.82303]},"properties":{"name":"Vajarahalli Colony"}},{"type":"Feature","geometry":{"type":"Point","coordinates":[77.43324,12.81141]},"properties":{"name":"Talaguppe"}},{"type":"Feature","geometry":{"type":"Point","coordinates":[77.43327,12.81135]},"properties":{"name":"Talaguppe"}},{"type":"Feature","geometry":{"type":"Point","coordinates":[77.42923,12.80725]},"properties":{"name":"Channegowdana Doddy"}},{"type":"Feature","geometry":{"type":"Point","coordinates":[77.42928,12.80719]},"properties":{"name":"Channegowdana Doddy"}},{"type":"Feature","geometry":{"type":"Point","coordinates":[77.39244,12.84157]},"properties":{"name":"Thimmappana Palya"}},{"type":"Feature","geometry":{"type":"Point","coordinates":[77.39253,12.84159]},"properties":{"name":"Thimmappana Palya"}},{"type":"Feature","geometry":{"type":"Point","coordinates":[77.42992,12.72048]},"properties":{"name":"Kempaiahnapalya"}},{"type":"Feature","geometry":{"type":"Point","coordinates":[77.42992,12.72054]},"properties":{"name":"Kempaiahnapalya"}},{"type":"Feature","geometry":{"type":"Point","coordinates":[77.37777,12.80964]},"properties":{"name":"Avaragere Cross"}},{"type":"Feature","geometry":{"type":"Point","coordinates":[77.37784,12.80962]},"properties":{"name":"Avaragere Cross"}},{"type":"Feature","geometry":{"type":"Point","coordinates":[77.36569,12.81812]},"properties":{"name":"M Karenahalli"}},{"type":"Feature","geometry":{"type":"Point","coordinates":[77.36575,12.81809]},"properties":{"name":"M Karenahalli"}},{"type":"Feature","geometry":{"type":"Point","coordinates":[77.44123,12.8151]},"properties":{"name":"Thippuru"}},{"type":"Feature","geometry":{"type":"Point","coordinates":[77.44129,12.81505]},"properties":{"name":"Thippuru"}},{"type":"Feature","geometry":{"type":"Point","coordinates":[77.43854,12.76759]},"properties":{"name":"Anchipura Colony"}},{"type":"Feature","geometry":{"type":"Point","coordinates":[77.43857,12.76764]},"properties":{"name":"Anchipura Colony"}},{"type":"Feature","geometry":{"type":"Point","coordinates":[77.59556,12.91036]},"properties":{"name":"Milk Booth JP Nagara"}},{"type":"Feature","geometry":{"type":"Point","coordinates":[77.59529,12.9099]},"properties":{"name":"Milk Booth JP Nagara"}},{"type":"Feature","geometry":{"type":"Point","coordinates":[77.59518,12.91007]},"properties":{"name":"Milk Booth JP Nagara"}},{"type":"Feature","geometry":{"type":"Point","coordinates":[77.37522,12.79551]},"properties":{"name":"Kenchanakuppe"}},{"type":"Feature","geometry":{"type":"Point","coordinates":[77.37528,12.7955]},"properties":{"name":"Kenchanakuppe"}},{"type":"Feature","geometry":{"type":"Point","coordinates":[77.39736,12.75743]},"properties":{"name":"ThoreDoddy"}},{"type":"Feature","geometry":{"type":"Point","coordinates":[77.39737,12.75738]},"properties":{"name":"ThoreDoddy"}},{"type":"Feature","geometry":{"type":"Point","coordinates":[77.40159,12.74166]},"properties":{"name":"Ramanahalli"}},{"type":"Feature","geometry":{"type":"Point","coordinates":[77.40165,12.74162]},"properties":{"name":"Ramanahalli"}},{"type":"Feature","geometry":{"type":"Point","coordinates":[77.63631,12.99285]},"properties":{"name":"Kattalepalya"}},{"type":"Feature","geometry":{"type":"Point","coordinates":[77.63601,12.99301]},"properties":{"name":"Kattalepalya"}},{"type":"Feature","geometry":{"type":"Point","coordinates":[77.393,12.70186]},"properties":{"name":"DombaraDoddy"}},{"type":"Feature","geometry":{"type":"Point","coordinates":[77.39295,12.70189]},"properties":{"name":"DombaraDoddy"}},{"type":"Feature","geometry":{"type":"Point","coordinates":[77.40241,12.7259]},"properties":{"name":"M Gopahalli"}},{"type":"Feature","geometry":{"type":"Point","coordinates":[77.37729,12.74359]},"properties":{"name":"Uragahalli Bidadi"}},{"type":"Feature","geometry":{"type":"Point","coordinates":[77.37754,12.74362]},"properties":{"name":"Uragahalli Bidadi"}},{"type":"Feature","geometry":{"type":"Point","coordinates":[77.3811,12.73344]},"properties":{"name":"Chikka Arasanahalli"}},{"type":"Feature","geometry":{"type":"Point","coordinates":[77.38114,12.73343]},"properties":{"name":"Chikka Arasanahalli"}},{"type":"Feature","geometry":{"type":"Point","coordinates":[77.38161,12.72897]},"properties":{"name":"Seebekatte"}},{"type":"Feature","geometry":{"type":"Point","coordinates":[77.38168,12.72899]},"properties":{"name":"Seebekatte"}},{"type":"Feature","geometry":{"type":"Point","coordinates":[77.3807,12.72428]},"properties":{"name":"Manchegowdanapalya"}},{"type":"Feature","geometry":{"type":"Point","coordinates":[77.38064,12.72429]},"properties":{"name":"Manchegowdanapalya"}},{"type":"Feature","geometry":{"type":"Point","coordinates":[77.37667,12.8927]},"properties":{"name":"Byalalu"}},{"type":"Feature","geometry":{"type":"Point","coordinates":[77.3768,12.89268]},"properties":{"name":"Byalalu"}},{"type":"Feature","geometry":{"type":"Point","coordinates":[77.3774,12.87732]},"properties":{"name":"Mayasandra"}},{"type":"Feature","geometry":{"type":"Point","coordinates":[77.37747,12.87731]},"properties":{"name":"Mayasandra"}},{"type":"Feature","geometry":{"type":"Point","coordinates":[77.71036,13.03737]},"properties":{"name":"Kittaganuru"}},{"type":"Feature","geometry":{"type":"Point","coordinates":[77.67708,13.02077]},"properties":{"name":"Koshys Hospital Kalkere"}},{"type":"Feature","geometry":{"type":"Point","coordinates":[77.67701,13.02067]},"properties":{"name":"Koshys Hospital Kalkere"}},{"type":"Feature","geometry":{"type":"Point","coordinates":[77.6893,13.02262]},"properties":{"name":"Bhakthi Yoga Ashrama"}},{"type":"Feature","geometry":{"type":"Point","coordinates":[77.68928,13.02256]},"properties":{"name":"Bhakthi Yoga Ashrama"}},{"type":"Feature","geometry":{"type":"Point","coordinates":[77.70493,13.02087]},"properties":{"name":"TC Palya Cross"}},{"type":"Feature","geometry":{"type":"Point","coordinates":[77.7049,13.02084]},"properties":{"name":"TC Palya Cross"}},{"type":"Feature","geometry":{"type":"Point","coordinates":[77.70712,13.02443]},"properties":{"name":"Garden City College TC Palya"}},{"type":"Feature","geometry":{"type":"Point","coordinates":[77.70708,13.02432]},"properties":{"name":"Garden City College TC Palya"}},{"type":"Feature","geometry":{"type":"Point","coordinates":[77.68639,13.26213]},"properties":{"name":"Dorekavalu"}},{"type":"Feature","geometry":{"type":"Point","coordinates":[77.68636,13.26212]},"properties":{"name":"Dorekavalu"}},{"type":"Feature","geometry":{"type":"Point","coordinates":[77.67169,13.25397]},"properties":{"name":"Bommawara"}},{"type":"Feature","geometry":{"type":"Point","coordinates":[77.67177,13.25405]},"properties":{"name":"Bommawara"}},{"type":"Feature","geometry":{"type":"Point","coordinates":[77.67635,13.26629]},"properties":{"name":"Shettarahalli Cross"}},{"type":"Feature","geometry":{"type":"Point","coordinates":[77.67634,13.26624]},"properties":{"name":"Shettarahalli Cross"}},{"type":"Feature","geometry":{"type":"Point","coordinates":[77.69107,13.287]},"properties":{"name":"Maligenahalli Bidaluru"}},{"type":"Feature","geometry":{"type":"Point","coordinates":[77.70576,13.28758]},"properties":{"name":"Byrappanahalli Cross"}},{"type":"Feature","geometry":{"type":"Point","coordinates":[77.70566,13.28762]},"properties":{"name":"Maligenahalli Cross"}},{"type":"Feature","geometry":{"type":"Point","coordinates":[77.7697,13.02624]},"properties":{"name":"Kannamangala"}},{"type":"Feature","geometry":{"type":"Point","coordinates":[77.852,13.1903]},"properties":{"name":"T Agrahara"}},{"type":"Feature","geometry":{"type":"Point","coordinates":[77.76965,13.02623]},"properties":{"name":"Kannamangala"}},{"type":"Feature","geometry":{"type":"Point","coordinates":[77.852,13.19028]},"properties":{"name":"T Agrahara"}},{"type":"Feature","geometry":{"type":"Point","coordinates":[77.84512,12.96278]},"properties":{"name":"BN Bachegowda Badavane Colony"}},{"type":"Feature","geometry":{"type":"Point","coordinates":[77.84704,12.9584]},"properties":{"name":"Handenahalli"}},{"type":"Feature","geometry":{"type":"Point","coordinates":[77.85428,13.05173]},"properties":{"name":"Jadigenahalli"}},{"type":"Feature","geometry":{"type":"Point","coordinates":[77.85878,13.04634]},"properties":{"name":"Jadigenahalli Hospital"}},{"type":"Feature","geometry":{"type":"Point","coordinates":[77.88626,12.92771]},"properties":{"name":"Lakkur"}},{"type":"Feature","geometry":{"type":"Point","coordinates":[77.85875,13.04648]},"properties":{"name":"Jadigenahalli Hospital"}},{"type":"Feature","geometry":{"type":"Point","coordinates":[77.88279,12.94079]},"properties":{"name":"Pura"}},{"type":"Feature","geometry":{"type":"Point","coordinates":[77.88291,12.95322]},"properties":{"name":"Baraguru Cross"}},{"type":"Feature","geometry":{"type":"Point","coordinates":[77.88863,12.96478]},"properties":{"name":"Arasanahalli"}},{"type":"Feature","geometry":{"type":"Point","coordinates":[77.88304,12.95317]},"properties":{"name":"Baraguru Cross"}},{"type":"Feature","geometry":{"type":"Point","coordinates":[77.80309,13.18662]},"properties":{"name":"Sulibele"}},{"type":"Feature","geometry":{"type":"Point","coordinates":[77.88293,12.94084]},"properties":{"name":"Pura"}},{"type":"Feature","geometry":{"type":"Point","coordinates":[77.88631,12.92763]},"properties":{"name":"Lakkur"}},{"type":"Feature","geometry":{"type":"Point","coordinates":[77.9302,13.06305]},"properties":{"name":"Gerura"}},{"type":"Feature","geometry":{"type":"Point","coordinates":[77.79054,13.22617]},"properties":{"name":"Naganayakanahalli"}},{"type":"Feature","geometry":{"type":"Point","coordinates":[77.79077,13.22605]},"properties":{"name":"Naganayakanahalli"}},{"type":"Feature","geometry":{"type":"Point","coordinates":[77.93768,13.07334]},"properties":{"name":"Ummalu"}},{"type":"Feature","geometry":{"type":"Point","coordinates":[77.93772,13.07332]},"properties":{"name":"Ummalu"}},{"type":"Feature","geometry":{"type":"Point","coordinates":[77.90746,12.92812]},"properties":{"name":"Kodahalli Gate"}},{"type":"Feature","geometry":{"type":"Point","coordinates":[77.90743,12.92808]},"properties":{"name":"Kodahalli Gate"}},{"type":"Feature","geometry":{"type":"Point","coordinates":[77.88634,12.92739]},"properties":{"name":"Lakkur"}},{"type":"Feature","geometry":{"type":"Point","coordinates":[77.84709,12.95841]},"properties":{"name":"Handenahalli"}},{"type":"Feature","geometry":{"type":"Point","coordinates":[77.84504,12.96279]},"properties":{"name":"BN Bachegowda Badavane Colony"}},{"type":"Feature","geometry":{"type":"Point","coordinates":[77.84691,13.26136]},"properties":{"name":"Jangamakote"}},{"type":"Feature","geometry":{"type":"Point","coordinates":[77.84676,13.26142]},"properties":{"name":"Jangamakote"}},{"type":"Feature","geometry":{"type":"Point","coordinates":[77.8486,13.27064]},"properties":{"name":"Jangamakote Cross"}},{"type":"Feature","geometry":{"type":"Point","coordinates":[77.84867,13.2707]},"properties":{"name":"Jangamakote Cross"}},{"type":"Feature","geometry":{"type":"Point","coordinates":[77.87114,12.98353]},"properties":{"name":"Lingadeera Mallsandra Cross"}},{"type":"Feature","geometry":{"type":"Point","coordinates":[77.87454,12.98059]},"properties":{"name":"Marasandra"}},{"type":"Feature","geometry":{"type":"Point","coordinates":[77.87104,12.98345]},"properties":{"name":"Lingadeera Mallsandra Cross"}},{"type":"Feature","geometry":{"type":"Point","coordinates":[77.82066,13.27979]},"properties":{"name":"Venkatapura"}},{"type":"Feature","geometry":{"type":"Point","coordinates":[77.82075,13.2798]},"properties":{"name":"Venkatapura"}},{"type":"Feature","geometry":{"type":"Point","coordinates":[77.77513,12.77803]},"properties":{"name":"Chikkanahalli Cross"}},{"type":"Feature","geometry":{"type":"Point","coordinates":[77.89669,13.06315]},"properties":{"name":"Appasandra"}},{"type":"Feature","geometry":{"type":"Point","coordinates":[77.8613,12.9688]},"properties":{"name":"Somlapura"}},{"type":"Feature","geometry":{"type":"Point","coordinates":[77.77527,12.77806]},"properties":{"name":"Chikkanahalli Cross"}},{"type":"Feature","geometry":{"type":"Point","coordinates":[77.80183,13.29479]},"properties":{"name":"Vijayapura Bus Stand Jangamakote"}},{"type":"Feature","geometry":{"type":"Point","coordinates":[77.80477,13.2565]},"properties":{"name":"Bidiganahalli Cross"}},{"type":"Feature","geometry":{"type":"Point","coordinates":[77.80486,13.25649]},"properties":{"name":"Bidiganahalli Cross"}},{"type":"Feature","geometry":{"type":"Point","coordinates":[77.80192,13.25266]},"properties":{"name":"Dinnur"}},{"type":"Feature","geometry":{"type":"Point","coordinates":[77.802,13.25262]},"properties":{"name":"Dinnur"}},{"type":"Feature","geometry":{"type":"Point","coordinates":[77.87192,12.96758]},"properties":{"name":"Domlur"}},{"type":"Feature","geometry":{"type":"Point","coordinates":[77.87415,13.06059]},"properties":{"name":"Harohalli"}},{"type":"Feature","geometry":{"type":"Point","coordinates":[77.86114,12.9689]},"properties":{"name":"Somlapura"}},{"type":"Feature","geometry":{"type":"Point","coordinates":[77.80207,13.29481]},"properties":{"name":"Vijayapura Bus Stand Jangamakote"}},{"type":"Feature","geometry":{"type":"Point","coordinates":[77.67747,12.96469]},"properties":{"name":"Vibhuthipura Samudaya Bhavan"}},{"type":"Feature","geometry":{"type":"Point","coordinates":[77.67749,12.96465]},"properties":{"name":"Vibhuthipura Samudaya Bhavan"}},{"type":"Feature","geometry":{"type":"Point","coordinates":[77.59189,13.01761]},"properties":{"name":"Rehamatnagara"}},{"type":"Feature","geometry":{"type":"Point","coordinates":[77.72175,13.25685]},"properties":{"name":"Kurabarakunte Cross Binnamangala"}},{"type":"Feature","geometry":{"type":"Point","coordinates":[77.72178,13.25681]},"properties":{"name":"Kurabarakunte Cross Binnamangala"}},{"type":"Feature","geometry":{"type":"Point","coordinates":[77.73544,13.2631]},"properties":{"name":"Lakshmipura"}},{"type":"Feature","geometry":{"type":"Point","coordinates":[77.73548,13.26307]},"properties":{"name":"Lakshmipura"}},{"type":"Feature","geometry":{"type":"Point","coordinates":[77.45857,12.98517]},"properties":{"name":"Jnanashakthi Nagara"}},{"type":"Feature","geometry":{"type":"Point","coordinates":[77.45854,12.98515]},"properties":{"name":"Jnanashakthi Nagara"}},{"type":"Feature","geometry":{"type":"Point","coordinates":[77.59248,13.02156]},"properties":{"name":"Post Office RT Nagara"}},{"type":"Feature","geometry":{"type":"Point","coordinates":[77.77699,13.19786]},"properties":{"name":"Balepura Gate"}},{"type":"Feature","geometry":{"type":"Point","coordinates":[77.77717,13.19769]},"properties":{"name":"Balepura Gate"}},{"type":"Feature","geometry":{"type":"Point","coordinates":[77.78601,13.21815]},"properties":{"name":"Cheemachanahalli"}},{"type":"Feature","geometry":{"type":"Point","coordinates":[77.78597,13.21822]},"properties":{"name":"Cheemachanahalli"}},{"type":"Feature","geometry":{"type":"Point","coordinates":[77.79656,13.24712]},"properties":{"name":"Channarayapatna"}},{"type":"Feature","geometry":{"type":"Point","coordinates":[77.79693,13.24392]},"properties":{"name":"Channarayapatna School"}},{"type":"Feature","geometry":{"type":"Point","coordinates":[77.79645,13.24714]},"properties":{"name":"Channarayapatna"}},{"type":"Feature","geometry":{"type":"Point","coordinates":[77.80137,13.25085]},"properties":{"name":"Dinnur Cross"}},{"type":"Feature","geometry":{"type":"Point","coordinates":[77.80129,13.25083]},"properties":{"name":"Dinnur Cross"}},{"type":"Feature","geometry":{"type":"Point","coordinates":[77.71583,13.24859]},"properties":{"name":"Devanahalli Old Bus Stand"}},{"type":"Feature","geometry":{"type":"Point","coordinates":[77.8059,13.28344]},"properties":{"name":"Venkatapura Cross"}},{"type":"Feature","geometry":{"type":"Point","coordinates":[77.80398,13.28385]},"properties":{"name":"Dharmapura Gate"}},{"type":"Feature","geometry":{"type":"Point","coordinates":[77.80413,13.28388]},"properties":{"name":"Dharmapura Gate"}},{"type":"Feature","geometry":{"type":"Point","coordinates":[77.713,13.24556]},"properties":{"name":"Devanahalli New Bus Station"}},{"type":"Feature","geometry":{"type":"Point","coordinates":[77.80903,13.26454]},"properties":{"name":"Dharmapura Cross"}},{"type":"Feature","geometry":{"type":"Point","coordinates":[77.80912,13.2645]},"properties":{"name":"Dharmapura Cross"}},{"type":"Feature","geometry":{"type":"Point","coordinates":[77.83183,13.21915]},"properties":{"name":"Imanahalli"}},{"type":"Feature","geometry":{"type":"Point","coordinates":[77.83184,13.21911]},"properties":{"name":"Imanahalli"}},{"type":"Feature","geometry":{"type":"Point","coordinates":[77.8335,13.19529]},"properties":{"name":"Thammarasanahalli"}},{"type":"Feature","geometry":{"type":"Point","coordinates":[77.83353,13.19527]},"properties":{"name":"Thammarasanahalli"}},{"type":"Feature","geometry":{"type":"Point","coordinates":[77.83876,13.19406]},"properties":{"name":"Dodda Haralegere"}},{"type":"Feature","geometry":{"type":"Point","coordinates":[77.83881,13.19409]},"properties":{"name":"Dodda Haralegere"}},{"type":"Feature","geometry":{"type":"Point","coordinates":[77.86156,13.18512]},"properties":{"name":"Bhuvanahalli"}},{"type":"Feature","geometry":{"type":"Point","coordinates":[77.8616,13.18513]},"properties":{"name":"Bhuvanahalli"}},{"type":"Feature","geometry":{"type":"Point","coordinates":[77.83658,13.22639]},"properties":{"name":"Theneyuru"}},{"type":"Feature","geometry":{"type":"Point","coordinates":[77.83666,13.22637]},"properties":{"name":"Theneyuru"}},{"type":"Feature","geometry":{"type":"Point","coordinates":[77.71954,13.2674]},"properties":{"name":"Rani Circle"}},{"type":"Feature","geometry":{"type":"Point","coordinates":[77.70162,13.29772]},"properties":{"name":"Kaatumariyammana Devasthana"}},{"type":"Feature","geometry":{"type":"Point","coordinates":[77.79382,13.29573]},"properties":{"name":"Govt Hospital Vijayapura"}},{"type":"Feature","geometry":{"type":"Point","coordinates":[77.77434,13.28749]},"properties":{"name":"Koramangala"}},{"type":"Feature","geometry":{"type":"Point","coordinates":[77.75876,13.27763]},"properties":{"name":"Guduvayanahalli Gate"}},{"type":"Feature","geometry":{"type":"Point","coordinates":[77.63986,13.1537]},"properties":{"name":"Billamaranahalli"}},{"type":"Feature","geometry":{"type":"Point","coordinates":[77.75879,13.27761]},"properties":{"name":"Guduvayanahalli Gate"}},{"type":"Feature","geometry":{"type":"Point","coordinates":[77.6399,13.15365]},"properties":{"name":"Billamaranahalli"}},{"type":"Feature","geometry":{"type":"Point","coordinates":[77.74067,13.26635]},"properties":{"name":"Yeliyur Gate"}},{"type":"Feature","geometry":{"type":"Point","coordinates":[77.70082,13.2992]},"properties":{"name":"Kodalagurki"}},{"type":"Feature","geometry":{"type":"Point","coordinates":[77.51327,12.76694]},"properties":{"name":"Rayara Doddy"}},{"type":"Feature","geometry":{"type":"Point","coordinates":[77.50956,12.76879]},"properties":{"name":"Girigowdana Doddy Cross"}},{"type":"Feature","geometry":{"type":"Point","coordinates":[77.5092,12.76868]},"properties":{"name":"Girigowdana Doddy Cross"}},{"type":"Feature","geometry":{"type":"Point","coordinates":[77.50346,12.77272]},"properties":{"name":"Somanahalli"}},{"type":"Feature","geometry":{"type":"Point","coordinates":[77.50351,12.77254]},"properties":{"name":"Somanahalli"}},{"type":"Feature","geometry":{"type":"Point","coordinates":[77.71978,13.26859]},"properties":{"name":"Rani Circle"}},{"type":"Feature","geometry":{"type":"Point","coordinates":[77.50465,12.99203]},"properties":{"name":"Aralimara Sunkadakatte"}},{"type":"Feature","geometry":{"type":"Point","coordinates":[77.50429,12.99462]},"properties":{"name":"Maramma Temple Hegganahalli"}},{"type":"Feature","geometry":{"type":"Point","coordinates":[77.50245,12.99583]},"properties":{"name":"Neelagiri Thopu"}},{"type":"Feature","geometry":{"type":"Point","coordinates":[77.50253,12.99595]},"properties":{"name":"Neelagiri Thopu"}},{"type":"Feature","geometry":{"type":"Point","coordinates":[77.71993,13.25691]},"properties":{"name":"Devanahalli Govt Hospital"}},{"type":"Feature","geometry":{"type":"Point","coordinates":[77.72,13.25685]},"properties":{"name":"Devanahalli Govt Hospital"}},{"type":"Feature","geometry":{"type":"Point","coordinates":[77.47598,12.77734]},"properties":{"name":"Sundaram Estate"}},{"type":"Feature","geometry":{"type":"Point","coordinates":[77.47586,12.77731]},"properties":{"name":"Sundaram Estate"}},{"type":"Feature","geometry":{"type":"Point","coordinates":[77.44119,12.79007]},"properties":{"name":"Anchipura Cross"}},{"type":"Feature","geometry":{"type":"Point","coordinates":[77.44118,12.79002]},"properties":{"name":"Anchipura Cross"}},{"type":"Feature","geometry":{"type":"Point","coordinates":[77.71218,13.25742]},"properties":{"name":"Nandi Cross"}},{"type":"Feature","geometry":{"type":"Point","coordinates":[77.47852,12.74371]},"properties":{"name":"Thokathimmana Doddy Cross"}},{"type":"Feature","geometry":{"type":"Point","coordinates":[77.46318,12.74291]},"properties":{"name":"Aralalusandra Cross"}},{"type":"Feature","geometry":{"type":"Point","coordinates":[77.46297,12.74377]},"properties":{"name":"Aralalusandra Cross"}},{"type":"Feature","geometry":{"type":"Point","coordinates":[77.46078,12.73347]},"properties":{"name":"Hugarapalya"}},{"type":"Feature","geometry":{"type":"Point","coordinates":[77.4605,12.73385]},"properties":{"name":"Hugarapalya"}},{"type":"Feature","geometry":{"type":"Point","coordinates":[77.45372,12.73315]},"properties":{"name":"Aralalusandra"}},{"type":"Feature","geometry":{"type":"Point","coordinates":[77.45351,12.73305]},"properties":{"name":"Aralalusandra"}},{"type":"Feature","geometry":{"type":"Point","coordinates":[77.50241,12.72257]},"properties":{"name":"Rock Colony"}},{"type":"Feature","geometry":{"type":"Point","coordinates":[77.50231,12.72248]},"properties":{"name":"Rock Colony"}},{"type":"Feature","geometry":{"type":"Point","coordinates":[77.51379,12.72603]},"properties":{"name":"Muthurayapura Cross"}},{"type":"Feature","geometry":{"type":"Point","coordinates":[77.51364,12.72611]},"properties":{"name":"Muthurayapura Cross"}},{"type":"Feature","geometry":{"type":"Point","coordinates":[77.51493,12.72384]},"properties":{"name":"Muthurayapura"}},{"type":"Feature","geometry":{"type":"Point","coordinates":[77.51486,12.72379]},"properties":{"name":"Muthurayapura"}},{"type":"Feature","geometry":{"type":"Point","coordinates":[77.50034,13.19771]},"properties":{"name":"Sonnenahalli"}},{"type":"Feature","geometry":{"type":"Point","coordinates":[77.65823,13.14594]},"properties":{"name":"Razakpalya"}},{"type":"Feature","geometry":{"type":"Point","coordinates":[77.48084,12.75647]},"properties":{"name":"Veerasandra"}},{"type":"Feature","geometry":{"type":"Point","coordinates":[77.48076,12.7562]},"properties":{"name":"Veerasandra"}},{"type":"Feature","geometry":{"type":"Point","coordinates":[77.63042,13.12225]},"properties":{"name":"Reva College Gate"}},{"type":"Feature","geometry":{"type":"Point","coordinates":[77.63034,13.12216]},"properties":{"name":"Reva College Gate"}},{"type":"Feature","geometry":{"type":"Point","coordinates":[77.93587,13.22043]},"properties":{"name":"Nelavagilu"}},{"type":"Feature","geometry":{"type":"Point","coordinates":[77.8058,13.28338]},"properties":{"name":"Venktapura Cross"}},{"type":"Feature","geometry":{"type":"Point","coordinates":[77.92681,13.13156]},"properties":{"name":"Tavarekere"}},{"type":"Feature","geometry":{"type":"Point","coordinates":[77.80743,13.08765]},"properties":{"name":"Sonadenahalli Gate"}},{"type":"Feature","geometry":{"type":"Point","coordinates":[77.93738,13.13428]},"properties":{"name":"Banamakanahalli Gate"}},{"type":"Feature","geometry":{"type":"Point","coordinates":[77.81685,13.0973]},"properties":{"name":"Dodda Hulluru School Gate"}},{"type":"Feature","geometry":{"type":"Point","coordinates":[77.81684,13.09719]},"properties":{"name":"Dodda Hulluru School Gate"}},{"type":"Feature","geometry":{"type":"Point","coordinates":[77.93778,13.1378]},"properties":{"name":"Banamakanahalli"}},{"type":"Feature","geometry":{"type":"Point","coordinates":[77.93323,13.15403]},"properties":{"name":"Yettakki"}},{"type":"Feature","geometry":{"type":"Point","coordinates":[77.93396,13.1617]},"properties":{"name":"Bandihalii"}},{"type":"Feature","geometry":{"type":"Point","coordinates":[77.83624,13.22602]},"properties":{"name":"I Basapura Gate"}},{"type":"Feature","geometry":{"type":"Point","coordinates":[77.87365,13.15915]},"properties":{"name":"K Sathyavara Gate"}},{"type":"Feature","geometry":{"type":"Point","coordinates":[77.8737,13.15916]},"properties":{"name":"K Sathyavara Gate"}},{"type":"Feature","geometry":{"type":"Point","coordinates":[77.88456,13.17693]},"properties":{"name":"Shivanapura Cross"}},{"type":"Feature","geometry":{"type":"Point","coordinates":[77.88459,13.17689]},"properties":{"name":"Shivanapura Cross"}},{"type":"Feature","geometry":{"type":"Point","coordinates":[77.9343,13.16217]},"properties":{"name":"BandIhalli"}},{"type":"Feature","geometry":{"type":"Point","coordinates":[77.93329,13.15399]},"properties":{"name":"Yettakki"}},{"type":"Feature","geometry":{"type":"Point","coordinates":[77.93788,13.13808]},"properties":{"name":"Banamakanahalli"}},{"type":"Feature","geometry":{"type":"Point","coordinates":[77.93758,13.13457]},"properties":{"name":"Banamakanahalli Cross"}},{"type":"Feature","geometry":{"type":"Point","coordinates":[77.81229,13.07909]},"properties":{"name":"MVJ Medical Hospital"}},{"type":"Feature","geometry":{"type":"Point","coordinates":[77.81843,13.08306]},"properties":{"name":"Hotel Emerald"}},{"type":"Feature","geometry":{"type":"Point","coordinates":[77.81852,13.08266]},"properties":{"name":"Hotel Emerald"}},{"type":"Feature","geometry":{"type":"Point","coordinates":[77.85521,13.09743]},"properties":{"name":"Attivatta Gate"}},{"type":"Feature","geometry":{"type":"Point","coordinates":[77.85527,13.09724]},"properties":{"name":"Attivatta Gate"}},{"type":"Feature","geometry":{"type":"Point","coordinates":[77.90315,13.13171]},"properties":{"name":"Chikkanahalli"}},{"type":"Feature","geometry":{"type":"Point","coordinates":[77.90309,13.13174]},"properties":{"name":"Chikkanahalli"}},{"type":"Feature","geometry":{"type":"Point","coordinates":[77.84464,13.27163]},"properties":{"name":"Hosapete"}},{"type":"Feature","geometry":{"type":"Point","coordinates":[77.84476,13.27191]},"properties":{"name":"Hosapete"}},{"type":"Feature","geometry":{"type":"Point","coordinates":[77.8966,13.15328]},"properties":{"name":"Shivanapura Cross"}},{"type":"Feature","geometry":{"type":"Point","coordinates":[77.89668,13.15326]},"properties":{"name":"Shivanapura Cross"}},{"type":"Feature","geometry":{"type":"Point","coordinates":[77.81771,13.28208]},"properties":{"name":"Green Field"}},{"type":"Feature","geometry":{"type":"Point","coordinates":[77.84697,13.23955]},"properties":{"name":"Byrasandra Dinne"}},{"type":"Feature","geometry":{"type":"Point","coordinates":[77.58889,12.84177]},"properties":{"name":"Koli Farm Gate"}},{"type":"Feature","geometry":{"type":"Point","coordinates":[77.60492,12.83817]},"properties":{"name":"CK Palya Dinne"}},{"type":"Feature","geometry":{"type":"Point","coordinates":[77.83465,13.20652]},"properties":{"name":"Bendiganahalli Cross"}},{"type":"Feature","geometry":{"type":"Point","coordinates":[77.59723,12.84073]},"properties":{"name":"Hommadevanahalli Cross"}},{"type":"Feature","geometry":{"type":"Point","coordinates":[77.8312,13.2175]},"properties":{"name":"Bendiganahalli"}},{"type":"Feature","geometry":{"type":"Point","coordinates":[77.67208,12.84606]},"properties":{"name":"Electronic City"}},{"type":"Feature","geometry":{"type":"Point","coordinates":[77.8029,13.18682]},"properties":{"name":"Sulibele"}},{"type":"Feature","geometry":{"type":"Point","coordinates":[77.79453,13.18866]},"properties":{"name":"Pappanahalli Gate"}},{"type":"Feature","geometry":{"type":"Point","coordinates":[77.66238,12.84548]},"properties":{"name":"Siemens"}},{"type":"Feature","geometry":{"type":"Point","coordinates":[77.79466,13.18856]},"properties":{"name":"Pappanahalli Gate"}},{"type":"Feature","geometry":{"type":"Point","coordinates":[77.60499,12.83828]},"properties":{"name":"CK Palya Dinne"}},{"type":"Feature","geometry":{"type":"Point","coordinates":[77.82961,13.1722]},"properties":{"name":"Gullahalli Gate"}},{"type":"Feature","geometry":{"type":"Point","coordinates":[77.56034,13.06843]},"properties":{"name":"Nanjappa Circle"}},{"type":"Feature","geometry":{"type":"Point","coordinates":[77.65486,13.03672]},"properties":{"name":"Horamavu Agara"}},{"type":"Feature","geometry":{"type":"Point","coordinates":[77.65485,13.03666]},"properties":{"name":"Horamavu Agara"}},{"type":"Feature","geometry":{"type":"Point","coordinates":[77.66375,13.02878]},"properties":{"name":"Jayanthinagara"}},{"type":"Feature","geometry":{"type":"Point","coordinates":[77.66375,13.02889]},"properties":{"name":"Jayanthinagara"}},{"type":"Feature","geometry":{"type":"Point","coordinates":[77.6637,13.02884]},"properties":{"name":"Jayanthinagara"}},{"type":"Feature","geometry":{"type":"Point","coordinates":[77.66385,13.02875]},"properties":{"name":"Jayanthinagara"}},{"type":"Feature","geometry":{"type":"Point","coordinates":[77.68154,13.01321]},"properties":{"name":"Kaudenahalli"}},{"type":"Feature","geometry":{"type":"Point","coordinates":[77.68154,13.01319]},"properties":{"name":"Kaudenahalli"}},{"type":"Feature","geometry":{"type":"Point","coordinates":[77.65408,12.97203]},"properties":{"name":"Ganesha Temple"}},{"type":"Feature","geometry":{"type":"Point","coordinates":[77.65412,12.97204]},"properties":{"name":"Ganesha Temple"}},{"type":"Feature","geometry":{"type":"Point","coordinates":[77.65114,12.97252]},"properties":{"name":"Thippasandra Market"}},{"type":"Feature","geometry":{"type":"Point","coordinates":[77.65105,12.97248]},"properties":{"name":"Thippasandra Market"}},{"type":"Feature","geometry":{"type":"Point","coordinates":[77.64127,12.96067]},"properties":{"name":"Domlur Flyover"}},{"type":"Feature","geometry":{"type":"Point","coordinates":[77.64361,12.96046]},"properties":{"name":"Domlur Flyover"}},{"type":"Feature","geometry":{"type":"Point","coordinates":[77.67253,12.9856]},"properties":{"name":"Kaggadasapura Main Road"}},{"type":"Feature","geometry":{"type":"Point","coordinates":[77.67602,12.99365]},"properties":{"name":"Udaya Nagara"}},{"type":"Feature","geometry":{"type":"Point","coordinates":[77.693,13.03735]},"properties":{"name":"Maragondanahalli"}},{"type":"Feature","geometry":{"type":"Point","coordinates":[77.67318,13.03332]},"properties":{"name":"Kalkere School"}},{"type":"Feature","geometry":{"type":"Point","coordinates":[77.6732,13.03326]},"properties":{"name":"Kalkere School"}},{"type":"Feature","geometry":{"type":"Point","coordinates":[77.64859,13.05838]},"properties":{"name":"MR Nursing College"}},{"type":"Feature","geometry":{"type":"Point","coordinates":[77.64869,13.05838]},"properties":{"name":"MR Nursing College"}},{"type":"Feature","geometry":{"type":"Point","coordinates":[77.64259,13.07029]},"properties":{"name":"Nagaraesh Nagenahalli"}},{"type":"Feature","geometry":{"type":"Point","coordinates":[77.64265,13.07027]},"properties":{"name":"Nagaraesh Nagenahalli"}},{"type":"Feature","geometry":{"type":"Point","coordinates":[77.65415,13.08438]},"properties":{"name":"Chikkagubbi Cross"}},{"type":"Feature","geometry":{"type":"Point","coordinates":[77.605,13.03954]},"properties":{"name":"Vishwanath Nagenahalli"}},{"type":"Feature","geometry":{"type":"Point","coordinates":[77.60337,13.02463]},"properties":{"name":"Ashwathkatte Sultanpalya"}},{"type":"Feature","geometry":{"type":"Point","coordinates":[77.60397,13.02646]},"properties":{"name":"Sultanpalya"}},{"type":"Feature","geometry":{"type":"Point","coordinates":[77.60452,13.02842]},"properties":{"name":"Ashwathkatte Manorayanapalya"}},{"type":"Feature","geometry":{"type":"Point","coordinates":[77.59165,13.02498]},"properties":{"name":"Ganga Nagara"}},{"type":"Feature","geometry":{"type":"Point","coordinates":[77.59176,13.02495]},"properties":{"name":"Ganga Nagara"}},{"type":"Feature","geometry":{"type":"Point","coordinates":[77.58908,13.0263]},"properties":{"name":"Vasanthappa Block"}},{"type":"Feature","geometry":{"type":"Point","coordinates":[77.56935,13.00204]},"properties":{"name":"11th Cross Malleshwaram"}},{"type":"Feature","geometry":{"type":"Point","coordinates":[77.56939,12.99998]},"properties":{"name":"8th Cross Malleshwaram"}},{"type":"Feature","geometry":{"type":"Point","coordinates":[77.55991,12.99828]},"properties":{"name":"Gayathri Nagara"}},{"type":"Feature","geometry":{"type":"Point","coordinates":[77.55996,12.99824]},"properties":{"name":"Gayathri Nagara"}},{"type":"Feature","geometry":{"type":"Point","coordinates":[77.54912,12.98701]},"properties":{"name":"Industrial Town Rajajinagara"}},{"type":"Feature","geometry":{"type":"Point","coordinates":[77.64002,12.94605]},"properties":{"name":"Military Bridge"}},{"type":"Feature","geometry":{"type":"Point","coordinates":[77.55319,13.04359]},"properties":{"name":"Muthyala Nagara"}},{"type":"Feature","geometry":{"type":"Point","coordinates":[77.51634,13.04995]},"properties":{"name":"Ravindra Nagara"}},{"type":"Feature","geometry":{"type":"Point","coordinates":[77.73233,13.014]},"properties":{"name":"Kurudu Sonnenahalli"}},{"type":"Feature","geometry":{"type":"Point","coordinates":[77.73228,13.0141]},"properties":{"name":"Kurudu Sonnenahalli"}},{"type":"Feature","geometry":{"type":"Point","coordinates":[77.74045,13.01087]},"properties":{"name":"K Dommasandra"}},{"type":"Feature","geometry":{"type":"Point","coordinates":[77.74039,13.01082]},"properties":{"name":"K Dommasandra"}},{"type":"Feature","geometry":{"type":"Point","coordinates":[77.73153,13.03215]},"properties":{"name":"Cipla Avalahalli"}},{"type":"Feature","geometry":{"type":"Point","coordinates":[77.74763,13.02377]},"properties":{"name":"Doddabannahalli"}},{"type":"Feature","geometry":{"type":"Point","coordinates":[77.74738,13.02395]},"properties":{"name":"Doddabannahalli"}},{"type":"Feature","geometry":{"type":"Point","coordinates":[77.65228,13.00812]},"properties":{"name":"OMBR Layout"}},{"type":"Feature","geometry":{"type":"Point","coordinates":[77.65241,13.00819]},"properties":{"name":"OMBR Layout"}},{"type":"Feature","geometry":{"type":"Point","coordinates":[77.648,13.0062]},"properties":{"name":"Ayyappa Bakery"}},{"type":"Feature","geometry":{"type":"Point","coordinates":[77.64809,13.00622]},"properties":{"name":"Ayyappa Bakery"}},{"type":"Feature","geometry":{"type":"Point","coordinates":[77.64522,13.00644]},"properties":{"name":"Chikka Banasawadi"}},{"type":"Feature","geometry":{"type":"Point","coordinates":[77.64527,13.00647]},"properties":{"name":"Chikka Banasawadi"}},{"type":"Feature","geometry":{"type":"Point","coordinates":[77.5322,12.9699]},"properties":{"name":"Marenahalli"}},{"type":"Feature","geometry":{"type":"Point","coordinates":[77.53214,12.96988]},"properties":{"name":"Marenahalli"}},{"type":"Feature","geometry":{"type":"Point","coordinates":[77.71944,12.99625]},"properties":{"name":"Kodigehalli Cross"}},{"type":"Feature","geometry":{"type":"Point","coordinates":[77.68667,13.06171]},"properties":{"name":"Anagalpura Cross"}},{"type":"Feature","geometry":{"type":"Point","coordinates":[77.68671,13.06177]},"properties":{"name":"Anagalpura Cross"}},{"type":"Feature","geometry":{"type":"Point","coordinates":[77.67917,12.9859]},"properties":{"name":"DRDO 2nd Stage"}},{"type":"Feature","geometry":{"type":"Point","coordinates":[77.67877,12.9882]},"properties":{"name":"Sri RajaRajeshwari Colony"}},{"type":"Feature","geometry":{"type":"Point","coordinates":[77.67872,12.98821]},"properties":{"name":"Sri RajaRajeshwari Colony"}},{"type":"Feature","geometry":{"type":"Point","coordinates":[77.64999,13.02597]},"properties":{"name":"Mariyamma Layout"}},{"type":"Feature","geometry":{"type":"Point","coordinates":[77.6681,13.03961]},"properties":{"name":"Om Shakthi Temple"}},{"type":"Feature","geometry":{"type":"Point","coordinates":[77.66814,13.03955]},"properties":{"name":"Om Shakthi Temple"}},{"type":"Feature","geometry":{"type":"Point","coordinates":[77.66565,12.97157]},"properties":{"name":"Jagadisha Nagara"}},{"type":"Feature","geometry":{"type":"Point","coordinates":[77.66564,12.97162]},"properties":{"name":"Jagadisha Nagara"}},{"type":"Feature","geometry":{"type":"Point","coordinates":[77.88656,12.8927]},"properties":{"name":"Alambadi"}},{"type":"Feature","geometry":{"type":"Point","coordinates":[77.88659,12.89273]},"properties":{"name":"Alambadi"}},{"type":"Feature","geometry":{"type":"Point","coordinates":[77.68153,12.97176]},"properties":{"name":"Srirama Reddy Layout"}},{"type":"Feature","geometry":{"type":"Point","coordinates":[77.7821,12.98808]},"properties":{"name":"Jn of Soukya Hospital"}},{"type":"Feature","geometry":{"type":"Point","coordinates":[77.78205,12.98795]},"properties":{"name":"Jn of Soukya Hospital"}},{"type":"Feature","geometry":{"type":"Point","coordinates":[77.7946,13.02046]},"properties":{"name":"Bhaktharahalli"}},{"type":"Feature","geometry":{"type":"Point","coordinates":[77.79462,13.02044]},"properties":{"name":"Bhaktharahalli"}},{"type":"Feature","geometry":{"type":"Point","coordinates":[77.68082,12.97933]},"properties":{"name":"Abbaiah Layout"}},{"type":"Feature","geometry":{"type":"Point","coordinates":[77.68081,12.97928]},"properties":{"name":"Abbaiah Layout"}},{"type":"Feature","geometry":{"type":"Point","coordinates":[77.85151,12.96668]},"properties":{"name":"Medahalli Colony"}},{"type":"Feature","geometry":{"type":"Point","coordinates":[77.85139,12.96675]},"properties":{"name":"Medahalli Colony"}},{"type":"Feature","geometry":{"type":"Point","coordinates":[77.50384,13.07068]},"properties":{"name":"Sapthagiri Hospital"}},{"type":"Feature","geometry":{"type":"Point","coordinates":[77.5039,13.07071]},"properties":{"name":"Sapthagiri Hospital"}},{"type":"Feature","geometry":{"type":"Point","coordinates":[77.78642,13.07159]},"properties":{"name":"Hoskote KEB Circle"}},{"type":"Feature","geometry":{"type":"Point","coordinates":[77.8147,12.99484]},"properties":{"name":"Kacharakanahalli"}},{"type":"Feature","geometry":{"type":"Point","coordinates":[77.81505,12.99527]},"properties":{"name":"Kacharakanahalli"}},{"type":"Feature","geometry":{"type":"Point","coordinates":[77.80819,13.0695]},"properties":{"name":"AL Ameen Residential School"}},{"type":"Feature","geometry":{"type":"Point","coordinates":[77.80832,13.06983]},"properties":{"name":"AL Ameen Residential School"}},{"type":"Feature","geometry":{"type":"Point","coordinates":[77.83646,13.058]},"properties":{"name":"Haraluru Gate"}},{"type":"Feature","geometry":{"type":"Point","coordinates":[77.83648,13.05789]},"properties":{"name":"Haraluru Gate"}},{"type":"Feature","geometry":{"type":"Point","coordinates":[77.85434,13.05191]},"properties":{"name":"Jadigenahalli"}},{"type":"Feature","geometry":{"type":"Point","coordinates":[77.88166,13.03924]},"properties":{"name":"Vijayapura Gate"}},{"type":"Feature","geometry":{"type":"Point","coordinates":[77.88171,13.03928]},"properties":{"name":"Vijayapura Gate"}},{"type":"Feature","geometry":{"type":"Point","coordinates":[77.87421,13.06065]},"properties":{"name":"Harohalli"}},{"type":"Feature","geometry":{"type":"Point","coordinates":[77.91574,13.05412]},"properties":{"name":"Allagondahalli"}},{"type":"Feature","geometry":{"type":"Point","coordinates":[77.91573,13.0541]},"properties":{"name":"Allagondahalli"}},{"type":"Feature","geometry":{"type":"Point","coordinates":[77.89662,13.06308]},"properties":{"name":"Appasandra"}},{"type":"Feature","geometry":{"type":"Point","coordinates":[77.86952,13.07706]},"properties":{"name":"Thavatahalli"}},{"type":"Feature","geometry":{"type":"Point","coordinates":[77.86954,13.07707]},"properties":{"name":"Thavatahalli"}},{"type":"Feature","geometry":{"type":"Point","coordinates":[77.92075,13.0665]},"properties":{"name":"Doddadenahalli"}},{"type":"Feature","geometry":{"type":"Point","coordinates":[77.92033,13.06669]},"properties":{"name":"Doddadenahalli"}},{"type":"Feature","geometry":{"type":"Point","coordinates":[77.93021,13.06297]},"properties":{"name":"Gerura"}},{"type":"Feature","geometry":{"type":"Point","coordinates":[77.71653,12.96098]},"properties":{"name":"BEML Gate"}},{"type":"Feature","geometry":{"type":"Point","coordinates":[77.71649,12.96053]},"properties":{"name":"BEML Gate"}},{"type":"Feature","geometry":{"type":"Point","coordinates":[77.71442,12.97778]},"properties":{"name":"SAP Labs"}},{"type":"Feature","geometry":{"type":"Point","coordinates":[77.71446,12.97763]},"properties":{"name":"SAP Labs"}},{"type":"Feature","geometry":{"type":"Point","coordinates":[77.65956,12.95912]},"properties":{"name":"Konena Agrahara"}},{"type":"Feature","geometry":{"type":"Point","coordinates":[77.65956,12.959]},"properties":{"name":"Konena Agrahara"}},{"type":"Feature","geometry":{"type":"Point","coordinates":[77.73354,12.98782]},"properties":{"name":"Pattandur Agrahara Gate"}},{"type":"Feature","geometry":{"type":"Point","coordinates":[77.74426,12.98662]},"properties":{"name":"GR Tech Park ITPL"}},{"type":"Feature","geometry":{"type":"Point","coordinates":[77.74802,12.98531]},"properties":{"name":"BPL"}},{"type":"Feature","geometry":{"type":"Point","coordinates":[77.75195,12.98391]},"properties":{"name":"Hope Farm"}},{"type":"Feature","geometry":{"type":"Point","coordinates":[77.75248,12.98413]},"properties":{"name":"Hope Farm"}},{"type":"Feature","geometry":{"type":"Point","coordinates":[77.75057,12.9739]},"properties":{"name":"Sai Baba General Hospital"}},{"type":"Feature","geometry":{"type":"Point","coordinates":[77.75184,12.98058]},"properties":{"name":"Munish Singh Hospital"}},{"type":"Feature","geometry":{"type":"Point","coordinates":[77.75165,12.9807]},"properties":{"name":"Munish Singh Hospital"}},{"type":"Feature","geometry":{"type":"Point","coordinates":[77.7486,12.96422]},"properties":{"name":"Brooke Bond"}},{"type":"Feature","geometry":{"type":"Point","coordinates":[77.74687,12.95986]},"properties":{"name":"Forum Mall"}},{"type":"Feature","geometry":{"type":"Point","coordinates":[77.7469,12.95969]},"properties":{"name":"Forum Mall"}},{"type":"Feature","geometry":{"type":"Point","coordinates":[77.71842,12.9651]},"properties":{"name":"AECS Layout Cross"}},{"type":"Feature","geometry":{"type":"Point","coordinates":[77.7183,12.96522]},"properties":{"name":"AECS Layout Cross"}},{"type":"Feature","geometry":{"type":"Point","coordinates":[77.66617,12.96035]},"properties":{"name":"Annasandrapalya Cross"}},{"type":"Feature","geometry":{"type":"Point","coordinates":[77.66597,12.96054]},"properties":{"name":"Annasandrapalya Cross"}},{"type":"Feature","geometry":{"type":"Point","coordinates":[77.62099,12.96698]},"properties":{"name":"Military Accounts Office"}},{"type":"Feature","geometry":{"type":"Point","coordinates":[77.69158,12.95619]},"properties":{"name":"Dodda Nekkundi Cross"}},{"type":"Feature","geometry":{"type":"Point","coordinates":[77.69178,12.95601]},"properties":{"name":"Dodda Nekkundi Cross"}},{"type":"Feature","geometry":{"type":"Point","coordinates":[77.70547,12.99311]},"properties":{"name":"Brook Steel ESI"}},{"type":"Feature","geometry":{"type":"Point","coordinates":[77.70533,12.99291]},"properties":{"name":"Broork Steel ESI"}},{"type":"Feature","geometry":{"type":"Point","coordinates":[77.72118,12.99113]},"properties":{"name":"Rajapalya"}},{"type":"Feature","geometry":{"type":"Point","coordinates":[77.73555,12.96937]},"properties":{"name":"Nallurahalli"}},{"type":"Feature","geometry":{"type":"Point","coordinates":[77.73574,12.96934]},"properties":{"name":"Nallurahalli"}},{"type":"Feature","geometry":{"type":"Point","coordinates":[77.69384,12.95624]},"properties":{"name":"Marathahalli"}},{"type":"Feature","geometry":{"type":"Point","coordinates":[77.70124,12.95654]},"properties":{"name":"Marathahalli Bridge"}},{"type":"Feature","geometry":{"type":"Point","coordinates":[77.59441,12.94704]},"properties":{"name":"7th Cross Wilson Garden"}},{"type":"Feature","geometry":{"type":"Point","coordinates":[77.67299,12.94653]},"properties":{"name":"Kempapura"}},{"type":"Feature","geometry":{"type":"Point","coordinates":[77.67305,12.94658]},"properties":{"name":"Kempapura"}},{"type":"Feature","geometry":{"type":"Point","coordinates":[77.8002,12.96974]},"properties":{"name":"Ayurvedic Hospital"}},{"type":"Feature","geometry":{"type":"Point","coordinates":[77.80037,12.96951]},"properties":{"name":"Ayurvedic Hospital"}},{"type":"Feature","geometry":{"type":"Point","coordinates":[77.79992,12.96541]},"properties":{"name":"Naganayakanakote Cross"}},{"type":"Feature","geometry":{"type":"Point","coordinates":[77.79983,12.96553]},"properties":{"name":"Naganayakanakote Cross"}},{"type":"Feature","geometry":{"type":"Point","coordinates":[77.80733,12.95503]},"properties":{"name":"Muthkur"}},{"type":"Feature","geometry":{"type":"Point","coordinates":[77.80732,12.955]},"properties":{"name":"Muthkur"}},{"type":"Feature","geometry":{"type":"Point","coordinates":[77.82057,12.92944]},"properties":{"name":"Muthugadahalli"}},{"type":"Feature","geometry":{"type":"Point","coordinates":[77.71435,12.91227]},"properties":{"name":"Chikka Bellanduru"}},{"type":"Feature","geometry":{"type":"Point","coordinates":[77.71442,12.91219]},"properties":{"name":"Chikka Bellanduru"}},{"type":"Feature","geometry":{"type":"Point","coordinates":[77.70602,12.90975]},"properties":{"name":"Carmelram School Railway Gate"}},{"type":"Feature","geometry":{"type":"Point","coordinates":[77.7059,12.9095]},"properties":{"name":"Carmelram School Railway Gate"}},{"type":"Feature","geometry":{"type":"Point","coordinates":[77.64909,12.91197]},"properties":{"name":"HSR Layout KEB"}},{"type":"Feature","geometry":{"type":"Point","coordinates":[77.64908,12.9119]},"properties":{"name":"HSR Layout KEB"}},{"type":"Feature","geometry":{"type":"Point","coordinates":[77.64466,12.91191]},"properties":{"name":"Jnana Shrushti School"}},{"type":"Feature","geometry":{"type":"Point","coordinates":[77.64461,12.91192]},"properties":{"name":"2nd Sector HSR Layout"}},{"type":"Feature","geometry":{"type":"Point","coordinates":[77.69758,12.91838]},"properties":{"name":"Gear School"}},{"type":"Feature","geometry":{"type":"Point","coordinates":[77.6976,12.91835]},"properties":{"name":"Gear School"}},{"type":"Feature","geometry":{"type":"Point","coordinates":[77.82994,12.93714]},"properties":{"name":"Arehalli"}},{"type":"Feature","geometry":{"type":"Point","coordinates":[77.82987,12.93726]},"properties":{"name":"Arehalli"}},{"type":"Feature","geometry":{"type":"Point","coordinates":[77.80969,12.9092]},"properties":{"name":"Kuguru"}},{"type":"Feature","geometry":{"type":"Point","coordinates":[77.69487,12.92494]},"properties":{"name":"Devarabisanahalli"}},{"type":"Feature","geometry":{"type":"Point","coordinates":[77.69504,12.92402]},"properties":{"name":"Devarabisanahalli"}},{"type":"Feature","geometry":{"type":"Point","coordinates":[77.67605,12.90489]},"properties":{"name":"Kasavanahalli"}},{"type":"Feature","geometry":{"type":"Point","coordinates":[77.67599,12.90495]},"properties":{"name":"Kasavanahalli"}},{"type":"Feature","geometry":{"type":"Point","coordinates":[77.67517,12.89689]},"properties":{"name":"Amritha Engineering College"}},{"type":"Feature","geometry":{"type":"Point","coordinates":[77.6752,12.8968]},"properties":{"name":"Amritha Engineering College"}},{"type":"Feature","geometry":{"type":"Point","coordinates":[77.74676,12.93795]},"properties":{"name":"Varthuru Police Station"}},{"type":"Feature","geometry":{"type":"Point","coordinates":[77.74675,12.9381]},"properties":{"name":"Varthuru Police Station"}},{"type":"Feature","geometry":{"type":"Point","coordinates":[77.61208,12.93489]},"properties":{"name":"Forum Mall"}},{"type":"Feature","geometry":{"type":"Point","coordinates":[77.73377,12.87092]},"properties":{"name":"Kammasandra Gate"}},{"type":"Feature","geometry":{"type":"Point","coordinates":[77.73404,12.87353]},"properties":{"name":"Chokkasandra Cross"}},{"type":"Feature","geometry":{"type":"Point","coordinates":[77.73407,12.87347]},"properties":{"name":"Chokkasandra Cross"}},{"type":"Feature","geometry":{"type":"Point","coordinates":[77.68135,12.88928]},"properties":{"name":"Choodasandra"}},{"type":"Feature","geometry":{"type":"Point","coordinates":[77.70655,12.83948]},"properties":{"name":"Ebenezer International School"}},{"type":"Feature","geometry":{"type":"Point","coordinates":[77.75241,12.9697]},"properties":{"name":"Gandhipura"}},{"type":"Feature","geometry":{"type":"Point","coordinates":[77.75239,12.96968]},"properties":{"name":"Gandhipura"}},{"type":"Feature","geometry":{"type":"Point","coordinates":[77.72861,12.77345]},"properties":{"name":"Marsuru Madivala"}},{"type":"Feature","geometry":{"type":"Point","coordinates":[77.72653,12.76982]},"properties":{"name":"Bandapura"}},{"type":"Feature","geometry":{"type":"Point","coordinates":[77.72655,12.76981]},"properties":{"name":"Bandapura"}},{"type":"Feature","geometry":{"type":"Point","coordinates":[77.72474,12.74546]},"properties":{"name":"Thattanalli"}},{"type":"Feature","geometry":{"type":"Point","coordinates":[77.72471,12.74541]},"properties":{"name":"Thattanalli"}},{"type":"Feature","geometry":{"type":"Point","coordinates":[77.88382,13.06308]},"properties":{"name":"Injanahalli"}},{"type":"Feature","geometry":{"type":"Point","coordinates":[77.8838,13.06301]},"properties":{"name":"Injanahalli"}},{"type":"Feature","geometry":{"type":"Point","coordinates":[77.75599,12.96847]},"properties":{"name":"Hagadur"}},{"type":"Feature","geometry":{"type":"Point","coordinates":[77.75597,12.96846]},"properties":{"name":"Hagadur"}},{"type":"Feature","geometry":{"type":"Point","coordinates":[77.75518,12.96463]},"properties":{"name":"Vinayaka Nagara"}},{"type":"Feature","geometry":{"type":"Point","coordinates":[77.75514,12.96466]},"properties":{"name":"Vinayaka Nagara"}},{"type":"Feature","geometry":{"type":"Point","coordinates":[77.75466,12.97545]},"properties":{"name":"Vijayanagara"}},{"type":"Feature","geometry":{"type":"Point","coordinates":[77.75468,12.97535]},"properties":{"name":"Vijayanagara"}},{"type":"Feature","geometry":{"type":"Point","coordinates":[77.73246,12.86518]},"properties":{"name":"Harohalli Gate"}},{"type":"Feature","geometry":{"type":"Point","coordinates":[77.50158,13.047]},"properties":{"name":"Deepak Factory"}},{"type":"Feature","geometry":{"type":"Point","coordinates":[77.5013,13.04745]},"properties":{"name":"Deepak Factory"}},{"type":"Feature","geometry":{"type":"Point","coordinates":[77.40918,13.09018]},"properties":{"name":"Nursery Nelamangala"}},{"type":"Feature","geometry":{"type":"Point","coordinates":[77.40926,13.09022]},"properties":{"name":"Nursery Nelamangala"}},{"type":"Feature","geometry":{"type":"Point","coordinates":[77.74343,12.93428]},"properties":{"name":"KK School"}},{"type":"Feature","geometry":{"type":"Point","coordinates":[77.74334,12.93441]},"properties":{"name":"KK School"}},{"type":"Feature","geometry":{"type":"Point","coordinates":[77.79411,12.85976]},"properties":{"name":"Chikka Thirupathi Cross"}},{"type":"Feature","geometry":{"type":"Point","coordinates":[77.77592,12.88243]},"properties":{"name":"Valagere Kallahalli"}},{"type":"Feature","geometry":{"type":"Point","coordinates":[77.77587,12.88242]},"properties":{"name":"Valagere Kallahalli"}},{"type":"Feature","geometry":{"type":"Point","coordinates":[77.80356,12.8252]},"properties":{"name":"Adigara Kallahalli"}},{"type":"Feature","geometry":{"type":"Point","coordinates":[77.8033,12.82534]},"properties":{"name":"Adigara Kallahalli"}},{"type":"Feature","geometry":{"type":"Point","coordinates":[77.67443,12.92503]},"properties":{"name":"Bellanduru"}},{"type":"Feature","geometry":{"type":"Point","coordinates":[77.78933,12.85988]},"properties":{"name":"Rama Devasthana"}},{"type":"Feature","geometry":{"type":"Point","coordinates":[77.78929,12.85983]},"properties":{"name":"Rama Devasthana"}},{"type":"Feature","geometry":{"type":"Point","coordinates":[77.81277,12.87879]},"properties":{"name":"Dodda Thimmasandra Gate"}},{"type":"Feature","geometry":{"type":"Point","coordinates":[77.81302,12.87911]},"properties":{"name":"Dodda Thimmasandra Gate"}},{"type":"Feature","geometry":{"type":"Point","coordinates":[77.61563,12.92895]},"properties":{"name":"St John Hospital"}},{"type":"Feature","geometry":{"type":"Point","coordinates":[77.78587,12.87356]},"properties":{"name":"Kere Devasthana"}},{"type":"Feature","geometry":{"type":"Point","coordinates":[77.786,12.87396]},"properties":{"name":"Kere Devasthana"}},{"type":"Feature","geometry":{"type":"Point","coordinates":[77.68205,12.96385]},"properties":{"name":"Rameshnagara"}},{"type":"Feature","geometry":{"type":"Point","coordinates":[77.78445,12.89201]},"properties":{"name":"Chikka Dasarahalli"}},{"type":"Feature","geometry":{"type":"Point","coordinates":[77.78471,12.89159]},"properties":{"name":"Chikka Dasarahalli"}},{"type":"Feature","geometry":{"type":"Point","coordinates":[77.74405,12.86132]},"properties":{"name":"Kommasandra"}},{"type":"Feature","geometry":{"type":"Point","coordinates":[77.7638,12.84754]},"properties":{"name":"Bikkana Hosahalli"}},{"type":"Feature","geometry":{"type":"Point","coordinates":[77.73239,12.86114]},"properties":{"name":"Head Start School Gate"}},{"type":"Feature","geometry":{"type":"Point","coordinates":[77.74421,12.86141]},"properties":{"name":"Kommasandra"}},{"type":"Feature","geometry":{"type":"Point","coordinates":[77.76192,12.86297]},"properties":{"name":"Chikkadunnasandra"}},{"type":"Feature","geometry":{"type":"Point","coordinates":[77.76555,12.91549]},"properties":{"name":"Kathriguppe"}},{"type":"Feature","geometry":{"type":"Point","coordinates":[77.76561,12.91551]},"properties":{"name":"Kathriguppe"}},{"type":"Feature","geometry":{"type":"Point","coordinates":[77.77008,13.03452]},"properties":{"name":"Khaji Sonnenahalli"}},{"type":"Feature","geometry":{"type":"Point","coordinates":[77.77014,13.03444]},"properties":{"name":"Khaji Sonnenahalli"}},{"type":"Feature","geometry":{"type":"Point","coordinates":[77.7709,13.0426]},"properties":{"name":"Gorivegere Village"}},{"type":"Feature","geometry":{"type":"Point","coordinates":[77.77093,13.0426]},"properties":{"name":"Gorivegere Village"}},{"type":"Feature","geometry":{"type":"Point","coordinates":[77.76048,13.04791]},"properties":{"name":"Sannathammanahalli"}},{"type":"Feature","geometry":{"type":"Point","coordinates":[77.76064,13.04791]},"properties":{"name":"Sannathammanahalli"}},{"type":"Feature","geometry":{"type":"Point","coordinates":[77.56644,12.88668]},"properties":{"name":"Konanakunte Cross"}},{"type":"Feature","geometry":{"type":"Point","coordinates":[77.7514,13.0199]},"properties":{"name":"Chikka Banahalli"}},{"type":"Feature","geometry":{"type":"Point","coordinates":[77.75135,13.01984]},"properties":{"name":"Chikka Banahalli"}},{"type":"Feature","geometry":{"type":"Point","coordinates":[77.5818,12.89566]},"properties":{"name":"Puttenahallipalya"}},{"type":"Feature","geometry":{"type":"Point","coordinates":[77.62508,12.87353]},"properties":{"name":"Begur"}},{"type":"Feature","geometry":{"type":"Point","coordinates":[77.62544,12.87787]},"properties":{"name":"Begur Lake"}},{"type":"Feature","geometry":{"type":"Point","coordinates":[77.6163,12.86656]},"properties":{"name":"Yelenahalli"}},{"type":"Feature","geometry":{"type":"Point","coordinates":[77.61186,12.85879]},"properties":{"name":"Nobel Residency"}},{"type":"Feature","geometry":{"type":"Point","coordinates":[77.66605,12.97518]},"properties":{"name":"GM Palya"}},{"type":"Feature","geometry":{"type":"Point","coordinates":[77.76236,12.92418]},"properties":{"name":"Halasahalli"}},{"type":"Feature","geometry":{"type":"Point","coordinates":[77.67795,12.97277]},"properties":{"name":"Malleshpalya New Bus Station"}},{"type":"Feature","geometry":{"type":"Point","coordinates":[77.76232,12.92416]},"properties":{"name":"Halasahalli"}},{"type":"Feature","geometry":{"type":"Point","coordinates":[77.68209,12.96383]},"properties":{"name":"Rameshnagara"}},{"type":"Feature","geometry":{"type":"Point","coordinates":[77.63344,12.78738]},"properties":{"name":"Jigani Tent"}},{"type":"Feature","geometry":{"type":"Point","coordinates":[77.63326,12.78711]},"properties":{"name":"Jigani Tent"}},{"type":"Feature","geometry":{"type":"Point","coordinates":[77.66788,12.78697]},"properties":{"name":"Masthenahalli"}},{"type":"Feature","geometry":{"type":"Point","coordinates":[77.66763,12.78692]},"properties":{"name":"Masthenahalli"}},{"type":"Feature","geometry":{"type":"Point","coordinates":[77.60943,12.85445]},"properties":{"name":"Begur Nice Road Junction"}},{"type":"Feature","geometry":{"type":"Point","coordinates":[77.78728,12.75427]},"properties":{"name":"Balluru"}},{"type":"Feature","geometry":{"type":"Point","coordinates":[77.78728,12.75424]},"properties":{"name":"Balluru"}},{"type":"Feature","geometry":{"type":"Point","coordinates":[77.61195,12.8436]},"properties":{"name":"Vaddarapalya"}},{"type":"Feature","geometry":{"type":"Point","coordinates":[77.61194,12.84389]},"properties":{"name":"Vaddarapalya"}},{"type":"Feature","geometry":{"type":"Point","coordinates":[77.67016,12.81475]},"properties":{"name":"Aravinda Limited"}},{"type":"Feature","geometry":{"type":"Point","coordinates":[77.67002,12.81485]},"properties":{"name":"Aravinda Limited"}},{"type":"Feature","geometry":{"type":"Point","coordinates":[77.61313,12.84357]},"properties":{"name":"Mylasandra Cross"}},{"type":"Feature","geometry":{"type":"Point","coordinates":[77.61318,12.84346]},"properties":{"name":"Mylasandra Cross"}},{"type":"Feature","geometry":{"type":"Point","coordinates":[77.65267,12.80094]},"properties":{"name":"Kyalasanahalli"}},{"type":"Feature","geometry":{"type":"Point","coordinates":[77.65282,12.8011]},"properties":{"name":"Kyalasanahalli"}},{"type":"Feature","geometry":{"type":"Point","coordinates":[77.64784,12.75759]},"properties":{"name":"Dyavasandra"}},{"type":"Feature","geometry":{"type":"Point","coordinates":[77.64801,12.75759]},"properties":{"name":"Dyavasandra"}},{"type":"Feature","geometry":{"type":"Point","coordinates":[77.75648,12.83026]},"properties":{"name":"Sollepura"}},{"type":"Feature","geometry":{"type":"Point","coordinates":[77.77461,12.74765]},"properties":{"name":"Dasanapura"}},{"type":"Feature","geometry":{"type":"Point","coordinates":[77.77456,12.74769]},"properties":{"name":"Dasanapura"}},{"type":"Feature","geometry":{"type":"Point","coordinates":[77.68746,12.72969]},"properties":{"name":"Sidi Hoskote"}},{"type":"Feature","geometry":{"type":"Point","coordinates":[77.6875,12.72968]},"properties":{"name":"Sidi Hoskote"}},{"type":"Feature","geometry":{"type":"Point","coordinates":[77.69735,12.83456]},"properties":{"name":"Sampige Nagara"}},{"type":"Feature","geometry":{"type":"Point","coordinates":[77.6996,12.83155]},"properties":{"name":"Ittina Neela Apartment"}},{"type":"Feature","geometry":{"type":"Point","coordinates":[77.69954,12.83166]},"properties":{"name":"Ittina Neela Apartment"}},{"type":"Feature","geometry":{"type":"Point","coordinates":[77.69019,12.75911]},"properties":{"name":"Chowdeshwari Temple"}},{"type":"Feature","geometry":{"type":"Point","coordinates":[77.69013,12.75914]},"properties":{"name":"Chowdeshwari Temple"}},{"type":"Feature","geometry":{"type":"Point","coordinates":[77.67966,12.74717]},"properties":{"name":"Soppahalli"}},{"type":"Feature","geometry":{"type":"Point","coordinates":[77.67968,12.74715]},"properties":{"name":"Soppahalli"}},{"type":"Feature","geometry":{"type":"Point","coordinates":[77.68812,12.73941]},"properties":{"name":"Kempa Vaderahalli"}},{"type":"Feature","geometry":{"type":"Point","coordinates":[77.68938,12.74611]},"properties":{"name":"Dodda Hagade"}},{"type":"Feature","geometry":{"type":"Point","coordinates":[77.66973,12.73621]},"properties":{"name":"Suragajakkanahalli"}},{"type":"Feature","geometry":{"type":"Point","coordinates":[77.69512,12.71608]},"properties":{"name":"Shanimahathma Temple"}},{"type":"Feature","geometry":{"type":"Point","coordinates":[77.69949,12.71124]},"properties":{"name":"Chowdareddy Circle"}},{"type":"Feature","geometry":{"type":"Point","coordinates":[77.63721,12.81782]},"properties":{"name":"Hulimangala"}},{"type":"Feature","geometry":{"type":"Point","coordinates":[77.64137,12.80971]},"properties":{"name":"Nanjapura"}},{"type":"Feature","geometry":{"type":"Point","coordinates":[77.65059,12.81454]},"properties":{"name":"Vabasandra"}},{"type":"Feature","geometry":{"type":"Point","coordinates":[77.65048,12.81462]},"properties":{"name":"Vabasandra"}},{"type":"Feature","geometry":{"type":"Point","coordinates":[77.49717,13.06665]},"properties":{"name":"Soundarya Layout"}},{"type":"Feature","geometry":{"type":"Point","coordinates":[77.49723,13.06663]},"properties":{"name":"Soundarya Layout"}},{"type":"Feature","geometry":{"type":"Point","coordinates":[77.49485,13.06539]},"properties":{"name":"Byraveshwara Layout"}},{"type":"Feature","geometry":{"type":"Point","coordinates":[77.4948,13.06535]},"properties":{"name":"Byraveshwara Layout"}},{"type":"Feature","geometry":{"type":"Point","coordinates":[77.48187,13.11195]},"properties":{"name":"Thore Nagasandra Cross"}},{"type":"Feature","geometry":{"type":"Point","coordinates":[77.48193,13.11194]},"properties":{"name":"Thore Nagasandra Cross"}},{"type":"Feature","geometry":{"type":"Point","coordinates":[77.70015,12.71675]},"properties":{"name":"Anekal Circle"}},{"type":"Feature","geometry":{"type":"Point","coordinates":[77.7001,12.71675]},"properties":{"name":"Anekal Circle"}},{"type":"Feature","geometry":{"type":"Point","coordinates":[77.71546,12.77796]},"properties":{"name":"Ado Sonnahatti"}},{"type":"Feature","geometry":{"type":"Point","coordinates":[77.71554,12.77796]},"properties":{"name":"Ado Sonnahatti"}},{"type":"Feature","geometry":{"type":"Point","coordinates":[77.68277,12.75544]},"properties":{"name":"Lingapura Cross"}},{"type":"Feature","geometry":{"type":"Point","coordinates":[77.68277,12.75556]},"properties":{"name":"Lingapura Cross"}},{"type":"Feature","geometry":{"type":"Point","coordinates":[77.70604,12.7926]},"properties":{"name":"Suryacity Gate"}},{"type":"Feature","geometry":{"type":"Point","coordinates":[77.70611,12.79251]},"properties":{"name":"Suryacity Gate"}},{"type":"Feature","geometry":{"type":"Point","coordinates":[77.72845,12.79598]},"properties":{"name":"Neraluru"}},{"type":"Feature","geometry":{"type":"Point","coordinates":[77.72828,12.79607]},"properties":{"name":"Neraluru"}},{"type":"Feature","geometry":{"type":"Point","coordinates":[77.64909,12.88964]},"properties":{"name":"Kudlu Panchayath Office"}},{"type":"Feature","geometry":{"type":"Point","coordinates":[77.64893,12.88967]},"properties":{"name":"Kudlu Panchayath Office"}},{"type":"Feature","geometry":{"type":"Point","coordinates":[77.62063,12.95456]},"properties":{"name":"Vivek Nagara Cross"}},{"type":"Feature","geometry":{"type":"Point","coordinates":[77.62073,12.9545]},"properties":{"name":"Vivek Nagara Cross"}},{"type":"Feature","geometry":{"type":"Point","coordinates":[77.62104,12.95198]},"properties":{"name":"Ravi Tent"}},{"type":"Feature","geometry":{"type":"Point","coordinates":[77.62098,12.9519]},"properties":{"name":"Ravi Tent"}},{"type":"Feature","geometry":{"type":"Point","coordinates":[77.63315,12.92922]},"properties":{"name":"Wipro Park Koramangala"}},{"type":"Feature","geometry":{"type":"Point","coordinates":[77.63324,12.92922]},"properties":{"name":"Wipro Park Koramangala"}},{"type":"Feature","geometry":{"type":"Point","coordinates":[77.66301,12.8497]},"properties":{"name":"Infosys Parking Lot"}},{"type":"Feature","geometry":{"type":"Point","coordinates":[77.66306,12.84972]},"properties":{"name":"Infosys Parking Lot"}},{"type":"Feature","geometry":{"type":"Point","coordinates":[77.66589,12.81176]},"properties":{"name":"Rupesh Hotel"}},{"type":"Feature","geometry":{"type":"Point","coordinates":[77.80172,12.80052]},"properties":{"name":"Narasapura"}},{"type":"Feature","geometry":{"type":"Point","coordinates":[77.65385,12.78732]},"properties":{"name":"Navya Badavane"}},{"type":"Feature","geometry":{"type":"Point","coordinates":[77.70603,12.79867]},"properties":{"name":"Chandapura KEB"}},{"type":"Feature","geometry":{"type":"Point","coordinates":[77.70585,12.79894]},"properties":{"name":"Chandapura KEB"}},{"type":"Feature","geometry":{"type":"Point","coordinates":[77.80538,13.18904]},"properties":{"name":"Sulibele Quarters"}},{"type":"Feature","geometry":{"type":"Point","coordinates":[77.80542,13.18894]},"properties":{"name":"Sulibele Quarters"}},{"type":"Feature","geometry":{"type":"Point","coordinates":[77.825,13.20059]},"properties":{"name":"Chikka Haralagere"}},{"type":"Feature","geometry":{"type":"Point","coordinates":[77.82497,13.20046]},"properties":{"name":"Chikka Haralagere"}},{"type":"Feature","geometry":{"type":"Point","coordinates":[77.59385,12.88956]},"properties":{"name":"MICO Shramajeevi Colony Arakere"}},{"type":"Feature","geometry":{"type":"Point","coordinates":[77.59391,12.88958]},"properties":{"name":"MICO Shramajeevi Colony Arakere"}},{"type":"Feature","geometry":{"type":"Point","coordinates":[77.58764,12.90626]},"properties":{"name":"JP Nagara 15th Cross"}},{"type":"Feature","geometry":{"type":"Point","coordinates":[77.58577,12.90512]},"properties":{"name":"Oxford College JP Nagara"}},{"type":"Feature","geometry":{"type":"Point","coordinates":[77.61459,12.89488]},"properties":{"name":"DUO Heights Layout"}},{"type":"Feature","geometry":{"type":"Point","coordinates":[77.61463,12.89486]},"properties":{"name":"DUO Heights Layout"}},{"type":"Feature","geometry":{"type":"Point","coordinates":[77.80607,13.29151]},"properties":{"name":"Vijayapura Toll Gate"}},{"type":"Feature","geometry":{"type":"Point","coordinates":[77.806,13.29147]},"properties":{"name":"Vijayapura Toll Gate"}},{"type":"Feature","geometry":{"type":"Point","coordinates":[77.64123,12.80974]},"properties":{"name":"Nanjapura"}},{"type":"Feature","geometry":{"type":"Point","coordinates":[77.82737,13.06044]},"properties":{"name":"Devanagundi Cross"}},{"type":"Feature","geometry":{"type":"Point","coordinates":[77.82715,13.06038]},"properties":{"name":"Devanagundi Cross"}},{"type":"Feature","geometry":{"type":"Point","coordinates":[77.60871,12.8334]},"properties":{"name":"CK Palya"}},{"type":"Feature","geometry":{"type":"Point","coordinates":[77.60872,12.83335]},"properties":{"name":"CK Palya"}},{"type":"Feature","geometry":{"type":"Point","coordinates":[77.59727,12.84068]},"properties":{"name":"Hommadevanahalli Cross"}},{"type":"Feature","geometry":{"type":"Point","coordinates":[77.53926,12.79567]},"properties":{"name":"CRPF"}},{"type":"Feature","geometry":{"type":"Point","coordinates":[77.53931,12.79562]},"properties":{"name":"CRPF"}},{"type":"Feature","geometry":{"type":"Point","coordinates":[77.58454,12.81157]},"properties":{"name":"Sarala Birla Academy"}},{"type":"Feature","geometry":{"type":"Point","coordinates":[77.58456,12.81152]},"properties":{"name":"Sarala Birla Academy"}},{"type":"Feature","geometry":{"type":"Point","coordinates":[77.59889,12.80026]},"properties":{"name":"Ragihalli Gate"}},{"type":"Feature","geometry":{"type":"Point","coordinates":[77.59892,12.80031]},"properties":{"name":"Ragihalli Gate"}},{"type":"Feature","geometry":{"type":"Point","coordinates":[77.58884,12.84164]},"properties":{"name":"Koli Farm Gate"}},{"type":"Feature","geometry":{"type":"Point","coordinates":[77.58066,12.84001]},"properties":{"name":"Maruthi Badavane"}},{"type":"Feature","geometry":{"type":"Point","coordinates":[77.65028,12.74885]},"properties":{"name":"Nosanoor"}},{"type":"Feature","geometry":{"type":"Point","coordinates":[77.65037,12.74879]},"properties":{"name":"Nosanoor"}},{"type":"Feature","geometry":{"type":"Point","coordinates":[77.81152,13.07638]},"properties":{"name":"Dandupalya Cross"}},{"type":"Feature","geometry":{"type":"Point","coordinates":[77.81144,13.07632]},"properties":{"name":"Dandupalya Cross"}},{"type":"Feature","geometry":{"type":"Point","coordinates":[77.82501,13.07484]},"properties":{"name":"Kolathuru Gate"}},{"type":"Feature","geometry":{"type":"Point","coordinates":[77.82489,13.07484]},"properties":{"name":"Kolathuru Gate"}},{"type":"Feature","geometry":{"type":"Point","coordinates":[77.60013,12.84961]},"properties":{"name":"Chikka Kammanahalli"}},{"type":"Feature","geometry":{"type":"Point","coordinates":[77.60005,12.84949]},"properties":{"name":"Chikka Kammanahalli"}},{"type":"Feature","geometry":{"type":"Point","coordinates":[77.65559,12.97588]},"properties":{"name":"Geetanjali Layout"}},{"type":"Feature","geometry":{"type":"Point","coordinates":[77.65489,12.97702]},"properties":{"name":"Geetanjali Layout"}},{"type":"Feature","geometry":{"type":"Point","coordinates":[77.62461,12.75666]},"properties":{"name":"Giddenahalli"}},{"type":"Feature","geometry":{"type":"Point","coordinates":[77.62463,12.75669]},"properties":{"name":"Giddenahalli"}},{"type":"Feature","geometry":{"type":"Point","coordinates":[77.91775,13.07826]},"properties":{"name":"Umalu Gate"}},{"type":"Feature","geometry":{"type":"Point","coordinates":[77.91783,13.07828]},"properties":{"name":"Ummulu Gate"}},{"type":"Feature","geometry":{"type":"Point","coordinates":[77.66286,13.01311]},"properties":{"name":"B Channasandra Bridge"}},{"type":"Feature","geometry":{"type":"Point","coordinates":[77.66267,13.01316]},"properties":{"name":"B Channasandra Bridge"}},{"type":"Feature","geometry":{"type":"Point","coordinates":[77.64371,12.77903]},"properties":{"name":"Jigani APC Circle"}},{"type":"Feature","geometry":{"type":"Point","coordinates":[77.64354,12.77922]},"properties":{"name":"Jigani APC Circle"}},{"type":"Feature","geometry":{"type":"Point","coordinates":[77.65363,12.94368]},"properties":{"name":"B Nagasandra"}},{"type":"Feature","geometry":{"type":"Point","coordinates":[77.61951,12.75961]},"properties":{"name":"Mutturayanaswamy Doddy"}},{"type":"Feature","geometry":{"type":"Point","coordinates":[77.65359,12.94367]},"properties":{"name":"B Nagasandra"}},{"type":"Feature","geometry":{"type":"Point","coordinates":[77.61948,12.75956]},"properties":{"name":"Mutturayanaswamy Doddy"}},{"type":"Feature","geometry":{"type":"Point","coordinates":[77.64908,12.9461]},"properties":{"name":"Challaghatta"}},{"type":"Feature","geometry":{"type":"Point","coordinates":[77.64905,12.94611]},"properties":{"name":"Challaghatta"}},{"type":"Feature","geometry":{"type":"Point","coordinates":[77.65257,12.95262]},"properties":{"name":"Golf Club"}},{"type":"Feature","geometry":{"type":"Point","coordinates":[77.65253,12.95262]},"properties":{"name":"Golf Club"}},{"type":"Feature","geometry":{"type":"Point","coordinates":[77.63651,12.77956]},"properties":{"name":"YHK Hospital"}},{"type":"Feature","geometry":{"type":"Point","coordinates":[77.63649,12.77947]},"properties":{"name":"YHK Hospital"}},{"type":"Feature","geometry":{"type":"Point","coordinates":[77.4952,13.06254]},"properties":{"name":"Sidedahalli"}},{"type":"Feature","geometry":{"type":"Point","coordinates":[77.48935,13.06831]},"properties":{"name":"Thotada Guddadahalli"}},{"type":"Feature","geometry":{"type":"Point","coordinates":[77.48939,13.0683]},"properties":{"name":"Thotada Guddadahalli"}},{"type":"Feature","geometry":{"type":"Point","coordinates":[77.5404,12.93301]},"properties":{"name":"Hoskerehalli Petrol Bunk"}},{"type":"Feature","geometry":{"type":"Point","coordinates":[77.54016,12.93291]},"properties":{"name":"Hoskerehalli Petrol Bunk"}},{"type":"Feature","geometry":{"type":"Point","coordinates":[77.67255,12.76002]},"properties":{"name":"Nayanahalli"}},{"type":"Feature","geometry":{"type":"Point","coordinates":[77.67258,12.75997]},"properties":{"name":"Nayanahalli"}},{"type":"Feature","geometry":{"type":"Point","coordinates":[77.64077,12.76574]},"properties":{"name":"Vaddarapalya"}},{"type":"Feature","geometry":{"type":"Point","coordinates":[77.64079,12.76579]},"properties":{"name":"Vaddarapalya"}},{"type":"Feature","geometry":{"type":"Point","coordinates":[77.54073,12.97887]},"properties":{"name":"Agrahara Dasarahalli"}},{"type":"Feature","geometry":{"type":"Point","coordinates":[77.64143,12.77495]},"properties":{"name":"TATA Advance Jigani Industrial Area"}},{"type":"Feature","geometry":{"type":"Point","coordinates":[77.64136,12.77498]},"properties":{"name":"TATA Advance Jigani Industrial Area"}},{"type":"Feature","geometry":{"type":"Point","coordinates":[77.53729,12.9822]},"properties":{"name":"Jn of Siddaiah Puranik Road"}},{"type":"Feature","geometry":{"type":"Point","coordinates":[77.53716,12.98216]},"properties":{"name":"Jn of Siddaiah Puranik Road"}},{"type":"Feature","geometry":{"type":"Point","coordinates":[77.811,13.09784]},"properties":{"name":"Kurabarahalli Gate"}},{"type":"Feature","geometry":{"type":"Point","coordinates":[77.81119,13.09779]},"properties":{"name":"Kurabarahalli Gate"}},{"type":"Feature","geometry":{"type":"Point","coordinates":[77.81259,13.10241]},"properties":{"name":"Medician Factory"}},{"type":"Feature","geometry":{"type":"Point","coordinates":[77.81268,13.10221]},"properties":{"name":"Medician Factory"}},{"type":"Feature","geometry":{"type":"Point","coordinates":[77.82087,13.12789]},"properties":{"name":"Kamblipura Gate"}},{"type":"Feature","geometry":{"type":"Point","coordinates":[77.82095,13.12782]},"properties":{"name":"Kamblipura Gate"}},{"type":"Feature","geometry":{"type":"Point","coordinates":[77.82373,13.14462]},"properties":{"name":"Muthasandra Gate"}},{"type":"Feature","geometry":{"type":"Point","coordinates":[77.82392,13.14462]},"properties":{"name":"Muthasandra Gate"}},{"type":"Feature","geometry":{"type":"Point","coordinates":[77.6827,12.96698]},"properties":{"name":"Basava Nagara"}},{"type":"Feature","geometry":{"type":"Point","coordinates":[77.8248,13.15727]},"properties":{"name":"Chikka Kogilu Gate"}},{"type":"Feature","geometry":{"type":"Point","coordinates":[77.82487,13.15719]},"properties":{"name":"Chikka Kogilu Gate"}},{"type":"Feature","geometry":{"type":"Point","coordinates":[77.68263,12.96696]},"properties":{"name":"Basava Nagara"}},{"type":"Feature","geometry":{"type":"Point","coordinates":[77.82803,13.16673]},"properties":{"name":"Nagarenahalli"}},{"type":"Feature","geometry":{"type":"Point","coordinates":[77.82808,13.16663]},"properties":{"name":"Nagarenahalli"}},{"type":"Feature","geometry":{"type":"Point","coordinates":[77.83157,13.18218]},"properties":{"name":"Bettahalli Gate"}},{"type":"Feature","geometry":{"type":"Point","coordinates":[77.83163,13.1821]},"properties":{"name":"Bettahalli Gate"}},{"type":"Feature","geometry":{"type":"Point","coordinates":[77.6109,12.82729]},"properties":{"name":"Chinnaiahnapalya"}},{"type":"Feature","geometry":{"type":"Point","coordinates":[77.61087,12.82726]},"properties":{"name":"Chinnaiahnapalya"}},{"type":"Feature","geometry":{"type":"Point","coordinates":[77.60317,12.88719]},"properties":{"name":"Govt Hospital"}},{"type":"Feature","geometry":{"type":"Point","coordinates":[77.60321,12.88724]},"properties":{"name":"Govt Hospital"}},{"type":"Feature","geometry":{"type":"Point","coordinates":[77.56876,12.7042]},"properties":{"name":"Kariyappana Doddy"}},{"type":"Feature","geometry":{"type":"Point","coordinates":[77.56867,12.70408]},"properties":{"name":"KariyappanaDoddy"}},{"type":"Feature","geometry":{"type":"Point","coordinates":[77.56807,12.70105]},"properties":{"name":"UjinappanaDoddy"}},{"type":"Feature","geometry":{"type":"Point","coordinates":[77.56792,12.70088]},"properties":{"name":"UjinappanaDoddy"}},{"type":"Feature","geometry":{"type":"Point","coordinates":[77.57767,12.7336]},"properties":{"name":"MudalayyanaDoddy"}},{"type":"Feature","geometry":{"type":"Point","coordinates":[77.57775,12.7336]},"properties":{"name":"MudalayyanaDoddy"}},{"type":"Feature","geometry":{"type":"Point","coordinates":[77.58321,12.7327]},"properties":{"name":"KoratagereDoddy Bannerughatta"}},{"type":"Feature","geometry":{"type":"Point","coordinates":[77.58318,12.73267]},"properties":{"name":"KoratagereDoddy Bannerughatta"}},{"type":"Feature","geometry":{"type":"Point","coordinates":[77.6442,12.74915]},"properties":{"name":"Nosanoor Cross"}},{"type":"Feature","geometry":{"type":"Point","coordinates":[77.65436,12.733]},"properties":{"name":"Aduru"}},{"type":"Feature","geometry":{"type":"Point","coordinates":[77.6544,12.73301]},"properties":{"name":"Aduru"}},{"type":"Feature","geometry":{"type":"Point","coordinates":[77.51654,12.97774]},"properties":{"name":"Ramakrishnappa Layout"}},{"type":"Feature","geometry":{"type":"Point","coordinates":[77.51629,12.97778]},"properties":{"name":"Ramakrishnappa Layout"}},{"type":"Feature","geometry":{"type":"Point","coordinates":[77.61295,12.78292]},"properties":{"name":"Nisarga Badavane"}},{"type":"Feature","geometry":{"type":"Point","coordinates":[77.61287,12.78304]},"properties":{"name":"Nisarga Badavane"}},{"type":"Feature","geometry":{"type":"Point","coordinates":[77.51627,12.9668]},"properties":{"name":"Bande Maramma Bus Station"}},{"type":"Feature","geometry":{"type":"Point","coordinates":[77.63511,12.73788]},"properties":{"name":"Kadajakkanahalli"}},{"type":"Feature","geometry":{"type":"Point","coordinates":[77.6351,12.73774]},"properties":{"name":"Kadajakkanahalli"}},{"type":"Feature","geometry":{"type":"Point","coordinates":[77.64609,12.74195]},"properties":{"name":"Gollahalli"}},{"type":"Feature","geometry":{"type":"Point","coordinates":[77.65001,12.70638]},"properties":{"name":"Thammanayakanahalli"}},{"type":"Feature","geometry":{"type":"Point","coordinates":[77.64999,12.70633]},"properties":{"name":"Thammanayakanahalli"}},{"type":"Feature","geometry":{"type":"Point","coordinates":[77.6414,12.96873]},"properties":{"name":"New Horizon School"}},{"type":"Feature","geometry":{"type":"Point","coordinates":[77.64129,12.96868]},"properties":{"name":"New Horizon School"}},{"type":"Feature","geometry":{"type":"Point","coordinates":[77.64125,12.97383]},"properties":{"name":"HAL 6th Main"}},{"type":"Feature","geometry":{"type":"Point","coordinates":[77.64101,12.9741]},"properties":{"name":"HAL 6th Main"}},{"type":"Feature","geometry":{"type":"Point","coordinates":[77.39272,13.07827]},"properties":{"name":"Lakshmi Devastana"}},{"type":"Feature","geometry":{"type":"Point","coordinates":[77.39278,13.07825]},"properties":{"name":"Lakshmi Devastana"}},{"type":"Feature","geometry":{"type":"Point","coordinates":[77.39057,13.03724]},"properties":{"name":"Gerahalli"}},{"type":"Feature","geometry":{"type":"Point","coordinates":[77.39064,13.03727]},"properties":{"name":"Gerahalli"}},{"type":"Feature","geometry":{"type":"Point","coordinates":[77.59367,13.01358]},"properties":{"name":"Matadahalli"}},{"type":"Feature","geometry":{"type":"Point","coordinates":[77.59358,13.01353]},"properties":{"name":"Matadahalli"}},{"type":"Feature","geometry":{"type":"Point","coordinates":[77.39524,12.91777]},"properties":{"name":"Ganapathihalli"}},{"type":"Feature","geometry":{"type":"Point","coordinates":[77.39534,12.9179]},"properties":{"name":"Ganapathihalli"}},{"type":"Feature","geometry":{"type":"Point","coordinates":[77.59279,13.02423]},"properties":{"name":"Police Station RT Nagara"}},{"type":"Feature","geometry":{"type":"Point","coordinates":[77.42874,12.90632]},"properties":{"name":"Ashrama Ramohalli"}},{"type":"Feature","geometry":{"type":"Point","coordinates":[77.42881,12.90634]},"properties":{"name":"Ashrama Ramohalli"}},{"type":"Feature","geometry":{"type":"Point","coordinates":[77.80786,13.07728]},"properties":{"name":"Dandupalya Gate"}},{"type":"Feature","geometry":{"type":"Point","coordinates":[77.80804,13.07689]},"properties":{"name":"Dandupalya Gate"}},{"type":"Feature","geometry":{"type":"Point","coordinates":[77.48883,12.90761]},"properties":{"name":"Jn of Gollahallii Road"}},{"type":"Feature","geometry":{"type":"Point","coordinates":[77.48888,12.90767]},"properties":{"name":"Jn of Gollahallii Road"}},{"type":"Feature","geometry":{"type":"Point","coordinates":[77.49237,12.90979]},"properties":{"name":"Ashrama Savandarbar"}},{"type":"Feature","geometry":{"type":"Point","coordinates":[77.49272,12.9096]},"properties":{"name":"Savandarbar Ashrama"}},{"type":"Feature","geometry":{"type":"Point","coordinates":[77.46867,12.84762]},"properties":{"name":"Devagere Cross"}},{"type":"Feature","geometry":{"type":"Point","coordinates":[77.4686,12.84762]},"properties":{"name":"Devagere Cross"}},{"type":"Feature","geometry":{"type":"Point","coordinates":[77.60601,12.8439]},"properties":{"name":"Basavanna Devasthana"}},{"type":"Feature","geometry":{"type":"Point","coordinates":[77.60609,12.84385]},"properties":{"name":"Basavanna Devasthana"}},{"type":"Feature","geometry":{"type":"Point","coordinates":[77.59181,13.01089]},"properties":{"name":"CQAL"}},{"type":"Feature","geometry":{"type":"Point","coordinates":[77.59171,13.01071]},"properties":{"name":"CQAL"}},{"type":"Feature","geometry":{"type":"Point","coordinates":[77.59651,13.01375]},"properties":{"name":"Kabir Ashram"}},{"type":"Feature","geometry":{"type":"Point","coordinates":[77.60457,13.02145]},"properties":{"name":"P&T Quarters"}},{"type":"Feature","geometry":{"type":"Point","coordinates":[77.60457,13.0215]},"properties":{"name":"P&T Quarters"}},{"type":"Feature","geometry":{"type":"Point","coordinates":[77.60716,13.0213]},"properties":{"name":"Manjushree Hospital"}},{"type":"Feature","geometry":{"type":"Point","coordinates":[77.60705,13.02135]},"properties":{"name":"Manjushree Hospital"}},{"type":"Feature","geometry":{"type":"Point","coordinates":[77.61422,13.02641]},"properties":{"name":"Shampura"}},{"type":"Feature","geometry":{"type":"Point","coordinates":[77.61427,13.02636]},"properties":{"name":"Shampura"}},{"type":"Feature","geometry":{"type":"Point","coordinates":[77.74956,12.89164]},"properties":{"name":"TISB Boys Hostel"}},{"type":"Feature","geometry":{"type":"Point","coordinates":[77.7496,12.89165]},"properties":{"name":"TISB Boys Hostel"}},{"type":"Feature","geometry":{"type":"Point","coordinates":[77.65434,13.01939]},"properties":{"name":"Horamavu Petrol Bunk"}},{"type":"Feature","geometry":{"type":"Point","coordinates":[77.65451,13.01953]},"properties":{"name":"Horamavu Petrol Bunk"}},{"type":"Feature","geometry":{"type":"Point","coordinates":[77.62922,13.05524]},"properties":{"name":"Amarajyothi Badavane"}},{"type":"Feature","geometry":{"type":"Point","coordinates":[77.62917,13.0553]},"properties":{"name":"Amarajyothi Badavane"}},{"type":"Feature","geometry":{"type":"Point","coordinates":[77.58986,13.05954]},"properties":{"name":"Ganesha Temple Sahakara Nagara"}},{"type":"Feature","geometry":{"type":"Point","coordinates":[77.58992,13.05954]},"properties":{"name":"Ganesha Temple Sahakara Nagara"}},{"type":"Feature","geometry":{"type":"Point","coordinates":[77.73179,12.98796]},"properties":{"name":"Big Bazzar ITPL"}},{"type":"Feature","geometry":{"type":"Point","coordinates":[77.73193,12.98822]},"properties":{"name":"Big Bazzar ITPL"}},{"type":"Feature","geometry":{"type":"Point","coordinates":[77.61259,13.02337]},"properties":{"name":"Ambedkar Medical College Shampura"}},{"type":"Feature","geometry":{"type":"Point","coordinates":[77.61249,13.02332]},"properties":{"name":"Ambedkar Medical College Shampura"}},{"type":"Feature","geometry":{"type":"Point","coordinates":[77.82455,12.96012]},"properties":{"name":"Obalapura"}},{"type":"Feature","geometry":{"type":"Point","coordinates":[77.60236,13.02207]},"properties":{"name":"Sultanpalya Cross Pushpanjali Talkies"}},{"type":"Feature","geometry":{"type":"Point","coordinates":[77.60233,13.02214]},"properties":{"name":"Sultanpalya Cross Pushpanjali Talkies"}},{"type":"Feature","geometry":{"type":"Point","coordinates":[77.58865,12.91701]},"properties":{"name":"Marenahalli Petrol Bunk"}},{"type":"Feature","geometry":{"type":"Point","coordinates":[77.58861,12.91689]},"properties":{"name":"Marenahalli Petrol Bunk"}},{"type":"Feature","geometry":{"type":"Point","coordinates":[77.55323,13.04371]},"properties":{"name":"Muthyala Nagara"}},{"type":"Feature","geometry":{"type":"Point","coordinates":[77.54979,13.04264]},"properties":{"name":"Bakery Jalahalli"}},{"type":"Feature","geometry":{"type":"Point","coordinates":[77.54732,13.04181]},"properties":{"name":"Jalahalli Village Gate"}},{"type":"Feature","geometry":{"type":"Point","coordinates":[77.56913,13.04683]},"properties":{"name":"Devinagara"}},{"type":"Feature","geometry":{"type":"Point","coordinates":[77.56902,13.04703]},"properties":{"name":"Devinagara"}},{"type":"Feature","geometry":{"type":"Point","coordinates":[77.57578,13.04734]},"properties":{"name":"Bhadrappa Layout"}},{"type":"Feature","geometry":{"type":"Point","coordinates":[77.576,13.0484]},"properties":{"name":"Bhadrappa Layout"}},{"type":"Feature","geometry":{"type":"Point","coordinates":[77.46011,13.05685]},"properties":{"name":"Siddana Hosahalli"}},{"type":"Feature","geometry":{"type":"Point","coordinates":[77.46015,13.0568]},"properties":{"name":"Siddana Hosahalli"}},{"type":"Feature","geometry":{"type":"Point","coordinates":[77.41032,13.14001]},"properties":{"name":"Hyadalu"}},{"type":"Feature","geometry":{"type":"Point","coordinates":[77.4118,13.15045]},"properties":{"name":"Railway Gate Gollahalli"}},{"type":"Feature","geometry":{"type":"Point","coordinates":[77.41149,13.16721]},"properties":{"name":"Guttepalya"}},{"type":"Feature","geometry":{"type":"Point","coordinates":[77.41155,13.16711]},"properties":{"name":"Guttepalya"}},{"type":"Feature","geometry":{"type":"Point","coordinates":[77.4398,13.20651]},"properties":{"name":"Chikka Madhure"}},{"type":"Feature","geometry":{"type":"Point","coordinates":[77.43972,13.2064]},"properties":{"name":"Chikka Madhure"}},{"type":"Feature","geometry":{"type":"Point","coordinates":[77.39236,13.1205]},"properties":{"name":"AG Export Garments"}},{"type":"Feature","geometry":{"type":"Point","coordinates":[77.39245,13.12042]},"properties":{"name":"AG Export Garments"}},{"type":"Feature","geometry":{"type":"Point","coordinates":[77.47781,12.97868]},"properties":{"name":"Bharath Nagara 2nd Stage"}},{"type":"Feature","geometry":{"type":"Point","coordinates":[77.47789,12.97866]},"properties":{"name":"Bharath Nagara 2nd Stage"}},{"type":"Feature","geometry":{"type":"Point","coordinates":[77.52334,13.02263]},"properties":{"name":"Laggere Cross"}},{"type":"Feature","geometry":{"type":"Point","coordinates":[77.52365,13.02263]},"properties":{"name":"Laggere Cross"}},{"type":"Feature","geometry":{"type":"Point","coordinates":[77.52639,13.02154]},"properties":{"name":"Sonal Garments Laggere Cross"}},{"type":"Feature","geometry":{"type":"Point","coordinates":[77.527,13.02149]},"properties":{"name":"Sonal Garments Laggere Cross"}},{"type":"Feature","geometry":{"type":"Point","coordinates":[77.52914,13.0208]},"properties":{"name":"Ramanjaneya Temple Nandhini Layout"}},{"type":"Feature","geometry":{"type":"Point","coordinates":[77.52908,13.02092]},"properties":{"name":"Ramanjaneya Temple Nandhini Layout"}},{"type":"Feature","geometry":{"type":"Point","coordinates":[77.52132,12.99321]},"properties":{"name":"Depot-31 Gate"}},{"type":"Feature","geometry":{"type":"Point","coordinates":[77.56162,12.90845]},"properties":{"name":"Water Tank"}},{"type":"Feature","geometry":{"type":"Point","coordinates":[77.55919,12.95742]},"properties":{"name":"TR Mill"}},{"type":"Feature","geometry":{"type":"Point","coordinates":[77.56565,13.10832]},"properties":{"name":"Atturu"}},{"type":"Feature","geometry":{"type":"Point","coordinates":[77.54839,12.97533]},"properties":{"name":"Magadi Road TollGate"}},{"type":"Feature","geometry":{"type":"Point","coordinates":[77.5675,13.09791]},"properties":{"name":"Atturu Layout"}},{"type":"Feature","geometry":{"type":"Point","coordinates":[77.56755,13.09779]},"properties":{"name":"Atturu Layout"}},{"type":"Feature","geometry":{"type":"Point","coordinates":[77.61336,12.9688]},"properties":{"name":"Hosmat Hospital"}},{"type":"Feature","geometry":{"type":"Point","coordinates":[77.58007,12.92787]},"properties":{"name":"Rose Garden"}},{"type":"Feature","geometry":{"type":"Point","coordinates":[77.58024,12.92787]},"properties":{"name":"Rose Garden"}},{"type":"Feature","geometry":{"type":"Point","coordinates":[77.58027,12.92389]},"properties":{"name":"8th Block Jayanagara"}},{"type":"Feature","geometry":{"type":"Point","coordinates":[77.5801,12.9239]},"properties":{"name":"8th Block Jayanagara"}},{"type":"Feature","geometry":{"type":"Point","coordinates":[77.7048,13.24276]},"properties":{"name":"Devanahalli Bypass NH-7"}},{"type":"Feature","geometry":{"type":"Point","coordinates":[77.70406,13.24236]},"properties":{"name":"Devanahalli By Pass NH-7"}},{"type":"Feature","geometry":{"type":"Point","coordinates":[77.70342,13.24217]},"properties":{"name":"Devanahalli Bypass NH-7"}},{"type":"Feature","geometry":{"type":"Point","coordinates":[77.70898,13.2437]},"properties":{"name":"Devanahalli Talluk Office"}},{"type":"Feature","geometry":{"type":"Point","coordinates":[77.59232,12.92341]},"properties":{"name":"BMTC Hospital Jayanagara"}},{"type":"Feature","geometry":{"type":"Point","coordinates":[77.87381,12.98446]},"properties":{"name":"Marasandra Gate"}},{"type":"Feature","geometry":{"type":"Point","coordinates":[77.87375,12.98431]},"properties":{"name":"Marasandra Gate"}},{"type":"Feature","geometry":{"type":"Point","coordinates":[77.87022,12.97931]},"properties":{"name":"Lingadeera Mallsandra"}},{"type":"Feature","geometry":{"type":"Point","coordinates":[77.58962,12.9234]},"properties":{"name":"18th Main Jayanagara"}},{"type":"Feature","geometry":{"type":"Point","coordinates":[77.85228,12.96723]},"properties":{"name":"Somalapura Cross"}},{"type":"Feature","geometry":{"type":"Point","coordinates":[77.85235,12.96719]},"properties":{"name":"Somalapura Cross"}},{"type":"Feature","geometry":{"type":"Point","coordinates":[77.8556,12.97476]},"properties":{"name":"Domlur Cross"}},{"type":"Feature","geometry":{"type":"Point","coordinates":[77.8559,12.97456]},"properties":{"name":"Domlur Cross"}},{"type":"Feature","geometry":{"type":"Point","coordinates":[77.82966,12.9747]},"properties":{"name":"Hosahalli Cross Devangondi"}},{"type":"Feature","geometry":{"type":"Point","coordinates":[77.82955,12.97485]},"properties":{"name":"Hosahalli Cross Devangondi"}},{"type":"Feature","geometry":{"type":"Point","coordinates":[77.78456,12.98932]},"properties":{"name":"KSWH Gowdon"}},{"type":"Feature","geometry":{"type":"Point","coordinates":[77.78469,12.98921]},"properties":{"name":"KSWH Gowdon"}},{"type":"Feature","geometry":{"type":"Point","coordinates":[77.81324,12.989]},"properties":{"name":"Biscuits Factory"}},{"type":"Feature","geometry":{"type":"Point","coordinates":[77.81303,12.98904]},"properties":{"name":"Biscuits Factory"}},{"type":"Feature","geometry":{"type":"Point","coordinates":[77.79982,12.99985]},"properties":{"name":"Naduvatti Colony"}},{"type":"Feature","geometry":{"type":"Point","coordinates":[77.79968,12.99979]},"properties":{"name":"Naduvatti Colony"}},{"type":"Feature","geometry":{"type":"Point","coordinates":[77.86284,12.95716]},"properties":{"name":"Banarahalli"}},{"type":"Feature","geometry":{"type":"Point","coordinates":[77.61743,13.13751]},"properties":{"name":"Bharathi Nagara"}},{"type":"Feature","geometry":{"type":"Point","coordinates":[77.70947,12.97834]},"properties":{"name":"Graphite India"}},{"type":"Feature","geometry":{"type":"Point","coordinates":[77.70644,12.99075]},"properties":{"name":"ESI"}},{"type":"Feature","geometry":{"type":"Point","coordinates":[77.70641,12.99076]},"properties":{"name":"ESI"}},{"type":"Feature","geometry":{"type":"Point","coordinates":[77.68135,13.15582]},"properties":{"name":"Hoovinayakanahalli Cross"}},{"type":"Feature","geometry":{"type":"Point","coordinates":[77.59541,13.17384]},"properties":{"name":"Embassy School"}},{"type":"Feature","geometry":{"type":"Point","coordinates":[77.59026,13.17689]},"properties":{"name":"High School Tharahunase"}},{"type":"Feature","geometry":{"type":"Point","coordinates":[77.68105,13.1558]},"properties":{"name":"Hoovinayakanahalli Gate"}},{"type":"Feature","geometry":{"type":"Point","coordinates":[77.60576,13.16723]},"properties":{"name":"Kuduregere Cross"}},{"type":"Feature","geometry":{"type":"Point","coordinates":[77.60575,13.16722]},"properties":{"name":"Kuduregere Cross"}},{"type":"Feature","geometry":{"type":"Point","coordinates":[77.70269,13.2178]},"properties":{"name":"Yarappanahalli"}},{"type":"Feature","geometry":{"type":"Point","coordinates":[77.70255,13.21781]},"properties":{"name":"Yarappanahalli"}},{"type":"Feature","geometry":{"type":"Point","coordinates":[77.68191,13.21793]},"properties":{"name":"Bhuvanahalli"}},{"type":"Feature","geometry":{"type":"Point","coordinates":[77.68187,13.21787]},"properties":{"name":"Bhuvanahalli"}},{"type":"Feature","geometry":{"type":"Point","coordinates":[77.56394,13.17285]},"properties":{"name":"Rajanukunte"}},{"type":"Feature","geometry":{"type":"Point","coordinates":[77.70496,13.18408]},"properties":{"name":"Kadayarappanahalli Cross"}},{"type":"Feature","geometry":{"type":"Point","coordinates":[77.70484,13.18403]},"properties":{"name":"Kadayarappanahalli Cross"}},{"type":"Feature","geometry":{"type":"Point","coordinates":[77.64403,13.1885]},"properties":{"name":"Thabarahalli Gate"}},{"type":"Feature","geometry":{"type":"Point","coordinates":[77.39064,13.10054]},"properties":{"name":"Nelamangala Hunasemara"}},{"type":"Feature","geometry":{"type":"Point","coordinates":[77.39072,13.10056]},"properties":{"name":"Nelamangala Hunasemara"}},{"type":"Feature","geometry":{"type":"Point","coordinates":[77.38867,13.10229]},"properties":{"name":"Basavanahalli Cross"}},{"type":"Feature","geometry":{"type":"Point","coordinates":[77.38875,13.1022]},"properties":{"name":"Basavanahalli Cross"}},{"type":"Feature","geometry":{"type":"Point","coordinates":[77.80811,13.26238]},"properties":{"name":"Baluvanahalli Cross"}},{"type":"Feature","geometry":{"type":"Point","coordinates":[77.8082,13.26226]},"properties":{"name":"Baluvanahalli Cross"}},{"type":"Feature","geometry":{"type":"Point","coordinates":[77.38816,13.10567]},"properties":{"name":"Renuka Nagara"}},{"type":"Feature","geometry":{"type":"Point","coordinates":[77.38873,13.11312]},"properties":{"name":"Islampura Cross"}},{"type":"Feature","geometry":{"type":"Point","coordinates":[77.38878,13.1131]},"properties":{"name":"Islampura Cross"}},{"type":"Feature","geometry":{"type":"Point","coordinates":[77.40357,13.13261]},"properties":{"name":"Mylanahalli"}},{"type":"Feature","geometry":{"type":"Point","coordinates":[77.59094,13.04272]},"properties":{"name":"Hebbala Bridge"}},{"type":"Feature","geometry":{"type":"Point","coordinates":[77.63128,13.02949]},"properties":{"name":"Hennur Cross"}},{"type":"Feature","geometry":{"type":"Point","coordinates":[77.63633,13.02639]},"properties":{"name":"Kalyananagara"}},{"type":"Feature","geometry":{"type":"Point","coordinates":[77.64049,13.02538]},"properties":{"name":"80ft Road Kalyananagara"}},{"type":"Feature","geometry":{"type":"Point","coordinates":[77.66231,13.01118]},"properties":{"name":"Ramamurthy Nagara Ring Road"}},{"type":"Feature","geometry":{"type":"Point","coordinates":[77.66249,13.01053]},"properties":{"name":"B Channasandra"}},{"type":"Feature","geometry":{"type":"Point","coordinates":[77.66582,12.92099]},"properties":{"name":"Jn of Sarjapura Ring Road"}},{"type":"Feature","geometry":{"type":"Point","coordinates":[77.41228,13.1437]},"properties":{"name":"Gollahalli"}},{"type":"Feature","geometry":{"type":"Point","coordinates":[77.41235,13.14371]},"properties":{"name":"Gollahalli"}},{"type":"Feature","geometry":{"type":"Point","coordinates":[77.42624,13.1412]},"properties":{"name":"Gopalapura"}},{"type":"Feature","geometry":{"type":"Point","coordinates":[77.43473,13.13824]},"properties":{"name":"Kanaka Nagara Gate"}},{"type":"Feature","geometry":{"type":"Point","coordinates":[77.43923,13.13697]},"properties":{"name":"Huskur Baare"}},{"type":"Feature","geometry":{"type":"Point","coordinates":[77.44598,13.13612]},"properties":{"name":"Thotagere Village"}},{"type":"Feature","geometry":{"type":"Point","coordinates":[77.48455,13.13072]},"properties":{"name":"Hesaraghatta TB Cross"}},{"type":"Feature","geometry":{"type":"Point","coordinates":[77.66684,13.21527]},"properties":{"name":"Kannamangala"}},{"type":"Feature","geometry":{"type":"Point","coordinates":[77.66678,13.21524]},"properties":{"name":"Kannamangala"}},{"type":"Feature","geometry":{"type":"Point","coordinates":[77.48042,13.13745]},"properties":{"name":"Hesaraghatta"}},{"type":"Feature","geometry":{"type":"Point","coordinates":[77.57408,13.10386]},"properties":{"name":"Govt School Yelahanka 4th Phase"}},{"type":"Feature","geometry":{"type":"Point","coordinates":[77.50234,13.14303]},"properties":{"name":"Mathkur Cross"}},{"type":"Feature","geometry":{"type":"Point","coordinates":[77.70154,12.95719]},"properties":{"name":"Marathahalli Bridge Flyover"}},{"type":"Feature","geometry":{"type":"Point","coordinates":[77.701,12.9574]},"properties":{"name":"Marathahalli Bridge Flyover"}},{"type":"Feature","geometry":{"type":"Point","coordinates":[77.61355,13.04216]},"properties":{"name":"Veerannapalya"}},{"type":"Feature","geometry":{"type":"Point","coordinates":[77.54849,13.08182]},"properties":{"name":"MS Palya"}},{"type":"Feature","geometry":{"type":"Point","coordinates":[77.84551,12.96301]},"properties":{"name":"BN Bachegowda Badavane"}},{"type":"Feature","geometry":{"type":"Point","coordinates":[77.56524,13.14759]},"properties":{"name":"Singanayakanahalli"}},{"type":"Feature","geometry":{"type":"Point","coordinates":[77.77872,13.09495]},"properties":{"name":"Kaateramma Devasthana"}},{"type":"Feature","geometry":{"type":"Point","coordinates":[77.52619,13.14124]},"properties":{"name":"Muthugadahalli"}},{"type":"Feature","geometry":{"type":"Point","coordinates":[77.52619,13.14117]},"properties":{"name":"Muthugadahalli"}},{"type":"Feature","geometry":{"type":"Point","coordinates":[77.67972,13.21875]},"properties":{"name":"Bhuvanahalli Gate"}},{"type":"Feature","geometry":{"type":"Point","coordinates":[77.68001,13.21854]},"properties":{"name":"Bhuvanahalli Gate"}},{"type":"Feature","geometry":{"type":"Point","coordinates":[77.66181,12.99313]},"properties":{"name":"Gopalan Mall"}},{"type":"Feature","geometry":{"type":"Point","coordinates":[77.57274,13.01577]},"properties":{"name":"Police Station Sadashivanagara"}},{"type":"Feature","geometry":{"type":"Point","coordinates":[77.57266,13.01566]},"properties":{"name":"Police Station Sadashivanagara"}},{"type":"Feature","geometry":{"type":"Point","coordinates":[77.57132,13.02809]},"properties":{"name":"MS Ramaiah Hospital"}},{"type":"Feature","geometry":{"type":"Point","coordinates":[77.57175,13.02718]},"properties":{"name":"MS Ramaiah Hospital"}},{"type":"Feature","geometry":{"type":"Point","coordinates":[77.57386,12.96002]},"properties":{"name":"Tippu Sulthan Palace"}},{"type":"Feature","geometry":{"type":"Point","coordinates":[77.56783,12.94381]},"properties":{"name":"Bull Temple"}},{"type":"Feature","geometry":{"type":"Point","coordinates":[77.57993,12.94969]},"properties":{"name":"Lalbagh West Gate"}},{"type":"Feature","geometry":{"type":"Point","coordinates":[77.59017,12.98525]},"properties":{"name":"Jawaharlal Nehru Planetorium"}},{"type":"Feature","geometry":{"type":"Point","coordinates":[77.59167,12.97852]},"properties":{"name":"Vidhana Soudha Karnataka High Court"}},{"type":"Feature","geometry":{"type":"Point","coordinates":[77.59628,12.97459]},"properties":{"name":"Museum"}},{"type":"Feature","geometry":{"type":"Point","coordinates":[77.6068,12.97546]},"properties":{"name":"MG Road Metro Station"}},{"type":"Feature","geometry":{"type":"Point","coordinates":[77.61057,12.97176]},"properties":{"name":"Mayohall"}},{"type":"Feature","geometry":{"type":"Point","coordinates":[77.61038,12.97036]},"properties":{"name":"Garuda Mall"}},{"type":"Feature","geometry":{"type":"Point","coordinates":[77.62024,12.97613]},"properties":{"name":"Gurudwara"}},{"type":"Feature","geometry":{"type":"Point","coordinates":[77.61056,12.98083]},"properties":{"name":"Dickenson Road"}},{"type":"Feature","geometry":{"type":"Point","coordinates":[77.59392,13.00498]},"properties":{"name":"JC Nagara"}},{"type":"Feature","geometry":{"type":"Point","coordinates":[77.55111,13.01162]},"properties":{"name":"Iskcon Temple"}},{"type":"Feature","geometry":{"type":"Point","coordinates":[77.55444,13.01123]},"properties":{"name":"Orion Mall"}},{"type":"Feature","geometry":{"type":"Point","coordinates":[77.57137,13.00848]},"properties":{"name":"18th Cross Malleshwaram"}},{"type":"Feature","geometry":{"type":"Point","coordinates":[77.59206,13.05752]},"properties":{"name":"Kodigehalli Gate"}},{"type":"Feature","geometry":{"type":"Point","coordinates":[77.59318,13.05766]},"properties":{"name":"Kodigehalli Gate"}},{"type":"Feature","geometry":{"type":"Point","coordinates":[77.59262,13.07698]},"properties":{"name":"Jakkur Aerodrum"}},{"type":"Feature","geometry":{"type":"Point","coordinates":[77.57462,12.98116]},"properties":{"name":"Ananda Rao Circle"}},{"type":"Feature","geometry":{"type":"Point","coordinates":[77.46102,13.06097]},"properties":{"name":"Madanayakanahalli"}},{"type":"Feature","geometry":{"type":"Point","coordinates":[77.5931,12.9584]},"properties":{"name":"KH Road"}},{"type":"Feature","geometry":{"type":"Point","coordinates":[77.59039,12.96776]},"properties":{"name":"Pallavi Talkies"}},{"type":"Feature","geometry":{"type":"Point","coordinates":[77.57415,13.10389]},"properties":{"name":"Govt School Yelahanka 4th Phase"}},{"type":"Feature","geometry":{"type":"Point","coordinates":[77.60138,12.97441]},"properties":{"name":"State Bank India Garage"}},{"type":"Feature","geometry":{"type":"Point","coordinates":[77.4615,13.06128]},"properties":{"name":"Madanayakanahalli"}},{"type":"Feature","geometry":{"type":"Point","coordinates":[77.46124,13.06072]},"properties":{"name":"Madanayakanahalli"}},{"type":"Feature","geometry":{"type":"Point","coordinates":[77.58239,13.08868]},"properties":{"name":"Judicial Layout"}},{"type":"Feature","geometry":{"type":"Point","coordinates":[77.71478,13.18077]},"properties":{"name":"Hunasuru"}},{"type":"Feature","geometry":{"type":"Point","coordinates":[77.71482,13.18075]},"properties":{"name":"Hunasuru"}},{"type":"Feature","geometry":{"type":"Point","coordinates":[77.68111,13.18359]},"properties":{"name":"Begur"}},{"type":"Feature","geometry":{"type":"Point","coordinates":[77.68116,13.18357]},"properties":{"name":"Begur"}},{"type":"Feature","geometry":{"type":"Point","coordinates":[77.65422,13.09316]},"properties":{"name":"Kannuru"}},{"type":"Feature","geometry":{"type":"Point","coordinates":[77.56931,13.00368]},"properties":{"name":"13th Cross Malleshwaram"}},{"type":"Feature","geometry":{"type":"Point","coordinates":[77.56079,13.08364]},"properties":{"name":"Vidyaranyapura Bus Station"}},{"type":"Feature","geometry":{"type":"Point","coordinates":[77.64285,13.14331]},"properties":{"name":"Hosahalli Kodagalahatti"}},{"type":"Feature","geometry":{"type":"Point","coordinates":[77.48144,12.91443]},"properties":{"name":"Jn of Kommaghatta"}},{"type":"Feature","geometry":{"type":"Point","coordinates":[77.53846,12.97321]},"properties":{"name":"Vijayanagara"}},{"type":"Feature","geometry":{"type":"Point","coordinates":[77.59435,13.10069]},"properties":{"name":"Yelahanka Old Town"}},{"type":"Feature","geometry":{"type":"Point","coordinates":[77.59084,12.96783]},"properties":{"name":"Pallavi Talkies"}},{"type":"Feature","geometry":{"type":"Point","coordinates":[77.71087,13.18097]},"properties":{"name":"Kadayarappanahalli"}},{"type":"Feature","geometry":{"type":"Point","coordinates":[77.67306,13.18243]},"properties":{"name":"Muthugadahalli"}},{"type":"Feature","geometry":{"type":"Point","coordinates":[77.5895,13.14409]},"properties":{"name":"Gantaganahalli"}},{"type":"Feature","geometry":{"type":"Point","coordinates":[77.58958,13.14395]},"properties":{"name":"Gantaganahalli"}},{"type":"Feature","geometry":{"type":"Point","coordinates":[77.57731,13.15224]},"properties":{"name":"Muddanahalli"}},{"type":"Feature","geometry":{"type":"Point","coordinates":[77.57742,13.15223]},"properties":{"name":"Muddanahalli"}},{"type":"Feature","geometry":{"type":"Point","coordinates":[77.54226,13.17079]},"properties":{"name":"Ittagalpura"}},{"type":"Feature","geometry":{"type":"Point","coordinates":[77.58592,13.02696]},"properties":{"name":"CBI"}},{"type":"Feature","geometry":{"type":"Point","coordinates":[77.5239,13.15812]},"properties":{"name":"Linganahalli Gate"}},{"type":"Feature","geometry":{"type":"Point","coordinates":[77.52385,13.15817]},"properties":{"name":"Linganahalli Gate"}},{"type":"Feature","geometry":{"type":"Point","coordinates":[77.5973,13.09926]},"properties":{"name":"Yelahanka Santhe Circle"}},{"type":"Feature","geometry":{"type":"Point","coordinates":[77.62769,13.10265]},"properties":{"name":"Agrahara Layout Cross"}},{"type":"Feature","geometry":{"type":"Point","coordinates":[77.61147,13.05639]},"properties":{"name":"Dasarahalli Hebbala"}},{"type":"Feature","geometry":{"type":"Point","coordinates":[77.61149,13.05628]},"properties":{"name":"Dasarahalli Hebbala"}},{"type":"Feature","geometry":{"type":"Point","coordinates":[77.61607,13.01212]},"properties":{"name":"Postal and Telecom Colony"}},{"type":"Feature","geometry":{"type":"Point","coordinates":[77.61609,13.01181]},"properties":{"name":"Postal and Telecom Colony"}},{"type":"Feature","geometry":{"type":"Point","coordinates":[77.58415,13.22619]},"properties":{"name":"Jalige"}},{"type":"Feature","geometry":{"type":"Point","coordinates":[77.61903,13.021]},"properties":{"name":"Kadugondanahalli Police Station"}},{"type":"Feature","geometry":{"type":"Point","coordinates":[77.66027,13.05642]},"properties":{"name":"Kyalasanahalli"}},{"type":"Feature","geometry":{"type":"Point","coordinates":[77.53722,12.95115]},"properties":{"name":"Deepanjali Nagara"}},{"type":"Feature","geometry":{"type":"Point","coordinates":[77.50589,12.98928]},"properties":{"name":"Sunkadakatte"}},{"type":"Feature","geometry":{"type":"Point","coordinates":[77.67316,13.21186]},"properties":{"name":"Bachahalli Gate"}},{"type":"Feature","geometry":{"type":"Point","coordinates":[77.66896,13.16614]},"properties":{"name":"Meesagaanahalli"}},{"type":"Feature","geometry":{"type":"Point","coordinates":[77.52574,13.05029]},"properties":{"name":"Shettahalli Cross"}},{"type":"Feature","geometry":{"type":"Point","coordinates":[77.54601,13.05835]},"properties":{"name":"Gangamma Circle"}},{"type":"Feature","geometry":{"type":"Point","coordinates":[77.63144,13.02953]},"properties":{"name":"Hennur Cross"}},{"type":"Feature","geometry":{"type":"Point","coordinates":[77.6326,13.02743]},"properties":{"name":"Hennur Junction"}},{"type":"Feature","geometry":{"type":"Point","coordinates":[77.63301,13.02834]},"properties":{"name":"Hennur Junction"}},{"type":"Feature","geometry":{"type":"Point","coordinates":[77.64413,13.18853]},"properties":{"name":"Tharabanahalli Gate"}},{"type":"Feature","geometry":{"type":"Point","coordinates":[77.67993,13.21856]},"properties":{"name":"Bhuvanahalli Gate"}},{"type":"Feature","geometry":{"type":"Point","coordinates":[77.71278,13.22432]},"properties":{"name":"Bychapura"}},{"type":"Feature","geometry":{"type":"Point","coordinates":[77.58815,13.26164]},"properties":{"name":"Bannimangala"}},{"type":"Feature","geometry":{"type":"Point","coordinates":[77.58807,13.26165]},"properties":{"name":"Bannimangala"}},{"type":"Feature","geometry":{"type":"Point","coordinates":[77.62248,13.15519]},"properties":{"name":"Bettahalasuru Cross"}},{"type":"Feature","geometry":{"type":"Point","coordinates":[77.68943,13.14874]},"properties":{"name":"Hoovinayakanahalli"}},{"type":"Feature","geometry":{"type":"Point","coordinates":[77.689,13.14866]},"properties":{"name":"Hoovinayakanahalli"}},{"type":"Feature","geometry":{"type":"Point","coordinates":[77.41476,12.97081]},"properties":{"name":"Channadasipalya"}},{"type":"Feature","geometry":{"type":"Point","coordinates":[77.41471,12.97086]},"properties":{"name":"Channadasipalya"}},{"type":"Feature","geometry":{"type":"Point","coordinates":[77.54101,13.03402]},"properties":{"name":"Alisda"}},{"type":"Feature","geometry":{"type":"Point","coordinates":[77.54105,13.03398]},"properties":{"name":"Alisda"}},{"type":"Feature","geometry":{"type":"Point","coordinates":[77.51129,12.9856]},"properties":{"name":"Vokkaliga School Kottigepalya"}},{"type":"Feature","geometry":{"type":"Point","coordinates":[77.56261,13.04465]},"properties":{"name":"Kuvempu Circle"}},{"type":"Feature","geometry":{"type":"Point","coordinates":[77.56278,13.0446]},"properties":{"name":"Kuvempu Circle"}},{"type":"Feature","geometry":{"type":"Point","coordinates":[77.77842,13.09534]},"properties":{"name":"Kaateramma Devasthana"}},{"type":"Feature","geometry":{"type":"Point","coordinates":[77.56967,12.92182]},"properties":{"name":"Monotype Corporation"}},{"type":"Feature","geometry":{"type":"Point","coordinates":[77.56979,12.92178]},"properties":{"name":"Monotype Corporation"}},{"type":"Feature","geometry":{"type":"Point","coordinates":[77.5371,12.93479]},"properties":{"name":"PES College"}},{"type":"Feature","geometry":{"type":"Point","coordinates":[77.57707,13.09932]},"properties":{"name":"Mother Dairy Cross Yelahanka"}},{"type":"Feature","geometry":{"type":"Point","coordinates":[77.53297,13.02208]},"properties":{"name":"Kanteerava Studio"}},{"type":"Feature","geometry":{"type":"Point","coordinates":[77.53811,12.96512]},"properties":{"name":"Hampi Nagara Post Office"}},{"type":"Feature","geometry":{"type":"Point","coordinates":[77.5542,13.09433]},"properties":{"name":"Dodda Bettahalli"}},{"type":"Feature","geometry":{"type":"Point","coordinates":[77.50762,13.04646]},"properties":{"name":"8th Mile"}},{"type":"Feature","geometry":{"type":"Point","coordinates":[77.55426,13.0943]},"properties":{"name":"Dodda Bettahalli"}},{"type":"Feature","geometry":{"type":"Point","coordinates":[77.55408,13.10484]},"properties":{"name":"Veerasagara"}},{"type":"Feature","geometry":{"type":"Point","coordinates":[77.65716,12.83595]},"properties":{"name":"ELC Wipro Gate"}},{"type":"Feature","geometry":{"type":"Point","coordinates":[77.40025,12.96551]},"properties":{"name":"Tavarekere"}},{"type":"Feature","geometry":{"type":"Point","coordinates":[77.40011,12.96557]},"properties":{"name":"Tavarekere"}},{"type":"Feature","geometry":{"type":"Point","coordinates":[77.60056,12.97666]},"properties":{"name":"M G Statue"}},{"type":"Feature","geometry":{"type":"Point","coordinates":[77.55416,13.10477]},"properties":{"name":"Veerasagara"}},{"type":"Feature","geometry":{"type":"Point","coordinates":[77.61217,13.00274]},"properties":{"name":"Doddy"}},{"type":"Feature","geometry":{"type":"Point","coordinates":[77.61255,13.00696]},"properties":{"name":"Canara Bank Tannery Road"}},{"type":"Feature","geometry":{"type":"Point","coordinates":[77.62736,13.04556]},"properties":{"name":"Vidhyasagara"}},{"type":"Feature","geometry":{"type":"Point","coordinates":[77.62736,13.04534]},"properties":{"name":"Vidhyasagara"}},{"type":"Feature","geometry":{"type":"Point","coordinates":[77.63364,13.06773]},"properties":{"name":"K Narayanapura Cross"}},{"type":"Feature","geometry":{"type":"Point","coordinates":[77.63352,13.06776]},"properties":{"name":"K Narayanapura Cross"}},{"type":"Feature","geometry":{"type":"Point","coordinates":[77.54644,13.05657]},"properties":{"name":"Gangamma Circle"}},{"type":"Feature","geometry":{"type":"Point","coordinates":[77.63466,13.09733]},"properties":{"name":"Hazarath Tippu Nagara"}},{"type":"Feature","geometry":{"type":"Point","coordinates":[77.6345,13.09727]},"properties":{"name":"Hazarath Tippu Nagara"}},{"type":"Feature","geometry":{"type":"Point","coordinates":[77.5268,12.95922]},"properties":{"name":"Chandra Layout"}},{"type":"Feature","geometry":{"type":"Point","coordinates":[77.62435,13.04055]},"properties":{"name":"Jn of Nagavara"}},{"type":"Feature","geometry":{"type":"Point","coordinates":[77.62446,13.04045]},"properties":{"name":"Jn of Nagavara"}},{"type":"Feature","geometry":{"type":"Point","coordinates":[77.64817,12.98648]},"properties":{"name":"Jn of Swamy Vivekananda Road Baiyappanahalli NGEF"}},{"type":"Feature","geometry":{"type":"Point","coordinates":[77.64803,12.98656]},"properties":{"name":"Jn of Swamy Vivekananda Road Baiyappanahalli NGEF"}},{"type":"Feature","geometry":{"type":"Point","coordinates":[77.66888,13.01674]},"properties":{"name":"Hoysala Nagara"}},{"type":"Feature","geometry":{"type":"Point","coordinates":[77.66888,13.01671]},"properties":{"name":"Hoysala Nagara"}},{"type":"Feature","geometry":{"type":"Point","coordinates":[77.68315,13.01556]},"properties":{"name":"Shanthi Layout"}},{"type":"Feature","geometry":{"type":"Point","coordinates":[77.77041,13.11767]},"properties":{"name":"Lakkondahalli"}},{"type":"Feature","geometry":{"type":"Point","coordinates":[77.77326,13.12358]},"properties":{"name":"Vabasandra Gate"}},{"type":"Feature","geometry":{"type":"Point","coordinates":[77.77323,13.12358]},"properties":{"name":"Vabasandra Gate"}},{"type":"Feature","geometry":{"type":"Point","coordinates":[77.79809,13.14397]},"properties":{"name":"M Sathyawara"}},{"type":"Feature","geometry":{"type":"Point","coordinates":[77.81581,13.14535]},"properties":{"name":"E Muthsandra"}},{"type":"Feature","geometry":{"type":"Point","coordinates":[77.63359,13.07382]},"properties":{"name":"Koli Farm"}},{"type":"Feature","geometry":{"type":"Point","coordinates":[77.63369,13.07382]},"properties":{"name":"Koli Farm"}},{"type":"Feature","geometry":{"type":"Point","coordinates":[77.634,13.08026]},"properties":{"name":"Noor Nagara"}},{"type":"Feature","geometry":{"type":"Point","coordinates":[77.63411,13.0803]},"properties":{"name":"Noor Nagara"}},{"type":"Feature","geometry":{"type":"Point","coordinates":[77.63469,13.08457]},"properties":{"name":"Chokkanahalli Gate"}},{"type":"Feature","geometry":{"type":"Point","coordinates":[77.6348,13.08452]},"properties":{"name":"Chokkanahalli Gate"}},{"type":"Feature","geometry":{"type":"Point","coordinates":[77.63527,13.08863]},"properties":{"name":"Thirumenahalli Cross"}},{"type":"Feature","geometry":{"type":"Point","coordinates":[77.63544,13.08871]},"properties":{"name":"Thirumenahalli Cross"}},{"type":"Feature","geometry":{"type":"Point","coordinates":[77.57756,12.91764]},"properties":{"name":"Sangam Circle"}},{"type":"Feature","geometry":{"type":"Point","coordinates":[77.6575,13.01006]},"properties":{"name":"B Channasandra"}},{"type":"Feature","geometry":{"type":"Point","coordinates":[77.65237,13.01451]},"properties":{"name":"Banasawadi"}},{"type":"Feature","geometry":{"type":"Point","coordinates":[77.71002,13.01092]},"properties":{"name":"Basavanapura"}},{"type":"Feature","geometry":{"type":"Point","coordinates":[77.71005,13.01095]},"properties":{"name":"Basavanapura"}},{"type":"Feature","geometry":{"type":"Point","coordinates":[77.71057,13.01627]},"properties":{"name":"Bhattarahalli Cross"}},{"type":"Feature","geometry":{"type":"Point","coordinates":[77.71055,13.01626]},"properties":{"name":"Bhattarahalli Cross"}},{"type":"Feature","geometry":{"type":"Point","coordinates":[77.71693,13.01627]},"properties":{"name":"Seegehalli Junction"}},{"type":"Feature","geometry":{"type":"Point","coordinates":[77.71696,13.01628]},"properties":{"name":"Seegehalli Junction"}},{"type":"Feature","geometry":{"type":"Point","coordinates":[77.71697,13.01426]},"properties":{"name":"Seegehalli"}},{"type":"Feature","geometry":{"type":"Point","coordinates":[77.70009,13.00618]},"properties":{"name":"Devasandra"}},{"type":"Feature","geometry":{"type":"Point","coordinates":[77.70012,13.00621]},"properties":{"name":"Devasandra"}},{"type":"Feature","geometry":{"type":"Point","coordinates":[77.76202,13.18945]},"properties":{"name":"Bidalapura Cross"}},{"type":"Feature","geometry":{"type":"Point","coordinates":[77.76205,13.18946]},"properties":{"name":"Bidalapura Cross"}},{"type":"Feature","geometry":{"type":"Point","coordinates":[77.84879,13.27051]},"properties":{"name":"Jangamakote Cross"}},{"type":"Feature","geometry":{"type":"Point","coordinates":[77.79682,13.24413]},"properties":{"name":"Channarayapatna School"}},{"type":"Feature","geometry":{"type":"Point","coordinates":[77.73921,13.19934]},"properties":{"name":"Bettakote"}},{"type":"Feature","geometry":{"type":"Point","coordinates":[77.7392,13.19936]},"properties":{"name":"Bettakote"}},{"type":"Feature","geometry":{"type":"Point","coordinates":[77.36155,12.97324]},"properties":{"name":"Marenahalli"}},{"type":"Feature","geometry":{"type":"Point","coordinates":[77.77122,12.77816]},"properties":{"name":"Attibele Bus Stand"}},{"type":"Feature","geometry":{"type":"Point","coordinates":[77.71378,13.24454]},"properties":{"name":"Giriyamma Circle"}},{"type":"Feature","geometry":{"type":"Point","coordinates":[77.33625,12.96298]},"properties":{"name":"Thippagondanahalli"}},{"type":"Feature","geometry":{"type":"Point","coordinates":[77.81307,13.19325]},"properties":{"name":"Bettahalli Gate"}},{"type":"Feature","geometry":{"type":"Point","coordinates":[77.81308,13.19324]},"properties":{"name":"Bettahalli Gate"}},{"type":"Feature","geometry":{"type":"Point","coordinates":[77.8313,13.21756]},"properties":{"name":"Bendiganahalli"}},{"type":"Feature","geometry":{"type":"Point","coordinates":[77.44958,12.95716]},"properties":{"name":"Kenchanapura"}},{"type":"Feature","geometry":{"type":"Point","coordinates":[77.44965,12.95711]},"properties":{"name":"Kenchanapura"}},{"type":"Feature","geometry":{"type":"Point","coordinates":[77.46846,12.98291]},"properties":{"name":"Yale Kodigehalli Colony"}},{"type":"Feature","geometry":{"type":"Point","coordinates":[77.4683,12.98286]},"properties":{"name":"Yale Kodigehalli Colony"}},{"type":"Feature","geometry":{"type":"Point","coordinates":[77.46926,12.95411]},"properties":{"name":"Manganahalli"}},{"type":"Feature","geometry":{"type":"Point","coordinates":[77.46927,12.95406]},"properties":{"name":"Manganahalli"}},{"type":"Feature","geometry":{"type":"Point","coordinates":[77.47921,12.95161]},"properties":{"name":"AGS Layout"}},{"type":"Feature","geometry":{"type":"Point","coordinates":[77.47923,12.95175]},"properties":{"name":"AGS Layout"}},{"type":"Feature","geometry":{"type":"Point","coordinates":[77.50594,12.94183]},"properties":{"name":"Bengaluru University Ladies Hostel"}},{"type":"Feature","geometry":{"type":"Point","coordinates":[77.48908,12.94944]},"properties":{"name":"Amma Ashrama Cross"}},{"type":"Feature","geometry":{"type":"Point","coordinates":[77.48881,12.94951]},"properties":{"name":"Amma Ashrama Cross"}},{"type":"Feature","geometry":{"type":"Point","coordinates":[77.50017,12.95183]},"properties":{"name":"Bengaluru University Quarters"}},{"type":"Feature","geometry":{"type":"Point","coordinates":[77.57722,12.95633]},"properties":{"name":"Basappa Circle"}},{"type":"Feature","geometry":{"type":"Point","coordinates":[77.65344,12.87]},"properties":{"name":"Hosa Road"}},{"type":"Feature","geometry":{"type":"Point","coordinates":[77.6535,12.86992]},"properties":{"name":"Hosa Road"}},{"type":"Feature","geometry":{"type":"Point","coordinates":[77.56816,12.96526]},"properties":{"name":"Binny MIll"}},{"type":"Feature","geometry":{"type":"Point","coordinates":[77.67767,12.91382]},"properties":{"name":"Kaikondrahalli"}},{"type":"Feature","geometry":{"type":"Point","coordinates":[77.57028,12.96814]},"properties":{"name":"Cottonpet Hospital Super Talkies"}},{"type":"Feature","geometry":{"type":"Point","coordinates":[77.5238,12.96778]},"properties":{"name":"Anubhavanagara"}},{"type":"Feature","geometry":{"type":"Point","coordinates":[77.52382,12.96783]},"properties":{"name":"Anubhavanagara"}},{"type":"Feature","geometry":{"type":"Point","coordinates":[77.5204,12.96842]},"properties":{"name":"Kalyananagara"}},{"type":"Feature","geometry":{"type":"Point","coordinates":[77.5204,12.96847]},"properties":{"name":"Kalyananagara"}},{"type":"Feature","geometry":{"type":"Point","coordinates":[77.51701,12.96922]},"properties":{"name":"Bridge Kalyananagara"}},{"type":"Feature","geometry":{"type":"Point","coordinates":[77.51702,12.96927]},"properties":{"name":"Bridge Kalyananagara"}},{"type":"Feature","geometry":{"type":"Point","coordinates":[77.67635,12.92963]},"properties":{"name":"Bellanduru"}},{"type":"Feature","geometry":{"type":"Point","coordinates":[77.67638,12.92964]},"properties":{"name":"Bellanduru"}},{"type":"Feature","geometry":{"type":"Point","coordinates":[77.80995,13.05444]},"properties":{"name":"Kannurahalli Ittige Factory"}},{"type":"Feature","geometry":{"type":"Point","coordinates":[77.82616,13.02962]},"properties":{"name":"Jinnagara Cross"}},{"type":"Feature","geometry":{"type":"Point","coordinates":[77.5148,12.96944]},"properties":{"name":"BDA Park Bande Maramma Temple"}},{"type":"Feature","geometry":{"type":"Point","coordinates":[77.51478,12.96949]},"properties":{"name":"BDA Park Bande Maramma Temple"}},{"type":"Feature","geometry":{"type":"Point","coordinates":[77.81304,13.00884]},"properties":{"name":"Bisanahalli"}},{"type":"Feature","geometry":{"type":"Point","coordinates":[77.78369,12.99607]},"properties":{"name":"Koraluru Railway Gate"}},{"type":"Feature","geometry":{"type":"Point","coordinates":[77.78415,13.00818]},"properties":{"name":"Mallasandra"}},{"type":"Feature","geometry":{"type":"Point","coordinates":[77.79277,13.03539]},"properties":{"name":"Poojena Agrahara Cross"}},{"type":"Feature","geometry":{"type":"Point","coordinates":[77.82842,12.98272]},"properties":{"name":"Devalapura Circle"}},{"type":"Feature","geometry":{"type":"Point","coordinates":[77.82458,12.96007]},"properties":{"name":"Obalapura"}},{"type":"Feature","geometry":{"type":"Point","coordinates":[77.82412,12.9563]},"properties":{"name":"Obalapura Gate"}},{"type":"Feature","geometry":{"type":"Point","coordinates":[77.87469,12.98074]},"properties":{"name":"Marasandra"}},{"type":"Feature","geometry":{"type":"Point","coordinates":[77.87193,12.96747]},"properties":{"name":"Domlur"}},{"type":"Feature","geometry":{"type":"Point","coordinates":[77.80155,13.07763]},"properties":{"name":"Hoskote Govt Hospital"}},{"type":"Feature","geometry":{"type":"Point","coordinates":[77.80243,13.07749]},"properties":{"name":"Hoskote Govt Hospital"}},{"type":"Feature","geometry":{"type":"Point","coordinates":[77.80133,13.07719]},"properties":{"name":"Hoskote Govt Hospital"}},{"type":"Feature","geometry":{"type":"Point","coordinates":[77.8019,13.07713]},"properties":{"name":"Hoskote Govt Hospital"}},{"type":"Feature","geometry":{"type":"Point","coordinates":[77.68829,12.90152]},"properties":{"name":"Halanayakanahalli"}},{"type":"Feature","geometry":{"type":"Point","coordinates":[77.6883,12.90147]},"properties":{"name":"Halanayakanahalli"}},{"type":"Feature","geometry":{"type":"Point","coordinates":[77.68479,12.89948]},"properties":{"name":"Kodandaramanagara"}},{"type":"Feature","geometry":{"type":"Point","coordinates":[77.68483,12.8995]},"properties":{"name":"Kodandaramanagara"}},{"type":"Feature","geometry":{"type":"Point","coordinates":[77.5158,12.95695]},"properties":{"name":"Nagarabhavi Village"}},{"type":"Feature","geometry":{"type":"Point","coordinates":[77.50939,12.95827]},"properties":{"name":"Nrupathunga Nagara"}},{"type":"Feature","geometry":{"type":"Point","coordinates":[77.50935,12.9582]},"properties":{"name":"Nrupathunga Nagara"}},{"type":"Feature","geometry":{"type":"Point","coordinates":[77.92271,13.06244]},"properties":{"name":"Gerupura Gate"}},{"type":"Feature","geometry":{"type":"Point","coordinates":[77.9227,13.06244]},"properties":{"name":"Gerupura Gate"}},{"type":"Feature","geometry":{"type":"Point","coordinates":[77.80833,13.07695]},"properties":{"name":"Dandupalya Gate"}},{"type":"Feature","geometry":{"type":"Point","coordinates":[77.89922,13.13265]},"properties":{"name":"Kembaliganahalli Gate"}},{"type":"Feature","geometry":{"type":"Point","coordinates":[77.89921,13.13264]},"properties":{"name":"Kembaliganahalli Gate"}},{"type":"Feature","geometry":{"type":"Point","coordinates":[77.90177,13.15247]},"properties":{"name":"Ganjalahalli"}},{"type":"Feature","geometry":{"type":"Point","coordinates":[77.90164,13.15249]},"properties":{"name":"Ganjalahalli"}},{"type":"Feature","geometry":{"type":"Point","coordinates":[77.66879,12.91878]},"properties":{"name":"Haraluru Cross"}},{"type":"Feature","geometry":{"type":"Point","coordinates":[77.66873,12.91877]},"properties":{"name":"Haraluru Cross"}},{"type":"Feature","geometry":{"type":"Point","coordinates":[77.91175,13.12778]},"properties":{"name":"Yalachahalli"}},{"type":"Feature","geometry":{"type":"Point","coordinates":[77.91178,13.12735]},"properties":{"name":"Yalachahalli"}},{"type":"Feature","geometry":{"type":"Point","coordinates":[77.93471,13.17713]},"properties":{"name":"Bylanarasapura"}},{"type":"Feature","geometry":{"type":"Point","coordinates":[77.93478,13.17713]},"properties":{"name":"Bylanarasapura"}},{"type":"Feature","geometry":{"type":"Point","coordinates":[77.93472,13.17716]},"properties":{"name":"Bylanarasapura"}},{"type":"Feature","geometry":{"type":"Point","coordinates":[77.93476,13.17716]},"properties":{"name":"Bylanarasapura"}},{"type":"Feature","geometry":{"type":"Point","coordinates":[77.5219,12.84892]},"properties":{"name":"Agara Gate Kanakapura Road"}},{"type":"Feature","geometry":{"type":"Point","coordinates":[77.87852,13.16714]},"properties":{"name":"Karapanahalli Gate"}},{"type":"Feature","geometry":{"type":"Point","coordinates":[77.87861,13.16707]},"properties":{"name":"Karapanahalli Gate"}},{"type":"Feature","geometry":{"type":"Point","coordinates":[77.49672,12.78048]},"properties":{"name":"Somanahalli Gate"}},{"type":"Feature","geometry":{"type":"Point","coordinates":[77.79502,13.07692]},"properties":{"name":"Santhe Gate"}},{"type":"Feature","geometry":{"type":"Point","coordinates":[77.79528,13.07665]},"properties":{"name":"Santhe Gate"}},{"type":"Feature","geometry":{"type":"Point","coordinates":[77.57568,12.96223]},"properties":{"name":"KR Market"}},{"type":"Feature","geometry":{"type":"Point","coordinates":[77.75377,12.87953]},"properties":{"name":"Dommasandra"}},{"type":"Feature","geometry":{"type":"Point","coordinates":[77.5628,12.90533]},"properties":{"name":"Kumaraswamy Layout Police Station"}},{"type":"Feature","geometry":{"type":"Point","coordinates":[77.78566,12.86124]},"properties":{"name":"Sarjapura"}},{"type":"Feature","geometry":{"type":"Point","coordinates":[77.69223,13.008]},"properties":{"name":"KR Puram Govt Hospital"}},{"type":"Feature","geometry":{"type":"Point","coordinates":[77.61629,12.96956]},"properties":{"name":"Hosmat Hospital"}},{"type":"Feature","geometry":{"type":"Point","coordinates":[77.73839,12.88735]},"properties":{"name":"Muttanalluru Cross"}},{"type":"Feature","geometry":{"type":"Point","coordinates":[77.73831,12.88738]},"properties":{"name":"Muttanalluru Cross"}},{"type":"Feature","geometry":{"type":"Point","coordinates":[77.64137,12.97851]},"properties":{"name":"Police Station Indiranagara"}},{"type":"Feature","geometry":{"type":"Point","coordinates":[77.65848,12.97156]},"properties":{"name":"BEML Gate"}},{"type":"Feature","geometry":{"type":"Point","coordinates":[77.65868,12.97148]},"properties":{"name":"BEML Gate"}},{"type":"Feature","geometry":{"type":"Point","coordinates":[77.50218,12.96135]},"properties":{"name":"Kengunte Village"}},{"type":"Feature","geometry":{"type":"Point","coordinates":[77.50232,12.96136]},"properties":{"name":"Kengunte Village"}},{"type":"Feature","geometry":{"type":"Point","coordinates":[77.50487,12.9603]},"properties":{"name":"Kengunte Circle"}},{"type":"Feature","geometry":{"type":"Point","coordinates":[77.48796,12.97149]},"properties":{"name":"Jn of Muddinapalya"}},{"type":"Feature","geometry":{"type":"Point","coordinates":[77.48809,12.97138]},"properties":{"name":"Jn of Muddinapalya"}},{"type":"Feature","geometry":{"type":"Point","coordinates":[77.70436,13.01719]},"properties":{"name":"TC Palya Gate"}},{"type":"Feature","geometry":{"type":"Point","coordinates":[77.67824,13.00113]},"properties":{"name":"KR Puram Railway Station"}},{"type":"Feature","geometry":{"type":"Point","coordinates":[77.65802,12.97155]},"properties":{"name":"BEML Gate"}},{"type":"Feature","geometry":{"type":"Point","coordinates":[77.78551,13.03341]},"properties":{"name":"Doddagattiganabbe Cross"}},{"type":"Feature","geometry":{"type":"Point","coordinates":[77.84653,13.0948]},"properties":{"name":"Gottipura Gate"}},{"type":"Feature","geometry":{"type":"Point","coordinates":[77.85554,13.09733]},"properties":{"name":"Attivatta Gate"}},{"type":"Feature","geometry":{"type":"Point","coordinates":[77.51416,12.82045]},"properties":{"name":"Udipalya"}},{"type":"Feature","geometry":{"type":"Point","coordinates":[77.54405,12.901]},"properties":{"name":"Police Station Subramanyapura"}},{"type":"Feature","geometry":{"type":"Point","coordinates":[77.54403,12.90106]},"properties":{"name":"Police Station Subramanyapura"}},{"type":"Feature","geometry":{"type":"Point","coordinates":[77.56161,12.9157]},"properties":{"name":"Kadirenahalli"}},{"type":"Feature","geometry":{"type":"Point","coordinates":[77.56169,12.91561]},"properties":{"name":"Kadirenahalli Village"}},{"type":"Feature","geometry":{"type":"Point","coordinates":[77.5783,12.93092]},"properties":{"name":"6th Block Jayanagara"}},{"type":"Feature","geometry":{"type":"Point","coordinates":[77.78692,13.07882]},"properties":{"name":"Hoskote Bus Stand"}},{"type":"Feature","geometry":{"type":"Point","coordinates":[77.76551,12.88182]},"properties":{"name":"Valagere Kallahalli Cross"}},{"type":"Feature","geometry":{"type":"Point","coordinates":[77.76555,12.8818]},"properties":{"name":"Valagere Kallahalli Cross"}},{"type":"Feature","geometry":{"type":"Point","coordinates":[77.86293,13.1188]},"properties":{"name":"Doddanallurahalli"}},{"type":"Feature","geometry":{"type":"Point","coordinates":[77.564,12.8905]},"properties":{"name":"Konanakunte Cross"}},{"type":"Feature","geometry":{"type":"Point","coordinates":[77.57631,12.94065]},"properties":{"name":"Gunasheela Hospital"}},{"type":"Feature","geometry":{"type":"Point","coordinates":[77.73449,12.83236]},"properties":{"name":"Muttanalluru"}},{"type":"Feature","geometry":{"type":"Point","coordinates":[77.91153,13.20404]},"properties":{"name":"Giddanahalli Gate"}},{"type":"Feature","geometry":{"type":"Point","coordinates":[77.91145,13.20405]},"properties":{"name":"Giddanahalli Gate"}},{"type":"Feature","geometry":{"type":"Point","coordinates":[77.91492,13.20077]},"properties":{"name":"Vaddahalli Gate"}},{"type":"Feature","geometry":{"type":"Point","coordinates":[77.91485,13.20078]},"properties":{"name":"Vaddahalli Gate"}},{"type":"Feature","geometry":{"type":"Point","coordinates":[77.57205,12.89354]},"properties":{"name":"Ganapathipura"}},{"type":"Feature","geometry":{"type":"Point","coordinates":[77.5719,12.89327]},"properties":{"name":"Ganapathipura"}},{"type":"Feature","geometry":{"type":"Point","coordinates":[77.57072,12.88651]},"properties":{"name":"Bekary Chunchaghatta"}},{"type":"Feature","geometry":{"type":"Point","coordinates":[77.57064,12.88646]},"properties":{"name":"Bekary Chunchaghatta"}},{"type":"Feature","geometry":{"type":"Point","coordinates":[77.59483,12.96712]},"properties":{"name":"Richmond Circle"}},{"type":"Feature","geometry":{"type":"Point","coordinates":[77.55745,12.89807]},"properties":{"name":"Bikashipura"}},{"type":"Feature","geometry":{"type":"Point","coordinates":[77.55771,12.89813]},"properties":{"name":"Bikashipura"}},{"type":"Feature","geometry":{"type":"Point","coordinates":[77.89633,13.08331]},"properties":{"name":"Dodda Nallala"}},{"type":"Feature","geometry":{"type":"Point","coordinates":[77.79397,12.85972]},"properties":{"name":"Chikka Thirupathi Cross"}},{"type":"Feature","geometry":{"type":"Point","coordinates":[77.80806,12.86346]},"properties":{"name":"Thindlu Sarjapura"}},{"type":"Feature","geometry":{"type":"Point","coordinates":[77.80812,12.86332]},"properties":{"name":"Thindlu Sarjapura"}},{"type":"Feature","geometry":{"type":"Point","coordinates":[77.49452,12.7589]},"properties":{"name":"Nettigere"}},{"type":"Feature","geometry":{"type":"Point","coordinates":[77.49448,12.7589]},"properties":{"name":"Nettigere"}},{"type":"Feature","geometry":{"type":"Point","coordinates":[77.5011,12.74814]},"properties":{"name":"Ravagodlu"}},{"type":"Feature","geometry":{"type":"Point","coordinates":[77.50113,12.74818]},"properties":{"name":"Ravagodlu"}},{"type":"Feature","geometry":{"type":"Point","coordinates":[77.67462,13.03367]},"properties":{"name":"Kalkere"}},{"type":"Feature","geometry":{"type":"Point","coordinates":[77.75016,12.96982]},"properties":{"name":"White Field Post Office"}},{"type":"Feature","geometry":{"type":"Point","coordinates":[77.74563,12.95706]},"properties":{"name":"Varthur Kodi"}},{"type":"Feature","geometry":{"type":"Point","coordinates":[77.74728,12.94007]},"properties":{"name":"Varthuru"}},{"type":"Feature","geometry":{"type":"Point","coordinates":[77.74728,12.94022]},"properties":{"name":"Varthuru"}},{"type":"Feature","geometry":{"type":"Point","coordinates":[77.74657,12.93792]},"properties":{"name":"Varthuru Police Station"}},{"type":"Feature","geometry":{"type":"Point","coordinates":[77.75238,12.8833]},"properties":{"name":"Dommasandra Circle"}},{"type":"Feature","geometry":{"type":"Point","coordinates":[77.75246,12.88325]},"properties":{"name":"Dommasandra Circle"}},{"type":"Feature","geometry":{"type":"Point","coordinates":[77.78369,12.86078]},"properties":{"name":"Sarjapura Circle"}},{"type":"Feature","geometry":{"type":"Point","coordinates":[77.78381,12.86096]},"properties":{"name":"Sarjapura Circle"}},{"type":"Feature","geometry":{"type":"Point","coordinates":[77.78557,12.86137]},"properties":{"name":"Sarjapura"}},{"type":"Feature","geometry":{"type":"Point","coordinates":[77.78379,12.80714]},"properties":{"name":"Bidaraguppe"}},{"type":"Feature","geometry":{"type":"Point","coordinates":[77.78252,12.7999]},"properties":{"name":"Anjaneya Temple Bidaraguppe"}},{"type":"Feature","geometry":{"type":"Point","coordinates":[77.76694,12.94645]},"properties":{"name":"Valepura Cross"}},{"type":"Feature","geometry":{"type":"Point","coordinates":[77.77237,12.94894]},"properties":{"name":"Valepura Gate"}},{"type":"Feature","geometry":{"type":"Point","coordinates":[77.78267,12.94532]},"properties":{"name":"Kotur"}},{"type":"Feature","geometry":{"type":"Point","coordinates":[77.79731,12.93666]},"properties":{"name":"Bellikere Cross"}},{"type":"Feature","geometry":{"type":"Point","coordinates":[77.79729,12.93664]},"properties":{"name":"Bellikere Cross"}},{"type":"Feature","geometry":{"type":"Point","coordinates":[77.79723,12.93038]},"properties":{"name":"Bellikere"}},{"type":"Feature","geometry":{"type":"Point","coordinates":[77.79724,12.93031]},"properties":{"name":"Bellikere"}},{"type":"Feature","geometry":{"type":"Point","coordinates":[77.73636,12.92129]},"properties":{"name":"Gunjuru"}},{"type":"Feature","geometry":{"type":"Point","coordinates":[77.70576,12.9356]},"properties":{"name":"Panathuru Cirlce"}},{"type":"Feature","geometry":{"type":"Point","coordinates":[77.72904,12.93963]},"properties":{"name":"Balagere"}},{"type":"Feature","geometry":{"type":"Point","coordinates":[77.7291,12.93955]},"properties":{"name":"Balagere"}},{"type":"Feature","geometry":{"type":"Point","coordinates":[77.74687,12.93824]},"properties":{"name":"Varthuru Police Station"}},{"type":"Feature","geometry":{"type":"Point","coordinates":[77.74685,12.93822]},"properties":{"name":"Varthuru Police Station"}},{"type":"Feature","geometry":{"type":"Point","coordinates":[77.78554,12.92429]},"properties":{"name":"Janthagundanahalli"}},{"type":"Feature","geometry":{"type":"Point","coordinates":[77.78558,12.92419]},"properties":{"name":"Janthagundanahalli"}},{"type":"Feature","geometry":{"type":"Point","coordinates":[77.79608,12.91774]},"properties":{"name":"Madappanahalli Cross"}},{"type":"Feature","geometry":{"type":"Point","coordinates":[77.79623,12.91758]},"properties":{"name":"Madappanahalli Cross"}},{"type":"Feature","geometry":{"type":"Point","coordinates":[77.79453,12.91287]},"properties":{"name":"Gonighattapura"}},{"type":"Feature","geometry":{"type":"Point","coordinates":[77.79446,12.91279]},"properties":{"name":"Gonighattapura Cross"}},{"type":"Feature","geometry":{"type":"Point","coordinates":[77.79275,12.90813]},"properties":{"name":"Kamanahalli Circle"}},{"type":"Feature","geometry":{"type":"Point","coordinates":[77.79268,12.90809]},"properties":{"name":"Kamanahalli Circle"}},{"type":"Feature","geometry":{"type":"Point","coordinates":[77.80842,12.89972]},"properties":{"name":"Kuguru Gate"}},{"type":"Feature","geometry":{"type":"Point","coordinates":[77.80842,12.8997]},"properties":{"name":"Kuguru Gate"}},{"type":"Feature","geometry":{"type":"Point","coordinates":[77.74165,12.9203]},"properties":{"name":"Hosahalli"}},{"type":"Feature","geometry":{"type":"Point","coordinates":[77.74162,12.92023]},"properties":{"name":"Hosahalli"}},{"type":"Feature","geometry":{"type":"Point","coordinates":[77.7546,12.9182]},"properties":{"name":"Thippasandra Gate"}},{"type":"Feature","geometry":{"type":"Point","coordinates":[77.54639,12.97032]},"properties":{"name":"Pipe Line Park"}},{"type":"Feature","geometry":{"type":"Point","coordinates":[77.75458,12.91819]},"properties":{"name":"Thippasandra Gate"}},{"type":"Feature","geometry":{"type":"Point","coordinates":[77.54513,12.96753]},"properties":{"name":"Pipeline Binni Layout"}},{"type":"Feature","geometry":{"type":"Point","coordinates":[77.79737,12.89338]},"properties":{"name":"Bhovipalya"}},{"type":"Feature","geometry":{"type":"Point","coordinates":[77.80202,12.88892]},"properties":{"name":"Kuthaganahalli"}},{"type":"Feature","geometry":{"type":"Point","coordinates":[77.80207,12.88896]},"properties":{"name":"Kuthaganahalli"}},{"type":"Feature","geometry":{"type":"Point","coordinates":[77.80624,12.95657]},"properties":{"name":"Muthkur"}},{"type":"Feature","geometry":{"type":"Point","coordinates":[77.81526,12.93973]},"properties":{"name":"Byalahalli"}},{"type":"Feature","geometry":{"type":"Point","coordinates":[77.85169,12.91119]},"properties":{"name":"Ganagaluru"}},{"type":"Feature","geometry":{"type":"Point","coordinates":[77.79481,12.96622]},"properties":{"name":"Naganayakanakote"}},{"type":"Feature","geometry":{"type":"Point","coordinates":[77.84224,12.89677]},"properties":{"name":"Baguru"}},{"type":"Feature","geometry":{"type":"Point","coordinates":[77.84275,12.89645]},"properties":{"name":"Baguru"}},{"type":"Feature","geometry":{"type":"Point","coordinates":[77.75593,12.90955]},"properties":{"name":"Ramanayakanahalli"}},{"type":"Feature","geometry":{"type":"Point","coordinates":[77.75587,12.90953]},"properties":{"name":"Ramanayakanahalli"}},{"type":"Feature","geometry":{"type":"Point","coordinates":[77.76313,12.96674]},"properties":{"name":"Immadihalli"}},{"type":"Feature","geometry":{"type":"Point","coordinates":[77.76309,12.96669]},"properties":{"name":"Immadihalli"}},{"type":"Feature","geometry":{"type":"Point","coordinates":[77.76326,12.96588]},"properties":{"name":"Immadihalli"}},{"type":"Feature","geometry":{"type":"Point","coordinates":[77.77131,12.97526]},"properties":{"name":"Nagondanahalli"}},{"type":"Feature","geometry":{"type":"Point","coordinates":[77.77134,12.97524]},"properties":{"name":"Nagondanahalli"}},{"type":"Feature","geometry":{"type":"Point","coordinates":[77.71097,12.97838]},"properties":{"name":"Graphite India"}},{"type":"Feature","geometry":{"type":"Point","coordinates":[77.69419,12.97147]},"properties":{"name":"Dodda Nekkundi"}},{"type":"Feature","geometry":{"type":"Point","coordinates":[77.69418,12.97146]},"properties":{"name":"Dodda Nekkundi"}},{"type":"Feature","geometry":{"type":"Point","coordinates":[77.6933,12.96793]},"properties":{"name":"Dodda Nekkundi"}},{"type":"Feature","geometry":{"type":"Point","coordinates":[77.52112,13.03817]},"properties":{"name":"Jalahalli Cross"}},{"type":"Feature","geometry":{"type":"Point","coordinates":[77.69341,12.9679]},"properties":{"name":"Dodda Nekkundi"}},{"type":"Feature","geometry":{"type":"Point","coordinates":[77.70799,12.94857]},"properties":{"name":"Munnekolalu"}},{"type":"Feature","geometry":{"type":"Point","coordinates":[77.75419,12.94666]},"properties":{"name":"Sorahunse"}},{"type":"Feature","geometry":{"type":"Point","coordinates":[77.75424,12.94669]},"properties":{"name":"Sorahunse"}},{"type":"Feature","geometry":{"type":"Point","coordinates":[77.7684,12.95709]},"properties":{"name":"Ajjagondanahalli"}},{"type":"Feature","geometry":{"type":"Point","coordinates":[77.7684,12.95708]},"properties":{"name":"Ajjagondanahalli"}},{"type":"Feature","geometry":{"type":"Point","coordinates":[77.7754,12.95769]},"properties":{"name":"Thimmadanahalli Gate"}},{"type":"Feature","geometry":{"type":"Point","coordinates":[77.77544,12.95762]},"properties":{"name":"Thimmadanahalli Gate"}},{"type":"Feature","geometry":{"type":"Point","coordinates":[77.76515,12.95621]},"properties":{"name":"Valepura"}},{"type":"Feature","geometry":{"type":"Point","coordinates":[77.76516,12.9562]},"properties":{"name":"Valepura"}},{"type":"Feature","geometry":{"type":"Point","coordinates":[77.64055,13.00733]},"properties":{"name":"Subbayanapalya"}},{"type":"Feature","geometry":{"type":"Point","coordinates":[77.64084,13.00759]},"properties":{"name":"Subbayanapalya"}},{"type":"Feature","geometry":{"type":"Point","coordinates":[77.6524,13.0145]},"properties":{"name":"Banasawadi"}},{"type":"Feature","geometry":{"type":"Point","coordinates":[77.65545,13.0188]},"properties":{"name":"Horamavu Signal"}},{"type":"Feature","geometry":{"type":"Point","coordinates":[77.65576,13.01937]},"properties":{"name":"Horamavu Signal"}},{"type":"Feature","geometry":{"type":"Point","coordinates":[77.65587,13.01935]},"properties":{"name":"Horamavu Signal"}},{"type":"Feature","geometry":{"type":"Point","coordinates":[77.66837,13.03098]},"properties":{"name":"Sun Shine School"}},{"type":"Feature","geometry":{"type":"Point","coordinates":[77.66821,13.03088]},"properties":{"name":"Sun Shine School"}},{"type":"Feature","geometry":{"type":"Point","coordinates":[77.68108,13.05195]},"properties":{"name":"Rampura Cross"}},{"type":"Feature","geometry":{"type":"Point","coordinates":[77.56449,12.91766]},"properties":{"name":"Kadirenahalli Park"}},{"type":"Feature","geometry":{"type":"Point","coordinates":[77.56442,12.91767]},"properties":{"name":"Kadirenahalli Park"}},{"type":"Feature","geometry":{"type":"Point","coordinates":[77.60975,13.06659]},"properties":{"name":"Sriramapura Circle"}},{"type":"Feature","geometry":{"type":"Point","coordinates":[77.60974,13.06655]},"properties":{"name":"Jn of Sriramapura Road"}},{"type":"Feature","geometry":{"type":"Point","coordinates":[77.60346,13.06881]},"properties":{"name":"Jakkur 18th Cross"}},{"type":"Feature","geometry":{"type":"Point","coordinates":[77.66801,13.13449]},"properties":{"name":"Bagalur"}},{"type":"Feature","geometry":{"type":"Point","coordinates":[77.55055,13.0234]},"properties":{"name":"New Railway Station Yeshwanthapura"}},{"type":"Feature","geometry":{"type":"Point","coordinates":[77.60342,13.0689]},"properties":{"name":"Jakkur 18th Cross"}},{"type":"Feature","geometry":{"type":"Point","coordinates":[77.61367,13.04248]},"properties":{"name":"Veerannapalya Cross"}},{"type":"Feature","geometry":{"type":"Point","coordinates":[77.63285,13.05609]},"properties":{"name":"Thanisandra"}},{"type":"Feature","geometry":{"type":"Point","coordinates":[77.6328,13.0561]},"properties":{"name":"Thanisandra"}},{"type":"Feature","geometry":{"type":"Point","coordinates":[77.66034,12.85076]},"properties":{"name":"Crown Plaza"}},{"type":"Feature","geometry":{"type":"Point","coordinates":[77.66016,12.8509]},"properties":{"name":"Crown Plaza"}},{"type":"Feature","geometry":{"type":"Point","coordinates":[77.60105,13.10353]},"properties":{"name":"Kogilu Cross"}},{"type":"Feature","geometry":{"type":"Point","coordinates":[77.59747,13.09902]},"properties":{"name":"Yelahanka Santhe Circle"}},{"type":"Feature","geometry":{"type":"Point","coordinates":[77.60212,12.93908]},"properties":{"name":"Bengaluru Dairy Circle"}},{"type":"Feature","geometry":{"type":"Point","coordinates":[77.59407,13.05586]},"properties":{"name":"Jn of Dasarahalli Road"}},{"type":"Feature","geometry":{"type":"Point","coordinates":[77.59405,13.05576]},"properties":{"name":"Jn of Dasarahalli Road"}},{"type":"Feature","geometry":{"type":"Point","coordinates":[77.59282,13.05746]},"properties":{"name":"Kodigehalli Gate"}},{"type":"Feature","geometry":{"type":"Point","coordinates":[77.57896,12.96374]},"properties":{"name":"KR Market"}},{"type":"Feature","geometry":{"type":"Point","coordinates":[77.63587,13.09721]},"properties":{"name":"Hazarath Tippu Nagara"}},{"type":"Feature","geometry":{"type":"Point","coordinates":[77.62417,13.03985]},"properties":{"name":"Jn of Nagavara"}},{"type":"Feature","geometry":{"type":"Point","coordinates":[77.55088,13.05365]},"properties":{"name":"Ramachandrapura Cross"}},{"type":"Feature","geometry":{"type":"Point","coordinates":[77.5933,13.08695]},"properties":{"name":"Allalasandra Gate"}},{"type":"Feature","geometry":{"type":"Point","coordinates":[77.57,13.10447]},"properties":{"name":"4th Phase Yelahanka New Town Iyengar Bakery"}},{"type":"Feature","geometry":{"type":"Point","coordinates":[77.57005,13.10436]},"properties":{"name":"4th Phase Yelahanka New Town Iyengar Bakery"}},{"type":"Feature","geometry":{"type":"Point","coordinates":[77.83458,13.20626]},"properties":{"name":"Bendiganahalli Cross"}},{"type":"Feature","geometry":{"type":"Point","coordinates":[77.59706,13.09916]},"properties":{"name":"Yelahanka Santhe Circle"}},{"type":"Feature","geometry":{"type":"Point","coordinates":[77.64888,13.25331]},"properties":{"name":"Devaganahalli"}},{"type":"Feature","geometry":{"type":"Point","coordinates":[77.65173,13.09439]},"properties":{"name":"Christal House Learning School"}},{"type":"Feature","geometry":{"type":"Point","coordinates":[77.59492,12.96256]},"properties":{"name":"Walker Langford Road"}},{"type":"Feature","geometry":{"type":"Point","coordinates":[77.59631,12.96502]},"properties":{"name":"Richmond Circle (PF Office Under Fly Over)"}},{"type":"Feature","geometry":{"type":"Point","coordinates":[77.50189,12.91804]},"properties":{"name":"Mind Tree Global Village"}},{"type":"Feature","geometry":{"type":"Point","coordinates":[77.65408,12.95927]},"properties":{"name":"CS-Golden Enclave"}},{"type":"Feature","geometry":{"type":"Point","coordinates":[77.5886,13.08826]},"properties":{"name":"Allalasandra"}},{"type":"Feature","geometry":{"type":"Point","coordinates":[77.62046,12.94926]},"properties":{"name":"National Games Village Gate"}},{"type":"Feature","geometry":{"type":"Point","coordinates":[77.65168,13.0943]},"properties":{"name":"Christal House Learning School"}},{"type":"Feature","geometry":{"type":"Point","coordinates":[77.57479,13.09877]},"properties":{"name":"Mother Dairy Yelahanka"}},{"type":"Feature","geometry":{"type":"Point","coordinates":[77.5741,13.09884]},"properties":{"name":"Mother Dairy Yelahanka"}},{"type":"Feature","geometry":{"type":"Point","coordinates":[77.58867,13.0882]},"properties":{"name":"Allalasandra"}},{"type":"Feature","geometry":{"type":"Point","coordinates":[77.58066,12.98771]},"properties":{"name":"Sindhi High School"}},{"type":"Feature","geometry":{"type":"Point","coordinates":[77.58061,12.98768]},"properties":{"name":"Sindhi High School"}},{"type":"Feature","geometry":{"type":"Point","coordinates":[77.59837,13.05]},"properties":{"name":"Sindhi High School Kuvempu Road"}},{"type":"Feature","geometry":{"type":"Point","coordinates":[77.63713,12.97323]},"properties":{"name":"Indiranagara 6th Main"}},{"type":"Feature","geometry":{"type":"Point","coordinates":[77.64099,12.97817]},"properties":{"name":"Police Station Indiranagara"}},{"type":"Feature","geometry":{"type":"Point","coordinates":[77.58438,13.11953]},"properties":{"name":"Kenchanahalli Yelahanka"}},{"type":"Feature","geometry":{"type":"Point","coordinates":[77.58444,13.11949]},"properties":{"name":"Kenchanahalli Yelahanka"}},{"type":"Feature","geometry":{"type":"Point","coordinates":[77.63109,13.12713]},"properties":{"name":"STF BSF"}},{"type":"Feature","geometry":{"type":"Point","coordinates":[77.63201,13.12821]},"properties":{"name":"STF BSF"}},{"type":"Feature","geometry":{"type":"Point","coordinates":[77.58834,12.98006]},"properties":{"name":"Vidhana Soudha"}},{"type":"Feature","geometry":{"type":"Point","coordinates":[77.58865,12.981]},"properties":{"name":"Vidhana Soudha"}},{"type":"Feature","geometry":{"type":"Point","coordinates":[77.5789,13.07857]},"properties":{"name":"GKVK"}},{"type":"Feature","geometry":{"type":"Point","coordinates":[77.59228,13.07256]},"properties":{"name":"GKVK Gate"}},{"type":"Feature","geometry":{"type":"Point","coordinates":[77.59226,13.07267]},"properties":{"name":"GKVK Gate"}},{"type":"Feature","geometry":{"type":"Point","coordinates":[77.54594,13.09721]},"properties":{"name":"Amba Bhavani Nagara"}},{"type":"Feature","geometry":{"type":"Point","coordinates":[77.54599,13.09712]},"properties":{"name":"Amba Bhavani Nagara"}},{"type":"Feature","geometry":{"type":"Point","coordinates":[77.54843,13.08161]},"properties":{"name":"MS Palya"}},{"type":"Feature","geometry":{"type":"Point","coordinates":[77.61996,13.15202]},"properties":{"name":"SMVIT Cross"}},{"type":"Feature","geometry":{"type":"Point","coordinates":[77.54791,13.04518]},"properties":{"name":"Jalahalli Village"}},{"type":"Feature","geometry":{"type":"Point","coordinates":[77.55416,13.03277]},"properties":{"name":"Chowdeshwari Bus Stand JP Park"}},{"type":"Feature","geometry":{"type":"Point","coordinates":[77.55435,13.03289]},"properties":{"name":"Chowdeshwari Bus Stand JP Park"}},{"type":"Feature","geometry":{"type":"Point","coordinates":[77.68213,13.22139]},"properties":{"name":"Kannamangalapalya Gate"}},{"type":"Feature","geometry":{"type":"Point","coordinates":[77.70154,13.29753]},"properties":{"name":"Kaatumariyammana Devasthana"}},{"type":"Feature","geometry":{"type":"Point","coordinates":[77.70112,13.29925]},"properties":{"name":"Kodalagurki"}},{"type":"Feature","geometry":{"type":"Point","coordinates":[77.62546,13.279]},"properties":{"name":"Chapparadakallu"}},{"type":"Feature","geometry":{"type":"Point","coordinates":[77.62541,13.27921]},"properties":{"name":"Chapparakallu"}},{"type":"Feature","geometry":{"type":"Point","coordinates":[77.70275,13.14401]},"properties":{"name":"Mahadeva Kodigehalli"}},{"type":"Feature","geometry":{"type":"Point","coordinates":[77.7028,13.14397]},"properties":{"name":"Mahadeva Kodigehalli"}},{"type":"Feature","geometry":{"type":"Point","coordinates":[77.47998,13.16122]},"properties":{"name":"Indo Dyanish Farm"}},{"type":"Feature","geometry":{"type":"Point","coordinates":[77.59846,13.04994]},"properties":{"name":"Sindhi High School Kuvempu Road"}},{"type":"Feature","geometry":{"type":"Point","coordinates":[77.71237,13.25754]},"properties":{"name":"Nandi Cross"}},{"type":"Feature","geometry":{"type":"Point","coordinates":[77.69894,13.25786]},"properties":{"name":"Kodimanchanahalli Gate"}},{"type":"Feature","geometry":{"type":"Point","coordinates":[77.69905,13.25775]},"properties":{"name":"Kodimanchanahalli Gate"}},{"type":"Feature","geometry":{"type":"Point","coordinates":[77.69536,13.25805]},"properties":{"name":"Savukanahalli Gate"}},{"type":"Feature","geometry":{"type":"Point","coordinates":[77.69544,13.25815]},"properties":{"name":"Savukanahalli Gate"}},{"type":"Feature","geometry":{"type":"Point","coordinates":[77.53016,13.17259]},"properties":{"name":"Dibbur Cross"}},{"type":"Feature","geometry":{"type":"Point","coordinates":[77.5301,13.1727]},"properties":{"name":"Dibbur Cross"}},{"type":"Feature","geometry":{"type":"Point","coordinates":[77.48023,13.16133]},"properties":{"name":"Indo Dyanish Farm"}},{"type":"Feature","geometry":{"type":"Point","coordinates":[77.62915,13.06833]},"properties":{"name":"Shivaram Karanth Nagara"}},{"type":"Feature","geometry":{"type":"Point","coordinates":[77.63339,13.0677]},"properties":{"name":"K Narayanapura Cross"}},{"type":"Feature","geometry":{"type":"Point","coordinates":[77.5542,13.04398]},"properties":{"name":"MES Road"}},{"type":"Feature","geometry":{"type":"Point","coordinates":[77.5766,13.12312]},"properties":{"name":"CRPF Campus"}},{"type":"Feature","geometry":{"type":"Point","coordinates":[77.528,13.21529]},"properties":{"name":"Kakkehalli"}},{"type":"Feature","geometry":{"type":"Point","coordinates":[77.59998,13.22853]},"properties":{"name":"Thindlu Cross"}},{"type":"Feature","geometry":{"type":"Point","coordinates":[77.71246,13.27774]},"properties":{"name":"Neeleri Gate"}},{"type":"Feature","geometry":{"type":"Point","coordinates":[77.71255,13.27781]},"properties":{"name":"Neeleri Gate"}},{"type":"Feature","geometry":{"type":"Point","coordinates":[77.52296,13.20105]},"properties":{"name":"Byrapura Village"}},{"type":"Feature","geometry":{"type":"Point","coordinates":[77.5229,13.20106]},"properties":{"name":"Byrapura Village"}},{"type":"Feature","geometry":{"type":"Point","coordinates":[77.5803,13.246]},"properties":{"name":"Sulikunte"}},{"type":"Feature","geometry":{"type":"Point","coordinates":[77.58037,13.24585]},"properties":{"name":"Sulikunte"}},{"type":"Feature","geometry":{"type":"Point","coordinates":[77.70111,13.25111]},"properties":{"name":"Akkipete"}},{"type":"Feature","geometry":{"type":"Point","coordinates":[77.70127,13.25092]},"properties":{"name":"Akkipete"}},{"type":"Feature","geometry":{"type":"Point","coordinates":[77.50304,13.07342]},"properties":{"name":"Janapriya Apartment"}},{"type":"Feature","geometry":{"type":"Point","coordinates":[77.48879,13.09342]},"properties":{"name":"Soladevanahalli Police Station"}},{"type":"Feature","geometry":{"type":"Point","coordinates":[77.48275,13.1159]},"properties":{"name":"Hurali Chikkanahalli"}},{"type":"Feature","geometry":{"type":"Point","coordinates":[77.5393,13.10122]},"properties":{"name":"Rainbow Layout"}},{"type":"Feature","geometry":{"type":"Point","coordinates":[77.48366,13.12544]},"properties":{"name":"Thirumalapura"}},{"type":"Feature","geometry":{"type":"Point","coordinates":[77.48083,13.1013]},"properties":{"name":"Tharabanahalli"}},{"type":"Feature","geometry":{"type":"Point","coordinates":[77.50501,13.06395]},"properties":{"name":"Bone Mill"}},{"type":"Feature","geometry":{"type":"Point","coordinates":[77.50729,13.057]},"properties":{"name":"Bagalagunte"}},{"type":"Feature","geometry":{"type":"Point","coordinates":[77.53831,13.07956]},"properties":{"name":"Singapura"}},{"type":"Feature","geometry":{"type":"Point","coordinates":[77.54142,13.07306]},"properties":{"name":"2nd stage Kuvempunagara"}},{"type":"Feature","geometry":{"type":"Point","coordinates":[77.54144,13.0695]},"properties":{"name":"Kuvempunagara"}},{"type":"Feature","geometry":{"type":"Point","coordinates":[77.63231,13.05592]},"properties":{"name":"Thanisandra"}},{"type":"Feature","geometry":{"type":"Point","coordinates":[77.63235,13.05597]},"properties":{"name":"Thanisandra"}},{"type":"Feature","geometry":{"type":"Point","coordinates":[77.54817,13.0818]},"properties":{"name":"MS Palya"}},{"type":"Feature","geometry":{"type":"Point","coordinates":[77.54815,13.08175]},"properties":{"name":"MS Palya"}},{"type":"Feature","geometry":{"type":"Point","coordinates":[77.51421,13.21311]},"properties":{"name":"Haniyuru"}},{"type":"Feature","geometry":{"type":"Point","coordinates":[77.51452,13.21322]},"properties":{"name":"Haniyuru"}},{"type":"Feature","geometry":{"type":"Point","coordinates":[77.57809,13.23909]},"properties":{"name":"Juttanahalli"}},{"type":"Feature","geometry":{"type":"Point","coordinates":[77.57804,13.23916]},"properties":{"name":"Juttanahalli"}},{"type":"Feature","geometry":{"type":"Point","coordinates":[77.60018,12.91903]},"properties":{"name":"Gurappanapalya"}},{"type":"Feature","geometry":{"type":"Point","coordinates":[77.57651,13.20321]},"properties":{"name":"Margondanahalli Cross"}},{"type":"Feature","geometry":{"type":"Point","coordinates":[77.62376,13.20209]},"properties":{"name":"Bhovipalya"}},{"type":"Feature","geometry":{"type":"Point","coordinates":[77.581,12.81363]},"properties":{"name":"Bannerughatta Circle"}},{"type":"Feature","geometry":{"type":"Point","coordinates":[77.63308,13.02803]},"properties":{"name":"Hennur Junction"}},{"type":"Feature","geometry":{"type":"Point","coordinates":[77.67854,13.01183]},"properties":{"name":"Ramamurthy Nagara Church"}},{"type":"Feature","geometry":{"type":"Point","coordinates":[77.49943,13.06099]},"properties":{"name":"MEI Layout"}},{"type":"Feature","geometry":{"type":"Point","coordinates":[77.49947,13.06104]},"properties":{"name":"MEI Layout"}},{"type":"Feature","geometry":{"type":"Point","coordinates":[77.61891,13.07483]},"properties":{"name":"Sri Venkateshwara Nagara"}},{"type":"Feature","geometry":{"type":"Point","coordinates":[77.54181,12.88565]},"properties":{"name":"Gubbalala"}},{"type":"Feature","geometry":{"type":"Point","coordinates":[77.54176,12.88562]},"properties":{"name":"Gubbalala"}},{"type":"Feature","geometry":{"type":"Point","coordinates":[77.55071,12.88422]},"properties":{"name":"Gubbalala Gate"}},{"type":"Feature","geometry":{"type":"Point","coordinates":[77.61887,13.07475]},"properties":{"name":"Sri Venkateshwara Nagara"}},{"type":"Feature","geometry":{"type":"Point","coordinates":[77.7661,12.99656]},"properties":{"name":"Kadugodi Bapuji Circle"}},{"type":"Feature","geometry":{"type":"Point","coordinates":[77.75855,12.9967]},"properties":{"name":"Kadugodi Railway Station"}},{"type":"Feature","geometry":{"type":"Point","coordinates":[77.76164,12.99699]},"properties":{"name":"Kadugodi Govt Hospital"}},{"type":"Feature","geometry":{"type":"Point","coordinates":[77.76167,12.99692]},"properties":{"name":"Kadugodi Govt Hospital"}},{"type":"Feature","geometry":{"type":"Point","coordinates":[77.76403,12.99766]},"properties":{"name":"Kadugodi Ayyappa Temple"}},{"type":"Feature","geometry":{"type":"Point","coordinates":[77.76402,12.99758]},"properties":{"name":"Kadugodi Ayyappa Temple"}},{"type":"Feature","geometry":{"type":"Point","coordinates":[77.5045,13.00366]},"properties":{"name":"Hegganahalli"}},{"type":"Feature","geometry":{"type":"Point","coordinates":[77.50472,13.00391]},"properties":{"name":"Hegganahalli"}},{"type":"Feature","geometry":{"type":"Point","coordinates":[77.61048,12.9735]},"properties":{"name":"Mayohall"}},{"type":"Feature","geometry":{"type":"Point","coordinates":[77.64062,12.98375]},"properties":{"name":"Binnamangala"}},{"type":"Feature","geometry":{"type":"Point","coordinates":[77.5055,13.00746]},"properties":{"name":"Milk Dairy Hegganahalli"}},{"type":"Feature","geometry":{"type":"Point","coordinates":[77.64075,12.98386]},"properties":{"name":"Binnamangala"}},{"type":"Feature","geometry":{"type":"Point","coordinates":[77.50544,13.00739]},"properties":{"name":"Milk Dairy Hegganahalli"}},{"type":"Feature","geometry":{"type":"Point","coordinates":[77.71484,13.03257]},"properties":{"name":"Parvathi Nagara"}},{"type":"Feature","geometry":{"type":"Point","coordinates":[77.71471,13.03272]},"properties":{"name":"Parvathi Nagara"}},{"type":"Feature","geometry":{"type":"Point","coordinates":[77.70509,13.01042]},"properties":{"name":"Gayathri Layout"}},{"type":"Feature","geometry":{"type":"Point","coordinates":[77.73657,13.02638]},"properties":{"name":"Veeranahalli"}},{"type":"Feature","geometry":{"type":"Point","coordinates":[77.69011,13.02526]},"properties":{"name":"Varanasi"}},{"type":"Feature","geometry":{"type":"Point","coordinates":[77.71926,12.99619]},"properties":{"name":"Kodigehalli Cross"}},{"type":"Feature","geometry":{"type":"Point","coordinates":[77.72032,13.02643]},"properties":{"name":"Medahalli"}},{"type":"Feature","geometry":{"type":"Point","coordinates":[77.73665,12.9977]},"properties":{"name":"Sadaramangala Gate"}},{"type":"Feature","geometry":{"type":"Point","coordinates":[77.50176,13.05693]},"properties":{"name":"Bagalagunte Village"}},{"type":"Feature","geometry":{"type":"Point","coordinates":[77.50663,13.05999]},"properties":{"name":"MEI Layout Arch"}},{"type":"Feature","geometry":{"type":"Point","coordinates":[77.50661,13.05994]},"properties":{"name":"MEI Layout Arch"}},{"type":"Feature","geometry":{"type":"Point","coordinates":[77.78242,12.85353]},"properties":{"name":"Jn of Bikkanahalli Road"}},{"type":"Feature","geometry":{"type":"Point","coordinates":[77.78247,12.85358]},"properties":{"name":"Jn of Bikkanahalli Road"}},{"type":"Feature","geometry":{"type":"Point","coordinates":[77.54614,12.91639]},"properties":{"name":"Naidu Layout Chikkalasandra"}},{"type":"Feature","geometry":{"type":"Point","coordinates":[77.54599,12.91633]},"properties":{"name":"Naidu Layout Chikkalasandra"}},{"type":"Feature","geometry":{"type":"Point","coordinates":[77.71385,12.96433]},"properties":{"name":"AECS Layout"}},{"type":"Feature","geometry":{"type":"Point","coordinates":[77.73636,13.02693]},"properties":{"name":"Veeranahalli"}},{"type":"Feature","geometry":{"type":"Point","coordinates":[77.67393,12.83703]},"properties":{"name":"Veerasandra Village"}},{"type":"Feature","geometry":{"type":"Point","coordinates":[77.65582,12.83386]},"properties":{"name":"Shikaripalya"}},{"type":"Feature","geometry":{"type":"Point","coordinates":[77.65573,12.83388]},"properties":{"name":"Shikaripalya"}},{"type":"Feature","geometry":{"type":"Point","coordinates":[77.47461,13.11457]},"properties":{"name":"Thore Nagasandra"}},{"type":"Feature","geometry":{"type":"Point","coordinates":[77.47468,13.11457]},"properties":{"name":"Thore Nagasandra"}},{"type":"Feature","geometry":{"type":"Point","coordinates":[77.53616,12.88854]},"properties":{"name":"Karishma Hills"}},{"type":"Feature","geometry":{"type":"Point","coordinates":[77.53623,12.88854]},"properties":{"name":"Karishma Hills"}},{"type":"Feature","geometry":{"type":"Point","coordinates":[77.46497,12.93003]},"properties":{"name":"Kommaghatta"}},{"type":"Feature","geometry":{"type":"Point","coordinates":[77.55988,12.90095]},"properties":{"name":"West Cross Kumaraswamy Layout"}},{"type":"Feature","geometry":{"type":"Point","coordinates":[77.55992,12.90092]},"properties":{"name":"West Cross Kumaraswamy Layout"}},{"type":"Feature","geometry":{"type":"Point","coordinates":[77.46168,12.93258]},"properties":{"name":"Ramasandra Cross"}},{"type":"Feature","geometry":{"type":"Point","coordinates":[77.44821,12.93433]},"properties":{"name":"Byrohalli Gate"}},{"type":"Feature","geometry":{"type":"Point","coordinates":[77.70881,13.03622]},"properties":{"name":"Kittaganuru Cross"}},{"type":"Feature","geometry":{"type":"Point","coordinates":[77.7089,13.03624]},"properties":{"name":"Kittaganuru Cross"}},{"type":"Feature","geometry":{"type":"Point","coordinates":[77.70406,12.85279]},"properties":{"name":"Gulimangala"}},{"type":"Feature","geometry":{"type":"Point","coordinates":[77.70411,12.8529]},"properties":{"name":"Gulimangala"}},{"type":"Feature","geometry":{"type":"Point","coordinates":[77.71179,12.85266]},"properties":{"name":"Chinthala Madivala"}},{"type":"Feature","geometry":{"type":"Point","coordinates":[77.71173,12.85269]},"properties":{"name":"Chinthala Madivala"}},{"type":"Feature","geometry":{"type":"Point","coordinates":[77.64991,12.88306]},"properties":{"name":"AECS Layout"}},{"type":"Feature","geometry":{"type":"Point","coordinates":[77.65018,12.88286]},"properties":{"name":"AECS Layout"}},{"type":"Feature","geometry":{"type":"Point","coordinates":[77.68732,12.84243]},"properties":{"name":"Singena Agrahara Cross Fruits Market"}},{"type":"Feature","geometry":{"type":"Point","coordinates":[77.64158,13.18443]},"properties":{"name":"Meenakunte Hosuru"}},{"type":"Feature","geometry":{"type":"Point","coordinates":[77.64149,13.18461]},"properties":{"name":"Meenakunte Hosuru"}},{"type":"Feature","geometry":{"type":"Point","coordinates":[77.5968,12.91701]},"properties":{"name":"East End Jayanagara"}},{"type":"Feature","geometry":{"type":"Point","coordinates":[77.59711,12.92171]},"properties":{"name":"Pump House Jayanagara"}},{"type":"Feature","geometry":{"type":"Point","coordinates":[77.59694,12.92177]},"properties":{"name":"Pump House Jayanagara"}},{"type":"Feature","geometry":{"type":"Point","coordinates":[77.7719,12.86193]},"properties":{"name":"Sompura Gate"}},{"type":"Feature","geometry":{"type":"Point","coordinates":[77.77189,12.86205]},"properties":{"name":"Sompura Gate"}},{"type":"Feature","geometry":{"type":"Point","coordinates":[77.50698,13.05657]},"properties":{"name":"Bagalagunte"}},{"type":"Feature","geometry":{"type":"Point","coordinates":[77.50487,13.06375]},"properties":{"name":"Bone Mill"}},{"type":"Feature","geometry":{"type":"Point","coordinates":[77.50484,13.0638]},"properties":{"name":"Bone Mill"}},{"type":"Feature","geometry":{"type":"Point","coordinates":[77.82744,12.88201]},"properties":{"name":"Pandithana Agrahara"}},{"type":"Feature","geometry":{"type":"Point","coordinates":[77.82741,12.88219]},"properties":{"name":"Pandithana Agrahara"}},{"type":"Feature","geometry":{"type":"Point","coordinates":[77.5417,12.88546]},"properties":{"name":"Gubbalala"}},{"type":"Feature","geometry":{"type":"Point","coordinates":[77.54176,12.88547]},"properties":{"name":"Gubbalala"}},{"type":"Feature","geometry":{"type":"Point","coordinates":[77.53376,12.86212]},"properties":{"name":"Vajramuneshwara Temple"}},{"type":"Feature","geometry":{"type":"Point","coordinates":[77.49935,13.07217]},"properties":{"name":"Chimni Hills"}},{"type":"Feature","geometry":{"type":"Point","coordinates":[77.49937,13.07222]},"properties":{"name":"Chimni Hills"}},{"type":"Feature","geometry":{"type":"Point","coordinates":[77.53403,12.86195]},"properties":{"name":"Vajramuneshwara Temple"}},{"type":"Feature","geometry":{"type":"Point","coordinates":[77.49808,12.9032]},"properties":{"name":"BGS Health City"}},{"type":"Feature","geometry":{"type":"Point","coordinates":[77.49822,12.90313]},"properties":{"name":"BGS Health City"}},{"type":"Feature","geometry":{"type":"Point","coordinates":[77.48923,13.07837]},"properties":{"name":"Thammenahalli"}},{"type":"Feature","geometry":{"type":"Point","coordinates":[77.48932,13.0782]},"properties":{"name":"Thammenahalli"}},{"type":"Feature","geometry":{"type":"Point","coordinates":[77.57716,12.96379]},"properties":{"name":"KR Market"}},{"type":"Feature","geometry":{"type":"Point","coordinates":[77.70886,13.08506]},"properties":{"name":"Gundur Colony"}},{"type":"Feature","geometry":{"type":"Point","coordinates":[77.7825,12.85351]},"properties":{"name":"Jn of Bikkanahalli"}},{"type":"Feature","geometry":{"type":"Point","coordinates":[77.54657,13.10432]},"properties":{"name":"Shamarajapura"}},{"type":"Feature","geometry":{"type":"Point","coordinates":[77.54663,13.10419]},"properties":{"name":"Shamarajapura"}},{"type":"Feature","geometry":{"type":"Point","coordinates":[77.56512,12.90062]},"properties":{"name":"Chandra Nagara"}},{"type":"Feature","geometry":{"type":"Point","coordinates":[77.55466,12.90339]},"properties":{"name":"Kumaraswamy Layout West"}},{"type":"Feature","geometry":{"type":"Point","coordinates":[77.55474,12.90335]},"properties":{"name":"Kumaraswamy Layout West"}},{"type":"Feature","geometry":{"type":"Point","coordinates":[77.65615,12.96755]},"properties":{"name":"Petrol Bunk"}},{"type":"Feature","geometry":{"type":"Point","coordinates":[77.65593,12.96747]},"properties":{"name":"Petrol Bunk"}},{"type":"Feature","geometry":{"type":"Point","coordinates":[77.55239,12.89626]},"properties":{"name":"Vasanthapura Temple"}},{"type":"Feature","geometry":{"type":"Point","coordinates":[77.55291,12.89496]},"properties":{"name":"Vasanthapura"}},{"type":"Feature","geometry":{"type":"Point","coordinates":[77.64962,12.96857]},"properties":{"name":"Kodihalli"}},{"type":"Feature","geometry":{"type":"Point","coordinates":[77.64962,12.96853]},"properties":{"name":"Kodihalli"}},{"type":"Feature","geometry":{"type":"Point","coordinates":[77.44522,13.06967]},"properties":{"name":"Adakimaranahalli Gate"}},{"type":"Feature","geometry":{"type":"Point","coordinates":[77.4452,13.06977]},"properties":{"name":"Adakimaranahalli Gate"}},{"type":"Feature","geometry":{"type":"Point","coordinates":[77.66805,12.97548]},"properties":{"name":"Byrasandra Cross"}},{"type":"Feature","geometry":{"type":"Point","coordinates":[77.6681,12.97541]},"properties":{"name":"Byrasandra Cross"}},{"type":"Feature","geometry":{"type":"Point","coordinates":[77.67038,12.9748]},"properties":{"name":"Malleshpalya"}},{"type":"Feature","geometry":{"type":"Point","coordinates":[77.67027,12.97473]},"properties":{"name":"Malleshpalya"}},{"type":"Feature","geometry":{"type":"Point","coordinates":[77.68204,12.96413]},"properties":{"name":"Rameshnagara"}},{"type":"Feature","geometry":{"type":"Point","coordinates":[77.68201,12.9641]},"properties":{"name":"Rameshnagara"}},{"type":"Feature","geometry":{"type":"Point","coordinates":[77.61792,13.08187]},"properties":{"name":"Sampigehalli"}},{"type":"Feature","geometry":{"type":"Point","coordinates":[77.61784,13.08187]},"properties":{"name":"Sampigehalli"}},{"type":"Feature","geometry":{"type":"Point","coordinates":[77.61833,13.09787]},"properties":{"name":"Agrahara Layout Cross"}},{"type":"Feature","geometry":{"type":"Point","coordinates":[77.72098,13.02625]},"properties":{"name":"Medahalli"}},{"type":"Feature","geometry":{"type":"Point","coordinates":[77.61842,13.09781]},"properties":{"name":"Agrahara Layout Cross"}},{"type":"Feature","geometry":{"type":"Point","coordinates":[77.66562,12.98146]},"properties":{"name":"Byrasandra"}},{"type":"Feature","geometry":{"type":"Point","coordinates":[77.47742,12.91903]},"properties":{"name":"Bandemutt Gate Kengeri"}},{"type":"Feature","geometry":{"type":"Point","coordinates":[77.47744,12.91909]},"properties":{"name":"Bandemutt Gate Kengeri"}},{"type":"Feature","geometry":{"type":"Point","coordinates":[77.47359,12.91282]},"properties":{"name":"Bande Mutt Badavane Radiant Enclave"}},{"type":"Feature","geometry":{"type":"Point","coordinates":[77.68162,12.97166]},"properties":{"name":"Srirama Reddy Layout"}},{"type":"Feature","geometry":{"type":"Point","coordinates":[77.4736,12.91276]},"properties":{"name":"Bande Mutt Badavane Radiant Enclave"}},{"type":"Feature","geometry":{"type":"Point","coordinates":[77.4519,12.93302]},"properties":{"name":"Banglow Sulikere"}},{"type":"Feature","geometry":{"type":"Point","coordinates":[77.45183,12.933]},"properties":{"name":"Banglow Sulikere"}},{"type":"Feature","geometry":{"type":"Point","coordinates":[77.65881,12.97114]},"properties":{"name":"BEML Gate"}},{"type":"Feature","geometry":{"type":"Point","coordinates":[77.64004,12.94575]},"properties":{"name":"Military Bridge"}},{"type":"Feature","geometry":{"type":"Point","coordinates":[77.66406,12.98552]},"properties":{"name":"CV Raman Nagara"}},{"type":"Feature","geometry":{"type":"Point","coordinates":[77.66394,12.98543]},"properties":{"name":"CV Raman Nagara"}},{"type":"Feature","geometry":{"type":"Point","coordinates":[77.58337,12.91715]},"properties":{"name":"5th Block Jayanagara"}},{"type":"Feature","geometry":{"type":"Point","coordinates":[77.52234,12.95456]},"properties":{"name":"Chandra Layout 1st Stage"}},{"type":"Feature","geometry":{"type":"Point","coordinates":[77.52979,12.95132]},"properties":{"name":"BCC Layout"}},{"type":"Feature","geometry":{"type":"Point","coordinates":[77.41884,12.93739]},"properties":{"name":"Gulaganjahalli"}},{"type":"Feature","geometry":{"type":"Point","coordinates":[77.4188,12.93748]},"properties":{"name":"Gulaganjahalli"}},{"type":"Feature","geometry":{"type":"Point","coordinates":[77.41599,12.942]},"properties":{"name":"Halubhavi Palya"}},{"type":"Feature","geometry":{"type":"Point","coordinates":[77.41605,12.94204]},"properties":{"name":"Halubhavi Palya"}},{"type":"Feature","geometry":{"type":"Point","coordinates":[77.52051,12.81788]},"properties":{"name":"OB Chudanahalli"}},{"type":"Feature","geometry":{"type":"Point","coordinates":[77.48447,12.7652]},"properties":{"name":"Hosa Doddy"}},{"type":"Feature","geometry":{"type":"Point","coordinates":[77.52798,12.90217]},"properties":{"name":"Banashankari 5th Stage"}},{"type":"Feature","geometry":{"type":"Point","coordinates":[77.52807,12.9022]},"properties":{"name":"Banashankari 5th Stage"}},{"type":"Feature","geometry":{"type":"Point","coordinates":[77.72469,12.83787]},"properties":{"name":"Narayanaghatta Gate"}},{"type":"Feature","geometry":{"type":"Point","coordinates":[77.50917,12.73519]},"properties":{"name":"Bettahalli Kaval"}},{"type":"Feature","geometry":{"type":"Point","coordinates":[77.50921,12.73517]},"properties":{"name":"Bettahalli Kaval"}},{"type":"Feature","geometry":{"type":"Point","coordinates":[77.43644,12.75684]},"properties":{"name":"Bannigiri"}},{"type":"Feature","geometry":{"type":"Point","coordinates":[77.6546,13.00747]},"properties":{"name":"SRR Kalyana Mantapa"}},{"type":"Feature","geometry":{"type":"Point","coordinates":[77.65464,13.00744]},"properties":{"name":"SRR Kalyana Mantapa"}},{"type":"Feature","geometry":{"type":"Point","coordinates":[77.43322,12.7472]},"properties":{"name":"Bannigiri Cross"}},{"type":"Feature","geometry":{"type":"Point","coordinates":[77.43319,12.74726]},"properties":{"name":"Bannigiri Cross"}},{"type":"Feature","geometry":{"type":"Point","coordinates":[77.44006,12.7329]},"properties":{"name":"Kempaiahnapalya Cross"}},{"type":"Feature","geometry":{"type":"Point","coordinates":[77.44002,12.73286]},"properties":{"name":"Kempaiahnapalya Cross"}},{"type":"Feature","geometry":{"type":"Point","coordinates":[77.78194,12.98811]},"properties":{"name":"Jn of Soukya Hospital"}},{"type":"Feature","geometry":{"type":"Point","coordinates":[77.71243,13.00445]},"properties":{"name":"Ayyappa Nagara Muneshwara Temple"}},{"type":"Feature","geometry":{"type":"Point","coordinates":[77.52339,13.02248]},"properties":{"name":"Laggere Cross"}},{"type":"Feature","geometry":{"type":"Point","coordinates":[77.65467,13.01964]},"properties":{"name":"Horamavu Petrol Bunk"}},{"type":"Feature","geometry":{"type":"Point","coordinates":[77.52064,13.01999]},"properties":{"name":"MEI Colony Laggere"}},{"type":"Feature","geometry":{"type":"Point","coordinates":[77.52069,13.01997]},"properties":{"name":"MEI Colony Laggere"}},{"type":"Feature","geometry":{"type":"Point","coordinates":[77.53581,12.9089]},"properties":{"name":"Poornaprajna Layout"}},{"type":"Feature","geometry":{"type":"Point","coordinates":[77.63689,13.0048]},"properties":{"name":"Indian Oil"}},{"type":"Feature","geometry":{"type":"Point","coordinates":[77.73783,12.84939]},"properties":{"name":"Gopasandra"}},{"type":"Feature","geometry":{"type":"Point","coordinates":[77.41625,12.81064]},"properties":{"name":"Eagleton Resort"}},{"type":"Feature","geometry":{"type":"Point","coordinates":[77.42521,12.80155]},"properties":{"name":"Gollarapalya"}},{"type":"Feature","geometry":{"type":"Point","coordinates":[77.47895,12.74419]},"properties":{"name":"Thokathimmana Doddy Cross"}},{"type":"Feature","geometry":{"type":"Point","coordinates":[77.48306,13.01684]},"properties":{"name":"Thigalarapalya"}},{"type":"Feature","geometry":{"type":"Point","coordinates":[77.48425,12.76513]},"properties":{"name":"Hosa Doddy"}},{"type":"Feature","geometry":{"type":"Point","coordinates":[77.64749,13.02281]},"properties":{"name":"Babusabpalya"}},{"type":"Feature","geometry":{"type":"Point","coordinates":[77.62963,13.0116]},"properties":{"name":"Lingarajapura KHB Colony"}},{"type":"Feature","geometry":{"type":"Point","coordinates":[77.64396,13.0307]},"properties":{"name":"Chelekere Circle"}},{"type":"Feature","geometry":{"type":"Point","coordinates":[77.5269,12.83544]},"properties":{"name":"Vaderahalli"}},{"type":"Feature","geometry":{"type":"Point","coordinates":[77.52681,12.83541]},"properties":{"name":"Vaderahalli"}},{"type":"Feature","geometry":{"type":"Point","coordinates":[77.5102,12.85955]},"properties":{"name":"Nagegowdanapalya"}},{"type":"Feature","geometry":{"type":"Point","coordinates":[77.51025,12.85952]},"properties":{"name":"Nagegowdanapalya"}},{"type":"Feature","geometry":{"type":"Point","coordinates":[77.58098,12.86583]},"properties":{"name":"Jambu Savari Dinne"}},{"type":"Feature","geometry":{"type":"Point","coordinates":[77.58084,12.86569]},"properties":{"name":"Jambu Savari Dinne"}},{"type":"Feature","geometry":{"type":"Point","coordinates":[77.58187,12.86762]},"properties":{"name":"Surabhi Layout"}},{"type":"Feature","geometry":{"type":"Point","coordinates":[77.56733,12.99675]},"properties":{"name":"Malleshwaram Circle"}},{"type":"Feature","geometry":{"type":"Point","coordinates":[77.5688,12.99688]},"properties":{"name":"Malleshwaram Circle"}},{"type":"Feature","geometry":{"type":"Point","coordinates":[77.58367,12.92148]},"properties":{"name":"38th Cross Jayanagara"}},{"type":"Feature","geometry":{"type":"Point","coordinates":[77.58381,12.92108]},"properties":{"name":"38th Cross Jayanagara"}},{"type":"Feature","geometry":{"type":"Point","coordinates":[77.52103,12.79791]},"properties":{"name":"Vasudevapura"}},{"type":"Feature","geometry":{"type":"Point","coordinates":[77.52384,12.7977]},"properties":{"name":"Gulakamale"}},{"type":"Feature","geometry":{"type":"Point","coordinates":[77.44649,12.93476]},"properties":{"name":"Sulikere Cross"}},{"type":"Feature","geometry":{"type":"Point","coordinates":[77.53484,12.78749]},"properties":{"name":"Guttepalya"}},{"type":"Feature","geometry":{"type":"Point","coordinates":[77.44663,12.93478]},"properties":{"name":"Sulikere Cross"}},{"type":"Feature","geometry":{"type":"Point","coordinates":[77.43138,12.93476]},"properties":{"name":"Maragondanahalli Cross"}},{"type":"Feature","geometry":{"type":"Point","coordinates":[77.4314,12.93482]},"properties":{"name":"Maragondanahalli Cross"}},{"type":"Feature","geometry":{"type":"Point","coordinates":[77.5234,12.74596]},"properties":{"name":"Girigowdana Doddy"}},{"type":"Feature","geometry":{"type":"Point","coordinates":[77.52336,12.74611]},"properties":{"name":"Girigowdana Doddy"}},{"type":"Feature","geometry":{"type":"Point","coordinates":[77.53654,12.74772]},"properties":{"name":"Muni Nagara"}},{"type":"Feature","geometry":{"type":"Point","coordinates":[77.53646,12.7478]},"properties":{"name":"Muni Nagara"}},{"type":"Feature","geometry":{"type":"Point","coordinates":[77.6973,12.8345]},"properties":{"name":"Sampige Nagara"}},{"type":"Feature","geometry":{"type":"Point","coordinates":[77.59001,12.93549]},"properties":{"name":"Byrasandra New Bus Stand"}},{"type":"Feature","geometry":{"type":"Point","coordinates":[77.5736,12.9492]},"properties":{"name":"National College"}},{"type":"Feature","geometry":{"type":"Point","coordinates":[77.53085,12.80949]},"properties":{"name":"NallakkanaDoddy"}},{"type":"Feature","geometry":{"type":"Point","coordinates":[77.54683,12.7305]},"properties":{"name":"Guddahatti Kaval"}},{"type":"Feature","geometry":{"type":"Point","coordinates":[77.4833,12.76284]},"properties":{"name":"Sadhanapalya"}},{"type":"Feature","geometry":{"type":"Point","coordinates":[77.56125,12.87272]},"properties":{"name":"Avalahalli BDA Layout"}},{"type":"Feature","geometry":{"type":"Point","coordinates":[77.48334,12.76288]},"properties":{"name":"Sadhanapalya"}},{"type":"Feature","geometry":{"type":"Point","coordinates":[77.5613,12.87256]},"properties":{"name":"Avalahalli BDA Layout"}},{"type":"Feature","geometry":{"type":"Point","coordinates":[77.48685,12.76241]},"properties":{"name":"Sadhanapalya Gate"}},{"type":"Feature","geometry":{"type":"Point","coordinates":[77.48691,12.7623]},"properties":{"name":"Sadhanapalya Gate"}},{"type":"Feature","geometry":{"type":"Point","coordinates":[77.57563,12.89146]},"properties":{"name":"Eshwara Layout"}},{"type":"Feature","geometry":{"type":"Point","coordinates":[77.57562,12.89153]},"properties":{"name":"Eshwara Layout"}},{"type":"Feature","geometry":{"type":"Point","coordinates":[77.6706,12.84728]},"properties":{"name":"Electronic City 378"}},{"type":"Feature","geometry":{"type":"Point","coordinates":[77.67064,12.84694]},"properties":{"name":"Electronic City 378"}},{"type":"Feature","geometry":{"type":"Point","coordinates":[77.61094,12.90779]},"properties":{"name":"Mahadeshwara Nagara"}},{"type":"Feature","geometry":{"type":"Point","coordinates":[77.55386,12.87397]},"properties":{"name":"Narayana Nagara"}},{"type":"Feature","geometry":{"type":"Point","coordinates":[77.55399,12.87406]},"properties":{"name":"Narayana Nagara"}},{"type":"Feature","geometry":{"type":"Point","coordinates":[77.54989,12.87431]},"properties":{"name":"BCMC Layout Raghuvanahalli"}},{"type":"Feature","geometry":{"type":"Point","coordinates":[77.54999,12.87431]},"properties":{"name":"BCMC Layout Raghuvanahalli"}},{"type":"Feature","geometry":{"type":"Point","coordinates":[77.72014,12.72699]},"properties":{"name":"Karpura"}},{"type":"Feature","geometry":{"type":"Point","coordinates":[77.72009,12.72695]},"properties":{"name":"Karpura"}},{"type":"Feature","geometry":{"type":"Point","coordinates":[77.45067,12.88694]},"properties":{"name":"Ramohalli Cross"}},{"type":"Feature","geometry":{"type":"Point","coordinates":[77.70498,12.80193]},"properties":{"name":"Chandapura"}},{"type":"Feature","geometry":{"type":"Point","coordinates":[77.429,12.858]},"properties":{"name":"Kanminake Colony"}},{"type":"Feature","geometry":{"type":"Point","coordinates":[77.41447,12.83449]},"properties":{"name":"Wonder La Gate Manchanayakanahalli"}},{"type":"Feature","geometry":{"type":"Point","coordinates":[77.40747,12.81548]},"properties":{"name":"Kadumane Hotel"}},{"type":"Feature","geometry":{"type":"Point","coordinates":[77.40713,12.81535]},"properties":{"name":"Kadumane Hotel"}},{"type":"Feature","geometry":{"type":"Point","coordinates":[77.625,12.83608]},"properties":{"name":"Jally Machine"}},{"type":"Feature","geometry":{"type":"Point","coordinates":[77.73511,13.03645]},"properties":{"name":"Avalahalli"}},{"type":"Feature","geometry":{"type":"Point","coordinates":[77.63745,12.78658]},"properties":{"name":"Jigani Bus Stand"}},{"type":"Feature","geometry":{"type":"Point","coordinates":[77.63776,12.7866]},"properties":{"name":"Jigani Bus Stand"}},{"type":"Feature","geometry":{"type":"Point","coordinates":[77.39154,12.82392]},"properties":{"name":"Vajarahalli"}},{"type":"Feature","geometry":{"type":"Point","coordinates":[77.735,13.03642]},"properties":{"name":"Avalahalli"}},{"type":"Feature","geometry":{"type":"Point","coordinates":[77.39157,12.82396]},"properties":{"name":"Vajarahalli"}},{"type":"Feature","geometry":{"type":"Point","coordinates":[77.38079,12.82003]},"properties":{"name":"Avaragere"}},{"type":"Feature","geometry":{"type":"Point","coordinates":[77.38086,12.82007]},"properties":{"name":"Avaragere"}},{"type":"Feature","geometry":{"type":"Point","coordinates":[77.61909,13.07186]},"properties":{"name":"Venkateshwara Nagara Cross"}},{"type":"Feature","geometry":{"type":"Point","coordinates":[77.55397,12.86382]},"properties":{"name":"J Srinivasa Reddy Layout"}},{"type":"Feature","geometry":{"type":"Point","coordinates":[77.55414,12.86395]},"properties":{"name":"J Srinivasa Reddy Layout"}},{"type":"Feature","geometry":{"type":"Point","coordinates":[77.64858,13.05713]},"properties":{"name":"Byrathi Cross"}},{"type":"Feature","geometry":{"type":"Point","coordinates":[77.71505,13.05692]},"properties":{"name":"Bidrahalli"}},{"type":"Feature","geometry":{"type":"Point","coordinates":[77.55371,13.01289]},"properties":{"name":"Govt Soap Factory"}},{"type":"Feature","geometry":{"type":"Point","coordinates":[77.55295,12.99855]},"properties":{"name":"Navarang Theatre"}},{"type":"Feature","geometry":{"type":"Point","coordinates":[77.7339,12.97832]},"properties":{"name":"Pattandur Agrahara"}},{"type":"Feature","geometry":{"type":"Point","coordinates":[77.73383,12.97832]},"properties":{"name":"Pattandur Agrahara"}},{"type":"Feature","geometry":{"type":"Point","coordinates":[77.64785,12.84148]},"properties":{"name":"Neeladri Nagara"}},{"type":"Feature","geometry":{"type":"Point","coordinates":[77.48508,12.98118]},"properties":{"name":"Bharath Nagara 1st Phase"}},{"type":"Feature","geometry":{"type":"Point","coordinates":[77.48513,12.98117]},"properties":{"name":"Bharath Nagara 1st Phase"}},{"type":"Feature","geometry":{"type":"Point","coordinates":[77.55215,12.91182]},"properties":{"name":"Chikkallasandra Aralimara"}},{"type":"Feature","geometry":{"type":"Point","coordinates":[77.40434,12.82482]},"properties":{"name":"Lakshmisagara"}},{"type":"Feature","geometry":{"type":"Point","coordinates":[77.40432,12.82475]},"properties":{"name":"Lakshmisagara"}},{"type":"Feature","geometry":{"type":"Point","coordinates":[77.75146,12.99165]},"properties":{"name":"Dinnur"}},{"type":"Feature","geometry":{"type":"Point","coordinates":[77.7515,12.99159]},"properties":{"name":"Dinnur"}},{"type":"Feature","geometry":{"type":"Point","coordinates":[77.75279,12.97981]},"properties":{"name":"Dr Ambedkar Nagara"}},{"type":"Feature","geometry":{"type":"Point","coordinates":[77.43863,12.79214]},"properties":{"name":"Chikkakuntanahalli Cross"}},{"type":"Feature","geometry":{"type":"Point","coordinates":[77.73373,12.98755]},"properties":{"name":"Pattandur Agrahara Gate"}},{"type":"Feature","geometry":{"type":"Point","coordinates":[77.43638,12.75687]},"properties":{"name":"Bannigiri"}},{"type":"Feature","geometry":{"type":"Point","coordinates":[77.7611,13.01324]},"properties":{"name":"Seegehalli Gate"}},{"type":"Feature","geometry":{"type":"Point","coordinates":[77.75866,13.03218]},"properties":{"name":"Kannamangala Gate"}},{"type":"Feature","geometry":{"type":"Point","coordinates":[77.73472,12.78764]},"properties":{"name":"Balageranahalli Cross"}},{"type":"Feature","geometry":{"type":"Point","coordinates":[77.73468,12.78744]},"properties":{"name":"Balageranahalli Cross"}},{"type":"Feature","geometry":{"type":"Point","coordinates":[77.46554,12.85668]},"properties":{"name":"Devagere"}},{"type":"Feature","geometry":{"type":"Point","coordinates":[77.46559,12.85657]},"properties":{"name":"Devagere"}},{"type":"Feature","geometry":{"type":"Point","coordinates":[77.74799,12.98558]},"properties":{"name":"BPL"}},{"type":"Feature","geometry":{"type":"Point","coordinates":[77.44405,12.82141]},"properties":{"name":"Lingapura"}},{"type":"Feature","geometry":{"type":"Point","coordinates":[77.43812,12.8063]},"properties":{"name":"Bychohalli"}},{"type":"Feature","geometry":{"type":"Point","coordinates":[77.4382,12.80653]},"properties":{"name":"Bychohalli"}},{"type":"Feature","geometry":{"type":"Point","coordinates":[77.4094,12.83727]},"properties":{"name":"School Manchanayakanahalli"}},{"type":"Feature","geometry":{"type":"Point","coordinates":[77.40934,12.83738]},"properties":{"name":"School Manchanayakanahalli"}},{"type":"Feature","geometry":{"type":"Point","coordinates":[77.40165,12.84427]},"properties":{"name":"Hakki Pikki Colony"}},{"type":"Feature","geometry":{"type":"Point","coordinates":[77.40157,12.84427]},"properties":{"name":"Hakki Pikki Colony"}},{"type":"Feature","geometry":{"type":"Point","coordinates":[77.38332,12.85443]},"properties":{"name":"Kurubara Karenahalli"}},{"type":"Feature","geometry":{"type":"Point","coordinates":[77.38327,12.85448]},"properties":{"name":"Kurubara Karenahalli"}},{"type":"Feature","geometry":{"type":"Point","coordinates":[77.38385,12.847]},"properties":{"name":"Bannikuppe"}},{"type":"Feature","geometry":{"type":"Point","coordinates":[77.3839,12.84703]},"properties":{"name":"Bannikuppe"}},{"type":"Feature","geometry":{"type":"Point","coordinates":[77.38333,12.84986]},"properties":{"name":"Basavanapura"}},{"type":"Feature","geometry":{"type":"Point","coordinates":[77.3835,12.84977]},"properties":{"name":"Basavanapura"}},{"type":"Feature","geometry":{"type":"Point","coordinates":[77.69431,12.78229]},"properties":{"name":"Ramakrishnapura"}},{"type":"Feature","geometry":{"type":"Point","coordinates":[77.69419,12.78239]},"properties":{"name":"Ramakrishnapura"}},{"type":"Feature","geometry":{"type":"Point","coordinates":[77.6939,12.76993]},"properties":{"name":"Naganayakanahalli"}},{"type":"Feature","geometry":{"type":"Point","coordinates":[77.69398,12.76993]},"properties":{"name":"Naganayakanahalli"}},{"type":"Feature","geometry":{"type":"Point","coordinates":[77.71383,12.76198]},"properties":{"name":"Marsuru"}},{"type":"Feature","geometry":{"type":"Point","coordinates":[77.71376,12.76198]},"properties":{"name":"Marsuru"}},{"type":"Feature","geometry":{"type":"Point","coordinates":[77.70152,12.76986]},"properties":{"name":"Marsuru Gate"}},{"type":"Feature","geometry":{"type":"Point","coordinates":[77.61165,13.05618]},"properties":{"name":"Dasarahalli Hebbala"}},{"type":"Feature","geometry":{"type":"Point","coordinates":[77.7028,12.75247]},"properties":{"name":"Byagadadenahalli"}},{"type":"Feature","geometry":{"type":"Point","coordinates":[77.70262,12.75241]},"properties":{"name":"Byagadadenahalli"}},{"type":"Feature","geometry":{"type":"Point","coordinates":[77.82046,12.97585]},"properties":{"name":"Dodda Dunnasandra Cross"}},{"type":"Feature","geometry":{"type":"Point","coordinates":[77.85212,12.88227]},"properties":{"name":"Maranagere"}},{"type":"Feature","geometry":{"type":"Point","coordinates":[77.8522,12.88233]},"properties":{"name":"Maranagere"}},{"type":"Feature","geometry":{"type":"Point","coordinates":[77.84527,12.87507]},"properties":{"name":"Gundur Colony"}},{"type":"Feature","geometry":{"type":"Point","coordinates":[77.62335,13.05796]},"properties":{"name":"Rachenahalli"}},{"type":"Feature","geometry":{"type":"Point","coordinates":[77.84533,12.87506]},"properties":{"name":"Gundur Colony"}},{"type":"Feature","geometry":{"type":"Point","coordinates":[77.85416,12.87417]},"properties":{"name":"Shivanapura"}},{"type":"Feature","geometry":{"type":"Point","coordinates":[77.85405,12.874]},"properties":{"name":"Shivanapura"}},{"type":"Feature","geometry":{"type":"Point","coordinates":[77.75376,12.7665]},"properties":{"name":"Manchanahalli"}},{"type":"Feature","geometry":{"type":"Point","coordinates":[77.75383,12.76679]},"properties":{"name":"Manchanahalli"}},{"type":"Feature","geometry":{"type":"Point","coordinates":[77.77012,12.77496]},"properties":{"name":"Manchanahalli Cross"}},{"type":"Feature","geometry":{"type":"Point","coordinates":[77.77003,12.77501]},"properties":{"name":"Manchanahalli Cross"}},{"type":"Feature","geometry":{"type":"Point","coordinates":[77.88596,12.92756]},"properties":{"name":"Lakkur"}},{"type":"Feature","geometry":{"type":"Point","coordinates":[77.88859,12.96484]},"properties":{"name":"Arasanahalli"}},{"type":"Feature","geometry":{"type":"Point","coordinates":[77.84349,12.96545]},"properties":{"name":"Medahalli Cross"}},{"type":"Feature","geometry":{"type":"Point","coordinates":[77.84352,12.96541]},"properties":{"name":"Medahalli Cross"}},{"type":"Feature","geometry":{"type":"Point","coordinates":[77.61175,12.99663]},"properties":{"name":"HP Petrol Bunk Coles Road"}},{"type":"Feature","geometry":{"type":"Point","coordinates":[77.83932,12.96585]},"properties":{"name":"Santhe Devanagondhi"}},{"type":"Feature","geometry":{"type":"Point","coordinates":[77.83936,12.96581]},"properties":{"name":"Santhe Devanagondhi"}},{"type":"Feature","geometry":{"type":"Point","coordinates":[77.48182,12.96323]},"properties":{"name":"Bhavani Nagara 2nd Stage"}},{"type":"Feature","geometry":{"type":"Point","coordinates":[77.48186,12.96316]},"properties":{"name":"Bhavani Nagara 2nd Stage"}},{"type":"Feature","geometry":{"type":"Point","coordinates":[77.58678,12.98399]},"properties":{"name":"RC College"}},{"type":"Feature","geometry":{"type":"Point","coordinates":[77.88352,13.00018]},"properties":{"name":"Pitchguntarahalli"}},{"type":"Feature","geometry":{"type":"Point","coordinates":[77.88355,13.00001]},"properties":{"name":"Pitchguntarahalli"}},{"type":"Feature","geometry":{"type":"Point","coordinates":[77.55411,12.98379]},"properties":{"name":"Bashyam Circle"}},{"type":"Feature","geometry":{"type":"Point","coordinates":[77.69923,12.73354]},"properties":{"name":"Chikka Hagade"}},{"type":"Feature","geometry":{"type":"Point","coordinates":[77.61416,13.00068]},"properties":{"name":"Clarence School"}},{"type":"Feature","geometry":{"type":"Point","coordinates":[77.69927,12.7337]},"properties":{"name":"Chikka Hagade"}},{"type":"Feature","geometry":{"type":"Point","coordinates":[77.72525,12.83613]},"properties":{"name":"Narayanaghatta"}},{"type":"Feature","geometry":{"type":"Point","coordinates":[77.64216,13.06333]},"properties":{"name":"K Narayanapura"}},{"type":"Feature","geometry":{"type":"Point","coordinates":[77.84126,12.9365]},"properties":{"name":"Kalkunte Agrahara School"}},{"type":"Feature","geometry":{"type":"Point","coordinates":[77.41072,13.10124]},"properties":{"name":"Bhaktanapalya"}},{"type":"Feature","geometry":{"type":"Point","coordinates":[77.41078,13.10129]},"properties":{"name":"Bhaktanapalya"}},{"type":"Feature","geometry":{"type":"Point","coordinates":[77.68546,13.07972]},"properties":{"name":"Kada Agarahara Cross"}},{"type":"Feature","geometry":{"type":"Point","coordinates":[77.68549,13.07978]},"properties":{"name":"Kada Agarahara Cross"}},{"type":"Feature","geometry":{"type":"Point","coordinates":[77.50026,12.95188]},"properties":{"name":"Bengaluru University Quarters"}},{"type":"Feature","geometry":{"type":"Point","coordinates":[77.59141,12.89928]},"properties":{"name":"Vinayaka Nagara JP Nagara"}},{"type":"Feature","geometry":{"type":"Point","coordinates":[77.60614,12.95882]},"properties":{"name":"Elgin Floor Mill"}},{"type":"Feature","geometry":{"type":"Point","coordinates":[77.59463,13.00952]},"properties":{"name":"JC Nagara"}},{"type":"Feature","geometry":{"type":"Point","coordinates":[77.67088,13.05457]},"properties":{"name":"Bileshivale"}},{"type":"Feature","geometry":{"type":"Point","coordinates":[77.7888,12.91374]},"properties":{"name":"Gonighattapura"}},{"type":"Feature","geometry":{"type":"Point","coordinates":[77.67368,13.07078]},"properties":{"name":"Dodda Gubbi"}},{"type":"Feature","geometry":{"type":"Point","coordinates":[77.77002,12.94762]},"properties":{"name":"Shanimahathma Temple"}},{"type":"Feature","geometry":{"type":"Point","coordinates":[77.76995,12.9475]},"properties":{"name":"Shanimahathma Temple"}},{"type":"Feature","geometry":{"type":"Point","coordinates":[77.7723,12.94895]},"properties":{"name":"Valepura Gate"}},{"type":"Feature","geometry":{"type":"Point","coordinates":[77.46049,12.82179]},"properties":{"name":"Thittahalli"}},{"type":"Feature","geometry":{"type":"Point","coordinates":[77.46043,12.8218]},"properties":{"name":"Thittahalli"}},{"type":"Feature","geometry":{"type":"Point","coordinates":[77.78724,12.87861]},"properties":{"name":"Ittanguru"}},{"type":"Feature","geometry":{"type":"Point","coordinates":[77.78696,12.87788]},"properties":{"name":"Ittanguru"}},{"type":"Feature","geometry":{"type":"Point","coordinates":[77.37619,12.85345]},"properties":{"name":"Kasavepalya"}},{"type":"Feature","geometry":{"type":"Point","coordinates":[77.37611,12.85342]},"properties":{"name":"Kasavepalya"}},{"type":"Feature","geometry":{"type":"Point","coordinates":[77.37182,12.85464]},"properties":{"name":"Siddabhovipalya"}},{"type":"Feature","geometry":{"type":"Point","coordinates":[77.37182,12.85456]},"properties":{"name":"Siddabhovipalya"}},{"type":"Feature","geometry":{"type":"Point","coordinates":[77.81039,12.92246]},"properties":{"name":"Madappanahalli"}},{"type":"Feature","geometry":{"type":"Point","coordinates":[77.8104,12.92242]},"properties":{"name":"Madappanahalli"}},{"type":"Feature","geometry":{"type":"Point","coordinates":[77.80925,12.90923]},"properties":{"name":"Kuguru"}},{"type":"Feature","geometry":{"type":"Point","coordinates":[77.79621,12.91778]},"properties":{"name":"Madappanahalli Cross"}},{"type":"Feature","geometry":{"type":"Point","coordinates":[77.76572,12.92988]},"properties":{"name":"Chikka Nekkundi"}},{"type":"Feature","geometry":{"type":"Point","coordinates":[77.7657,12.92985]},"properties":{"name":"Chikka Nekundi"}},{"type":"Feature","geometry":{"type":"Point","coordinates":[77.71512,12.93816]},"properties":{"name":"Yellappa Reddy House"}},{"type":"Feature","geometry":{"type":"Point","coordinates":[77.7151,12.93812]},"properties":{"name":"Yellappa Reddy House"}},{"type":"Feature","geometry":{"type":"Point","coordinates":[77.36727,12.84862]},"properties":{"name":"Muthurayanagudipalya"}},{"type":"Feature","geometry":{"type":"Point","coordinates":[77.36733,12.84858]},"properties":{"name":"Muthurayanagudipalya"}},{"type":"Feature","geometry":{"type":"Point","coordinates":[77.41695,12.85598]},"properties":{"name":"Hejjala"}},{"type":"Feature","geometry":{"type":"Point","coordinates":[77.41697,12.85604]},"properties":{"name":"Hejjala"}},{"type":"Feature","geometry":{"type":"Point","coordinates":[77.41548,12.85252]},"properties":{"name":"Hejjala Colony"}},{"type":"Feature","geometry":{"type":"Point","coordinates":[77.41547,12.85263]},"properties":{"name":"Hejjala Colony"}},{"type":"Feature","geometry":{"type":"Point","coordinates":[77.41591,12.85026]},"properties":{"name":"Dyavalingaiahna Palya"}},{"type":"Feature","geometry":{"type":"Point","coordinates":[77.41584,12.8502]},"properties":{"name":"Dyavalingaiahna Palya"}},{"type":"Feature","geometry":{"type":"Point","coordinates":[77.80934,12.9264]},"properties":{"name":"Sheganayakanahalli"}},{"type":"Feature","geometry":{"type":"Point","coordinates":[77.50625,12.93162]},"properties":{"name":"Railway Gate Bangalore University"}},{"type":"Feature","geometry":{"type":"Point","coordinates":[77.50626,12.93158]},"properties":{"name":"Railway Gate Bangalore University"}},{"type":"Feature","geometry":{"type":"Point","coordinates":[77.50115,12.92902]},"properties":{"name":"Shanthi Dhama"}},{"type":"Feature","geometry":{"type":"Point","coordinates":[77.50099,12.92924]},"properties":{"name":"Shanthi Dhama"}},{"type":"Feature","geometry":{"type":"Point","coordinates":[77.49927,12.93149]},"properties":{"name":"Byravanagara"}},{"type":"Feature","geometry":{"type":"Point","coordinates":[77.49933,12.93149]},"properties":{"name":"Byravanagara"}},{"type":"Feature","geometry":{"type":"Point","coordinates":[77.47749,12.8888]},"properties":{"name":"Doddabele"}},{"type":"Feature","geometry":{"type":"Point","coordinates":[77.47743,12.88877]},"properties":{"name":"Doddabele"}},{"type":"Feature","geometry":{"type":"Point","coordinates":[77.47571,12.90395]},"properties":{"name":"RWB Gate Kengeri"}},{"type":"Feature","geometry":{"type":"Point","coordinates":[77.47564,12.90391]},"properties":{"name":"RWB Gate Kengeri"}},{"type":"Feature","geometry":{"type":"Point","coordinates":[77.44483,12.91517]},"properties":{"name":"Hunasemaradapalya"}},{"type":"Feature","geometry":{"type":"Point","coordinates":[77.44474,12.9152]},"properties":{"name":"Hunasemaradapalya"}},{"type":"Feature","geometry":{"type":"Point","coordinates":[77.44326,12.91198]},"properties":{"name":"Bettanapalya"}},{"type":"Feature","geometry":{"type":"Point","coordinates":[77.44338,12.91201]},"properties":{"name":"Bettanapalya"}},{"type":"Feature","geometry":{"type":"Point","coordinates":[77.45049,12.9135]},"properties":{"name":"Sri Shiradi Sai Temple"}},{"type":"Feature","geometry":{"type":"Point","coordinates":[77.45057,12.91346]},"properties":{"name":"Sri Shiradi Sai Temple"}},{"type":"Feature","geometry":{"type":"Point","coordinates":[77.43824,12.90409]},"properties":{"name":"Bheemanakuppe"}},{"type":"Feature","geometry":{"type":"Point","coordinates":[77.43814,12.90418]},"properties":{"name":"Bheemanakuppe"}},{"type":"Feature","geometry":{"type":"Point","coordinates":[77.73096,12.95641]},"properties":{"name":"Siddapura"}},{"type":"Feature","geometry":{"type":"Point","coordinates":[77.73563,12.96926]},"properties":{"name":"Nallurahalli"}},{"type":"Feature","geometry":{"type":"Point","coordinates":[77.6263,13.02116]},"properties":{"name":"1st Stage HBR Layout"}},{"type":"Feature","geometry":{"type":"Point","coordinates":[77.62626,13.02108]},"properties":{"name":"1st Stage HBR Layout"}},{"type":"Feature","geometry":{"type":"Point","coordinates":[77.62809,13.02589]},"properties":{"name":"BDA Complex HBR Layout"}},{"type":"Feature","geometry":{"type":"Point","coordinates":[77.62812,13.02577]},"properties":{"name":"BDA Complex HBR Layout"}},{"type":"Feature","geometry":{"type":"Point","coordinates":[77.78534,12.93813]},"properties":{"name":"Muthsandra"}},{"type":"Feature","geometry":{"type":"Point","coordinates":[77.69736,12.83441]},"properties":{"name":"Sampige Nagara"}},{"type":"Feature","geometry":{"type":"Point","coordinates":[77.69741,12.83442]},"properties":{"name":"Sampige Nagara"}},{"type":"Feature","geometry":{"type":"Point","coordinates":[77.69798,12.83929]},"properties":{"name":"Sampige Nagara"}},{"type":"Feature","geometry":{"type":"Point","coordinates":[77.73,12.85251]},"properties":{"name":"Gopasandra Gate"}},{"type":"Feature","geometry":{"type":"Point","coordinates":[77.36962,12.91049]},"properties":{"name":"Chandrappa Circle"}},{"type":"Feature","geometry":{"type":"Point","coordinates":[77.65481,12.8781]},"properties":{"name":"Channakeshavanagara"}},{"type":"Feature","geometry":{"type":"Point","coordinates":[77.418,12.88086]},"properties":{"name":"Sheshagiripura"}},{"type":"Feature","geometry":{"type":"Point","coordinates":[77.65491,12.87791]},"properties":{"name":"Channakeshavanagara"}},{"type":"Feature","geometry":{"type":"Point","coordinates":[77.41809,12.88088]},"properties":{"name":"Sheshagiripura"}},{"type":"Feature","geometry":{"type":"Point","coordinates":[77.36269,12.9114]},"properties":{"name":"Kurubarapalya"}},{"type":"Feature","geometry":{"type":"Point","coordinates":[77.36276,12.91143]},"properties":{"name":"Kurubarapalya"}},{"type":"Feature","geometry":{"type":"Point","coordinates":[77.36086,12.9348]},"properties":{"name":"Madapatna"}},{"type":"Feature","geometry":{"type":"Point","coordinates":[77.36095,12.93458]},"properties":{"name":"Madapatna"}},{"type":"Feature","geometry":{"type":"Point","coordinates":[77.32263,12.89091]},"properties":{"name":"Dabbaguli"}},{"type":"Feature","geometry":{"type":"Point","coordinates":[77.32269,12.89084]},"properties":{"name":"Dabbaguli"}},{"type":"Feature","geometry":{"type":"Point","coordinates":[77.32817,12.87011]},"properties":{"name":"Dabbaguli Gate"}},{"type":"Feature","geometry":{"type":"Point","coordinates":[77.32802,12.86999]},"properties":{"name":"Dabbaguli Gate"}},{"type":"Feature","geometry":{"type":"Point","coordinates":[77.38382,12.88644]},"properties":{"name":"Uddandahalli"}},{"type":"Feature","geometry":{"type":"Point","coordinates":[77.38372,12.8863]},"properties":{"name":"Uddandahalli"}},{"type":"Feature","geometry":{"type":"Point","coordinates":[77.41327,12.89152]},"properties":{"name":"Koluru"}},{"type":"Feature","geometry":{"type":"Point","coordinates":[77.41333,12.89137]},"properties":{"name":"Koluru"}},{"type":"Feature","geometry":{"type":"Point","coordinates":[77.4217,12.89178]},"properties":{"name":"Chikkellur Cross"}},{"type":"Feature","geometry":{"type":"Point","coordinates":[77.42171,12.89193]},"properties":{"name":"Chikkellur Cross"}},{"type":"Feature","geometry":{"type":"Point","coordinates":[77.40252,12.88936]},"properties":{"name":"Lakkaiahnapalya"}},{"type":"Feature","geometry":{"type":"Point","coordinates":[77.40243,12.88949]},"properties":{"name":"Lakkaiahnapalya"}},{"type":"Feature","geometry":{"type":"Point","coordinates":[77.74675,12.75204]},"properties":{"name":"Mayasandra"}},{"type":"Feature","geometry":{"type":"Point","coordinates":[77.39881,12.89022]},"properties":{"name":"Rampura"}},{"type":"Feature","geometry":{"type":"Point","coordinates":[77.74673,12.75199]},"properties":{"name":"Mayasandra"}},{"type":"Feature","geometry":{"type":"Point","coordinates":[77.39881,12.89027]},"properties":{"name":"Rampura"}},{"type":"Feature","geometry":{"type":"Point","coordinates":[77.39209,12.89216]},"properties":{"name":"Lakshmipura"}},{"type":"Feature","geometry":{"type":"Point","coordinates":[77.39218,12.89228]},"properties":{"name":"Lakshmipura"}},{"type":"Feature","geometry":{"type":"Point","coordinates":[77.33859,12.85277]},"properties":{"name":"Gadigaiahana Doddy"}},{"type":"Feature","geometry":{"type":"Point","coordinates":[77.33859,12.8527]},"properties":{"name":"Gadigaiahana Doddy"}},{"type":"Feature","geometry":{"type":"Point","coordinates":[77.7132,12.72024]},"properties":{"name":"Haldenahalli"}},{"type":"Feature","geometry":{"type":"Point","coordinates":[77.63712,12.81771]},"properties":{"name":"Hulimangala"}},{"type":"Feature","geometry":{"type":"Point","coordinates":[77.69565,12.90713]},"properties":{"name":"Doddakannalli"}},{"type":"Feature","geometry":{"type":"Point","coordinates":[77.35525,12.8818]},"properties":{"name":"Chikkanahalli"}},{"type":"Feature","geometry":{"type":"Point","coordinates":[77.35537,12.8818]},"properties":{"name":"Chikkanahalli"}},{"type":"Feature","geometry":{"type":"Point","coordinates":[77.42286,12.91516]},"properties":{"name":"Mukthi Naga Temple"}},{"type":"Feature","geometry":{"type":"Point","coordinates":[77.42287,12.91524]},"properties":{"name":"Mukthi Naga Temple"}},{"type":"Feature","geometry":{"type":"Point","coordinates":[77.63833,12.87083]},"properties":{"name":"Subhashnagara Hosa Road"}},{"type":"Feature","geometry":{"type":"Point","coordinates":[77.41531,12.91606]},"properties":{"name":"Maligondanahalli"}},{"type":"Feature","geometry":{"type":"Point","coordinates":[77.41533,12.91596]},"properties":{"name":"Maligondanahalli"}},{"type":"Feature","geometry":{"type":"Point","coordinates":[77.63828,12.87084]},"properties":{"name":"Subhashnagara Hosa Road"}},{"type":"Feature","geometry":{"type":"Point","coordinates":[77.40344,12.91667]},"properties":{"name":"Punagumaranahalli"}},{"type":"Feature","geometry":{"type":"Point","coordinates":[77.40336,12.91665]},"properties":{"name":"Punagumaranahalli"}},{"type":"Feature","geometry":{"type":"Point","coordinates":[77.75959,12.93956]},"properties":{"name":"Madhura Nagara Hostel"}},{"type":"Feature","geometry":{"type":"Point","coordinates":[77.63767,12.87873]},"properties":{"name":"Chikka Beguru"}},{"type":"Feature","geometry":{"type":"Point","coordinates":[77.63776,12.87874]},"properties":{"name":"Chikka Beguru"}},{"type":"Feature","geometry":{"type":"Point","coordinates":[77.59177,12.95506]},"properties":{"name":"Shanthinagara Bus Stop KH Road"}},{"type":"Feature","geometry":{"type":"Point","coordinates":[77.55355,12.92646]},"properties":{"name":"Srikanteshwara Park"}},{"type":"Feature","geometry":{"type":"Point","coordinates":[77.55365,12.92643]},"properties":{"name":"Srikanteshwara Park"}},{"type":"Feature","geometry":{"type":"Point","coordinates":[77.68684,12.79919]},"properties":{"name":"Kachanayakanahalli"}},{"type":"Feature","geometry":{"type":"Point","coordinates":[77.78356,12.86085]},"properties":{"name":"Sarjapura Circle"}},{"type":"Feature","geometry":{"type":"Point","coordinates":[77.4991,12.93533]},"properties":{"name":"Upadhyaya Badavane"}},{"type":"Feature","geometry":{"type":"Point","coordinates":[77.49901,12.93527]},"properties":{"name":"Upadhyaya Badavane"}},{"type":"Feature","geometry":{"type":"Point","coordinates":[77.50585,13.07117]},"properties":{"name":"Geleyara Balaga Layout"}},{"type":"Feature","geometry":{"type":"Point","coordinates":[77.50581,13.07131]},"properties":{"name":"Geleyara Balaga Layout"}},{"type":"Feature","geometry":{"type":"Point","coordinates":[77.50881,12.92194]},"properties":{"name":"BHEL Layout Maramma Temple"}},{"type":"Feature","geometry":{"type":"Point","coordinates":[77.50879,12.92188]},"properties":{"name":"BHEL Layout Maramma Temple"}},{"type":"Feature","geometry":{"type":"Point","coordinates":[77.67248,12.9645]},"properties":{"name":"Annasandrapalya"}},{"type":"Feature","geometry":{"type":"Point","coordinates":[77.6725,12.96444]},"properties":{"name":"Annasandrapalya"}},{"type":"Feature","geometry":{"type":"Point","coordinates":[77.67022,12.96927]},"properties":{"name":"Lal Bahaddur Shastri Nagara"}},{"type":"Feature","geometry":{"type":"Point","coordinates":[77.41321,12.7694]},"properties":{"name":"Depot-36 Gate"}},{"type":"Feature","geometry":{"type":"Point","coordinates":[77.41319,12.76933]},"properties":{"name":"Depot-36 Gate"}},{"type":"Feature","geometry":{"type":"Point","coordinates":[77.69563,12.93922]},"properties":{"name":"Kadabisanahalli"}},{"type":"Feature","geometry":{"type":"Point","coordinates":[77.69578,12.93923]},"properties":{"name":"Kadabisanahalli"}},{"type":"Feature","geometry":{"type":"Point","coordinates":[77.49318,12.9313]},"properties":{"name":"Jnana Bharathi West Side Hospital"}},{"type":"Feature","geometry":{"type":"Point","coordinates":[77.49325,12.93132]},"properties":{"name":"Jnana Bharathi West Side Hospital"}},{"type":"Feature","geometry":{"type":"Point","coordinates":[77.70368,12.93657]},"properties":{"name":"Panathuru"}},{"type":"Feature","geometry":{"type":"Point","coordinates":[77.7037,12.93652]},"properties":{"name":"Panathuru"}},{"type":"Feature","geometry":{"type":"Point","coordinates":[77.70108,12.92644]},"properties":{"name":"Boganahalli"}},{"type":"Feature","geometry":{"type":"Point","coordinates":[77.71783,12.99033]},"properties":{"name":"Basavanna Nagara"}},{"type":"Feature","geometry":{"type":"Point","coordinates":[77.36317,12.83029]},"properties":{"name":"Kaka Ramanahalli"}},{"type":"Feature","geometry":{"type":"Point","coordinates":[77.36318,12.83022]},"properties":{"name":"Kaka Ramanahalli"}},{"type":"Feature","geometry":{"type":"Point","coordinates":[77.35726,12.85243]},"properties":{"name":"Ganakal"}},{"type":"Feature","geometry":{"type":"Point","coordinates":[77.35731,12.8525]},"properties":{"name":"Ganakal"}},{"type":"Feature","geometry":{"type":"Point","coordinates":[77.35419,12.86688]},"properties":{"name":"Kempadyapanahalli"}},{"type":"Feature","geometry":{"type":"Point","coordinates":[77.35425,12.86689]},"properties":{"name":"Kempadyapanahalli"}},{"type":"Feature","geometry":{"type":"Point","coordinates":[77.74945,12.96774]},"properties":{"name":"White Field Post Office"}},{"type":"Feature","geometry":{"type":"Point","coordinates":[77.36154,12.86716]},"properties":{"name":"Mallathahalli Cross"}},{"type":"Feature","geometry":{"type":"Point","coordinates":[77.74946,12.96778]},"properties":{"name":"White Field Post Office"}},{"type":"Feature","geometry":{"type":"Point","coordinates":[77.36156,12.8671]},"properties":{"name":"Mallathahalli Cross"}},{"type":"Feature","geometry":{"type":"Point","coordinates":[77.70493,12.95629]},"properties":{"name":"Munnekolalu Cross"}},{"type":"Feature","geometry":{"type":"Point","coordinates":[77.70485,12.95645]},"properties":{"name":"Munnekolalu Cross"}},{"type":"Feature","geometry":{"type":"Point","coordinates":[77.67625,12.92603]},"properties":{"name":"Bellanduru Junction City Light Apartment"}},{"type":"Feature","geometry":{"type":"Point","coordinates":[77.70166,12.7925]},"properties":{"name":"Surya City Circle"}},{"type":"Feature","geometry":{"type":"Point","coordinates":[77.70164,12.79268]},"properties":{"name":"Surya City Circle"}},{"type":"Feature","geometry":{"type":"Point","coordinates":[77.36887,12.92283]},"properties":{"name":"Hunnigere"}},{"type":"Feature","geometry":{"type":"Point","coordinates":[77.36752,12.9025]},"properties":{"name":"Sulivara Cross"}},{"type":"Feature","geometry":{"type":"Point","coordinates":[77.36759,12.90248]},"properties":{"name":"Sulivara Cross"}},{"type":"Feature","geometry":{"type":"Point","coordinates":[77.66876,12.82969]},"properties":{"name":"Gollahalli Cross"}},{"type":"Feature","geometry":{"type":"Point","coordinates":[77.66867,12.82961]},"properties":{"name":"Gollahalli Cross"}},{"type":"Feature","geometry":{"type":"Point","coordinates":[77.66902,12.83145]},"properties":{"name":"Gollahalli"}},{"type":"Feature","geometry":{"type":"Point","coordinates":[77.66906,12.83142]},"properties":{"name":"Gollahalli"}},{"type":"Feature","geometry":{"type":"Point","coordinates":[77.65512,12.85055]},"properties":{"name":"Dodda Thoguru"}},{"type":"Feature","geometry":{"type":"Point","coordinates":[77.63206,12.93973]},"properties":{"name":"Srinivagilu Ejipura"}},{"type":"Feature","geometry":{"type":"Point","coordinates":[77.63218,12.93972]},"properties":{"name":"Srinivagilu Ejipura"}},{"type":"Feature","geometry":{"type":"Point","coordinates":[77.38208,12.82512]},"properties":{"name":"Jn of Vajarahalli"}},{"type":"Feature","geometry":{"type":"Point","coordinates":[77.38214,12.82511]},"properties":{"name":"Jn of Vajarahalli"}},{"type":"Feature","geometry":{"type":"Point","coordinates":[77.70623,12.9691]},"properties":{"name":"Chinnappanahalli"}},{"type":"Feature","geometry":{"type":"Point","coordinates":[77.37297,12.82604]},"properties":{"name":"Guddadahalli Dinne"}},{"type":"Feature","geometry":{"type":"Point","coordinates":[77.70635,12.96909]},"properties":{"name":"Chinnappanahalli"}},{"type":"Feature","geometry":{"type":"Point","coordinates":[77.37305,12.8261]},"properties":{"name":"Guddadahalli Dinne"}},{"type":"Feature","geometry":{"type":"Point","coordinates":[77.40051,12.85957]},"properties":{"name":"Muthurayanapura"}},{"type":"Feature","geometry":{"type":"Point","coordinates":[77.40059,12.8596]},"properties":{"name":"Muthurayanapura"}},{"type":"Feature","geometry":{"type":"Point","coordinates":[77.7041,12.96141]},"properties":{"name":"Ashwathpura"}},{"type":"Feature","geometry":{"type":"Point","coordinates":[77.70407,12.96119]},"properties":{"name":"Ashwathpura"}},{"type":"Feature","geometry":{"type":"Point","coordinates":[77.39496,12.8621]},"properties":{"name":"K Karenahalli Cross"}},{"type":"Feature","geometry":{"type":"Point","coordinates":[77.39502,12.86213]},"properties":{"name":"K Karenahalli Cross"}},{"type":"Feature","geometry":{"type":"Point","coordinates":[77.39216,12.86545]},"properties":{"name":"CK Thandya Cross"}},{"type":"Feature","geometry":{"type":"Point","coordinates":[77.3922,12.86548]},"properties":{"name":"CK Thandya Cross"}},{"type":"Feature","geometry":{"type":"Point","coordinates":[77.38586,12.86757]},"properties":{"name":"Dodderi College"}},{"type":"Feature","geometry":{"type":"Point","coordinates":[77.38597,12.86752]},"properties":{"name":"Dodderi College"}},{"type":"Feature","geometry":{"type":"Point","coordinates":[77.70155,12.96035]},"properties":{"name":"Ashwath Nagara"}},{"type":"Feature","geometry":{"type":"Point","coordinates":[77.32767,12.8413]},"properties":{"name":"Rampura"}},{"type":"Feature","geometry":{"type":"Point","coordinates":[77.32762,12.84118]},"properties":{"name":"Rampura"}},{"type":"Feature","geometry":{"type":"Point","coordinates":[77.66394,12.85599]},"properties":{"name":"Konappana Agarhara"}},{"type":"Feature","geometry":{"type":"Point","coordinates":[77.66389,12.85591]},"properties":{"name":"Konappana Agarhara"}},{"type":"Feature","geometry":{"type":"Point","coordinates":[77.66418,12.856]},"properties":{"name":"Konappana Agarhara"}},{"type":"Feature","geometry":{"type":"Point","coordinates":[77.62322,12.94467]},"properties":{"name":"NGV Koramangala"}},{"type":"Feature","geometry":{"type":"Point","coordinates":[77.38461,13.02563]},"properties":{"name":"High School Sondekoppa"}},{"type":"Feature","geometry":{"type":"Point","coordinates":[77.38455,13.0256]},"properties":{"name":"High School Sondekoppa"}},{"type":"Feature","geometry":{"type":"Point","coordinates":[77.39272,13.04468]},"properties":{"name":"Lakkenahalli"}},{"type":"Feature","geometry":{"type":"Point","coordinates":[77.39277,13.04464]},"properties":{"name":"Lakkenahalli"}},{"type":"Feature","geometry":{"type":"Point","coordinates":[77.39379,13.05944]},"properties":{"name":"Hullegowdanahalli Cross"}},{"type":"Feature","geometry":{"type":"Point","coordinates":[77.39384,13.05941]},"properties":{"name":"Hullegowdanahalli Cross"}},{"type":"Feature","geometry":{"type":"Point","coordinates":[77.39372,13.06439]},"properties":{"name":"Byregowdanahalli"}},{"type":"Feature","geometry":{"type":"Point","coordinates":[77.39378,13.06443]},"properties":{"name":"Byregowdanahalli"}},{"type":"Feature","geometry":{"type":"Point","coordinates":[77.39368,13.07273]},"properties":{"name":"Mallapura Cross"}},{"type":"Feature","geometry":{"type":"Point","coordinates":[77.39374,13.07276]},"properties":{"name":"Mallapura Cross"}},{"type":"Feature","geometry":{"type":"Point","coordinates":[77.39274,13.08226]},"properties":{"name":"Siddaganga College"}},{"type":"Feature","geometry":{"type":"Point","coordinates":[77.39279,13.08219]},"properties":{"name":"Siddaganga College"}},{"type":"Feature","geometry":{"type":"Point","coordinates":[77.39481,13.09199]},"properties":{"name":"Sondekoppa Circle Nelamangala"}},{"type":"Feature","geometry":{"type":"Point","coordinates":[77.39476,13.09217]},"properties":{"name":"Sondekoppa Circle Nelamangala"}},{"type":"Feature","geometry":{"type":"Point","coordinates":[77.67384,12.83702]},"properties":{"name":"Veerasandra Village"}},{"type":"Feature","geometry":{"type":"Point","coordinates":[77.65117,12.82674]},"properties":{"name":"Jaga Jeevan Ram Nagara"}},{"type":"Feature","geometry":{"type":"Point","coordinates":[77.74129,12.86057]},"properties":{"name":"Kada Agrahara"}},{"type":"Feature","geometry":{"type":"Point","coordinates":[77.74144,12.86074]},"properties":{"name":"Kada Agrahara"}},{"type":"Feature","geometry":{"type":"Point","coordinates":[77.47846,12.9959]},"properties":{"name":"G Hosahalli"}},{"type":"Feature","geometry":{"type":"Point","coordinates":[77.47841,12.99594]},"properties":{"name":"G Hosahalli"}},{"type":"Feature","geometry":{"type":"Point","coordinates":[77.47531,12.98818]},"properties":{"name":"Jn of G Hosahalli Road"}},{"type":"Feature","geometry":{"type":"Point","coordinates":[77.47537,12.98816]},"properties":{"name":"Jn of Hosahalli Road"}},{"type":"Feature","geometry":{"type":"Point","coordinates":[77.48813,12.96075]},"properties":{"name":"Bhavani Nagara 2nd Stage"}},{"type":"Feature","geometry":{"type":"Point","coordinates":[77.48821,12.96072]},"properties":{"name":"Bhavani Nagara 2nd Stage"}},{"type":"Feature","geometry":{"type":"Point","coordinates":[77.44909,12.97316]},"properties":{"name":"Seegehalli"}},{"type":"Feature","geometry":{"type":"Point","coordinates":[77.44903,12.97317]},"properties":{"name":"Seegehalli"}},{"type":"Feature","geometry":{"type":"Point","coordinates":[77.60761,13.01971]},"properties":{"name":"Kaval Byrasandra"}},{"type":"Feature","geometry":{"type":"Point","coordinates":[77.60761,13.01964]},"properties":{"name":"Kaval Byrasandra"}},{"type":"Feature","geometry":{"type":"Point","coordinates":[77.52536,13.04368]},"properties":{"name":"Basaveshwara Satellite Bus Station"}},{"type":"Feature","geometry":{"type":"Point","coordinates":[77.66268,12.80444]},"properties":{"name":"Yarandahalli"}},{"type":"Feature","geometry":{"type":"Point","coordinates":[77.66572,12.82316]},"properties":{"name":"Thirupalya"}},{"type":"Feature","geometry":{"type":"Point","coordinates":[77.6658,12.82323]},"properties":{"name":"Thirupalya"}},{"type":"Feature","geometry":{"type":"Point","coordinates":[77.46432,12.9809]},"properties":{"name":"Lakshmaiah Badavane"}},{"type":"Feature","geometry":{"type":"Point","coordinates":[77.70469,12.80266]},"properties":{"name":"Chandapura"}},{"type":"Feature","geometry":{"type":"Point","coordinates":[77.46421,12.98093]},"properties":{"name":"Lakshmaiah Badavane"}},{"type":"Feature","geometry":{"type":"Point","coordinates":[77.67624,12.81692]},"properties":{"name":"Industrial Area Water Tank Bommasandra"}},{"type":"Feature","geometry":{"type":"Point","coordinates":[77.65723,12.79137]},"properties":{"name":"Jn of Ring Road Bommasandra"}},{"type":"Feature","geometry":{"type":"Point","coordinates":[77.65033,12.86409]},"properties":{"name":"Basapura Electronic City"}},{"type":"Feature","geometry":{"type":"Point","coordinates":[77.7202,12.89631]},"properties":{"name":"Kodathi Gate"}},{"type":"Feature","geometry":{"type":"Point","coordinates":[77.72042,12.8967]},"properties":{"name":"Kodathi Gate"}},{"type":"Feature","geometry":{"type":"Point","coordinates":[77.65023,12.86416]},"properties":{"name":"Basapura Electronic City"}},{"type":"Feature","geometry":{"type":"Point","coordinates":[77.53466,12.92949]},"properties":{"name":"Muneshwara Nagara Kerekodi"}},{"type":"Feature","geometry":{"type":"Point","coordinates":[77.68858,12.81856]},"properties":{"name":"Bommasandra"}},{"type":"Feature","geometry":{"type":"Point","coordinates":[77.53469,12.92955]},"properties":{"name":"Muneshwara Nagara Kerekodi"}},{"type":"Feature","geometry":{"type":"Point","coordinates":[77.69094,13.28705]},"properties":{"name":"Maligenahalli Bidaluru"}},{"type":"Feature","geometry":{"type":"Point","coordinates":[77.47206,12.96336]},"properties":{"name":"Brahma Devara Gudda"}},{"type":"Feature","geometry":{"type":"Point","coordinates":[77.47212,12.96334]},"properties":{"name":"Brahma Devara Gudda"}},{"type":"Feature","geometry":{"type":"Point","coordinates":[77.45886,12.96757]},"properties":{"name":"Kannalli"}},{"type":"Feature","geometry":{"type":"Point","coordinates":[77.42104,12.95924]},"properties":{"name":"Yalachaguppe"}},{"type":"Feature","geometry":{"type":"Point","coordinates":[77.37297,12.93682]},"properties":{"name":"Madapatna Cross"}},{"type":"Feature","geometry":{"type":"Point","coordinates":[77.37284,12.93666]},"properties":{"name":"Madapatna Cross"}},{"type":"Feature","geometry":{"type":"Point","coordinates":[77.3828,12.93054]},"properties":{"name":"Doddamaranahalli"}},{"type":"Feature","geometry":{"type":"Point","coordinates":[77.38287,12.93054]},"properties":{"name":"Doddamaranahalli"}},{"type":"Feature","geometry":{"type":"Point","coordinates":[77.38148,12.93422]},"properties":{"name":"Karekalpalya Cross"}},{"type":"Feature","geometry":{"type":"Point","coordinates":[77.38154,12.93423]},"properties":{"name":"Karekalpalya Cross"}},{"type":"Feature","geometry":{"type":"Point","coordinates":[77.38646,12.934]},"properties":{"name":"Karekalpalya"}},{"type":"Feature","geometry":{"type":"Point","coordinates":[77.38651,12.93393]},"properties":{"name":"Karekalpalya"}},{"type":"Feature","geometry":{"type":"Point","coordinates":[77.35781,13.03508]},"properties":{"name":"Manchenahalli"}},{"type":"Feature","geometry":{"type":"Point","coordinates":[77.3578,13.03502]},"properties":{"name":"Manchenahalli"}},{"type":"Feature","geometry":{"type":"Point","coordinates":[77.36696,13.02712]},"properties":{"name":"Aziz Palya"}},{"type":"Feature","geometry":{"type":"Point","coordinates":[77.36688,13.02721]},"properties":{"name":"Aziz Palya"}},{"type":"Feature","geometry":{"type":"Point","coordinates":[77.35909,13.03244]},"properties":{"name":"Gowdaiahanapalya"}},{"type":"Feature","geometry":{"type":"Point","coordinates":[77.35913,13.03251]},"properties":{"name":"Gowdaiahanapalya"}},{"type":"Feature","geometry":{"type":"Point","coordinates":[77.41863,12.99281]},"properties":{"name":"Giddenahalli"}},{"type":"Feature","geometry":{"type":"Point","coordinates":[77.41865,12.99275]},"properties":{"name":"Giddenahalli"}},{"type":"Feature","geometry":{"type":"Point","coordinates":[77.42725,12.98569]},"properties":{"name":"Mallaiahnapalya"}},{"type":"Feature","geometry":{"type":"Point","coordinates":[77.42728,12.98575]},"properties":{"name":"Mallaiahnapalya"}},{"type":"Feature","geometry":{"type":"Point","coordinates":[77.37423,12.98549]},"properties":{"name":"Jogerahalli"}},{"type":"Feature","geometry":{"type":"Point","coordinates":[77.37427,12.98553]},"properties":{"name":"Jogerahalli"}},{"type":"Feature","geometry":{"type":"Point","coordinates":[77.3964,13.03263]},"properties":{"name":"Hunnigere"}},{"type":"Feature","geometry":{"type":"Point","coordinates":[77.39647,13.0326]},"properties":{"name":"Hunnigere"}},{"type":"Feature","geometry":{"type":"Point","coordinates":[77.38459,13.0443]},"properties":{"name":"Mantanakurchi"}},{"type":"Feature","geometry":{"type":"Point","coordinates":[77.38411,13.04352]},"properties":{"name":"Mantanakurchi"}},{"type":"Feature","geometry":{"type":"Point","coordinates":[77.3645,12.99504]},"properties":{"name":"Kanuvanahalli"}},{"type":"Feature","geometry":{"type":"Point","coordinates":[77.56985,12.97867]},"properties":{"name":"Bengaluru City Railway Station"}},{"type":"Feature","geometry":{"type":"Point","coordinates":[77.36454,12.995]},"properties":{"name":"Kanuvanahalli"}},{"type":"Feature","geometry":{"type":"Point","coordinates":[77.37739,13.00148]},"properties":{"name":"Nagasandra Palya"}},{"type":"Feature","geometry":{"type":"Point","coordinates":[77.37742,13.00142]},"properties":{"name":"Nagasandra Palya"}},{"type":"Feature","geometry":{"type":"Point","coordinates":[77.6532,12.86959]},"properties":{"name":"Hosa Road"}},{"type":"Feature","geometry":{"type":"Point","coordinates":[77.38911,12.95965]},"properties":{"name":"Peddanapalya"}},{"type":"Feature","geometry":{"type":"Point","coordinates":[77.38904,12.9596]},"properties":{"name":"Peddapanapalya"}},{"type":"Feature","geometry":{"type":"Point","coordinates":[77.38891,12.97381]},"properties":{"name":"Gowrava Bhovi Palya"}},{"type":"Feature","geometry":{"type":"Point","coordinates":[77.36003,12.92666]},"properties":{"name":"Aralimaradapalya Cross"}},{"type":"Feature","geometry":{"type":"Point","coordinates":[77.42046,13.01475]},"properties":{"name":"Chamundi Nagara"}},{"type":"Feature","geometry":{"type":"Point","coordinates":[77.41338,13.00971]},"properties":{"name":"Kittanahalli Palya"}},{"type":"Feature","geometry":{"type":"Point","coordinates":[77.41344,13.00979]},"properties":{"name":"Kittanahalli Palya"}},{"type":"Feature","geometry":{"type":"Point","coordinates":[77.41617,13.03508]},"properties":{"name":"Averahalli"}},{"type":"Feature","geometry":{"type":"Point","coordinates":[77.42184,13.03343]},"properties":{"name":"Averahalli Cross"}},{"type":"Feature","geometry":{"type":"Point","coordinates":[77.42186,13.03337]},"properties":{"name":"Averahalli Cross"}},{"type":"Feature","geometry":{"type":"Point","coordinates":[77.4292,13.04343]},"properties":{"name":"Shivanapura Cross"}},{"type":"Feature","geometry":{"type":"Point","coordinates":[77.42915,13.04347]},"properties":{"name":"Shivanapura Cross"}},{"type":"Feature","geometry":{"type":"Point","coordinates":[77.42692,13.04045]},"properties":{"name":"Kenganahalli Cross"}},{"type":"Feature","geometry":{"type":"Point","coordinates":[77.42686,13.04047]},"properties":{"name":"Kenganahalli Cross"}},{"type":"Feature","geometry":{"type":"Point","coordinates":[77.55399,12.9845]},"properties":{"name":"Bashyam Circle"}},{"type":"Feature","geometry":{"type":"Point","coordinates":[77.5085,12.80015]},"properties":{"name":"Kaggalipura"}},{"type":"Feature","geometry":{"type":"Point","coordinates":[77.66077,12.79901]},"properties":{"name":"OMEX Circle Sriramapura"}},{"type":"Feature","geometry":{"type":"Point","coordinates":[77.57791,12.80071]},"properties":{"name":"Bannerughatta National Park"}},{"type":"Feature","geometry":{"type":"Point","coordinates":[77.66385,12.98962]},"properties":{"name":"Nagavarapalya"}},{"type":"Feature","geometry":{"type":"Point","coordinates":[77.6639,12.98949]},"properties":{"name":"Nagavarapalya"}},{"type":"Feature","geometry":{"type":"Point","coordinates":[77.51718,13.0649]},"properties":{"name":"Shettyhalli"}},{"type":"Feature","geometry":{"type":"Point","coordinates":[77.6063,12.8913]},"properties":{"name":"Vijaya Bank Colony Ayyappa Temple"}},{"type":"Feature","geometry":{"type":"Point","coordinates":[77.59905,12.89269]},"properties":{"name":"HSBC"}},{"type":"Feature","geometry":{"type":"Point","coordinates":[77.65393,12.76428]},"properties":{"name":"Haragadhe Cross"}},{"type":"Feature","geometry":{"type":"Point","coordinates":[77.65393,12.76423]},"properties":{"name":"Haragadde Cross"}},{"type":"Feature","geometry":{"type":"Point","coordinates":[77.59607,12.88155]},"properties":{"name":"Hulimavu Gate"}},{"type":"Feature","geometry":{"type":"Point","coordinates":[77.74235,12.74805]},"properties":{"name":"Mayasandra Kodi"}},{"type":"Feature","geometry":{"type":"Point","coordinates":[77.74234,12.74808]},"properties":{"name":"Mayasandra Kodi"}},{"type":"Feature","geometry":{"type":"Point","coordinates":[77.74012,12.74574]},"properties":{"name":"Ramalinga Reddy Estate"}},{"type":"Feature","geometry":{"type":"Point","coordinates":[77.74018,12.74575]},"properties":{"name":"Ramalinga Reddy Estate"}},{"type":"Feature","geometry":{"type":"Point","coordinates":[77.73453,12.73965]},"properties":{"name":"Shobha Apartment"}},{"type":"Feature","geometry":{"type":"Point","coordinates":[77.73454,12.73955]},"properties":{"name":"Shobha Apartment"}},{"type":"Feature","geometry":{"type":"Point","coordinates":[77.73079,12.73549]},"properties":{"name":"Tattanalli Gate"}},{"type":"Feature","geometry":{"type":"Point","coordinates":[77.54828,12.98453]},"properties":{"name":"Industrial Town Rajajinagara"}},{"type":"Feature","geometry":{"type":"Point","coordinates":[77.5482,12.98449]},"properties":{"name":"Industrial Town Rajajinagara"}},{"type":"Feature","geometry":{"type":"Point","coordinates":[77.62936,12.92424]},"properties":{"name":"Krupanidhi College"}},{"type":"Feature","geometry":{"type":"Point","coordinates":[77.66117,12.79879]},"properties":{"name":"OMEX Circle Sriramapura"}},{"type":"Feature","geometry":{"type":"Point","coordinates":[77.75227,12.983]},"properties":{"name":"Hope Farm"}},{"type":"Feature","geometry":{"type":"Point","coordinates":[77.68612,13.02264]},"properties":{"name":"Jinke Thimmanahalli"}},{"type":"Feature","geometry":{"type":"Point","coordinates":[77.65498,12.76142]},"properties":{"name":"Jn of Nayanahalli Cross"}},{"type":"Feature","geometry":{"type":"Point","coordinates":[77.65494,12.76138]},"properties":{"name":"Jn of Nayanahalli Cross"}},{"type":"Feature","geometry":{"type":"Point","coordinates":[77.69426,12.78106]},"properties":{"name":"Ramakrishnapura Circle"}},{"type":"Feature","geometry":{"type":"Point","coordinates":[77.69426,12.78098]},"properties":{"name":"Ramakrishnapura Circle"}},{"type":"Feature","geometry":{"type":"Point","coordinates":[77.59999,12.85316]},"properties":{"name":"Doddakammanahalli"}},{"type":"Feature","geometry":{"type":"Point","coordinates":[77.59995,12.85311]},"properties":{"name":"Doddakammanahalli"}},{"type":"Feature","geometry":{"type":"Point","coordinates":[77.48471,12.8828]},"properties":{"name":"Hemmigepura"}},{"type":"Feature","geometry":{"type":"Point","coordinates":[77.48564,12.88945]},"properties":{"name":"Konasandra"}},{"type":"Feature","geometry":{"type":"Point","coordinates":[77.48012,12.87606]},"properties":{"name":"H Gollahalli"}},{"type":"Feature","geometry":{"type":"Point","coordinates":[77.48009,12.87587]},"properties":{"name":"H Gollahalli"}},{"type":"Feature","geometry":{"type":"Point","coordinates":[77.48476,12.88286]},"properties":{"name":"Hemmigepura"}},{"type":"Feature","geometry":{"type":"Point","coordinates":[77.4857,12.88948]},"properties":{"name":"Konasandra"}},{"type":"Feature","geometry":{"type":"Point","coordinates":[77.47135,12.87429]},"properties":{"name":"Muneshwara Layout"}},{"type":"Feature","geometry":{"type":"Point","coordinates":[77.47126,12.87437]},"properties":{"name":"Muneshwara Layout"}},{"type":"Feature","geometry":{"type":"Point","coordinates":[77.4867,12.87403]},"properties":{"name":"Varahasandra"}},{"type":"Feature","geometry":{"type":"Point","coordinates":[77.48663,12.87401]},"properties":{"name":"Varahasandra"}},{"type":"Feature","geometry":{"type":"Point","coordinates":[77.47215,12.85784]},"properties":{"name":"Doddypalya"}},{"type":"Feature","geometry":{"type":"Point","coordinates":[77.47215,12.85791]},"properties":{"name":"Doddypalya"}},{"type":"Feature","geometry":{"type":"Point","coordinates":[77.48635,12.8924]},"properties":{"name":"Konasandra Cross"}},{"type":"Feature","geometry":{"type":"Point","coordinates":[77.50219,12.88368]},"properties":{"name":"Gattigerepalya"}},{"type":"Feature","geometry":{"type":"Point","coordinates":[77.50219,12.88363]},"properties":{"name":"Gattigerepalya"}},{"type":"Feature","geometry":{"type":"Point","coordinates":[77.51481,12.87875]},"properties":{"name":"Chikkegowdanapalya"}},{"type":"Feature","geometry":{"type":"Point","coordinates":[77.51471,12.87868]},"properties":{"name":"Chikkegowdanapalya"}},{"type":"Feature","geometry":{"type":"Point","coordinates":[77.53305,12.87609]},"properties":{"name":"Ganigarapalya"}},{"type":"Feature","geometry":{"type":"Point","coordinates":[77.5331,12.87605]},"properties":{"name":"Ganigarapalya"}},{"type":"Feature","geometry":{"type":"Point","coordinates":[77.53831,12.87468]},"properties":{"name":"Manjunatha Kalyana Mantapa"}},{"type":"Feature","geometry":{"type":"Point","coordinates":[77.53814,12.87461]},"properties":{"name":"Manjunatha Kalyana Mantapa"}},{"type":"Feature","geometry":{"type":"Point","coordinates":[77.58632,12.9106]},"properties":{"name":"Jn of 24th Main 9th Cross JP Nagara"}},{"type":"Feature","geometry":{"type":"Point","coordinates":[77.51213,12.90692]},"properties":{"name":"Glass House"}},{"type":"Feature","geometry":{"type":"Point","coordinates":[77.35432,12.8752]},"properties":{"name":"Basammanahalli Cross"}},{"type":"Feature","geometry":{"type":"Point","coordinates":[77.35446,12.87518]},"properties":{"name":"Basammanahalli Cross"}},{"type":"Feature","geometry":{"type":"Point","coordinates":[77.36236,12.93666]},"properties":{"name":"Bande Inorpalya"}},{"type":"Feature","geometry":{"type":"Point","coordinates":[77.36241,12.9366]},"properties":{"name":"Bande Inorpalya"}},{"type":"Feature","geometry":{"type":"Point","coordinates":[77.37797,12.89425]},"properties":{"name":"Janatha Colony Byalalu"}},{"type":"Feature","geometry":{"type":"Point","coordinates":[77.37798,12.89417]},"properties":{"name":"Janatha Colony Byalalu"}},{"type":"Feature","geometry":{"type":"Point","coordinates":[77.60969,12.8334]},"properties":{"name":"Chinnayyanapalya Cross"}},{"type":"Feature","geometry":{"type":"Point","coordinates":[77.55265,13.21656]},"properties":{"name":"Aradeshanahalli Gate"}},{"type":"Feature","geometry":{"type":"Point","coordinates":[77.62495,13.04184]},"properties":{"name":"Petrol Bunk Nagavara Junction"}},{"type":"Feature","geometry":{"type":"Point","coordinates":[77.55264,13.21646]},"properties":{"name":"Aradeshanahalli Gate"}},{"type":"Feature","geometry":{"type":"Point","coordinates":[77.62478,13.0419]},"properties":{"name":"Petrol Bunk Nagavara Junction"}},{"type":"Feature","geometry":{"type":"Point","coordinates":[77.42872,12.93604]},"properties":{"name":"Krishnasagara"}},{"type":"Feature","geometry":{"type":"Point","coordinates":[77.42528,12.9414]},"properties":{"name":"Gulaganjahalli Cross"}},{"type":"Feature","geometry":{"type":"Point","coordinates":[77.59313,12.84671]},"properties":{"name":"Basavanapura Church"}},{"type":"Feature","geometry":{"type":"Point","coordinates":[77.5932,12.84678]},"properties":{"name":"Basavanapura Church"}},{"type":"Feature","geometry":{"type":"Point","coordinates":[77.57043,12.90862]},"properties":{"name":"Iliyas Nagara"}},{"type":"Feature","geometry":{"type":"Point","coordinates":[77.57051,12.90827]},"properties":{"name":"Iliyas Nagara Junction"}},{"type":"Feature","geometry":{"type":"Point","coordinates":[77.58891,12.73818]},"properties":{"name":"RamanayakanaDoddy"}},{"type":"Feature","geometry":{"type":"Point","coordinates":[77.79384,13.29559]},"properties":{"name":"Govt Hospital Vijayapura"}},{"type":"Feature","geometry":{"type":"Point","coordinates":[77.74066,13.2664]},"properties":{"name":"Yeliyur Gate"}},{"type":"Feature","geometry":{"type":"Point","coordinates":[77.60092,13.10635]},"properties":{"name":"Kendriya Vihara"}},{"type":"Feature","geometry":{"type":"Point","coordinates":[77.60097,13.10639]},"properties":{"name":"Kendriya Vihara"}},{"type":"Feature","geometry":{"type":"Point","coordinates":[77.76335,13.28064]},"properties":{"name":"Chikka Tattamangala"}},{"type":"Feature","geometry":{"type":"Point","coordinates":[77.76363,13.2806]},"properties":{"name":"Chikka Tattamangala"}},{"type":"Feature","geometry":{"type":"Point","coordinates":[77.77434,13.28742]},"properties":{"name":"Koramangala"}},{"type":"Feature","geometry":{"type":"Point","coordinates":[77.79113,13.29466]},"properties":{"name":"Shivagiri Choultry"}},{"type":"Feature","geometry":{"type":"Point","coordinates":[77.79103,13.29458]},"properties":{"name":"Shivagiri Choultry"}},{"type":"Feature","geometry":{"type":"Point","coordinates":[77.80044,13.29608]},"properties":{"name":"Muncipal Office Vijayapura"}},{"type":"Feature","geometry":{"type":"Point","coordinates":[77.80043,13.29604]},"properties":{"name":"Muncipal Office Vijayapura"}},{"type":"Feature","geometry":{"type":"Point","coordinates":[77.7256,13.29627]},"properties":{"name":"Avathi"}},{"type":"Feature","geometry":{"type":"Point","coordinates":[77.64231,12.81365]},"properties":{"name":"Nanjapura Cross"}},{"type":"Feature","geometry":{"type":"Point","coordinates":[77.64228,12.81361]},"properties":{"name":"Nanjapura Cross"}},{"type":"Feature","geometry":{"type":"Point","coordinates":[77.54371,12.86697]},"properties":{"name":"Holiday Village Apartment"}},{"type":"Feature","geometry":{"type":"Point","coordinates":[77.54376,12.86693]},"properties":{"name":"Holiday Village Apartment"}},{"type":"Feature","geometry":{"type":"Point","coordinates":[77.55736,13.11077]},"properties":{"name":"Kempanahalli"}},{"type":"Feature","geometry":{"type":"Point","coordinates":[77.59892,13.09758]},"properties":{"name":"YHK Raithara Santhe Bridge"}},{"type":"Feature","geometry":{"type":"Point","coordinates":[77.58814,13.08221]},"properties":{"name":"Jnana Deepika Bhargavi English School"}},{"type":"Feature","geometry":{"type":"Point","coordinates":[77.58809,13.08223]},"properties":{"name":"Jnana Deepika Bhargavi English School"}},{"type":"Feature","geometry":{"type":"Point","coordinates":[77.604,13.07273]},"properties":{"name":"Jakkur Layout Double Road"}},{"type":"Feature","geometry":{"type":"Point","coordinates":[77.60396,13.07253]},"properties":{"name":"Jakkur Layout Double Road"}},{"type":"Feature","geometry":{"type":"Point","coordinates":[77.59302,13.07338]},"properties":{"name":"GKVK"}},{"type":"Feature","geometry":{"type":"Point","coordinates":[77.58358,13.01474]},"properties":{"name":"Mekhri Circle"}},{"type":"Feature","geometry":{"type":"Point","coordinates":[77.59297,13.07348]},"properties":{"name":"GKVK"}},{"type":"Feature","geometry":{"type":"Point","coordinates":[77.49516,12.92749]},"properties":{"name":"Dubasipalya"}},{"type":"Feature","geometry":{"type":"Point","coordinates":[77.53397,13.02493]},"properties":{"name":"Modern Food Goraguntepalya"}},{"type":"Feature","geometry":{"type":"Point","coordinates":[77.55636,13.04373]},"properties":{"name":"BEL Circle"}},{"type":"Feature","geometry":{"type":"Point","coordinates":[77.55789,13.04383]},"properties":{"name":"BEL Circle"}},{"type":"Feature","geometry":{"type":"Point","coordinates":[77.54023,13.02975]},"properties":{"name":"Goraguntepalya"}},{"type":"Feature","geometry":{"type":"Point","coordinates":[77.59828,13.06599]},"properties":{"name":"Bank Stop"}},{"type":"Feature","geometry":{"type":"Point","coordinates":[77.59824,13.06592]},"properties":{"name":"Bank Stop"}},{"type":"Feature","geometry":{"type":"Point","coordinates":[77.68999,13.16996]},"properties":{"name":"Bayalahalli Gate"}},{"type":"Feature","geometry":{"type":"Point","coordinates":[77.62972,13.10479]},"properties":{"name":"Hazarath Tippu Nagara"}},{"type":"Feature","geometry":{"type":"Point","coordinates":[77.62978,13.10478]},"properties":{"name":"Hazarath Tippu Nagara"}},{"type":"Feature","geometry":{"type":"Point","coordinates":[77.63386,13.06756]},"properties":{"name":"K Narayanapura Cross"}},{"type":"Feature","geometry":{"type":"Point","coordinates":[77.63405,13.06741]},"properties":{"name":"K Narayanapura Cross"}},{"type":"Feature","geometry":{"type":"Point","coordinates":[77.54974,13.29817]},"properties":{"name":"Siddanayakanahalli"}},{"type":"Feature","geometry":{"type":"Point","coordinates":[77.54967,13.29817]},"properties":{"name":"Siddanayakanahalli"}},{"type":"Feature","geometry":{"type":"Point","coordinates":[77.55164,13.28663]},"properties":{"name":"Mutturu"}},{"type":"Feature","geometry":{"type":"Point","coordinates":[77.55156,13.28672]},"properties":{"name":"Mutturu"}},{"type":"Feature","geometry":{"type":"Point","coordinates":[77.71083,13.18106]},"properties":{"name":"Kadayarappanahalli"}},{"type":"Feature","geometry":{"type":"Point","coordinates":[77.69101,13.17285]},"properties":{"name":"Bande Kodigehalli"}},{"type":"Feature","geometry":{"type":"Point","coordinates":[77.69104,13.17281]},"properties":{"name":"Bande Kodigehalli"}},{"type":"Feature","geometry":{"type":"Point","coordinates":[77.58934,12.98573]},"properties":{"name":"Basaveshwara Circle Sophiya School"}},{"type":"Feature","geometry":{"type":"Point","coordinates":[77.58008,12.93719]},"properties":{"name":"South End Circle"}},{"type":"Feature","geometry":{"type":"Point","coordinates":[77.57646,12.95246]},"properties":{"name":"Sajjan Rao Circle"}},{"type":"Feature","geometry":{"type":"Point","coordinates":[77.59707,12.92712]},"properties":{"name":"Cormel Convent Jayanagara"}},{"type":"Feature","geometry":{"type":"Point","coordinates":[77.38867,13.10215]},"properties":{"name":"Basavanahalli Cross"}},{"type":"Feature","geometry":{"type":"Point","coordinates":[77.60303,12.9445]},"properties":{"name":"MICO Factory Junction"}},{"type":"Feature","geometry":{"type":"Point","coordinates":[77.60739,12.94399]},"properties":{"name":"Adugodi"}},{"type":"Feature","geometry":{"type":"Point","coordinates":[77.60493,13.03941]},"properties":{"name":"Vishwanath Nagenahalli"}},{"type":"Feature","geometry":{"type":"Point","coordinates":[77.6002,12.91639]},"properties":{"name":"Jayadeva Hospital"}},{"type":"Feature","geometry":{"type":"Point","coordinates":[77.59982,12.9169]},"properties":{"name":"Jayadeva Hospital"}},{"type":"Feature","geometry":{"type":"Point","coordinates":[77.60028,12.91682]},"properties":{"name":"Jayadeva Hospital"}},{"type":"Feature","geometry":{"type":"Point","coordinates":[77.5606,12.93535]},"properties":{"name":"Vidyapeeta Circle"}},{"type":"Feature","geometry":{"type":"Point","coordinates":[77.5763,12.93071]},"properties":{"name":"Yediyuru"}},{"type":"Feature","geometry":{"type":"Point","coordinates":[77.5761,12.93099]},"properties":{"name":"Yediyuru"}},{"type":"Feature","geometry":{"type":"Point","coordinates":[77.55904,13.20455]},"properties":{"name":"Surdenapura Gate"}},{"type":"Feature","geometry":{"type":"Point","coordinates":[77.53097,13.08777]},"properties":{"name":"Lakshmipura"}},{"type":"Feature","geometry":{"type":"Point","coordinates":[77.53108,13.08778]},"properties":{"name":"Lakshmipura"}},{"type":"Feature","geometry":{"type":"Point","coordinates":[77.53269,13.05455]},"properties":{"name":"Kammagondanahalli Bridge"}},{"type":"Feature","geometry":{"type":"Point","coordinates":[77.64672,12.71757]},"properties":{"name":"Chikkanahalli"}},{"type":"Feature","geometry":{"type":"Point","coordinates":[77.64681,12.71755]},"properties":{"name":"Chikkanahalli"}},{"type":"Feature","geometry":{"type":"Point","coordinates":[77.6516,13.09444]},"properties":{"name":"Crystal House Learning School"}},{"type":"Feature","geometry":{"type":"Point","coordinates":[77.56904,13.13443]},"properties":{"name":"BMS College Campus Yelahanka"}},{"type":"Feature","geometry":{"type":"Point","coordinates":[77.56901,13.1345]},"properties":{"name":"BMS College Campus Yelahanka"}},{"type":"Feature","geometry":{"type":"Point","coordinates":[77.55673,13.09034]},"properties":{"name":"Chikka Bettahalli Cross"}},{"type":"Feature","geometry":{"type":"Point","coordinates":[77.49521,13.08772]},"properties":{"name":"Dwaraka Nagara"}},{"type":"Feature","geometry":{"type":"Point","coordinates":[77.59316,13.02645]},"properties":{"name":"RT Nagara"}},{"type":"Feature","geometry":{"type":"Point","coordinates":[77.59322,13.02857]},"properties":{"name":"Depot-14 Gate"}},{"type":"Feature","geometry":{"type":"Point","coordinates":[77.59314,13.02496]},"properties":{"name":"Police Station RT Nagara"}},{"type":"Feature","geometry":{"type":"Point","coordinates":[77.5945,12.98141]},"properties":{"name":"GPO"}},{"type":"Feature","geometry":{"type":"Point","coordinates":[77.59463,13.02473]},"properties":{"name":"HMT Layout RT Nagara"}},{"type":"Feature","geometry":{"type":"Point","coordinates":[77.59462,13.02466]},"properties":{"name":"HMT Layout RT Nagara"}},{"type":"Feature","geometry":{"type":"Point","coordinates":[77.58937,13.04127]},"properties":{"name":"Hebbala"}},{"type":"Feature","geometry":{"type":"Point","coordinates":[77.5959,13.03598]},"properties":{"name":"Amarajyothinagara"}},{"type":"Feature","geometry":{"type":"Point","coordinates":[77.57325,13.05542]},"properties":{"name":"Tata Nagara"}},{"type":"Feature","geometry":{"type":"Point","coordinates":[77.57594,13.04831]},"properties":{"name":"Bhadrappa Layout"}},{"type":"Feature","geometry":{"type":"Point","coordinates":[77.57522,13.05339]},"properties":{"name":"Tata Nagara Entrance"}},{"type":"Feature","geometry":{"type":"Point","coordinates":[77.57525,13.05337]},"properties":{"name":"Tata Nagara Entrance"}},{"type":"Feature","geometry":{"type":"Point","coordinates":[77.58772,13.06102]},"properties":{"name":"Cauvery School Sahakara Nagara"}},{"type":"Feature","geometry":{"type":"Point","coordinates":[77.58779,13.06108]},"properties":{"name":"Cauvery School Sahakara Nagara"}},{"type":"Feature","geometry":{"type":"Point","coordinates":[77.61209,13.03165]},"properties":{"name":"2nd Stage HBR Layout"}},{"type":"Feature","geometry":{"type":"Point","coordinates":[77.61208,13.03175]},"properties":{"name":"2nd Stage HBR Layout"}},{"type":"Feature","geometry":{"type":"Point","coordinates":[77.42682,13.19824]},"properties":{"name":"Chikkabelavagala Gate"}},{"type":"Feature","geometry":{"type":"Point","coordinates":[77.42681,13.1983]},"properties":{"name":"Chikkabelavagala Gate"}},{"type":"Feature","geometry":{"type":"Point","coordinates":[77.73643,12.92081]},"properties":{"name":"Gunjuru"}},{"type":"Feature","geometry":{"type":"Point","coordinates":[77.73646,12.92088]},"properties":{"name":"Gunjuru"}},{"type":"Feature","geometry":{"type":"Point","coordinates":[77.74767,13.13513]},"properties":{"name":"Budigere"}},{"type":"Feature","geometry":{"type":"Point","coordinates":[77.69244,12.849]},"properties":{"name":"Depot-38 Gate"}},{"type":"Feature","geometry":{"type":"Point","coordinates":[77.64917,12.88938]},"properties":{"name":"Kudlu Panchayath Office"}},{"type":"Feature","geometry":{"type":"Point","coordinates":[77.58926,12.91722]},"properties":{"name":"Marenahalli Bus Stand"}},{"type":"Feature","geometry":{"type":"Point","coordinates":[77.61317,12.9327]},"properties":{"name":"Jn of Hosur Road"}},{"type":"Feature","geometry":{"type":"Point","coordinates":[77.61345,12.93262]},"properties":{"name":"Jn of Hosur Road"}},{"type":"Feature","geometry":{"type":"Point","coordinates":[77.67227,12.87595]},"properties":{"name":"Karnataka Slum Development Board Apartment"}},{"type":"Feature","geometry":{"type":"Point","coordinates":[77.67242,12.8759]},"properties":{"name":"Karnataka Slum Board Development Apartment"}},{"type":"Feature","geometry":{"type":"Point","coordinates":[77.64023,12.88926]},"properties":{"name":"Kudlu Gate"}},{"type":"Feature","geometry":{"type":"Point","coordinates":[77.66187,12.92126]},"properties":{"name":"Ibblur"}},{"type":"Feature","geometry":{"type":"Point","coordinates":[77.62359,12.91753]},"properties":{"name":"Central Silk Board"}},{"type":"Feature","geometry":{"type":"Point","coordinates":[77.64912,12.88948]},"properties":{"name":"Kudlu Panchayath Office"}},{"type":"Feature","geometry":{"type":"Point","coordinates":[77.53581,12.90886]},"properties":{"name":"Poornaprajna Layout"}},{"type":"Feature","geometry":{"type":"Point","coordinates":[77.71671,12.993]},"properties":{"name":"Hoodi"}},{"type":"Feature","geometry":{"type":"Point","coordinates":[77.63524,12.90725]},"properties":{"name":"Mangammanapalya"}},{"type":"Feature","geometry":{"type":"Point","coordinates":[77.6352,12.9073]},"properties":{"name":"Mangammanapalya"}},{"type":"Feature","geometry":{"type":"Point","coordinates":[77.63505,12.90725]},"properties":{"name":"Mangammanapalya"}},{"type":"Feature","geometry":{"type":"Point","coordinates":[77.75065,13.04592]},"properties":{"name":"Budigere Cross"}},{"type":"Feature","geometry":{"type":"Point","coordinates":[77.67949,12.83619]},"properties":{"name":"Huskur Gate"}},{"type":"Feature","geometry":{"type":"Point","coordinates":[77.6258,12.9116]},"properties":{"name":"Rupena Agrahara"}},{"type":"Feature","geometry":{"type":"Point","coordinates":[77.51822,13.03987]},"properties":{"name":"Jalahalli Cross"}},{"type":"Feature","geometry":{"type":"Point","coordinates":[77.55701,13.04353]},"properties":{"name":"BEL Circle"}},{"type":"Feature","geometry":{"type":"Point","coordinates":[77.55756,13.03565]},"properties":{"name":"Mattikere"}},{"type":"Feature","geometry":{"type":"Point","coordinates":[77.55705,13.03466]},"properties":{"name":"Mattikere"}},{"type":"Feature","geometry":{"type":"Point","coordinates":[77.66626,12.95847]},"properties":{"name":"HAL Main Gate"}},{"type":"Feature","geometry":{"type":"Point","coordinates":[77.66638,12.95844]},"properties":{"name":"HAL Main Gate"}},{"type":"Feature","geometry":{"type":"Point","coordinates":[77.66021,12.84491]},"properties":{"name":"BHEL"}},{"type":"Feature","geometry":{"type":"Point","coordinates":[77.71534,12.99153]},"properties":{"name":"Hoodi"}},{"type":"Feature","geometry":{"type":"Point","coordinates":[77.90326,12.91472]},"properties":{"name":"Jayamangala"}},{"type":"Feature","geometry":{"type":"Point","coordinates":[77.90312,12.91461]},"properties":{"name":"Jayamangala"}},{"type":"Feature","geometry":{"type":"Point","coordinates":[77.63412,12.98237]},"properties":{"name":"Depot-06"}},{"type":"Feature","geometry":{"type":"Point","coordinates":[77.62242,12.91813]},"properties":{"name":"Central Silk Board"}},{"type":"Feature","geometry":{"type":"Point","coordinates":[77.62221,12.91799]},"properties":{"name":"Central Silk Board"}},{"type":"Feature","geometry":{"type":"Point","coordinates":[77.6538,12.98973]},"properties":{"name":"Bayyappanahalli Metro Station"}},{"type":"Feature","geometry":{"type":"Point","coordinates":[77.44585,13.07011]},"properties":{"name":"Depot-40 Cross"}},{"type":"Feature","geometry":{"type":"Point","coordinates":[77.44763,13.06872]},"properties":{"name":"Adakimaranahalli Bridge"}},{"type":"Feature","geometry":{"type":"Point","coordinates":[77.63092,13.02636]},"properties":{"name":"Depot-10 Gate"}},{"type":"Feature","geometry":{"type":"Point","coordinates":[77.63099,13.02634]},"properties":{"name":"Depot-10 Gate"}},{"type":"Feature","geometry":{"type":"Point","coordinates":[77.61654,13.00276]},"properties":{"name":"Clarence School"}},{"type":"Feature","geometry":{"type":"Point","coordinates":[77.53426,12.95773]},"properties":{"name":"Attiguppe"}},{"type":"Feature","geometry":{"type":"Point","coordinates":[77.38109,13.09558]},"properties":{"name":"Kempalinganahalli Cross"}},{"type":"Feature","geometry":{"type":"Point","coordinates":[77.38105,13.09554]},"properties":{"name":"Kempalinganahalli Cross"}},{"type":"Feature","geometry":{"type":"Point","coordinates":[77.66154,12.9669]},"properties":{"name":"Jeevanbheema Nagara Cross"}},{"type":"Feature","geometry":{"type":"Point","coordinates":[77.57966,12.95519]},"properties":{"name":"Minerva Circle"}},{"type":"Feature","geometry":{"type":"Point","coordinates":[77.58026,12.95544]},"properties":{"name":"Minerva Circle"}},{"type":"Feature","geometry":{"type":"Point","coordinates":[77.54379,12.89894]},"properties":{"name":"Post Office Subramanyapura"}},{"type":"Feature","geometry":{"type":"Point","coordinates":[77.54385,12.89847]},"properties":{"name":"Post Office Subramanyapura"}},{"type":"Feature","geometry":{"type":"Point","coordinates":[77.62518,12.9408]},"properties":{"name":"Koramangala TTMC"}},{"type":"Feature","geometry":{"type":"Point","coordinates":[77.65926,12.97146]},"properties":{"name":"BEML Gate"}},{"type":"Feature","geometry":{"type":"Point","coordinates":[77.44214,12.97231]},"properties":{"name":"Depot-35"}},{"type":"Feature","geometry":{"type":"Point","coordinates":[77.63198,13.02626]},"properties":{"name":"Depot-10 Hennuru Gate"}},{"type":"Feature","geometry":{"type":"Point","coordinates":[77.64143,12.9633]},"properties":{"name":"Dhoopanahalli"}},{"type":"Feature","geometry":{"type":"Point","coordinates":[77.50127,13.01942]},"properties":{"name":"Depot-22"}},{"type":"Feature","geometry":{"type":"Point","coordinates":[77.50539,13.01656]},"properties":{"name":"14th Cross Peenya"}},{"type":"Feature","geometry":{"type":"Point","coordinates":[77.5147,13.13335]},"properties":{"name":"Shivakote"}},{"type":"Feature","geometry":{"type":"Point","coordinates":[77.51467,13.13338]},"properties":{"name":"Shivakote"}},{"type":"Feature","geometry":{"type":"Point","coordinates":[77.50036,13.0299]},"properties":{"name":"Gruhalakshmi Layout"}},{"type":"Feature","geometry":{"type":"Point","coordinates":[77.52178,13.02353]},"properties":{"name":"Police Station Rajagopala Nagara"}},{"type":"Feature","geometry":{"type":"Point","coordinates":[77.34031,13.06087]},"properties":{"name":"Honnasandra Cross"}},{"type":"Feature","geometry":{"type":"Point","coordinates":[77.34024,13.06082]},"properties":{"name":"Honnasandra Cross"}},{"type":"Feature","geometry":{"type":"Point","coordinates":[77.68456,12.84653]},"properties":{"name":"Shanthipura Electronic City"}},{"type":"Feature","geometry":{"type":"Point","coordinates":[77.68452,12.84629]},"properties":{"name":"Shanthipura Electronic City"}},{"type":"Feature","geometry":{"type":"Point","coordinates":[77.36462,13.07502]},"properties":{"name":"Srinivasapura Cross"}},{"type":"Feature","geometry":{"type":"Point","coordinates":[77.39288,13.08379]},"properties":{"name":"Mallapura Cross"}},{"type":"Feature","geometry":{"type":"Point","coordinates":[77.39283,13.08375]},"properties":{"name":"Mallapura Cross"}},{"type":"Feature","geometry":{"type":"Point","coordinates":[77.50284,13.07338]},"properties":{"name":"Janapriya Apartment"}},{"type":"Feature","geometry":{"type":"Point","coordinates":[77.50286,13.07344]},"properties":{"name":"Janapriya Apartment"}},{"type":"Feature","geometry":{"type":"Point","coordinates":[77.52972,13.07066]},"properties":{"name":"Abbigere Cross"}},{"type":"Feature","geometry":{"type":"Point","coordinates":[77.52968,13.07066]},"properties":{"name":"Abbigere Cross"}},{"type":"Feature","geometry":{"type":"Point","coordinates":[77.52996,13.06874]},"properties":{"name":"WIMAC Junction"}},{"type":"Feature","geometry":{"type":"Point","coordinates":[77.52993,13.06871]},"properties":{"name":"WIMAC Junction"}},{"type":"Feature","geometry":{"type":"Point","coordinates":[77.42416,13.07957]},"properties":{"name":"Arishinakunte"}},{"type":"Feature","geometry":{"type":"Point","coordinates":[77.53963,13.01856]},"properties":{"name":"Krishnananda Nagara"}},{"type":"Feature","geometry":{"type":"Point","coordinates":[77.48905,13.25791]},"properties":{"name":"Broad Casting Compound"}},{"type":"Feature","geometry":{"type":"Point","coordinates":[77.489,13.25794]},"properties":{"name":"Broad Casting Compound"}},{"type":"Feature","geometry":{"type":"Point","coordinates":[77.56546,13.00008]},"properties":{"name":"8th Cross Malleshwaram"}},{"type":"Feature","geometry":{"type":"Point","coordinates":[77.55967,13.00906]},"properties":{"name":"Milk Colony"}},{"type":"Feature","geometry":{"type":"Point","coordinates":[77.56133,13.00409]},"properties":{"name":"Subramanyanagara"}},{"type":"Feature","geometry":{"type":"Point","coordinates":[77.56321,13.00075]},"properties":{"name":"Railway Station Malleshwaram"}},{"type":"Feature","geometry":{"type":"Point","coordinates":[77.56787,12.98812]},"properties":{"name":"Gandhi School"}},{"type":"Feature","geometry":{"type":"Point","coordinates":[77.56772,12.99325]},"properties":{"name":"Ramamandira"}},{"type":"Feature","geometry":{"type":"Point","coordinates":[77.5678,12.99047]},"properties":{"name":"7th Cross Srirampura"}},{"type":"Feature","geometry":{"type":"Point","coordinates":[77.56842,12.997]},"properties":{"name":"Malleshwaram Circle"}},{"type":"Feature","geometry":{"type":"Point","coordinates":[77.56541,13.00011]},"properties":{"name":"8th Cross Malleshwaram"}},{"type":"Feature","geometry":{"type":"Point","coordinates":[77.40558,13.13415]},"properties":{"name":"Makali Cross Madhure Road"}},{"type":"Feature","geometry":{"type":"Point","coordinates":[77.40563,13.13412]},"properties":{"name":"Makali Cross Madhure Road"}},{"type":"Feature","geometry":{"type":"Point","coordinates":[77.52559,13.00172]},"properties":{"name":"Chowdeshwarinagara"}},{"type":"Feature","geometry":{"type":"Point","coordinates":[77.50458,13.03847]},"properties":{"name":"Nagasandra Cross"}},{"type":"Feature","geometry":{"type":"Point","coordinates":[77.50461,13.03842]},"properties":{"name":"Nagasandra Cross"}},{"type":"Feature","geometry":{"type":"Point","coordinates":[77.51789,13.03511]},"properties":{"name":"Systems"}},{"type":"Feature","geometry":{"type":"Point","coordinates":[77.51787,13.03515]},"properties":{"name":"Systems"}},{"type":"Feature","geometry":{"type":"Point","coordinates":[77.54484,13.0492]},"properties":{"name":"HMT Auditorium"}},{"type":"Feature","geometry":{"type":"Point","coordinates":[77.54446,13.04919]},"properties":{"name":"HMT Auditorium"}},{"type":"Feature","geometry":{"type":"Point","coordinates":[77.54991,13.04886]},"properties":{"name":"Jalahalli Police Station"}},{"type":"Feature","geometry":{"type":"Point","coordinates":[77.54973,13.04884]},"properties":{"name":"Jalahalli Police Station"}},{"type":"Feature","geometry":{"type":"Point","coordinates":[77.53265,13.05454]},"properties":{"name":"Bridge Kammagondanahalli"}},{"type":"Feature","geometry":{"type":"Point","coordinates":[77.50438,12.98725]},"properties":{"name":"Rajiv Gandhi"}},{"type":"Feature","geometry":{"type":"Point","coordinates":[77.5044,12.9872]},"properties":{"name":"Rajiv Gandhi"}},{"type":"Feature","geometry":{"type":"Point","coordinates":[77.50324,12.98532]},"properties":{"name":"Kebbahaala"}},{"type":"Feature","geometry":{"type":"Point","coordinates":[77.50326,12.98527]},"properties":{"name":"Kebbahaala"}},{"type":"Feature","geometry":{"type":"Point","coordinates":[77.50252,12.98304]},"properties":{"name":"Muneshwara Temple"}},{"type":"Feature","geometry":{"type":"Point","coordinates":[77.50247,12.98305]},"properties":{"name":"Muneshwara Temple"}},{"type":"Feature","geometry":{"type":"Point","coordinates":[77.55337,13.0436]},"properties":{"name":"Muthyala Nagara"}},{"type":"Feature","geometry":{"type":"Point","coordinates":[77.64375,13.03074]},"properties":{"name":"Chelekere Circle"}},{"type":"Feature","geometry":{"type":"Point","coordinates":[77.63111,13.02639]},"properties":{"name":"Depot-10 Gate"}},{"type":"Feature","geometry":{"type":"Point","coordinates":[77.63345,13.02778]},"properties":{"name":"Hennur Junction"}},{"type":"Feature","geometry":{"type":"Point","coordinates":[77.48857,13.06396]},"properties":{"name":"Sheshadri Nagara"}},{"type":"Feature","geometry":{"type":"Point","coordinates":[77.63694,13.00489]},"properties":{"name":"Indian Oil"}},{"type":"Feature","geometry":{"type":"Point","coordinates":[77.48934,13.06804]},"properties":{"name":"Thotada Guddadahalli"}},{"type":"Feature","geometry":{"type":"Point","coordinates":[77.50511,13.07628]},"properties":{"name":"Medarahalli Railway Gate"}},{"type":"Feature","geometry":{"type":"Point","coordinates":[77.54125,13.04588]},"properties":{"name":"Sharadamba Nagara"}},{"type":"Feature","geometry":{"type":"Point","coordinates":[77.5413,13.04588]},"properties":{"name":"Sharadamba Nagara"}},{"type":"Feature","geometry":{"type":"Point","coordinates":[77.42295,13.19458]},"properties":{"name":"Ramadevanahalli Cross"}},{"type":"Feature","geometry":{"type":"Point","coordinates":[77.42288,13.19458]},"properties":{"name":"Ramadevanahalli Cross"}},{"type":"Feature","geometry":{"type":"Point","coordinates":[77.59806,13.0065]},"properties":{"name":"Muddamma Garden"}},{"type":"Feature","geometry":{"type":"Point","coordinates":[77.60195,12.99588]},"properties":{"name":"YMC Nandhidurga Road"}},{"type":"Feature","geometry":{"type":"Point","coordinates":[77.62089,13.00634]},"properties":{"name":"Charls School Toll Gate"}},{"type":"Feature","geometry":{"type":"Point","coordinates":[77.60354,13.00311]},"properties":{"name":"Chinnappa Garden"}},{"type":"Feature","geometry":{"type":"Point","coordinates":[77.60184,12.99595]},"properties":{"name":"YMC Nandhidurga Road"}},{"type":"Feature","geometry":{"type":"Point","coordinates":[77.50414,13.07091]},"properties":{"name":"Sapthagiri Hospital"}},{"type":"Feature","geometry":{"type":"Point","coordinates":[77.61898,13.00327]},"properties":{"name":"Devis Road"}},{"type":"Feature","geometry":{"type":"Point","coordinates":[77.63884,13.02631]},"properties":{"name":"Kalyananagara"}},{"type":"Feature","geometry":{"type":"Point","coordinates":[77.63581,13.03165]},"properties":{"name":"Hennur Cross"}},{"type":"Feature","geometry":{"type":"Point","coordinates":[77.63222,13.02751]},"properties":{"name":"Hennur Junction"}},{"type":"Feature","geometry":{"type":"Point","coordinates":[77.64325,13.06624]},"properties":{"name":"BDS Nagara"}},{"type":"Feature","geometry":{"type":"Point","coordinates":[77.69595,13.18403]},"properties":{"name":"Mylanahalli"}},{"type":"Feature","geometry":{"type":"Point","coordinates":[77.69597,13.18406]},"properties":{"name":"Mylanahalli"}},{"type":"Feature","geometry":{"type":"Point","coordinates":[77.64156,13.03955]},"properties":{"name":"Hennur"}},{"type":"Feature","geometry":{"type":"Point","coordinates":[77.65355,13.07794]},"properties":{"name":"Byrathi Bande"}},{"type":"Feature","geometry":{"type":"Point","coordinates":[77.66677,13.13334]},"properties":{"name":"Bagalur Santhe"}},{"type":"Feature","geometry":{"type":"Point","coordinates":[77.6725,13.13048]},"properties":{"name":"Vijaya School"}},{"type":"Feature","geometry":{"type":"Point","coordinates":[77.67247,13.1304]},"properties":{"name":"Vijaya School"}},{"type":"Feature","geometry":{"type":"Point","coordinates":[77.55956,12.91813]},"properties":{"name":"Padmanabha Nagara"}},{"type":"Feature","geometry":{"type":"Point","coordinates":[77.55953,12.9181]},"properties":{"name":"Padmanabha Nagara"}},{"type":"Feature","geometry":{"type":"Point","coordinates":[77.62442,12.94107]},"properties":{"name":"Koramangala TTMC"}},{"type":"Feature","geometry":{"type":"Point","coordinates":[77.59703,12.98428]},"properties":{"name":"Balekundri Circle Indian Express"}},{"type":"Feature","geometry":{"type":"Point","coordinates":[77.62335,12.94475]},"properties":{"name":"NGV Koramangala"}},{"type":"Feature","geometry":{"type":"Point","coordinates":[77.62418,12.9411]},"properties":{"name":"Koramangala TTMC"}},{"type":"Feature","geometry":{"type":"Point","coordinates":[77.64044,12.95275]},"properties":{"name":"Dell"}},{"type":"Feature","geometry":{"type":"Point","coordinates":[77.53802,12.98786]},"properties":{"name":"Havanur Circle Basaveshwara Nagara"}},{"type":"Feature","geometry":{"type":"Point","coordinates":[77.65047,12.92423]},"properties":{"name":"Agara"}},{"type":"Feature","geometry":{"type":"Point","coordinates":[77.50948,13.05716]},"properties":{"name":"Mallasandra Bagalakunte"}},{"type":"Feature","geometry":{"type":"Point","coordinates":[77.50954,13.05709]},"properties":{"name":"Mallasandra Bagalakunte"}},{"type":"Feature","geometry":{"type":"Point","coordinates":[77.50753,13.05679]},"properties":{"name":"Bagalagunte"}},{"type":"Feature","geometry":{"type":"Point","coordinates":[77.60308,12.94435]},"properties":{"name":"MICO Factory Junction"}},{"type":"Feature","geometry":{"type":"Point","coordinates":[77.59831,12.94741]},"properties":{"name":"10th Cross Wilson Garden"}},{"type":"Feature","geometry":{"type":"Point","coordinates":[77.73397,12.87348]},"properties":{"name":"Chokkasandra Cross"}},{"type":"Feature","geometry":{"type":"Point","coordinates":[77.69004,13.16995]},"properties":{"name":"Bayalahalli Gate"}},{"type":"Feature","geometry":{"type":"Point","coordinates":[77.53664,12.95355]},"properties":{"name":"Deepanjali Nagara"}},{"type":"Feature","geometry":{"type":"Point","coordinates":[77.62605,12.89569]},"properties":{"name":"Deccan"}},{"type":"Feature","geometry":{"type":"Point","coordinates":[77.62614,12.89572]},"properties":{"name":"Deccan"}},{"type":"Feature","geometry":{"type":"Point","coordinates":[77.59721,12.92711]},"properties":{"name":"Carmel Convent"}},{"type":"Feature","geometry":{"type":"Point","coordinates":[77.64904,12.91191]},"properties":{"name":"HSR Layout KEB"}},{"type":"Feature","geometry":{"type":"Point","coordinates":[77.64482,12.91216]},"properties":{"name":"2nd Sector HSR Layout"}},{"type":"Feature","geometry":{"type":"Point","coordinates":[77.64453,12.91213]},"properties":{"name":"Jnana Shrushti School"}},{"type":"Feature","geometry":{"type":"Point","coordinates":[77.53711,13.03014]},"properties":{"name":"Jn of Ring Road Goraguntepalya"}},{"type":"Feature","geometry":{"type":"Point","coordinates":[77.53697,13.03018]},"properties":{"name":"Jn of Ring Road Goraguntepalya"}},{"type":"Feature","geometry":{"type":"Point","coordinates":[77.5001,13.0674]},"properties":{"name":"Kirloskar Badavane"}},{"type":"Feature","geometry":{"type":"Point","coordinates":[77.50316,13.06669]},"properties":{"name":"Sapthagiri College"}},{"type":"Feature","geometry":{"type":"Point","coordinates":[77.50315,13.06665]},"properties":{"name":"Sapthagiri College"}},{"type":"Feature","geometry":{"type":"Point","coordinates":[77.45368,13.06511]},"properties":{"name":"Makali"}},{"type":"Feature","geometry":{"type":"Point","coordinates":[77.45363,13.0652]},"properties":{"name":"Makali"}},{"type":"Feature","geometry":{"type":"Point","coordinates":[77.56951,12.99328]},"properties":{"name":"MD Block"}},{"type":"Feature","geometry":{"type":"Point","coordinates":[77.56954,12.99324]},"properties":{"name":"MD Block"}},{"type":"Feature","geometry":{"type":"Point","coordinates":[77.51729,13.00712]},"properties":{"name":"Indira Priyadarshini Nagara"}},{"type":"Feature","geometry":{"type":"Point","coordinates":[77.51726,13.00709]},"properties":{"name":"Indira Priyadarshini Nagara"}},{"type":"Feature","geometry":{"type":"Point","coordinates":[77.50737,13.18849]},"properties":{"name":"KMF"}},{"type":"Feature","geometry":{"type":"Point","coordinates":[77.50739,13.18844]},"properties":{"name":"KMF"}},{"type":"Feature","geometry":{"type":"Point","coordinates":[77.50675,12.98078]},"properties":{"name":"Annapoorneshwarinagara Water Tank"}},{"type":"Feature","geometry":{"type":"Point","coordinates":[77.50691,12.9808]},"properties":{"name":"Annapoorneshwarinagara"}},{"type":"Feature","geometry":{"type":"Point","coordinates":[77.5542,13.03252]},"properties":{"name":"Chowdeshwarinagara JP Park"}},{"type":"Feature","geometry":{"type":"Point","coordinates":[77.55742,13.02493]},"properties":{"name":"Bombay Dyeing"}},{"type":"Feature","geometry":{"type":"Point","coordinates":[77.55903,13.0289]},"properties":{"name":"Post Office Mattikere"}},{"type":"Feature","geometry":{"type":"Point","coordinates":[77.55909,13.02891]},"properties":{"name":"Post Office Mattikere"}},{"type":"Feature","geometry":{"type":"Point","coordinates":[77.55745,13.02482]},"properties":{"name":"Bombay Dyeing"}},{"type":"Feature","geometry":{"type":"Point","coordinates":[77.59218,12.98286]},"properties":{"name":"Raj Bhavan"}},{"type":"Feature","geometry":{"type":"Point","coordinates":[77.48368,13.12537]},"properties":{"name":"Thirumalapura"}},{"type":"Feature","geometry":{"type":"Point","coordinates":[77.55758,13.01882]},"properties":{"name":"Yeshwanthapura Circle"}},{"type":"Feature","geometry":{"type":"Point","coordinates":[77.55578,13.01981]},"properties":{"name":"Yashawanthapura Market"}},{"type":"Feature","geometry":{"type":"Point","coordinates":[77.5304,13.10139]},"properties":{"name":"Meda Agrahara Cross"}},{"type":"Feature","geometry":{"type":"Point","coordinates":[77.53046,13.10138]},"properties":{"name":"Meda Agrahara Cross"}},{"type":"Feature","geometry":{"type":"Point","coordinates":[77.51524,12.97859]},"properties":{"name":"Malagala Cross"}},{"type":"Feature","geometry":{"type":"Point","coordinates":[77.51514,12.9788]},"properties":{"name":"Malagala Cross"}},{"type":"Feature","geometry":{"type":"Point","coordinates":[77.51275,12.97199]},"properties":{"name":"BDA Complex Cross Nagarabhavi"}},{"type":"Feature","geometry":{"type":"Point","coordinates":[77.51292,12.97196]},"properties":{"name":"BDA Complex Cross Nagarabhavi"}},{"type":"Feature","geometry":{"type":"Point","coordinates":[77.51694,12.95909]},"properties":{"name":"Nagarabhavi Circle"}},{"type":"Feature","geometry":{"type":"Point","coordinates":[77.51691,12.95891]},"properties":{"name":"Nagarabhavi Circle"}},{"type":"Feature","geometry":{"type":"Point","coordinates":[77.52138,13.05896]},"properties":{"name":"AIR FORCE Quarters"}},{"type":"Feature","geometry":{"type":"Point","coordinates":[77.52133,13.05894]},"properties":{"name":"AIR FORCE Quarters"}},{"type":"Feature","geometry":{"type":"Point","coordinates":[77.5246,13.11354]},"properties":{"name":"Dodda Byalakere"}},{"type":"Feature","geometry":{"type":"Point","coordinates":[77.52471,13.11368]},"properties":{"name":"Dodda Byalakere"}},{"type":"Feature","geometry":{"type":"Point","coordinates":[77.55701,12.98441]},"properties":{"name":"Rajajinagara Entrance"}},{"type":"Feature","geometry":{"type":"Point","coordinates":[77.54997,13.00362]},"properties":{"name":"1st Block Rajajinagara Diacon Hospital"}},{"type":"Feature","geometry":{"type":"Point","coordinates":[77.53214,13.06696]},"properties":{"name":"Vishweshwaraiah Enclave"}},{"type":"Feature","geometry":{"type":"Point","coordinates":[77.54865,12.97516]},"properties":{"name":"Magadi Road TollGate"}},{"type":"Feature","geometry":{"type":"Point","coordinates":[77.51095,13.025]},"properties":{"name":"NTTF Peenya"}},{"type":"Feature","geometry":{"type":"Point","coordinates":[77.50375,13.03155]},"properties":{"name":"Nelagadarenahalli"}},{"type":"Feature","geometry":{"type":"Point","coordinates":[77.50377,13.03158]},"properties":{"name":"Nelagadarenahalli"}},{"type":"Feature","geometry":{"type":"Point","coordinates":[77.504,13.03361]},"properties":{"name":"HMT Layout 8th Mile"}},{"type":"Feature","geometry":{"type":"Point","coordinates":[77.50403,13.03366]},"properties":{"name":"HMT Layout 8th Mile"}},{"type":"Feature","geometry":{"type":"Point","coordinates":[77.60599,12.94979]},"properties":{"name":"Pothalappa Garden"}},{"type":"Feature","geometry":{"type":"Point","coordinates":[77.60582,12.94978]},"properties":{"name":"Pothalappa Garden"}},{"type":"Feature","geometry":{"type":"Point","coordinates":[77.61776,12.95027]},"properties":{"name":"Lakshman Rao Nagara"}},{"type":"Feature","geometry":{"type":"Point","coordinates":[77.54314,13.00858]},"properties":{"name":"Ganesha Temple"}},{"type":"Feature","geometry":{"type":"Point","coordinates":[77.58574,12.87019]},"properties":{"name":"Depot-34 Gate"}},{"type":"Feature","geometry":{"type":"Point","coordinates":[77.58561,12.87018]},"properties":{"name":"Depot-34 Gate"}},{"type":"Feature","geometry":{"type":"Point","coordinates":[77.5857,12.87021]},"properties":{"name":"Depot-34 Gate"}},{"type":"Feature","geometry":{"type":"Point","coordinates":[77.58316,12.87067]},"properties":{"name":"BK Circle"}},{"type":"Feature","geometry":{"type":"Point","coordinates":[77.58325,12.8706]},"properties":{"name":"BK Circle"}},{"type":"Feature","geometry":{"type":"Point","coordinates":[77.59344,12.87106]},"properties":{"name":"Loyola School"}},{"type":"Feature","geometry":{"type":"Point","coordinates":[77.58856,13.1433]},"properties":{"name":"Gantaganahalli"}},{"type":"Feature","geometry":{"type":"Point","coordinates":[77.58862,13.14336]},"properties":{"name":"Gantaganahalli"}},{"type":"Feature","geometry":{"type":"Point","coordinates":[77.58119,12.81379]},"properties":{"name":"Bannerughatta Circle"}},{"type":"Feature","geometry":{"type":"Point","coordinates":[77.54339,13.00383]},"properties":{"name":"Nandhini Talkies"}},{"type":"Feature","geometry":{"type":"Point","coordinates":[77.54344,13.00386]},"properties":{"name":"Nandhini Talkies"}},{"type":"Feature","geometry":{"type":"Point","coordinates":[77.53529,13.02151]},"properties":{"name":"Kanteerava Studio"}},{"type":"Feature","geometry":{"type":"Point","coordinates":[77.53282,13.01412]},"properties":{"name":"SSVB Bakery Kanteerava Studio"}},{"type":"Feature","geometry":{"type":"Point","coordinates":[77.53278,13.01415]},"properties":{"name":"SSVB Bakery Kanteerava Studio"}},{"type":"Feature","geometry":{"type":"Point","coordinates":[77.53195,13.01578]},"properties":{"name":"Jai Bhuvaneshwari Nagara"}},{"type":"Feature","geometry":{"type":"Point","coordinates":[77.53517,13.0214]},"properties":{"name":"Kanteerava Nagara"}},{"type":"Feature","geometry":{"type":"Point","coordinates":[77.62939,12.78846]},"properties":{"name":"Jigani Double Road"}},{"type":"Feature","geometry":{"type":"Point","coordinates":[77.62956,12.78844]},"properties":{"name":"Jigani Double Road"}},{"type":"Feature","geometry":{"type":"Point","coordinates":[77.5813,12.81375]},"properties":{"name":"Bannerughatta Circle"}},{"type":"Feature","geometry":{"type":"Point","coordinates":[77.62759,12.81279]},"properties":{"name":"Dharmapura"}},{"type":"Feature","geometry":{"type":"Point","coordinates":[77.56811,12.98274]},"properties":{"name":"Okalipura"}},{"type":"Feature","geometry":{"type":"Point","coordinates":[77.6161,12.79644]},"properties":{"name":"Koppa Gate"}},{"type":"Feature","geometry":{"type":"Point","coordinates":[77.6161,12.79639]},"properties":{"name":"Koppa Gate"}},{"type":"Feature","geometry":{"type":"Point","coordinates":[77.5676,12.98721]},"properties":{"name":"Bashyam Nagara Gandhi School"}},{"type":"Feature","geometry":{"type":"Point","coordinates":[77.61051,12.89284]},"properties":{"name":"Vijaya Bank Layout Arakere"}},{"type":"Feature","geometry":{"type":"Point","coordinates":[77.61053,12.89279]},"properties":{"name":"Vijaya Bank Layout Arakere"}},{"type":"Feature","geometry":{"type":"Point","coordinates":[77.59906,12.89278]},"properties":{"name":"HSBC"}},{"type":"Feature","geometry":{"type":"Point","coordinates":[77.61176,12.89232]},"properties":{"name":"Vijaya Bank Layout Petrol Bunk"}},{"type":"Feature","geometry":{"type":"Point","coordinates":[77.62718,12.77094]},"properties":{"name":"Kallabala Cross"}},{"type":"Feature","geometry":{"type":"Point","coordinates":[77.56423,13.00713]},"properties":{"name":"15th Cross Malleshwaram"}},{"type":"Feature","geometry":{"type":"Point","coordinates":[77.56419,13.00713]},"properties":{"name":"15th Cross Malleshwaram"}},{"type":"Feature","geometry":{"type":"Point","coordinates":[77.57793,12.85596]},"properties":{"name":"Kembathalli"}},{"type":"Feature","geometry":{"type":"Point","coordinates":[77.57786,12.85588]},"properties":{"name":"Kembathalli"}},{"type":"Feature","geometry":{"type":"Point","coordinates":[77.59205,12.99521]},"properties":{"name":"Ganesha Temple"}},{"type":"Feature","geometry":{"type":"Point","coordinates":[77.58213,12.99847]},"properties":{"name":"RM Guttahalli"}},{"type":"Feature","geometry":{"type":"Point","coordinates":[77.57836,12.99469]},"properties":{"name":"RMS Sheshadripuram"}},{"type":"Feature","geometry":{"type":"Point","coordinates":[77.57829,12.99471]},"properties":{"name":"RMS Sheshadripuram"}},{"type":"Feature","geometry":{"type":"Point","coordinates":[77.58199,12.99857]},"properties":{"name":"RM Guttahalli"}},{"type":"Feature","geometry":{"type":"Point","coordinates":[77.56391,12.86197]},"properties":{"name":"Anjanapura"}},{"type":"Feature","geometry":{"type":"Point","coordinates":[77.56693,12.87639]},"properties":{"name":"Glass Factory"}},{"type":"Feature","geometry":{"type":"Point","coordinates":[77.54085,12.99948]},"properties":{"name":"Shankar Mutt"}},{"type":"Feature","geometry":{"type":"Point","coordinates":[77.54097,12.99908]},"properties":{"name":"Shankar Mutt"}},{"type":"Feature","geometry":{"type":"Point","coordinates":[77.58836,12.84142]},"properties":{"name":"Koli Farm Gate"}},{"type":"Feature","geometry":{"type":"Point","coordinates":[77.58838,12.84148]},"properties":{"name":"Koli Farm Gate"}},{"type":"Feature","geometry":{"type":"Point","coordinates":[77.61556,12.88887]},"properties":{"name":"Devarachikkanahalli"}},{"type":"Feature","geometry":{"type":"Point","coordinates":[77.61596,12.7963]},"properties":{"name":"Koppa Gate"}},{"type":"Feature","geometry":{"type":"Point","coordinates":[77.57743,12.96123]},"properties":{"name":"KR Market"}},{"type":"Feature","geometry":{"type":"Point","coordinates":[77.59349,12.89127]},"properties":{"name":"Arakere Lakshmi Layout"}},{"type":"Feature","geometry":{"type":"Point","coordinates":[77.59344,12.89124]},"properties":{"name":"Arakere Lakshmi Layout"}},{"type":"Feature","geometry":{"type":"Point","coordinates":[77.54088,12.91353]},"properties":{"name":"AGS Layout Cross"}},{"type":"Feature","geometry":{"type":"Point","coordinates":[77.54095,12.91344]},"properties":{"name":"AGS Layout Cross"}},{"type":"Feature","geometry":{"type":"Point","coordinates":[77.61008,12.88303]},"properties":{"name":"Shiradi Sai Temple Arakere"}},{"type":"Feature","geometry":{"type":"Point","coordinates":[77.6101,12.88311]},"properties":{"name":"Shiradi Sai Temple Arakere"}},{"type":"Feature","geometry":{"type":"Point","coordinates":[77.53955,12.93043]},"properties":{"name":"Hoskerehalli"}},{"type":"Feature","geometry":{"type":"Point","coordinates":[77.58758,12.90639]},"properties":{"name":"JP Nagara 15th Cross"}},{"type":"Feature","geometry":{"type":"Point","coordinates":[77.5636,12.8895]},"properties":{"name":"Konanakunte Cross"}},{"type":"Feature","geometry":{"type":"Point","coordinates":[77.56339,12.8896]},"properties":{"name":"Konanakunte Cross"}},{"type":"Feature","geometry":{"type":"Point","coordinates":[77.59793,12.89054]},"properties":{"name":"Arakere Gate"}},{"type":"Feature","geometry":{"type":"Point","coordinates":[77.59788,12.89062]},"properties":{"name":"Arakere Gate"}},{"type":"Feature","geometry":{"type":"Point","coordinates":[77.53484,13.04509]},"properties":{"name":"ISRO Quarters Jalahalli"}},{"type":"Feature","geometry":{"type":"Point","coordinates":[77.5349,13.04513]},"properties":{"name":"ISRO Quarters Jalahalli"}},{"type":"Feature","geometry":{"type":"Point","coordinates":[77.54143,13.05057]},"properties":{"name":"HMT Post Office"}},{"type":"Feature","geometry":{"type":"Point","coordinates":[77.54143,13.05063]},"properties":{"name":"HMT Post Office"}},{"type":"Feature","geometry":{"type":"Point","coordinates":[77.53776,13.04966]},"properties":{"name":"Shopping Complex HMT"}},{"type":"Feature","geometry":{"type":"Point","coordinates":[77.53788,13.04961]},"properties":{"name":"Shopping Complex HMT"}},{"type":"Feature","geometry":{"type":"Point","coordinates":[77.48631,12.89239]},"properties":{"name":"Konasandra Cross"}},{"type":"Feature","geometry":{"type":"Point","coordinates":[77.49848,12.88628]},"properties":{"name":"Lakshmi Temple"}},{"type":"Feature","geometry":{"type":"Point","coordinates":[77.49851,12.88632]},"properties":{"name":"Lakshmi Temple"}},{"type":"Feature","geometry":{"type":"Point","coordinates":[77.51049,12.8084]},"properties":{"name":"Jn of Kaggalipura"}},{"type":"Feature","geometry":{"type":"Point","coordinates":[77.51046,12.80836]},"properties":{"name":"Jn of Kaggalipura"}},{"type":"Feature","geometry":{"type":"Point","coordinates":[77.48613,12.8429]},"properties":{"name":"Agara"}},{"type":"Feature","geometry":{"type":"Point","coordinates":[77.48629,12.84289]},"properties":{"name":"Agara"}},{"type":"Feature","geometry":{"type":"Point","coordinates":[77.54227,12.8599]},"properties":{"name":"Kumarans School Mallasandra"}},{"type":"Feature","geometry":{"type":"Point","coordinates":[77.54219,12.8598]},"properties":{"name":"Kumarans School Mallasandra"}},{"type":"Feature","geometry":{"type":"Point","coordinates":[77.56969,12.91999]},"properties":{"name":"Sarabandepalya Banashankari"}},{"type":"Feature","geometry":{"type":"Point","coordinates":[77.58541,12.89826]},"properties":{"name":"Holy Mother School"}},{"type":"Feature","geometry":{"type":"Point","coordinates":[77.56354,12.913]},"properties":{"name":"JHBCS Layout Cross"}},{"type":"Feature","geometry":{"type":"Point","coordinates":[77.56345,12.91282]},"properties":{"name":"JHBCS Layout Cross"}},{"type":"Feature","geometry":{"type":"Point","coordinates":[77.62978,12.90639]},"properties":{"name":"Bommanahalli"}},{"type":"Feature","geometry":{"type":"Point","coordinates":[77.6298,12.90634]},"properties":{"name":"Bommanahalli"}},{"type":"Feature","geometry":{"type":"Point","coordinates":[77.60374,12.90869]},"properties":{"name":"Nayanappa Shetty Palya"}},{"type":"Feature","geometry":{"type":"Point","coordinates":[77.56536,12.91295]},"properties":{"name":"Umar Bhagh Layout"}},{"type":"Feature","geometry":{"type":"Point","coordinates":[77.57604,12.87162]},"properties":{"name":"Brook Haven JP Nagara 8th Phase"}},{"type":"Feature","geometry":{"type":"Point","coordinates":[77.57599,12.87152]},"properties":{"name":"Brook Haven JP Nagara 8th Phase"}},{"type":"Feature","geometry":{"type":"Point","coordinates":[77.57647,12.8747]},"properties":{"name":"Vaddarapalya JP Nagara 8th Phase"}},{"type":"Feature","geometry":{"type":"Point","coordinates":[77.57654,12.87462]},"properties":{"name":"Vaddarapalya JP Nagara 8th Phase"}},{"type":"Feature","geometry":{"type":"Point","coordinates":[77.56255,12.96033]},"properties":{"name":"Chamarajapet"}},{"type":"Feature","geometry":{"type":"Point","coordinates":[77.5937,12.92692]},"properties":{"name":"Sanjay Gandhi Hospital"}},{"type":"Feature","geometry":{"type":"Point","coordinates":[77.59374,12.92711]},"properties":{"name":"Sanjay Gandhi Hospital"}},{"type":"Feature","geometry":{"type":"Point","coordinates":[77.53584,12.90891]},"properties":{"name":"Poornaprajna Layout"}},{"type":"Feature","geometry":{"type":"Point","coordinates":[77.53588,12.90891]},"properties":{"name":"Poornaprajna Layout"}},{"type":"Feature","geometry":{"type":"Point","coordinates":[77.60878,12.92561]},"properties":{"name":"Balaji Nagara"}},{"type":"Feature","geometry":{"type":"Point","coordinates":[77.58862,12.85516]},"properties":{"name":"Gottigere"}},{"type":"Feature","geometry":{"type":"Point","coordinates":[77.58863,12.85519]},"properties":{"name":"Gottigere"}},{"type":"Feature","geometry":{"type":"Point","coordinates":[77.56152,12.87388]},"properties":{"name":"Avalahalli BDA Layout Cross"}},{"type":"Feature","geometry":{"type":"Point","coordinates":[77.56151,12.87384]},"properties":{"name":"Avalahalli BDA Layout Cross"}},{"type":"Feature","geometry":{"type":"Point","coordinates":[77.51095,12.97968]},"properties":{"name":"BDA Complex Nagarabhavi"}},{"type":"Feature","geometry":{"type":"Point","coordinates":[77.67682,12.8398]},"properties":{"name":"Veerasandra"}},{"type":"Feature","geometry":{"type":"Point","coordinates":[77.50453,12.90471]},"properties":{"name":"Omkar Hills"}},{"type":"Feature","geometry":{"type":"Point","coordinates":[77.54595,12.90695]},"properties":{"name":"KR Hospital Uttarahalli"}},{"type":"Feature","geometry":{"type":"Point","coordinates":[77.54444,12.87981]},"properties":{"name":"KSIT College Kankapura Road"}},{"type":"Feature","geometry":{"type":"Point","coordinates":[77.55136,12.92764]},"properties":{"name":"Banashankari 3rd Stage 3rd Phase"}},{"type":"Feature","geometry":{"type":"Point","coordinates":[77.53504,12.92946]},"properties":{"name":"Kere Kodi Hosakerehalli"}},{"type":"Feature","geometry":{"type":"Point","coordinates":[77.48542,12.91241]},"properties":{"name":"Kengeri"}},{"type":"Feature","geometry":{"type":"Point","coordinates":[77.52229,13.05655]},"properties":{"name":"HMT Siddarthanagara"}},{"type":"Feature","geometry":{"type":"Point","coordinates":[77.37505,12.9795]},"properties":{"name":"Center for Learning School Campus Magadi Road"}},{"type":"Feature","geometry":{"type":"Point","coordinates":[77.55127,12.92771]},"properties":{"name":"Banashankari 3rd Stage 3rd Phase"}},{"type":"Feature","geometry":{"type":"Point","coordinates":[77.55001,12.92549]},"properties":{"name":"Kathriguppe"}},{"type":"Feature","geometry":{"type":"Point","coordinates":[77.55012,12.92549]},"properties":{"name":"Kathriguppe"}},{"type":"Feature","geometry":{"type":"Point","coordinates":[77.54904,12.92298]},"properties":{"name":"Bhuvaneshwari Nagara"}},{"type":"Feature","geometry":{"type":"Point","coordinates":[77.54897,12.92295]},"properties":{"name":"Bhuvaneshwari Nagara"}},{"type":"Feature","geometry":{"type":"Point","coordinates":[77.52245,13.05635]},"properties":{"name":"HMT Siddarthanagara"}},{"type":"Feature","geometry":{"type":"Point","coordinates":[77.56803,12.90354]},"properties":{"name":"Faizabad"}},{"type":"Feature","geometry":{"type":"Point","coordinates":[77.48904,12.79431]},"properties":{"name":"Nawkalpalya"}},{"type":"Feature","geometry":{"type":"Point","coordinates":[77.48904,12.79428]},"properties":{"name":"Nawkalpalya"}},{"type":"Feature","geometry":{"type":"Point","coordinates":[77.56009,12.92047]},"properties":{"name":"Devegowda Hospital"}},{"type":"Feature","geometry":{"type":"Point","coordinates":[77.55991,12.92048]},"properties":{"name":"Devegowda Hospital"}},{"type":"Feature","geometry":{"type":"Point","coordinates":[77.62856,12.90734]},"properties":{"name":"Bommanahalli"}},{"type":"Feature","geometry":{"type":"Point","coordinates":[77.52981,12.92327]},"properties":{"name":"H Krishnappa Layout"}},{"type":"Feature","geometry":{"type":"Point","coordinates":[77.59511,12.91694]},"properties":{"name":"9th Block Jayanagara"}},{"type":"Feature","geometry":{"type":"Point","coordinates":[77.53486,12.78741]},"properties":{"name":"Guttepalya"}},{"type":"Feature","geometry":{"type":"Point","coordinates":[77.59144,12.91969]},"properties":{"name":"East End Jayanagara"}},{"type":"Feature","geometry":{"type":"Point","coordinates":[77.37521,12.98031]},"properties":{"name":"Center for Learning School Campus Magadi Road"}},{"type":"Feature","geometry":{"type":"Point","coordinates":[77.53424,12.95777]},"properties":{"name":"Attiguppe"}},{"type":"Feature","geometry":{"type":"Point","coordinates":[77.51654,13.04995]},"properties":{"name":"Ravindra Nagara"}},{"type":"Feature","geometry":{"type":"Point","coordinates":[77.41431,12.83437]},"properties":{"name":"Manchanayakanahalli Gate"}},{"type":"Feature","geometry":{"type":"Point","coordinates":[77.50435,13.03847]},"properties":{"name":"Nagasandra Cross"}},{"type":"Feature","geometry":{"type":"Point","coordinates":[77.50189,12.91791]},"properties":{"name":"Mind Tree Global Village"}},{"type":"Feature","geometry":{"type":"Point","coordinates":[77.5732,13.05544]},"properties":{"name":"Tata Nagara"}},{"type":"Feature","geometry":{"type":"Point","coordinates":[77.47685,13.05349]},"properties":{"name":"Jn of NICE Road Tumkur Road"}},{"type":"Feature","geometry":{"type":"Point","coordinates":[77.47249,12.99008]},"properties":{"name":"Jn of NICE Road Magadi Road"}},{"type":"Feature","geometry":{"type":"Point","coordinates":[77.47061,12.90244]},"properties":{"name":"NICE Road Mysore Road Junction"}},{"type":"Feature","geometry":{"type":"Point","coordinates":[77.48534,12.88775]},"properties":{"name":"9th Stone NICE Road"}},{"type":"Feature","geometry":{"type":"Point","coordinates":[77.49336,12.88099]},"properties":{"name":"NICE Office"}},{"type":"Feature","geometry":{"type":"Point","coordinates":[77.52617,12.85843]},"properties":{"name":"NICE Road Kanakapura Road Junction"}},{"type":"Feature","geometry":{"type":"Point","coordinates":[77.54209,12.85349]},"properties":{"name":"Poorvankara Apartment"}},{"type":"Feature","geometry":{"type":"Point","coordinates":[77.5862,12.85026]},"properties":{"name":"NICE Road Bannerughatta Road Junction"}},{"type":"Feature","geometry":{"type":"Point","coordinates":[77.6588,12.85824]},"properties":{"name":"ELC NICE Road"}},{"type":"Feature","geometry":{"type":"Point","coordinates":[77.65885,12.85806]},"properties":{"name":"ELC NICE Road"}},{"type":"Feature","geometry":{"type":"Point","coordinates":[77.58993,12.85]},"properties":{"name":"NICE Road Bannerughatta Road Junction"}},{"type":"Feature","geometry":{"type":"Point","coordinates":[77.54209,12.85332]},"properties":{"name":"Poorvankara Apartment"}},{"type":"Feature","geometry":{"type":"Point","coordinates":[77.52611,12.85822]},"properties":{"name":"NICE Road Kanakapura Road Junction"}},{"type":"Feature","geometry":{"type":"Point","coordinates":[77.49311,12.88089]},"properties":{"name":"NICE Office"}},{"type":"Feature","geometry":{"type":"Point","coordinates":[77.47068,12.90175]},"properties":{"name":"NICE Road Mysore Road Junction"}},{"type":"Feature","geometry":{"type":"Point","coordinates":[77.46932,12.92683]},"properties":{"name":"8th Stone NICE Road"}},{"type":"Feature","geometry":{"type":"Point","coordinates":[77.46939,12.93786]},"properties":{"name":"7th Stone NICE Road"}},{"type":"Feature","geometry":{"type":"Point","coordinates":[77.46989,12.94593]},"properties":{"name":"6th Stone NICE Road"}},{"type":"Feature","geometry":{"type":"Point","coordinates":[77.47126,12.97111]},"properties":{"name":"5th Stone NICE Road"}},{"type":"Feature","geometry":{"type":"Point","coordinates":[77.47233,12.99018]},"properties":{"name":"Jn of NICE Road Magadi Road"}},{"type":"Feature","geometry":{"type":"Point","coordinates":[77.47493,13.00936]},"properties":{"name":"4th Stone NICE Road"}},{"type":"Feature","geometry":{"type":"Point","coordinates":[77.47537,13.02289]},"properties":{"name":"3rd Stone NICE Road"}},{"type":"Feature","geometry":{"type":"Point","coordinates":[77.47667,13.05403]},"properties":{"name":"Jn of NICE Road Tumkur Road"}},{"type":"Feature","geometry":{"type":"Point","coordinates":[77.47506,13.04219]},"properties":{"name":"1st Stone NICE Road"}},{"type":"Feature","geometry":{"type":"Point","coordinates":[77.47728,13.05594]},"properties":{"name":"NICE Road Jalahalli Cross Junction"}},{"type":"Feature","geometry":{"type":"Point","coordinates":[77.66418,12.85586]},"properties":{"name":"Konappana Agarhara"}},{"type":"Feature","geometry":{"type":"Point","coordinates":[77.5889,12.99309]},"properties":{"name":"Mount Carmel College"}},{"type":"Feature","geometry":{"type":"Point","coordinates":[77.50773,13.04599]},"properties":{"name":"8th Mile"}},{"type":"Feature","geometry":{"type":"Point","coordinates":[77.52603,13.01553]},"properties":{"name":"Lakshmidevi Nagara"}},{"type":"Feature","geometry":{"type":"Point","coordinates":[77.52233,13.01538]},"properties":{"name":"Vidhana Soudha Layout"}},{"type":"Feature","geometry":{"type":"Point","coordinates":[77.52243,13.01547]},"properties":{"name":"Vidhana Soudha Layout"}},{"type":"Feature","geometry":{"type":"Point","coordinates":[77.57652,13.07135]},"properties":{"name":"Canara Bank Colony Kodigehalli"}},{"type":"Feature","geometry":{"type":"Point","coordinates":[77.57707,13.0713]},"properties":{"name":"Canara Bank Colony Kodigehalli"}},{"type":"Feature","geometry":{"type":"Point","coordinates":[77.55199,13.05196]},"properties":{"name":"BEL Company"}},{"type":"Feature","geometry":{"type":"Point","coordinates":[77.55204,13.05193]},"properties":{"name":"BEL Company"}},{"type":"Feature","geometry":{"type":"Point","coordinates":[77.60974,13.00117]},"properties":{"name":"Byadarahalli"}},{"type":"Feature","geometry":{"type":"Point","coordinates":[77.60978,13.00121]},"properties":{"name":"Byadarahalli"}},{"type":"Feature","geometry":{"type":"Point","coordinates":[77.5625,12.94898]},"properties":{"name":"Gavi Gangadareshwara Temple"}},{"type":"Feature","geometry":{"type":"Point","coordinates":[77.56258,12.94915]},"properties":{"name":"Gavi Gangadareshwara Temple"}},{"type":"Feature","geometry":{"type":"Point","coordinates":[77.69256,13.00693]},"properties":{"name":"ITI Bhavana"}},{"type":"Feature","geometry":{"type":"Point","coordinates":[77.54116,13.01823]},"properties":{"name":"Indian Design Private Limited"}},{"type":"Feature","geometry":{"type":"Point","coordinates":[77.5411,13.01818]},"properties":{"name":"Indian Design Private Limited"}},{"type":"Feature","geometry":{"type":"Point","coordinates":[77.6099,12.93117]},"properties":{"name":"Sudduguntepalya"}},{"type":"Feature","geometry":{"type":"Point","coordinates":[77.4501,12.91031]},"properties":{"name":"Hosapalya"}},{"type":"Feature","geometry":{"type":"Point","coordinates":[77.45016,12.9101]},"properties":{"name":"Hosapalya"}},{"type":"Feature","geometry":{"type":"Point","coordinates":[77.45344,12.89669]},"properties":{"name":"Challaghatta"}},{"type":"Feature","geometry":{"type":"Point","coordinates":[77.45333,12.89663]},"properties":{"name":"Challaghatta"}},{"type":"Feature","geometry":{"type":"Point","coordinates":[77.58249,12.97341]},"properties":{"name":"City Civil Court"}},{"type":"Feature","geometry":{"type":"Point","coordinates":[77.58242,12.97342]},"properties":{"name":"City Civil Court"}},{"type":"Feature","geometry":{"type":"Point","coordinates":[77.63237,12.91549]},"properties":{"name":"5th Main HSR Layout"}},{"type":"Feature","geometry":{"type":"Point","coordinates":[77.63228,12.91563]},"properties":{"name":"5th Main HSR Layout"}},{"type":"Feature","geometry":{"type":"Point","coordinates":[77.63252,12.90959]},"properties":{"name":"7th Sector HSR Layout"}},{"type":"Feature","geometry":{"type":"Point","coordinates":[77.63258,12.90957]},"properties":{"name":"7th Sector HSR Layout"}},{"type":"Feature","geometry":{"type":"Point","coordinates":[77.59999,12.97654]},"properties":{"name":"MG Statue"}},{"type":"Feature","geometry":{"type":"Point","coordinates":[77.41438,12.83436]},"properties":{"name":"Manchanayakanahalli Gate"}},{"type":"Feature","geometry":{"type":"Point","coordinates":[77.53195,13.01552]},"properties":{"name":"Jai Bhuvaneshwari Nagara"}},{"type":"Feature","geometry":{"type":"Point","coordinates":[77.53968,13.01849]},"properties":{"name":"Krishnananda Nagara"}},{"type":"Feature","geometry":{"type":"Point","coordinates":[77.64886,12.89977]},"properties":{"name":"ITI Layout"}},{"type":"Feature","geometry":{"type":"Point","coordinates":[77.6488,12.89962]},"properties":{"name":"ITI Layout"}},{"type":"Feature","geometry":{"type":"Point","coordinates":[77.59792,12.949]},"properties":{"name":"CS-Janatha Hotel Wilson Garden"}},{"type":"Feature","geometry":{"type":"Point","coordinates":[77.47665,12.94294]},"properties":{"name":"Shivaji Hotel"}},{"type":"Feature","geometry":{"type":"Point","coordinates":[77.4767,12.94298]},"properties":{"name":"Shivaji Hotel"}},{"type":"Feature","geometry":{"type":"Point","coordinates":[77.48155,12.87794]},"properties":{"name":"H Gollahalli Cross"}},{"type":"Feature","geometry":{"type":"Point","coordinates":[77.48161,12.87792]},"properties":{"name":"H Gollahalli Cross"}},{"type":"Feature","geometry":{"type":"Point","coordinates":[77.59431,12.9816]},"properties":{"name":"GPO"}},{"type":"Feature","geometry":{"type":"Point","coordinates":[77.59905,12.95128]},"properties":{"name":"KSRTC Quarters Shanthinagara"}},{"type":"Feature","geometry":{"type":"Point","coordinates":[77.37668,12.88715]},"properties":{"name":"Uddandahalli Cross"}},{"type":"Feature","geometry":{"type":"Point","coordinates":[77.37665,12.88722]},"properties":{"name":"Uddandahalli Cross"}},{"type":"Feature","geometry":{"type":"Point","coordinates":[77.55734,12.98429]},"properties":{"name":"Rajajinagara Entrance"}},{"type":"Feature","geometry":{"type":"Point","coordinates":[77.4926,12.78209]},"properties":{"name":"Avasarala Factory"}},{"type":"Feature","geometry":{"type":"Point","coordinates":[77.49262,12.78201]},"properties":{"name":"Avasarala Factory"}},{"type":"Feature","geometry":{"type":"Point","coordinates":[77.52247,12.95448]},"properties":{"name":"Chandra Layout 1st Stage"}},{"type":"Feature","geometry":{"type":"Point","coordinates":[77.65651,12.9597]},"properties":{"name":"ISRO Satellite Centre"}},{"type":"Feature","geometry":{"type":"Point","coordinates":[77.32473,12.83025]},"properties":{"name":"Kaggalahalli"}},{"type":"Feature","geometry":{"type":"Point","coordinates":[77.58581,12.89801]},"properties":{"name":"Shobha Tulip JP Nagara"}},{"type":"Feature","geometry":{"type":"Point","coordinates":[77.55994,13.0144]},"properties":{"name":"Kirloskar Company"}},{"type":"Feature","geometry":{"type":"Point","coordinates":[77.55995,13.01455]},"properties":{"name":"Kirloskar Company"}},{"type":"Feature","geometry":{"type":"Point","coordinates":[77.55752,13.0188]},"properties":{"name":"Yeshwanthapura Circle"}},{"type":"Feature","geometry":{"type":"Point","coordinates":[77.36812,12.86714]},"properties":{"name":"Bethimgere Cross"}},{"type":"Feature","geometry":{"type":"Point","coordinates":[77.36815,12.86708]},"properties":{"name":"Bethimgere Cross"}},{"type":"Feature","geometry":{"type":"Point","coordinates":[77.3847,12.79714]},"properties":{"name":"Bidadi"}},{"type":"Feature","geometry":{"type":"Point","coordinates":[77.42159,12.855]},"properties":{"name":"Juttanapalya"}},{"type":"Feature","geometry":{"type":"Point","coordinates":[77.42145,12.85496]},"properties":{"name":"Juttanapalya"}},{"type":"Feature","geometry":{"type":"Point","coordinates":[77.59936,12.92832]},"properties":{"name":"Sagar Hospital"}},{"type":"Feature","geometry":{"type":"Point","coordinates":[77.59962,12.92848]},"properties":{"name":"Sagar Hospital"}},{"type":"Feature","geometry":{"type":"Point","coordinates":[77.38452,12.79664]},"properties":{"name":"Bidadi"}},{"type":"Feature","geometry":{"type":"Point","coordinates":[77.37481,12.78832]},"properties":{"name":"Heggadagere Cross"}},{"type":"Feature","geometry":{"type":"Point","coordinates":[77.37422,12.78789]},"properties":{"name":"Heggadagere Cross"}},{"type":"Feature","geometry":{"type":"Point","coordinates":[77.36244,12.77678]},"properties":{"name":"Kallugopahalli"}},{"type":"Feature","geometry":{"type":"Point","coordinates":[77.36233,12.7769]},"properties":{"name":"Kallugopahalli"}},{"type":"Feature","geometry":{"type":"Point","coordinates":[77.33541,12.76811]},"properties":{"name":"Mayaganahalli"}},{"type":"Feature","geometry":{"type":"Point","coordinates":[77.33535,12.76824]},"properties":{"name":"Mayaganahalli"}},{"type":"Feature","geometry":{"type":"Point","coordinates":[77.32782,12.76196]},"properties":{"name":"Madapura Cross Bidadi"}},{"type":"Feature","geometry":{"type":"Point","coordinates":[77.32793,12.76184]},"properties":{"name":"Madapura Cross Bidadi"}},{"type":"Feature","geometry":{"type":"Point","coordinates":[77.58992,12.9344]},"properties":{"name":"Byrasandra Convent School"}},{"type":"Feature","geometry":{"type":"Point","coordinates":[77.35483,12.77126]},"properties":{"name":"Kapayana Doddy"}},{"type":"Feature","geometry":{"type":"Point","coordinates":[77.35489,12.77112]},"properties":{"name":"Kapayana Doddy"}},{"type":"Feature","geometry":{"type":"Point","coordinates":[77.5654,12.88203]},"properties":{"name":"Beereshwara Nagara"}},{"type":"Feature","geometry":{"type":"Point","coordinates":[77.5655,12.88199]},"properties":{"name":"Beereshwara Nagara"}},{"type":"Feature","geometry":{"type":"Point","coordinates":[77.64082,13.00751]},"properties":{"name":"Ayyappa Temple Banasawadi"}},{"type":"Feature","geometry":{"type":"Point","coordinates":[77.64079,13.00755]},"properties":{"name":"Ayyappa Temple Banasawadi"}},{"type":"Feature","geometry":{"type":"Point","coordinates":[77.58593,12.91505]},"properties":{"name":"JP Nagara Food World"}},{"type":"Feature","geometry":{"type":"Point","coordinates":[77.50941,12.90821]},"properties":{"name":"BHEL Concord Layout"}},{"type":"Feature","geometry":{"type":"Point","coordinates":[77.50934,12.90819]},"properties":{"name":"BHEL Concord Layout"}},{"type":"Feature","geometry":{"type":"Point","coordinates":[77.57599,12.96243]},"properties":{"name":"KR Market"}},{"type":"Feature","geometry":{"type":"Point","coordinates":[77.6246,12.88215]},"properties":{"name":"Begur Govt Primary School"}},{"type":"Feature","geometry":{"type":"Point","coordinates":[77.57804,13.04632]},"properties":{"name":"RMV Extension"}},{"type":"Feature","geometry":{"type":"Point","coordinates":[77.57813,13.04641]},"properties":{"name":"RMV Extension"}},{"type":"Feature","geometry":{"type":"Point","coordinates":[77.55441,12.93845]},"properties":{"name":"Srinivasa Nagara Bank Colony"}},{"type":"Feature","geometry":{"type":"Point","coordinates":[77.5936,12.92514]},"properties":{"name":"Depot-04 Gate"}},{"type":"Feature","geometry":{"type":"Point","coordinates":[77.59352,12.92521]},"properties":{"name":"Depot-04 Gate"}},{"type":"Feature","geometry":{"type":"Point","coordinates":[77.52699,13.00653]},"properties":{"name":"Swatantra Yodha Nagara"}},{"type":"Feature","geometry":{"type":"Point","coordinates":[77.55107,13.18668]},"properties":{"name":"Adde Vishwanathapura"}},{"type":"Feature","geometry":{"type":"Point","coordinates":[77.55112,13.1867]},"properties":{"name":"Adde Vishwanathapura"}},{"type":"Feature","geometry":{"type":"Point","coordinates":[77.53826,12.99157]},"properties":{"name":"8th Main Kamalanagara"}},{"type":"Feature","geometry":{"type":"Point","coordinates":[77.53828,12.99162]},"properties":{"name":"8th Main Kamalanagara"}},{"type":"Feature","geometry":{"type":"Point","coordinates":[77.52653,13.02127]},"properties":{"name":"Lakshmidevi Nagara Cross"}},{"type":"Feature","geometry":{"type":"Point","coordinates":[77.53079,12.99608]},"properties":{"name":"Kamalanagara Market"}},{"type":"Feature","geometry":{"type":"Point","coordinates":[77.53071,12.99605]},"properties":{"name":"Kamalanagara Market"}},{"type":"Feature","geometry":{"type":"Point","coordinates":[77.52737,12.99676]},"properties":{"name":"Kamalanagara"}},{"type":"Feature","geometry":{"type":"Point","coordinates":[77.52732,12.99675]},"properties":{"name":"Kamalanagara"}},{"type":"Feature","geometry":{"type":"Point","coordinates":[77.64324,12.91979]},"properties":{"name":"Depot-25 HSR Layout"}},{"type":"Feature","geometry":{"type":"Point","coordinates":[77.61359,12.99069]},"properties":{"name":"Thomas Cafe"}},{"type":"Feature","geometry":{"type":"Point","coordinates":[77.61376,12.99072]},"properties":{"name":"Thomas Cafe"}},{"type":"Feature","geometry":{"type":"Point","coordinates":[77.60899,12.99338]},"properties":{"name":"Coles Park"}},{"type":"Feature","geometry":{"type":"Point","coordinates":[77.57388,12.99382]},"properties":{"name":"Link Road"}},{"type":"Feature","geometry":{"type":"Point","coordinates":[77.60296,12.99508]},"properties":{"name":"Millers Road"}},{"type":"Feature","geometry":{"type":"Point","coordinates":[77.603,12.99535]},"properties":{"name":"Millers Road"}},{"type":"Feature","geometry":{"type":"Point","coordinates":[77.6093,12.99293]},"properties":{"name":"Coles Park"}},{"type":"Feature","geometry":{"type":"Point","coordinates":[77.70834,12.98532]},"properties":{"name":"Jn of Graphite"}},{"type":"Feature","geometry":{"type":"Point","coordinates":[77.70829,12.98578]},"properties":{"name":"Jn of Graphite"}},{"type":"Feature","geometry":{"type":"Point","coordinates":[77.55094,12.98705]},"properties":{"name":"Dhobi Ghat Rajajinagara"}},{"type":"Feature","geometry":{"type":"Point","coordinates":[77.54683,12.98886]},"properties":{"name":"Shivanahalli 4th Main"}},{"type":"Feature","geometry":{"type":"Point","coordinates":[77.54683,12.98895]},"properties":{"name":"Shivanahalli 4th Main"}},{"type":"Feature","geometry":{"type":"Point","coordinates":[77.54609,12.99135]},"properties":{"name":"Pushpanjali Talkies"}},{"type":"Feature","geometry":{"type":"Point","coordinates":[77.54616,12.99136]},"properties":{"name":"Pushpanjali Talkies"}},{"type":"Feature","geometry":{"type":"Point","coordinates":[77.54296,12.99156]},"properties":{"name":"Manjunatha Nagara"}},{"type":"Feature","geometry":{"type":"Point","coordinates":[77.66571,12.92046]},"properties":{"name":"Jn of Sarjapura Road Ibbluru"}},{"type":"Feature","geometry":{"type":"Point","coordinates":[77.72695,12.97365]},"properties":{"name":"John F Welch Technology Centre JFWTC"}},{"type":"Feature","geometry":{"type":"Point","coordinates":[77.72702,12.97371]},"properties":{"name":"John F Welch Technology Centre JFWTC"}},{"type":"Feature","geometry":{"type":"Point","coordinates":[77.7273,12.97653]},"properties":{"name":"White Field TTMC Vydehi Hospital"}},{"type":"Feature","geometry":{"type":"Point","coordinates":[77.53415,12.99225]},"properties":{"name":"Kamalanagara Old Bus Stop"}},{"type":"Feature","geometry":{"type":"Point","coordinates":[77.64938,12.92463]},"properties":{"name":"Agara Junction"}},{"type":"Feature","geometry":{"type":"Point","coordinates":[77.59498,12.90177]},"properties":{"name":"Kalyani Magnum"}},{"type":"Feature","geometry":{"type":"Point","coordinates":[77.59495,12.90177]},"properties":{"name":"Kalyani Magnum"}},{"type":"Feature","geometry":{"type":"Point","coordinates":[77.49658,12.97]},"properties":{"name":"Annapoorneshwarinagara Cross"}},{"type":"Feature","geometry":{"type":"Point","coordinates":[77.49654,12.96994]},"properties":{"name":"Annapoorneshwarinagara Cross"}},{"type":"Feature","geometry":{"type":"Point","coordinates":[77.61073,12.90784]},"properties":{"name":"Mahadeshwara Nagara"}},{"type":"Feature","geometry":{"type":"Point","coordinates":[77.45386,12.96327]},"properties":{"name":"Hosahalli"}},{"type":"Feature","geometry":{"type":"Point","coordinates":[77.4539,12.96315]},"properties":{"name":"Hosahalli"}},{"type":"Feature","geometry":{"type":"Point","coordinates":[77.46048,12.97213]},"properties":{"name":"Dombarahatti Dongadipura Cross"}},{"type":"Feature","geometry":{"type":"Point","coordinates":[77.46049,12.9722]},"properties":{"name":"Dombarahatti Dongadipura Cross"}},{"type":"Feature","geometry":{"type":"Point","coordinates":[77.51027,12.96864]},"properties":{"name":"2nd Stage 9th Block Nagarabhavi"}},{"type":"Feature","geometry":{"type":"Point","coordinates":[77.5102,12.96867]},"properties":{"name":"2nd Stage 9th Block Nagarabhavi"}},{"type":"Feature","geometry":{"type":"Point","coordinates":[77.5077,12.97171]},"properties":{"name":"Papareddypalya"}},{"type":"Feature","geometry":{"type":"Point","coordinates":[77.63191,13.0261]},"properties":{"name":"Depot-10 Gate"}},{"type":"Feature","geometry":{"type":"Point","coordinates":[77.64466,12.83915]},"properties":{"name":"Devendra Nagara"}},{"type":"Feature","geometry":{"type":"Point","coordinates":[77.62935,13.03399]},"properties":{"name":"Telecom Layout HBR Layout"}},{"type":"Feature","geometry":{"type":"Point","coordinates":[77.61954,13.00412]},"properties":{"name":"Devis Road"}},{"type":"Feature","geometry":{"type":"Point","coordinates":[77.62856,13.04752]},"properties":{"name":"Sarayipalya"}},{"type":"Feature","geometry":{"type":"Point","coordinates":[77.62864,13.04743]},"properties":{"name":"Sarayipalya"}},{"type":"Feature","geometry":{"type":"Point","coordinates":[77.62048,12.92598]},"properties":{"name":"Kendriya Sadana Koramangala"}},{"type":"Feature","geometry":{"type":"Point","coordinates":[77.6203,12.92604]},"properties":{"name":"Kendriya Sadana Koramangala"}},{"type":"Feature","geometry":{"type":"Point","coordinates":[77.62141,12.92822]},"properties":{"name":"Water Tank Koramangala"}},{"type":"Feature","geometry":{"type":"Point","coordinates":[77.59299,12.95694]},"properties":{"name":"KSRTC Central Office"}},{"type":"Feature","geometry":{"type":"Point","coordinates":[77.72749,12.84288]},"properties":{"name":"Muttanalluru Cross"}},{"type":"Feature","geometry":{"type":"Point","coordinates":[77.64605,13.01136]},"properties":{"name":"Banasawadi Fire Station"}},{"type":"Feature","geometry":{"type":"Point","coordinates":[77.64612,13.0112]},"properties":{"name":"Banasawadi fire Station"}},{"type":"Feature","geometry":{"type":"Point","coordinates":[77.66112,12.99353]},"properties":{"name":"Ernst Young Bennigonahalli"}},{"type":"Feature","geometry":{"type":"Point","coordinates":[77.70343,12.99219]},"properties":{"name":"Ernst and Young Garudacharapalya"}},{"type":"Feature","geometry":{"type":"Point","coordinates":[77.60114,12.90465]},"properties":{"name":"Mantri Elite Apartment"}},{"type":"Feature","geometry":{"type":"Point","coordinates":[77.6474,13.02227]},"properties":{"name":"Babusabpalya"}},{"type":"Feature","geometry":{"type":"Point","coordinates":[77.53666,13.01235]},"properties":{"name":"Nandhini Layout Police Station"}},{"type":"Feature","geometry":{"type":"Point","coordinates":[77.62062,13.02682]},"properties":{"name":"Narendra Tent Nagawara"}},{"type":"Feature","geometry":{"type":"Point","coordinates":[77.66145,12.96685]},"properties":{"name":"Jeevanbheema Nagara Cross"}},{"type":"Feature","geometry":{"type":"Point","coordinates":[77.63695,13.02461]},"properties":{"name":"Kalyananagara Food World"}},{"type":"Feature","geometry":{"type":"Point","coordinates":[77.50487,12.96658]},"properties":{"name":"Deepa Complex"}},{"type":"Feature","geometry":{"type":"Point","coordinates":[77.5076,12.98925]},"properties":{"name":"Jn of Sunkadakatte"}},{"type":"Feature","geometry":{"type":"Point","coordinates":[77.50766,12.98924]},"properties":{"name":"Jn of Sunkadakatte"}},{"type":"Feature","geometry":{"type":"Point","coordinates":[77.62468,12.92559]},"properties":{"name":"CPWD Quarters Koramangala"}},{"type":"Feature","geometry":{"type":"Point","coordinates":[77.61795,12.93637]},"properties":{"name":"Ayyappa Temple Koramangala"}},{"type":"Feature","geometry":{"type":"Point","coordinates":[77.57377,12.88019]},"properties":{"name":"Srinidhi Layout Kottanur"}},{"type":"Feature","geometry":{"type":"Point","coordinates":[77.48498,12.98553]},"properties":{"name":"Tunga Nagara Cross"}},{"type":"Feature","geometry":{"type":"Point","coordinates":[77.48506,12.9855]},"properties":{"name":"Tunga Nagara Cross"}},{"type":"Feature","geometry":{"type":"Point","coordinates":[77.50971,12.93659]},"properties":{"name":"Jnana Bharathi Police Station"}},{"type":"Feature","geometry":{"type":"Point","coordinates":[77.51057,12.9798]},"properties":{"name":"BDA Complex Nagarabhavi"}},{"type":"Feature","geometry":{"type":"Point","coordinates":[77.67613,12.92554]},"properties":{"name":"Bellanduru Junction City Light Apartment"}},{"type":"Feature","geometry":{"type":"Point","coordinates":[77.64909,12.9574]},"properties":{"name":"Shaila Kothavala Institute For The Deaf"}},{"type":"Feature","geometry":{"type":"Point","coordinates":[77.50277,13.08066]},"properties":{"name":"Chikka Banavara"}},{"type":"Feature","geometry":{"type":"Point","coordinates":[77.50278,13.08058]},"properties":{"name":"Chikka Banavara"}},{"type":"Feature","geometry":{"type":"Point","coordinates":[77.54914,12.9834]},"properties":{"name":"Warrior Bakery"}},{"type":"Feature","geometry":{"type":"Point","coordinates":[77.59136,13.03299]},"properties":{"name":"Ananda Nagara Hebbala"}},{"type":"Feature","geometry":{"type":"Point","coordinates":[77.48823,13.07597]},"properties":{"name":"Thammenahalli Palya"}},{"type":"Feature","geometry":{"type":"Point","coordinates":[77.48816,13.07599]},"properties":{"name":"Thammenahalli Palya"}},{"type":"Feature","geometry":{"type":"Point","coordinates":[77.56963,12.8831]},"properties":{"name":"New Bank Colony Konanakunte"}},{"type":"Feature","geometry":{"type":"Point","coordinates":[77.56966,12.88307]},"properties":{"name":"New Bank Colony Konanakunte"}},{"type":"Feature","geometry":{"type":"Point","coordinates":[77.57793,12.92179]},"properties":{"name":"38th Cross Jayanagara"}},{"type":"Feature","geometry":{"type":"Point","coordinates":[77.57787,12.92195]},"properties":{"name":"38th Cross Jayanagara"}},{"type":"Feature","geometry":{"type":"Point","coordinates":[77.63886,13.03053]},"properties":{"name":"Hennur Layout"}},{"type":"Feature","geometry":{"type":"Point","coordinates":[77.54634,13.07357]},"properties":{"name":"Jalahalli East 7th Camp"}},{"type":"Feature","geometry":{"type":"Point","coordinates":[77.54647,13.07351]},"properties":{"name":"Jalahalli East 7th Camp"}},{"type":"Feature","geometry":{"type":"Point","coordinates":[77.61655,13.01178]},"properties":{"name":"Bilal Masjid Tanary Road"}},{"type":"Feature","geometry":{"type":"Point","coordinates":[77.5935,13.00553]},"properties":{"name":"JC Nagara"}},{"type":"Feature","geometry":{"type":"Point","coordinates":[77.62619,12.91192]},"properties":{"name":"Roopena Agrahara"}},{"type":"Feature","geometry":{"type":"Point","coordinates":[77.3684,13.1307]},"properties":{"name":"Veerananjipura"}},{"type":"Feature","geometry":{"type":"Point","coordinates":[77.36847,13.13072]},"properties":{"name":"Veerananjipura"}},{"type":"Feature","geometry":{"type":"Point","coordinates":[77.4966,12.87766]},"properties":{"name":"Sompura"}},{"type":"Feature","geometry":{"type":"Point","coordinates":[77.57831,12.97438]},"properties":{"name":"Jn of KG Road"}},{"type":"Feature","geometry":{"type":"Point","coordinates":[77.57816,12.97424]},"properties":{"name":"Jn of KG Road"}},{"type":"Feature","geometry":{"type":"Point","coordinates":[77.57684,12.96424]},"properties":{"name":"KR Market"}},{"type":"Feature","geometry":{"type":"Point","coordinates":[77.48559,12.94515]},"properties":{"name":"Sri Mata Amritanandamayi Math Kengeri"}},{"type":"Feature","geometry":{"type":"Point","coordinates":[77.61493,12.94224]},"properties":{"name":"Adugodi Village"}},{"type":"Feature","geometry":{"type":"Point","coordinates":[77.61466,12.94233]},"properties":{"name":"Adugodi Village"}},{"type":"Feature","geometry":{"type":"Point","coordinates":[77.60797,12.94403]},"properties":{"name":"Adugodi"}},{"type":"Feature","geometry":{"type":"Point","coordinates":[77.61351,13.04162]},"properties":{"name":"Veerannapalya Hebbala"}},{"type":"Feature","geometry":{"type":"Point","coordinates":[77.52134,12.90286]},"properties":{"name":"Channasandra Uttarahalli"}},{"type":"Feature","geometry":{"type":"Point","coordinates":[77.59368,13.04217]},"properties":{"name":"Hebbala Bridge"}},{"type":"Feature","geometry":{"type":"Point","coordinates":[77.5922,12.98887]},"properties":{"name":"High Ground Police Station"}},{"type":"Feature","geometry":{"type":"Point","coordinates":[77.58761,13.06369]},"properties":{"name":"Show Mall Sahakara Nagara"}},{"type":"Feature","geometry":{"type":"Point","coordinates":[77.49912,13.06592]},"properties":{"name":"Sahyadribalaga Layout"}},{"type":"Feature","geometry":{"type":"Point","coordinates":[77.49917,13.06595]},"properties":{"name":"Sahyadribalaga Layout"}},{"type":"Feature","geometry":{"type":"Point","coordinates":[77.50004,13.06735]},"properties":{"name":"Kirloskar Badavane"}},{"type":"Feature","geometry":{"type":"Point","coordinates":[77.62034,12.96706]},"properties":{"name":"Military Accounts Office"}},{"type":"Feature","geometry":{"type":"Point","coordinates":[77.67212,12.84665]},"properties":{"name":"Electronic City"}},{"type":"Feature","geometry":{"type":"Point","coordinates":[77.51627,12.93261]},"properties":{"name":"Petrol Bunk RR Nagara"}},{"type":"Feature","geometry":{"type":"Point","coordinates":[77.52592,12.94669]},"properties":{"name":"Nayandahalli Railway Gate"}},{"type":"Feature","geometry":{"type":"Point","coordinates":[77.69134,12.95753]},"properties":{"name":"GBJ Colony Gate"}},{"type":"Feature","geometry":{"type":"Point","coordinates":[77.69141,12.95769]},"properties":{"name":"GBJ Colony Gate"}},{"type":"Feature","geometry":{"type":"Point","coordinates":[77.5472,13.04186]},"properties":{"name":"Jalahalli Village Gate"}},{"type":"Feature","geometry":{"type":"Point","coordinates":[77.54724,13.04188]},"properties":{"name":"Jalahalli Village Gate"}},{"type":"Feature","geometry":{"type":"Point","coordinates":[77.5351,12.95824]},"properties":{"name":"NP Medical Store RPC Layout"}},{"type":"Feature","geometry":{"type":"Point","coordinates":[77.5351,12.95819]},"properties":{"name":"NP Medical Store RPC Layout"}},{"type":"Feature","geometry":{"type":"Point","coordinates":[77.52118,12.95571]},"properties":{"name":"Vidyagiri Layout Chandra Layout"}},{"type":"Feature","geometry":{"type":"Point","coordinates":[77.5211,12.95561]},"properties":{"name":"Vidyagiri Layout Chandra Layout"}},{"type":"Feature","geometry":{"type":"Point","coordinates":[77.52383,12.97641]},"properties":{"name":"Srinivasa Nagara PattegarPalya"}},{"type":"Feature","geometry":{"type":"Point","coordinates":[77.49436,12.94115]},"properties":{"name":"Jagajyothi Nagara"}},{"type":"Feature","geometry":{"type":"Point","coordinates":[77.53074,12.9762]},"properties":{"name":"Prashanth Nagara"}},{"type":"Feature","geometry":{"type":"Point","coordinates":[77.5661,12.93446]},"properties":{"name":"Dattatreya Temple TyagarajaNagara"}},{"type":"Feature","geometry":{"type":"Point","coordinates":[77.56607,12.93446]},"properties":{"name":"Dattatreya Temple TyagarajaNagara"}},{"type":"Feature","geometry":{"type":"Point","coordinates":[77.53525,12.92947]},"properties":{"name":"Kere Kodi Hosakerehalli"}},{"type":"Feature","geometry":{"type":"Point","coordinates":[77.61572,12.91945]},"properties":{"name":"Jai Bheema Nagara"}},{"type":"Feature","geometry":{"type":"Point","coordinates":[77.55062,12.96088]},"properties":{"name":"Vinayaka Nagara Old Gudadahalli"}},{"type":"Feature","geometry":{"type":"Point","coordinates":[77.55067,12.96091]},"properties":{"name":"Vinayaka Nagara(Old Gudadahalli"}},{"type":"Feature","geometry":{"type":"Point","coordinates":[77.55732,12.9605]},"properties":{"name":"Sirsi Circle"}},{"type":"Feature","geometry":{"type":"Point","coordinates":[77.52938,12.97203]},"properties":{"name":"Bapuji Layout Saraswathi Nagara"}},{"type":"Feature","geometry":{"type":"Point","coordinates":[77.52056,12.95263]},"properties":{"name":"1st Stage 3rd Block Nagarabhavi"}},{"type":"Feature","geometry":{"type":"Point","coordinates":[77.52052,12.95262]},"properties":{"name":"1st Stage 3rd Block Nagarabhavi"}},{"type":"Feature","geometry":{"type":"Point","coordinates":[77.5343,12.99185]},"properties":{"name":"Kamalanagara Old Bus Stop"}},{"type":"Feature","geometry":{"type":"Point","coordinates":[77.49869,12.97814]},"properties":{"name":"Srigandhada Kaval D Group Employees Layout"}},{"type":"Feature","geometry":{"type":"Point","coordinates":[77.49873,12.97809]},"properties":{"name":"Srigandhada Kaval D Group Employees Layout"}},{"type":"Feature","geometry":{"type":"Point","coordinates":[77.50172,12.97866]},"properties":{"name":"Srigandhada Kaval"}},{"type":"Feature","geometry":{"type":"Point","coordinates":[77.58644,12.97546]},"properties":{"name":"KR Circle"}},{"type":"Feature","geometry":{"type":"Point","coordinates":[77.31629,12.87953]},"properties":{"name":"Dabbaguli Gate-2"}},{"type":"Feature","geometry":{"type":"Point","coordinates":[77.31623,12.87955]},"properties":{"name":"Dabbaguli Gate-2"}},{"type":"Feature","geometry":{"type":"Point","coordinates":[77.31622,12.87951]},"properties":{"name":"Dabbaguli Gate-2"}},{"type":"Feature","geometry":{"type":"Point","coordinates":[77.54633,12.95569]},"properties":{"name":"New Guddadahalli"}},{"type":"Feature","geometry":{"type":"Point","coordinates":[77.5207,12.97434]},"properties":{"name":"Panchasheela Nagara"}},{"type":"Feature","geometry":{"type":"Point","coordinates":[77.48685,12.96133]},"properties":{"name":"RTO Office Vishweshwaraiah Layout"}},{"type":"Feature","geometry":{"type":"Point","coordinates":[77.4868,12.9613]},"properties":{"name":"RTO Office Vishweshwaraiah Layout"}},{"type":"Feature","geometry":{"type":"Point","coordinates":[77.5769,12.96417]},"properties":{"name":"KR Market Fly Over"}},{"type":"Feature","geometry":{"type":"Point","coordinates":[77.53333,12.93932]},"properties":{"name":"NICE Road Veerabhadra Nagara Toll"}},{"type":"Feature","geometry":{"type":"Point","coordinates":[77.51346,12.89345]},"properties":{"name":"BME-2 NICE Road"}},{"type":"Feature","geometry":{"type":"Point","coordinates":[77.53121,12.94054]},"properties":{"name":"NICE Road Veerabhadra Nagara Toll"}},{"type":"Feature","geometry":{"type":"Point","coordinates":[77.51352,12.89334]},"properties":{"name":"BME-2 NICE Road"}},{"type":"Feature","geometry":{"type":"Point","coordinates":[77.53196,12.91947]},"properties":{"name":"BME-1 NICE Road"}},{"type":"Feature","geometry":{"type":"Point","coordinates":[77.49588,12.87742]},"properties":{"name":"NICE Office"}},{"type":"Feature","geometry":{"type":"Point","coordinates":[77.53179,12.91943]},"properties":{"name":"BME-1 NICE Road"}},{"type":"Feature","geometry":{"type":"Point","coordinates":[77.49352,12.87913]},"properties":{"name":"NICE Office"}},{"type":"Feature","geometry":{"type":"Point","coordinates":[77.51997,12.95275]},"properties":{"name":"1st Stage 3rd Block Nagarabhavi"}},{"type":"Feature","geometry":{"type":"Point","coordinates":[77.59484,12.85159]},"properties":{"name":"T John College"}},{"type":"Feature","geometry":{"type":"Point","coordinates":[77.60202,12.93778]},"properties":{"name":"Bengaluru Dairy Circle"}},{"type":"Feature","geometry":{"type":"Point","coordinates":[77.51884,12.96968]},"properties":{"name":"Shakti Garden"}},{"type":"Feature","geometry":{"type":"Point","coordinates":[77.54681,12.96673]},"properties":{"name":"Telecom Layout RPC Layout"}},{"type":"Feature","geometry":{"type":"Point","coordinates":[77.55413,12.92377]},"properties":{"name":"Kamakya Talkies"}},{"type":"Feature","geometry":{"type":"Point","coordinates":[77.55307,12.92393]},"properties":{"name":"Kamakya Talkies"}},{"type":"Feature","geometry":{"type":"Point","coordinates":[77.5337,12.93872]},"properties":{"name":"Veerabhadra Nagara"}},{"type":"Feature","geometry":{"type":"Point","coordinates":[77.52312,12.95414]},"properties":{"name":"Siddaganga School Chandra Layout"}},{"type":"Feature","geometry":{"type":"Point","coordinates":[77.57367,12.90657]},"properties":{"name":"Sarakki Signal"}},{"type":"Feature","geometry":{"type":"Point","coordinates":[77.57373,12.90639]},"properties":{"name":"Sarakki Signal"}},{"type":"Feature","geometry":{"type":"Point","coordinates":[77.75241,12.88328]},"properties":{"name":"Domasandra Circle"}},{"type":"Feature","geometry":{"type":"Point","coordinates":[77.69683,12.95639]},"properties":{"name":"Brand Factory"}},{"type":"Feature","geometry":{"type":"Point","coordinates":[77.50146,12.91884]},"properties":{"name":"Global Village"}},{"type":"Feature","geometry":{"type":"Point","coordinates":[77.50139,12.9189]},"properties":{"name":"Global Village"}},{"type":"Feature","geometry":{"type":"Point","coordinates":[77.50085,12.92626]},"properties":{"name":"RV College"}},{"type":"Feature","geometry":{"type":"Point","coordinates":[77.69541,12.93937]},"properties":{"name":"Kadabisanahalli"}},{"type":"Feature","geometry":{"type":"Point","coordinates":[77.59105,12.96256]},"properties":{"name":"Subbaiah Circle"}},{"type":"Feature","geometry":{"type":"Point","coordinates":[77.60748,12.94407]},"properties":{"name":"Adugodi"}},{"type":"Feature","geometry":{"type":"Point","coordinates":[77.53275,12.96002]},"properties":{"name":"Income Tax Layout Cross"}},{"type":"Feature","geometry":{"type":"Point","coordinates":[77.64478,12.91964]},"properties":{"name":"Depot-25"}},{"type":"Feature","geometry":{"type":"Point","coordinates":[77.64485,12.9196]},"properties":{"name":"Depot-25"}},{"type":"Feature","geometry":{"type":"Point","coordinates":[77.78229,13.06995]},"properties":{"name":"Hoskote Police Station"}},{"type":"Feature","geometry":{"type":"Point","coordinates":[77.53099,12.97623]},"properties":{"name":"Prashanth Nagara"}},{"type":"Feature","geometry":{"type":"Point","coordinates":[77.58456,13.01719]},"properties":{"name":"Mekhri Circle"}},{"type":"Feature","geometry":{"type":"Point","coordinates":[77.53469,12.96629]},"properties":{"name":"Vijayanagara TTMC"}},{"type":"Feature","geometry":{"type":"Point","coordinates":[77.43547,12.97978]},"properties":{"name":"Channenahalli Arch"}},{"type":"Feature","geometry":{"type":"Point","coordinates":[77.43545,12.97983]},"properties":{"name":"Channenahalli Arch"}},{"type":"Feature","geometry":{"type":"Point","coordinates":[77.59593,13.01293]},"properties":{"name":"Kabir Ashram"}},{"type":"Feature","geometry":{"type":"Point","coordinates":[77.34302,12.96236]},"properties":{"name":"TP Gate Thippagondanahalli"}},{"type":"Feature","geometry":{"type":"Point","coordinates":[77.343,12.96245]},"properties":{"name":"TB Gate Thippagondanahalli"}},{"type":"Feature","geometry":{"type":"Point","coordinates":[77.57319,13.04256]},"properties":{"name":"Nagashettyhalli"}},{"type":"Feature","geometry":{"type":"Point","coordinates":[77.57324,13.04257]},"properties":{"name":"Nagashettyhalli"}},{"type":"Feature","geometry":{"type":"Point","coordinates":[77.63065,13.12204]},"properties":{"name":"Reva College Gate"}},{"type":"Feature","geometry":{"type":"Point","coordinates":[77.43962,12.98174]},"properties":{"name":"Hamsa Farm"}},{"type":"Feature","geometry":{"type":"Point","coordinates":[77.43959,12.98164]},"properties":{"name":"Hamsa Farm"}},{"type":"Feature","geometry":{"type":"Point","coordinates":[77.61059,13.02895]},"properties":{"name":"LR Bande"}},{"type":"Feature","geometry":{"type":"Point","coordinates":[77.61057,13.02893]},"properties":{"name":"LR Bande"}},{"type":"Feature","geometry":{"type":"Point","coordinates":[77.59326,13.0264]},"properties":{"name":"RT Nagara"}},{"type":"Feature","geometry":{"type":"Point","coordinates":[77.69712,12.94246]},"properties":{"name":"JP Morgan"}},{"type":"Feature","geometry":{"type":"Point","coordinates":[77.6845,12.92966]},"properties":{"name":"Intel Ring Road"}},{"type":"Feature","geometry":{"type":"Point","coordinates":[77.66794,13.20694]},"properties":{"name":"Kannamangala Gate"}},{"type":"Feature","geometry":{"type":"Point","coordinates":[77.66797,13.20699]},"properties":{"name":"Kannamangala Gate"}},{"type":"Feature","geometry":{"type":"Point","coordinates":[77.68297,12.92912]},"properties":{"name":"Intel Ring Road"}},{"type":"Feature","geometry":{"type":"Point","coordinates":[77.53289,12.93199]},"properties":{"name":"D Souza Nagara"}},{"type":"Feature","geometry":{"type":"Point","coordinates":[77.53331,12.93179]},"properties":{"name":"D Souza Nagara"}},{"type":"Feature","geometry":{"type":"Point","coordinates":[77.61052,12.96972]},"properties":{"name":"Garuda Mall"}},{"type":"Feature","geometry":{"type":"Point","coordinates":[77.61042,12.96965]},"properties":{"name":"Garuda Mall"}},{"type":"Feature","geometry":{"type":"Point","coordinates":[77.58057,12.89167]},"properties":{"name":"Achappa Layout"}},{"type":"Feature","geometry":{"type":"Point","coordinates":[77.58571,12.90502]},"properties":{"name":"Oxford College JP Nagara"}},{"type":"Feature","geometry":{"type":"Point","coordinates":[77.58586,12.90051]},"properties":{"name":"Royal School"}},{"type":"Feature","geometry":{"type":"Point","coordinates":[77.58588,12.89792]},"properties":{"name":"Shobha Tulip JP Nagara"}},{"type":"Feature","geometry":{"type":"Point","coordinates":[77.65001,12.92464]},"properties":{"name":"Agara Junction"}},{"type":"Feature","geometry":{"type":"Point","coordinates":[77.51961,13.1267]},"properties":{"name":"Kurubarahalli Cross"}},{"type":"Feature","geometry":{"type":"Point","coordinates":[77.49508,13.08781]},"properties":{"name":"Dwaraka Nagara"}},{"type":"Feature","geometry":{"type":"Point","coordinates":[77.51662,12.95323]},"properties":{"name":"National Law College University"}},{"type":"Feature","geometry":{"type":"Point","coordinates":[77.59706,12.99475]},"properties":{"name":"Cantonment Railway Station"}},{"type":"Feature","geometry":{"type":"Point","coordinates":[77.60362,13.00312]},"properties":{"name":"Chinnappa Garden"}},{"type":"Feature","geometry":{"type":"Point","coordinates":[77.60167,12.9956]},"properties":{"name":"Canara Bank Millers Road"}},{"type":"Feature","geometry":{"type":"Point","coordinates":[77.60157,12.99552]},"properties":{"name":"Canara Bank Millers Road"}},{"type":"Feature","geometry":{"type":"Point","coordinates":[77.60168,12.96016]},"properties":{"name":"Nanjappa Circle"}},{"type":"Feature","geometry":{"type":"Point","coordinates":[77.54507,12.93265]},"properties":{"name":"Hosakerehalli Cross"}},{"type":"Feature","geometry":{"type":"Point","coordinates":[77.57444,12.9879]},"properties":{"name":"Sheshadripuram"}},{"type":"Feature","geometry":{"type":"Point","coordinates":[77.78777,12.88197]},"properties":{"name":"Chikka Dasarahalli Cross"}},{"type":"Feature","geometry":{"type":"Point","coordinates":[77.78783,12.88192]},"properties":{"name":"Chikka Dasarahalli Cross"}},{"type":"Feature","geometry":{"type":"Point","coordinates":[77.36828,12.81141]},"properties":{"name":"Shettigowdanahalli"}},{"type":"Feature","geometry":{"type":"Point","coordinates":[77.53138,12.92619]},"properties":{"name":"Shaneshwara Temple Hoskerehalli"}},{"type":"Feature","geometry":{"type":"Point","coordinates":[77.53131,12.92611]},"properties":{"name":"Shaneshwara Temple Hoskerehalli"}},{"type":"Feature","geometry":{"type":"Point","coordinates":[77.39993,12.78635]},"properties":{"name":"Shanimahathma Temple"}},{"type":"Feature","geometry":{"type":"Point","coordinates":[77.39978,12.78633]},"properties":{"name":"Shanimahathma Temple"}},{"type":"Feature","geometry":{"type":"Point","coordinates":[77.40504,12.77961]},"properties":{"name":"Jogera Doddy"}},{"type":"Feature","geometry":{"type":"Point","coordinates":[77.55713,12.95464]},"properties":{"name":"Vittal Nagara"}},{"type":"Feature","geometry":{"type":"Point","coordinates":[77.55696,12.95414]},"properties":{"name":"Vittal Nagara"}},{"type":"Feature","geometry":{"type":"Point","coordinates":[77.48533,12.91243]},"properties":{"name":"Kengeri"}},{"type":"Feature","geometry":{"type":"Point","coordinates":[77.36735,12.9141]},"properties":{"name":"Kurubarapalya Cross"}},{"type":"Feature","geometry":{"type":"Point","coordinates":[77.36833,12.81143]},"properties":{"name":"Shettigowdana Doddy"}},{"type":"Feature","geometry":{"type":"Point","coordinates":[77.36737,12.91393]},"properties":{"name":"Kurubarapalya Cross"}},{"type":"Feature","geometry":{"type":"Point","coordinates":[77.3985,12.78917]},"properties":{"name":"Medanahalli"}},{"type":"Feature","geometry":{"type":"Point","coordinates":[77.39837,12.78918]},"properties":{"name":"Medanahalli"}},{"type":"Feature","geometry":{"type":"Point","coordinates":[77.40519,12.77963]},"properties":{"name":"Jogera Doddy"}},{"type":"Feature","geometry":{"type":"Point","coordinates":[77.58465,13.01443]},"properties":{"name":"Mekhri Circle"}},{"type":"Feature","geometry":{"type":"Point","coordinates":[77.39429,12.91356]},"properties":{"name":"KHB Colony"}},{"type":"Feature","geometry":{"type":"Point","coordinates":[77.39423,12.91357]},"properties":{"name":"KHB Colony"}},{"type":"Feature","geometry":{"type":"Point","coordinates":[77.3828,12.91143]},"properties":{"name":"Tavarekatte"}},{"type":"Feature","geometry":{"type":"Point","coordinates":[77.38291,12.9115]},"properties":{"name":"Tavarekatte"}},{"type":"Feature","geometry":{"type":"Point","coordinates":[77.35385,12.95649]},"properties":{"name":"Gangappanahalli"}},{"type":"Feature","geometry":{"type":"Point","coordinates":[77.35379,12.95645]},"properties":{"name":"Gangappanahalli"}},{"type":"Feature","geometry":{"type":"Point","coordinates":[77.36541,12.91957]},"properties":{"name":"Huluvenahalli"}},{"type":"Feature","geometry":{"type":"Point","coordinates":[77.36539,12.91948]},"properties":{"name":"Huluvenahalli"}},{"type":"Feature","geometry":{"type":"Point","coordinates":[77.36,12.92656]},"properties":{"name":"Aralimaradapalya Cross"}},{"type":"Feature","geometry":{"type":"Point","coordinates":[77.39992,12.97295]},"properties":{"name":"Gangenahalli Cross"}},{"type":"Feature","geometry":{"type":"Point","coordinates":[77.39995,12.97266]},"properties":{"name":"Gangenahalli Cross"}},{"type":"Feature","geometry":{"type":"Point","coordinates":[77.61396,12.97395]},"properties":{"name":"Electrical B Station"}},{"type":"Feature","geometry":{"type":"Point","coordinates":[77.61391,12.97394]},"properties":{"name":"Electrical B Station"}},{"type":"Feature","geometry":{"type":"Point","coordinates":[77.59686,12.96442]},"properties":{"name":"Richmond Circle (Under Fly Over)"}},{"type":"Feature","geometry":{"type":"Point","coordinates":[77.57289,12.90664]},"properties":{"name":"Sarakki Junction"}},{"type":"Feature","geometry":{"type":"Point","coordinates":[77.57306,12.90646]},"properties":{"name":"Sarakki Junction"}},{"type":"Feature","geometry":{"type":"Point","coordinates":[77.59954,13.00073]},"properties":{"name":"Nandidurga Road"}},{"type":"Feature","geometry":{"type":"Point","coordinates":[77.59964,13.00056]},"properties":{"name":"Nandidurga Road"}},{"type":"Feature","geometry":{"type":"Point","coordinates":[77.59878,13.00209]},"properties":{"name":"Jayamahal Extension"}},{"type":"Feature","geometry":{"type":"Point","coordinates":[77.59873,13.00205]},"properties":{"name":"Jayamahal Extension"}},{"type":"Feature","geometry":{"type":"Point","coordinates":[77.70367,12.85921]},"properties":{"name":"Chikkanagamangala Gate"}},{"type":"Feature","geometry":{"type":"Point","coordinates":[77.7036,12.85921]},"properties":{"name":"Chikkanagamangala Gate"}},{"type":"Feature","geometry":{"type":"Point","coordinates":[77.6254,12.95043]},"properties":{"name":"Fairland Shop"}},{"type":"Feature","geometry":{"type":"Point","coordinates":[77.62386,12.95074]},"properties":{"name":"Shine Bakery"}},{"type":"Feature","geometry":{"type":"Point","coordinates":[77.63081,12.94263]},"properties":{"name":"School Ejipura"}},{"type":"Feature","geometry":{"type":"Point","coordinates":[77.63087,12.94264]},"properties":{"name":"School Ejipura"}},{"type":"Feature","geometry":{"type":"Point","coordinates":[77.61294,12.91962]},"properties":{"name":"Gangothri Circle"}},{"type":"Feature","geometry":{"type":"Point","coordinates":[77.67061,12.84796]},"properties":{"name":"Electronic City"}},{"type":"Feature","geometry":{"type":"Point","coordinates":[77.67075,12.84726]},"properties":{"name":"Electronic City"}},{"type":"Feature","geometry":{"type":"Point","coordinates":[77.60661,12.96666]},"properties":{"name":"Shoole Circle Brigade Road"}},{"type":"Feature","geometry":{"type":"Point","coordinates":[77.59783,12.962]},"properties":{"name":"Akkithimmanahalli"}},{"type":"Feature","geometry":{"type":"Point","coordinates":[77.55948,12.95699]},"properties":{"name":"TR Mill"}},{"type":"Feature","geometry":{"type":"Point","coordinates":[77.75875,13.03221]},"properties":{"name":"Kannamangala Gate"}},{"type":"Feature","geometry":{"type":"Point","coordinates":[77.48631,12.98554]},"properties":{"name":"East West College Cross"}},{"type":"Feature","geometry":{"type":"Point","coordinates":[77.48628,12.98567]},"properties":{"name":"East West College Cross"}},{"type":"Feature","geometry":{"type":"Point","coordinates":[77.68158,13.00029]},"properties":{"name":"Jn of KR Puram Railway Station"}},{"type":"Feature","geometry":{"type":"Point","coordinates":[77.5684,12.94824]},"properties":{"name":"Ramakrishna Ashrama"}},{"type":"Feature","geometry":{"type":"Point","coordinates":[77.55341,12.87999]},"properties":{"name":"Narayana Nagara Cross KKC"}},{"type":"Feature","geometry":{"type":"Point","coordinates":[77.55537,12.87828]},"properties":{"name":"Narayana Nagara Cross KKC"}},{"type":"Feature","geometry":{"type":"Point","coordinates":[77.53321,12.93862]},"properties":{"name":"Veerabhadra Nagara"}},{"type":"Feature","geometry":{"type":"Point","coordinates":[77.77568,12.94772]},"properties":{"name":"Harohalli Cross"}},{"type":"Feature","geometry":{"type":"Point","coordinates":[77.77573,12.94765]},"properties":{"name":"Harohalli Cross"}},{"type":"Feature","geometry":{"type":"Point","coordinates":[77.59507,12.91752]},"properties":{"name":"East End Jayanagara"}},{"type":"Feature","geometry":{"type":"Point","coordinates":[77.48668,12.94608]},"properties":{"name":"Amma Ashrama"}},{"type":"Feature","geometry":{"type":"Point","coordinates":[77.48663,12.94613]},"properties":{"name":"Amma Ashrama"}},{"type":"Feature","geometry":{"type":"Point","coordinates":[77.59221,12.98325]},"properties":{"name":"Raj Bhavan"}},{"type":"Feature","geometry":{"type":"Point","coordinates":[77.64978,12.9595]},"properties":{"name":"NAL Junction of SKID"}},{"type":"Feature","geometry":{"type":"Point","coordinates":[77.43656,13.06252]},"properties":{"name":"Adakimaranahalli Cross"}},{"type":"Feature","geometry":{"type":"Point","coordinates":[77.43659,13.06246]},"properties":{"name":"Adakimaranahalli Cross"}},{"type":"Feature","geometry":{"type":"Point","coordinates":[77.43297,13.05021]},"properties":{"name":"Gowdahalli Colony"}},{"type":"Feature","geometry":{"type":"Point","coordinates":[77.43302,13.05023]},"properties":{"name":"Gowdahalli Colony"}},{"type":"Feature","geometry":{"type":"Point","coordinates":[77.42601,13.03724]},"properties":{"name":"Arathipalya"}},{"type":"Feature","geometry":{"type":"Point","coordinates":[77.42593,13.03724]},"properties":{"name":"Arathipalya"}},{"type":"Feature","geometry":{"type":"Point","coordinates":[77.58828,12.84977]},"properties":{"name":"Jn of NICE Road"}},{"type":"Feature","geometry":{"type":"Point","coordinates":[77.55415,12.98457]},"properties":{"name":"Bhashyam Circle"}},{"type":"Feature","geometry":{"type":"Point","coordinates":[77.53423,12.99236]},"properties":{"name":"Kamalanagara Old Bus Stop"}},{"type":"Feature","geometry":{"type":"Point","coordinates":[77.55938,13.01551]},"properties":{"name":"Mysore Lamp"}},{"type":"Feature","geometry":{"type":"Point","coordinates":[77.55937,13.01543]},"properties":{"name":"Mysore Lamp"}},{"type":"Feature","geometry":{"type":"Point","coordinates":[77.7046,12.75749]},"properties":{"name":"VBHC Apartment Gate"}},{"type":"Feature","geometry":{"type":"Point","coordinates":[77.70462,12.75752]},"properties":{"name":"VBHC Apartment Gate"}},{"type":"Feature","geometry":{"type":"Point","coordinates":[77.48881,12.92331]},"properties":{"name":"Police Quarters"}},{"type":"Feature","geometry":{"type":"Point","coordinates":[77.48871,12.92324]},"properties":{"name":"Police Quarters"}},{"type":"Feature","geometry":{"type":"Point","coordinates":[77.55494,12.89502]},"properties":{"name":"Pipeline Vasanthapura"}},{"type":"Feature","geometry":{"type":"Point","coordinates":[77.55529,12.89499]},"properties":{"name":"Pipeline Vasanthapura"}},{"type":"Feature","geometry":{"type":"Point","coordinates":[77.5002,12.91676]},"properties":{"name":"Mookambika Nagara Circle"}},{"type":"Feature","geometry":{"type":"Point","coordinates":[77.50014,12.91674]},"properties":{"name":"Mookambika Nagara Circle"}},{"type":"Feature","geometry":{"type":"Point","coordinates":[77.59724,12.98444]},"properties":{"name":"Balekundri Circle Indian Express"}},{"type":"Feature","geometry":{"type":"Point","coordinates":[77.57571,13.02752]},"properties":{"name":"80ft Road MS Ramaiah College"}},{"type":"Feature","geometry":{"type":"Point","coordinates":[77.6295,12.86562]},"properties":{"name":"NICE Bridge"}},{"type":"Feature","geometry":{"type":"Point","coordinates":[77.62948,12.86554]},"properties":{"name":"NICE Bridge"}},{"type":"Feature","geometry":{"type":"Point","coordinates":[77.60889,12.84772]},"properties":{"name":"St Marys School Chikkakammanahalli"}},{"type":"Feature","geometry":{"type":"Point","coordinates":[77.60879,12.8477]},"properties":{"name":"St Marys School Chikkakammanahalli"}},{"type":"Feature","geometry":{"type":"Point","coordinates":[77.63793,12.91237]},"properties":{"name":"MC Donald"}},{"type":"Feature","geometry":{"type":"Point","coordinates":[77.63791,12.9123]},"properties":{"name":"MC Donald"}},{"type":"Feature","geometry":{"type":"Point","coordinates":[77.5842,12.97789]},"properties":{"name":"Maharanis College"}},{"type":"Feature","geometry":{"type":"Point","coordinates":[77.3977,12.80171]},"properties":{"name":"Byramangala Cross"}},{"type":"Feature","geometry":{"type":"Point","coordinates":[77.42299,12.8319]},"properties":{"name":"Hampapura Colony Cross"}},{"type":"Feature","geometry":{"type":"Point","coordinates":[77.42294,12.83197]},"properties":{"name":"Hampapura Colony Cross"}},{"type":"Feature","geometry":{"type":"Point","coordinates":[77.58546,12.86087]},"properties":{"name":"Bhagya Nagara"}},{"type":"Feature","geometry":{"type":"Point","coordinates":[77.58549,12.86092]},"properties":{"name":"Bhagya Nagara"}},{"type":"Feature","geometry":{"type":"Point","coordinates":[77.33715,12.87001]},"properties":{"name":"Manchanabele School"}},{"type":"Feature","geometry":{"type":"Point","coordinates":[77.41529,12.89514]},"properties":{"name":"Kundalapura"}},{"type":"Feature","geometry":{"type":"Point","coordinates":[77.4153,12.89507]},"properties":{"name":"Kundalapura"}},{"type":"Feature","geometry":{"type":"Point","coordinates":[77.66456,12.83727]},"properties":{"name":"Tata BP Solar Electronic City"}},{"type":"Feature","geometry":{"type":"Point","coordinates":[77.66459,12.8375]},"properties":{"name":"Tata BP Solar Electronic City"}},{"type":"Feature","geometry":{"type":"Point","coordinates":[77.51466,13.1146]},"properties":{"name":"Raghavendra Dhama"}},{"type":"Feature","geometry":{"type":"Point","coordinates":[77.51463,13.11457]},"properties":{"name":"Raghavendra Dhama"}},{"type":"Feature","geometry":{"type":"Point","coordinates":[77.51465,13.11457]},"properties":{"name":"Raghavendra Dhama"}},{"type":"Feature","geometry":{"type":"Point","coordinates":[77.46995,12.84097]},"properties":{"name":"Gaviyanapalya"}},{"type":"Feature","geometry":{"type":"Point","coordinates":[77.46999,12.84115]},"properties":{"name":"Gaviyanapalya"}},{"type":"Feature","geometry":{"type":"Point","coordinates":[77.48728,12.95769]},"properties":{"name":"Aralimara Ullalu"}},{"type":"Feature","geometry":{"type":"Point","coordinates":[77.48731,12.95768]},"properties":{"name":"Aralimara Ullalu"}},{"type":"Feature","geometry":{"type":"Point","coordinates":[77.48162,12.95841]},"properties":{"name":"5th Block Vishweshwaraiah Layout"}},{"type":"Feature","geometry":{"type":"Point","coordinates":[77.4816,12.95838]},"properties":{"name":"5th Block Vishweshwaraiah Layout"}},{"type":"Feature","geometry":{"type":"Point","coordinates":[77.5166,12.97802]},"properties":{"name":"Ramakrishna Layout"}},{"type":"Feature","geometry":{"type":"Point","coordinates":[77.51649,12.97801]},"properties":{"name":"Ramkrishana Layout"}},{"type":"Feature","geometry":{"type":"Point","coordinates":[77.58492,12.76847]},"properties":{"name":"Mutturayanaswamy Temple"}},{"type":"Feature","geometry":{"type":"Point","coordinates":[77.58489,12.76851]},"properties":{"name":"Mutturayanaswamy Temple"}},{"type":"Feature","geometry":{"type":"Point","coordinates":[77.5968,12.80232]},"properties":{"name":"Mantapa Cross"}},{"type":"Feature","geometry":{"type":"Point","coordinates":[77.59683,12.80223]},"properties":{"name":"Mantapa Cross"}},{"type":"Feature","geometry":{"type":"Point","coordinates":[77.61202,12.77541]},"properties":{"name":"Nandanavana Badavane"}},{"type":"Feature","geometry":{"type":"Point","coordinates":[77.61195,12.77546]},"properties":{"name":"Nandanavana Badavane"}},{"type":"Feature","geometry":{"type":"Point","coordinates":[77.59345,12.8406]},"properties":{"name":"CK Palya Cross"}},{"type":"Feature","geometry":{"type":"Point","coordinates":[77.59348,12.84054]},"properties":{"name":"CK Palya Cross"}},{"type":"Feature","geometry":{"type":"Point","coordinates":[77.56531,12.97529]},"properties":{"name":"Hunasemara"}},{"type":"Feature","geometry":{"type":"Point","coordinates":[77.43845,12.93636]},"properties":{"name":"Forest Gate"}},{"type":"Feature","geometry":{"type":"Point","coordinates":[77.43851,12.9363]},"properties":{"name":"Forest Gate"}},{"type":"Feature","geometry":{"type":"Point","coordinates":[77.66268,12.94451]},"properties":{"name":"DRDO 2nd Sector Kempapura"}},{"type":"Feature","geometry":{"type":"Point","coordinates":[77.66263,12.94445]},"properties":{"name":"DRDO 2nd Sector Kempapura"}},{"type":"Feature","geometry":{"type":"Point","coordinates":[77.611,12.9743]},"properties":{"name":"MG Road"}},{"type":"Feature","geometry":{"type":"Point","coordinates":[77.54765,13.05571]},"properties":{"name":"HMT Club House"}},{"type":"Feature","geometry":{"type":"Point","coordinates":[77.65675,12.88929]},"properties":{"name":"Kudlu Village"}},{"type":"Feature","geometry":{"type":"Point","coordinates":[77.48251,13.10822]},"properties":{"name":"Kempaiahnagara"}},{"type":"Feature","geometry":{"type":"Point","coordinates":[77.48247,13.10817]},"properties":{"name":"Kempaiahnagara"}},{"type":"Feature","geometry":{"type":"Point","coordinates":[77.71702,13.17475]},"properties":{"name":"KIADB Circle Bagalur"}},{"type":"Feature","geometry":{"type":"Point","coordinates":[77.71713,13.1746]},"properties":{"name":"KIADB Circle Bagalur"}},{"type":"Feature","geometry":{"type":"Point","coordinates":[77.51483,13.11468]},"properties":{"name":"Raghavendra Dhama"}},{"type":"Feature","geometry":{"type":"Point","coordinates":[77.51485,13.1147]},"properties":{"name":"Raghavendra Dhama"}},{"type":"Feature","geometry":{"type":"Point","coordinates":[77.7821,13.08415]},"properties":{"name":"UParahalli Gate"}},{"type":"Feature","geometry":{"type":"Point","coordinates":[77.78199,13.08411]},"properties":{"name":"UParahalli Gate"}},{"type":"Feature","geometry":{"type":"Point","coordinates":[77.6324,12.91272]},"properties":{"name":"17th Cross 9th Main HSR Layout"}},{"type":"Feature","geometry":{"type":"Point","coordinates":[77.63246,12.91268]},"properties":{"name":"17th Cross 9th Main HSR Layout"}},{"type":"Feature","geometry":{"type":"Point","coordinates":[77.33019,12.92684]},"properties":{"name":"Dodda Maskal"}},{"type":"Feature","geometry":{"type":"Point","coordinates":[77.46782,12.93885]},"properties":{"name":"Dhananayakanahalli"}},{"type":"Feature","geometry":{"type":"Point","coordinates":[77.46773,12.93884]},"properties":{"name":"Dhananayakanahalli"}},{"type":"Feature","geometry":{"type":"Point","coordinates":[77.47353,13.05635]},"properties":{"name":"Madavara Cross"}},{"type":"Feature","geometry":{"type":"Point","coordinates":[77.47348,13.05642]},"properties":{"name":"Madavara Cross"}},{"type":"Feature","geometry":{"type":"Point","coordinates":[77.5511,12.99767]},"properties":{"name":"Navarang Theatre"}},{"type":"Feature","geometry":{"type":"Point","coordinates":[77.47239,12.98841]},"properties":{"name":"Gollarahatti"}},{"type":"Feature","geometry":{"type":"Point","coordinates":[77.6641,12.83621]},"properties":{"name":"Neo Town Road"}},{"type":"Feature","geometry":{"type":"Point","coordinates":[77.6641,12.83037]},"properties":{"name":"Gollahalli Cross"}},{"type":"Feature","geometry":{"type":"Point","coordinates":[77.54312,13.00863]},"properties":{"name":"Ganapathi Temple Mahalakshmi Layout"}},{"type":"Feature","geometry":{"type":"Point","coordinates":[77.77677,12.77729]},"properties":{"name":"Attibele Border"}},{"type":"Feature","geometry":{"type":"Point","coordinates":[77.77627,12.77696]},"properties":{"name":"Attibele Border"}},{"type":"Feature","geometry":{"type":"Point","coordinates":[77.60472,13.03245]},"properties":{"name":"Bhuvaneshwari Nagara"}},{"type":"Feature","geometry":{"type":"Point","coordinates":[77.60475,13.03241]},"properties":{"name":"Bhuvaneshwari Nagara"}},{"type":"Feature","geometry":{"type":"Point","coordinates":[77.53463,12.86653]},"properties":{"name":"Twinkler School Thalagattapura"}},{"type":"Feature","geometry":{"type":"Point","coordinates":[77.53455,12.86656]},"properties":{"name":"Twinklers School Kankapura Road"}},{"type":"Feature","geometry":{"type":"Point","coordinates":[77.51437,12.85533]},"properties":{"name":"Nagegowdanpalya Cross"}},{"type":"Feature","geometry":{"type":"Point","coordinates":[77.62326,13.00896]},"properties":{"name":"Lingarajapura Bridge"}},{"type":"Feature","geometry":{"type":"Point","coordinates":[77.65196,13.05602]},"properties":{"name":"Byrathi"}},{"type":"Feature","geometry":{"type":"Point","coordinates":[77.652,13.05609]},"properties":{"name":"Byrathi"}},{"type":"Feature","geometry":{"type":"Point","coordinates":[77.55729,12.9381]},"properties":{"name":"Bank Colony"}},{"type":"Feature","geometry":{"type":"Point","coordinates":[77.66021,13.01684]},"properties":{"name":"Vijaya Bank Colony Banaswadi"}},{"type":"Feature","geometry":{"type":"Point","coordinates":[77.63151,13.05156]},"properties":{"name":"Telecom Layout Ashwath Nagara"}},{"type":"Feature","geometry":{"type":"Point","coordinates":[77.63151,13.05152]},"properties":{"name":"Telecom Layout Ashwath Nagara"}},{"type":"Feature","geometry":{"type":"Point","coordinates":[77.79714,12.95362]},"properties":{"name":"Damodhar Nagara"}},{"type":"Feature","geometry":{"type":"Point","coordinates":[77.79708,12.9536]},"properties":{"name":"Damodhar Nagara"}},{"type":"Feature","geometry":{"type":"Point","coordinates":[77.5747,12.96472]},"properties":{"name":"KR Market Fly"}},{"type":"Feature","geometry":{"type":"Point","coordinates":[77.66627,13.0805]},"properties":{"name":"Chikka Gubbi"}},{"type":"Feature","geometry":{"type":"Point","coordinates":[77.6663,13.08048]},"properties":{"name":"Chikka Gubbi"}},{"type":"Feature","geometry":{"type":"Point","coordinates":[77.67538,13.08368]},"properties":{"name":"Gollahalli"}},{"type":"Feature","geometry":{"type":"Point","coordinates":[77.67538,13.08363]},"properties":{"name":"Gollahalli"}},{"type":"Feature","geometry":{"type":"Point","coordinates":[77.662,13.07702]},"properties":{"name":"Alfa College Chikka Gubbi"}},{"type":"Feature","geometry":{"type":"Point","coordinates":[77.66201,13.07699]},"properties":{"name":"Alfa College Chikka Gubbi"}},{"type":"Feature","geometry":{"type":"Point","coordinates":[77.54096,13.00257]},"properties":{"name":"Bheemajyothi Nagara Shankara Mutt"}},{"type":"Feature","geometry":{"type":"Point","coordinates":[77.54073,13.00219]},"properties":{"name":"Bheemajyothi Nagara Shankara Mutt"}},{"type":"Feature","geometry":{"type":"Point","coordinates":[77.53441,12.96448]},"properties":{"name":"Vijayanagara TTMC"}},{"type":"Feature","geometry":{"type":"Point","coordinates":[77.542,12.93344]},"properties":{"name":"Nanjundeshwara Stores"}},{"type":"Feature","geometry":{"type":"Point","coordinates":[77.55409,13.04384]},"properties":{"name":"BEL Circle"}},{"type":"Feature","geometry":{"type":"Point","coordinates":[77.60224,12.97943]},"properties":{"name":"BRV Talkies Cubbon Road"}},{"type":"Feature","geometry":{"type":"Point","coordinates":[77.64293,13.05877]},"properties":{"name":"Kristu Jayanti College"}},{"type":"Feature","geometry":{"type":"Point","coordinates":[77.6431,13.05855]},"properties":{"name":"Kristu Jayanti College"}},{"type":"Feature","geometry":{"type":"Point","coordinates":[77.55367,12.92396]},"properties":{"name":"Kamakya Talkies"}},{"type":"Feature","geometry":{"type":"Point","coordinates":[77.5144,12.85534]},"properties":{"name":"Nagegowdanpalya Cross"}},{"type":"Feature","geometry":{"type":"Point","coordinates":[77.5904,12.9542]},"properties":{"name":"Nyaya Degula"}},{"type":"Feature","geometry":{"type":"Point","coordinates":[77.57596,13.04758]},"properties":{"name":"Bhadrappa Layout"}},{"type":"Feature","geometry":{"type":"Point","coordinates":[77.66465,13.06739]},"properties":{"name":"Dattatreya Peeta(Doddagubbi"}},{"type":"Feature","geometry":{"type":"Point","coordinates":[77.66465,13.06732]},"properties":{"name":"Dattatreya Peeta(Doddagubbi"}},{"type":"Feature","geometry":{"type":"Point","coordinates":[77.47993,12.91085]},"properties":{"name":"Ganesha Temple"}},{"type":"Feature","geometry":{"type":"Point","coordinates":[77.65199,13.06414]},"properties":{"name":"Gubbi Cross"}},{"type":"Feature","geometry":{"type":"Point","coordinates":[77.65202,13.06419]},"properties":{"name":"Gubbi Cross"}},{"type":"Feature","geometry":{"type":"Point","coordinates":[77.66016,13.06655]},"properties":{"name":"Visthar Gate"}},{"type":"Feature","geometry":{"type":"Point","coordinates":[77.66016,13.06652]},"properties":{"name":"Visthar Gate"}},{"type":"Feature","geometry":{"type":"Point","coordinates":[77.64745,13.02218]},"properties":{"name":"Babusabpalya"}},{"type":"Feature","geometry":{"type":"Point","coordinates":[77.57586,13.04725]},"properties":{"name":"Bhadrappa Layout"}},{"type":"Feature","geometry":{"type":"Point","coordinates":[77.65376,13.03248]},"properties":{"name":"Jyothi Nagara"}},{"type":"Feature","geometry":{"type":"Point","coordinates":[77.65372,13.03251]},"properties":{"name":"Jyothi Nagara"}},{"type":"Feature","geometry":{"type":"Point","coordinates":[77.65487,13.09254]},"properties":{"name":"Kannuru Junction"}},{"type":"Feature","geometry":{"type":"Point","coordinates":[77.65486,13.0925]},"properties":{"name":"Kannuru Junction"}},{"type":"Feature","geometry":{"type":"Point","coordinates":[77.51106,13.02514]},"properties":{"name":"NTTF Peenya"}},{"type":"Feature","geometry":{"type":"Point","coordinates":[77.51133,12.91712]},"properties":{"name":"LG Godown"}},{"type":"Feature","geometry":{"type":"Point","coordinates":[77.51126,12.91715]},"properties":{"name":"LG Godown"}},{"type":"Feature","geometry":{"type":"Point","coordinates":[77.50835,12.91624]},"properties":{"name":"BHEL Layout"}},{"type":"Feature","geometry":{"type":"Point","coordinates":[77.50839,12.91629]},"properties":{"name":"BHEL Layout"}},{"type":"Feature","geometry":{"type":"Point","coordinates":[77.58665,12.9757]},"properties":{"name":"KR Circle"}},{"type":"Feature","geometry":{"type":"Point","coordinates":[77.55766,12.99127]},"properties":{"name":"Navarang Bar"}},{"type":"Feature","geometry":{"type":"Point","coordinates":[77.55788,12.99122]},"properties":{"name":"Navarang Bar"}},{"type":"Feature","geometry":{"type":"Point","coordinates":[77.58117,12.9726]},"properties":{"name":"Mysore Bank"}},{"type":"Feature","geometry":{"type":"Point","coordinates":[77.36126,13.06854]},"properties":{"name":"Karekal Cross"}},{"type":"Feature","geometry":{"type":"Point","coordinates":[77.36081,13.06876]},"properties":{"name":"Karekal Cross"}},{"type":"Feature","geometry":{"type":"Point","coordinates":[77.52808,12.94577]},"properties":{"name":"Jn of Nayandahalli"}},{"type":"Feature","geometry":{"type":"Point","coordinates":[77.72541,12.91726]},"properties":{"name":"Gunjurpalya Gate"}},{"type":"Feature","geometry":{"type":"Point","coordinates":[77.72546,12.91724]},"properties":{"name":"Gunjurpalya Gate"}},{"type":"Feature","geometry":{"type":"Point","coordinates":[77.54102,12.96764]},"properties":{"name":"ISRO Quarters Vijayanagara"}},{"type":"Feature","geometry":{"type":"Point","coordinates":[77.50075,12.92632]},"properties":{"name":"RV College"}},{"type":"Feature","geometry":{"type":"Point","coordinates":[77.54105,12.96769]},"properties":{"name":"ISRO Quarters Vijayanagara"}},{"type":"Feature","geometry":{"type":"Point","coordinates":[77.68214,13.22136]},"properties":{"name":"Palya Gate"}},{"type":"Feature","geometry":{"type":"Point","coordinates":[77.57357,13.00535]},"properties":{"name":"Mallikarjunapura Vayyalikaval"}},{"type":"Feature","geometry":{"type":"Point","coordinates":[77.57355,13.0054]},"properties":{"name":"Mallikarjunapura Vayyalikaval"}},{"type":"Feature","geometry":{"type":"Point","coordinates":[77.57854,13.00465]},"properties":{"name":"Basyam Circle Sadashivanagara"}},{"type":"Feature","geometry":{"type":"Point","coordinates":[77.6411,13.00609]},"properties":{"name":"Ayyappa Temple Chikka Banasawadi"}},{"type":"Feature","geometry":{"type":"Point","coordinates":[77.41958,13.19081]},"properties":{"name":"Kannamangala Gate"}},{"type":"Feature","geometry":{"type":"Point","coordinates":[77.41985,13.19084]},"properties":{"name":"Kannamangala Gate"}},{"type":"Feature","geometry":{"type":"Point","coordinates":[77.54291,13.05515]},"properties":{"name":"Sri Venkateshwara Garments Gangamma Circle"}},{"type":"Feature","geometry":{"type":"Point","coordinates":[77.58204,12.9992]},"properties":{"name":"RM Guttahalli Post Office"}},{"type":"Feature","geometry":{"type":"Point","coordinates":[77.5255,13.05023]},"properties":{"name":"Shettyhalli Cross"}},{"type":"Feature","geometry":{"type":"Point","coordinates":[77.52554,13.05025]},"properties":{"name":"Shettyhalli Cross"}},{"type":"Feature","geometry":{"type":"Point","coordinates":[77.62428,13.03992]},"properties":{"name":"Jn of Nagawara"}},{"type":"Feature","geometry":{"type":"Point","coordinates":[77.53338,13.09211]},"properties":{"name":"Lakshmipura Cross"}},{"type":"Feature","geometry":{"type":"Point","coordinates":[77.53345,13.09209]},"properties":{"name":"Lakshmipura Cross"}},{"type":"Feature","geometry":{"type":"Point","coordinates":[77.50267,13.08047]},"properties":{"name":"Chikka Banavara"}},{"type":"Feature","geometry":{"type":"Point","coordinates":[77.50263,13.08045]},"properties":{"name":"Chikka Banavara"}},{"type":"Feature","geometry":{"type":"Point","coordinates":[77.37823,12.77782]},"properties":{"name":"Nithyananda Ashrama"}},{"type":"Feature","geometry":{"type":"Point","coordinates":[77.37821,12.77777]},"properties":{"name":"Nithyananda Ashrama"}},{"type":"Feature","geometry":{"type":"Point","coordinates":[77.57138,13.00896]},"properties":{"name":"18th Cross Malleshwaram"}},{"type":"Feature","geometry":{"type":"Point","coordinates":[77.61518,12.97917]},"properties":{"name":"Hasanath College"}},{"type":"Feature","geometry":{"type":"Point","coordinates":[77.61384,12.97962]},"properties":{"name":"Hasanath College"}},{"type":"Feature","geometry":{"type":"Point","coordinates":[77.59574,12.99391]},"properties":{"name":"Cantonment Railway Station"}},{"type":"Feature","geometry":{"type":"Point","coordinates":[77.64996,13.1941]},"properties":{"name":"Trumpet"}},{"type":"Feature","geometry":{"type":"Point","coordinates":[77.65035,13.19377]},"properties":{"name":"Trumpet"}},{"type":"Feature","geometry":{"type":"Point","coordinates":[77.61983,12.98688]},"properties":{"name":"MEG Centre"}},{"type":"Feature","geometry":{"type":"Point","coordinates":[77.675,12.97339]},"properties":{"name":"Maruthi Nagara"}},{"type":"Feature","geometry":{"type":"Point","coordinates":[77.67516,12.97331]},"properties":{"name":"Maruthi Nagara"}},{"type":"Feature","geometry":{"type":"Point","coordinates":[77.64309,13.06573]},"properties":{"name":"BDS Nagara"}},{"type":"Feature","geometry":{"type":"Point","coordinates":[77.64308,13.0657]},"properties":{"name":"BDS Nagara"}},{"type":"Feature","geometry":{"type":"Point","coordinates":[77.67062,12.84783]},"properties":{"name":"Electronic City"}},{"type":"Feature","geometry":{"type":"Point","coordinates":[77.58385,13.06466]},"properties":{"name":"Sahakara Nagara"}},{"type":"Feature","geometry":{"type":"Point","coordinates":[77.58389,13.06463]},"properties":{"name":"Sahakara Nagara"}},{"type":"Feature","geometry":{"type":"Point","coordinates":[77.59711,12.98437]},"properties":{"name":"Indian Express"}},{"type":"Feature","geometry":{"type":"Point","coordinates":[77.52202,12.89271]},"properties":{"name":"Banashankari 6th Phase 1st Block"}},{"type":"Feature","geometry":{"type":"Point","coordinates":[77.52206,12.89275]},"properties":{"name":"Banashankari 6th Phase 1st Block"}},{"type":"Feature","geometry":{"type":"Point","coordinates":[77.53164,12.89616]},"properties":{"name":"Paaduka Mandira"}},{"type":"Feature","geometry":{"type":"Point","coordinates":[77.53183,12.89597]},"properties":{"name":"Paaduka Mandira"}},{"type":"Feature","geometry":{"type":"Point","coordinates":[77.50569,12.98979]},"properties":{"name":"Sunkadakatte"}},{"type":"Feature","geometry":{"type":"Point","coordinates":[77.39396,13.09783]},"properties":{"name":"Nelamangala Bus Station"}},{"type":"Feature","geometry":{"type":"Point","coordinates":[77.67555,12.84778]},"properties":{"name":"Xavier Institute of Management"}},{"type":"Feature","geometry":{"type":"Point","coordinates":[77.5758,13.04719]},"properties":{"name":"Bhadrappa Layout"}},{"type":"Feature","geometry":{"type":"Point","coordinates":[77.57584,13.0472]},"properties":{"name":"Bhadrappa Layout"}},{"type":"Feature","geometry":{"type":"Point","coordinates":[77.31955,13.06647]},"properties":{"name":"Mahadevapura"}},{"type":"Feature","geometry":{"type":"Point","coordinates":[77.31966,13.06663]},"properties":{"name":"Mahadevapura"}},{"type":"Feature","geometry":{"type":"Point","coordinates":[77.59383,13.0868]},"properties":{"name":"Allalasandra Gate"}},{"type":"Feature","geometry":{"type":"Point","coordinates":[77.59372,13.08681]},"properties":{"name":"Allalasandra Gate"}},{"type":"Feature","geometry":{"type":"Point","coordinates":[77.69053,13.00721]},"properties":{"name":"ITI Bhavana"}},{"type":"Feature","geometry":{"type":"Point","coordinates":[77.80521,13.28722]},"properties":{"name":"Rajiv Nagara"}},{"type":"Feature","geometry":{"type":"Point","coordinates":[77.80517,13.2873]},"properties":{"name":"Rajiv Nagara"}},{"type":"Feature","geometry":{"type":"Point","coordinates":[77.52778,12.85733]},"properties":{"name":"NICE Toll Kanakapura Road"}},{"type":"Feature","geometry":{"type":"Point","coordinates":[77.59249,12.95056]},"properties":{"name":"Karnataka Silk Emporium"}},{"type":"Feature","geometry":{"type":"Point","coordinates":[77.59143,12.97604]},"properties":{"name":"Cubbon Park"}},{"type":"Feature","geometry":{"type":"Point","coordinates":[77.59653,12.9749]},"properties":{"name":"Venkatappa Art Gallery"}},{"type":"Feature","geometry":{"type":"Point","coordinates":[77.59847,12.97623]},"properties":{"name":"Museum"}},{"type":"Feature","geometry":{"type":"Point","coordinates":[77.5811,12.98886]},"properties":{"name":"Karnataka Chitrakala Parishath"}},{"type":"Feature","geometry":{"type":"Point","coordinates":[77.73939,13.26549]},"properties":{"name":"Dodda Thathamangala"}},{"type":"Feature","geometry":{"type":"Point","coordinates":[77.73923,13.26554]},"properties":{"name":"Dodda Thathamangala"}},{"type":"Feature","geometry":{"type":"Point","coordinates":[77.56221,13.00763]},"properties":{"name":"Chaya Nursing Home"}},{"type":"Feature","geometry":{"type":"Point","coordinates":[77.56225,13.00766]},"properties":{"name":"Chaya Nursing Home"}},{"type":"Feature","geometry":{"type":"Point","coordinates":[77.56,13.00772]},"properties":{"name":"Milk Colony Malleshwaram"}},{"type":"Feature","geometry":{"type":"Point","coordinates":[77.55997,13.00775]},"properties":{"name":"Milk Colony Malleshwaram"}},{"type":"Feature","geometry":{"type":"Point","coordinates":[77.47073,12.9036]},"properties":{"name":"NICE Road Kengeri Road Junction"}},{"type":"Feature","geometry":{"type":"Point","coordinates":[77.52802,12.85832]},"properties":{"name":"NICE Road Kanakapura Road"}},{"type":"Feature","geometry":{"type":"Point","coordinates":[77.61775,12.87628]},"properties":{"name":"DLF Home Town"}},{"type":"Feature","geometry":{"type":"Point","coordinates":[77.62414,12.91743]},"properties":{"name":"Central Silk Board"}},{"type":"Feature","geometry":{"type":"Point","coordinates":[77.526,12.97631]},"properties":{"name":"Pattegarpalya Circle"}},{"type":"Feature","geometry":{"type":"Point","coordinates":[77.52596,12.97626]},"properties":{"name":"Pattegarpalya Circle"}},{"type":"Feature","geometry":{"type":"Point","coordinates":[77.7231,12.76156]},"properties":{"name":"Marasur Madivala"}},{"type":"Feature","geometry":{"type":"Point","coordinates":[77.72307,12.76174]},"properties":{"name":"Marasur Madivala"}},{"type":"Feature","geometry":{"type":"Point","coordinates":[77.63268,13.03437]},"properties":{"name":"4th Block HBR Layout"}},{"type":"Feature","geometry":{"type":"Point","coordinates":[77.63264,13.03435]},"properties":{"name":"4th Block HBR Layout"}},{"type":"Feature","geometry":{"type":"Point","coordinates":[77.6655,12.84545]},"properties":{"name":"Electronic City"}},{"type":"Feature","geometry":{"type":"Point","coordinates":[77.58946,13.03889]},"properties":{"name":"Hebbala"}},{"type":"Feature","geometry":{"type":"Point","coordinates":[77.53366,13.03279]},"properties":{"name":"CMTI"}},{"type":"Feature","geometry":{"type":"Point","coordinates":[77.5339,13.03287]},"properties":{"name":"CMTI"}},{"type":"Feature","geometry":{"type":"Point","coordinates":[77.5634,13.18748]},"properties":{"name":"Depot-46 Gate"}},{"type":"Feature","geometry":{"type":"Point","coordinates":[77.5634,13.18752]},"properties":{"name":"Depot-46 Gate"}},{"type":"Feature","geometry":{"type":"Point","coordinates":[77.64468,12.98571]},"properties":{"name":"Swamy Vivekananda Metro Station"}},{"type":"Feature","geometry":{"type":"Point","coordinates":[77.64527,12.98573]},"properties":{"name":"Swamy Vivekananda Metro Station"}},{"type":"Feature","geometry":{"type":"Point","coordinates":[77.58844,12.98144]},"properties":{"name":"Vidhana Soudha AG Office"}},{"type":"Feature","geometry":{"type":"Point","coordinates":[77.55642,12.92832]},"properties":{"name":"Channammanakere Achukattu"}},{"type":"Feature","geometry":{"type":"Point","coordinates":[77.64475,12.98574]},"properties":{"name":"Swamy Vivekananda Metro Station"}},{"type":"Feature","geometry":{"type":"Point","coordinates":[77.57118,12.97497]},"properties":{"name":"Kempegowda Metro Station"}},{"type":"Feature","geometry":{"type":"Point","coordinates":[77.5711,12.97517]},"properties":{"name":"Kempegowda Metro Station"}},{"type":"Feature","geometry":{"type":"Point","coordinates":[77.57177,12.98954]},"properties":{"name":"Mantri Mall Metro Station"}},{"type":"Feature","geometry":{"type":"Point","coordinates":[77.60402,13.07252]},"properties":{"name":"Jakkur Double Road"}},{"type":"Feature","geometry":{"type":"Point","coordinates":[77.59075,13.04329]},"properties":{"name":"Hebbala Bridge"}},{"type":"Feature","geometry":{"type":"Point","coordinates":[77.55936,12.95778]},"properties":{"name":"Raghavendra Colony"}},{"type":"Feature","geometry":{"type":"Point","coordinates":[77.70537,12.9072]},"properties":{"name":"Railway Station Carmelram"}},{"type":"Feature","geometry":{"type":"Point","coordinates":[77.70544,12.90719]},"properties":{"name":"Railway Station Carmelram"}},{"type":"Feature","geometry":{"type":"Point","coordinates":[77.53199,13.01849]},"properties":{"name":"Rajkumar Punya Bhoomi"}},{"type":"Feature","geometry":{"type":"Point","coordinates":[77.64943,12.98362]},"properties":{"name":"GTRE Engine Division"}},{"type":"Feature","geometry":{"type":"Point","coordinates":[77.6493,12.98354]},"properties":{"name":"GTRE Engine Division"}},{"type":"Feature","geometry":{"type":"Point","coordinates":[77.57128,13.02843]},"properties":{"name":"MS Ramayya Hospital"}},{"type":"Feature","geometry":{"type":"Point","coordinates":[77.57129,13.02839]},"properties":{"name":"MS Ramayya Hospital"}},{"type":"Feature","geometry":{"type":"Point","coordinates":[77.53385,13.12689]},"properties":{"name":"Lingarajapura"}},{"type":"Feature","geometry":{"type":"Point","coordinates":[77.53373,13.12683]},"properties":{"name":"Lingarajapura"}},{"type":"Feature","geometry":{"type":"Point","coordinates":[77.53496,13.13653]},"properties":{"name":"Mylappanahalli"}},{"type":"Feature","geometry":{"type":"Point","coordinates":[77.59284,12.98972]},"properties":{"name":"Chandrika Hotel Junction"}},{"type":"Feature","geometry":{"type":"Point","coordinates":[77.59738,12.99144]},"properties":{"name":"Allaince Prame Pai Junction"}},{"type":"Feature","geometry":{"type":"Point","coordinates":[77.59451,12.99416]},"properties":{"name":"Kodava Samaja"}},{"type":"Feature","geometry":{"type":"Point","coordinates":[77.59717,12.98094]},"properties":{"name":"Cubbon Park Metro Station"}},{"type":"Feature","geometry":{"type":"Point","coordinates":[77.64361,13.03165]},"properties":{"name":"Sinclars High School"}},{"type":"Feature","geometry":{"type":"Point","coordinates":[77.64357,13.03166]},"properties":{"name":"Sinclars High School"}},{"type":"Feature","geometry":{"type":"Point","coordinates":[77.69624,12.86774]},"properties":{"name":"Nirmala Vidyalaya"}},{"type":"Feature","geometry":{"type":"Point","coordinates":[77.64137,13.03112]},"properties":{"name":"Chelikere Extention"}},{"type":"Feature","geometry":{"type":"Point","coordinates":[77.50919,12.96972]},"properties":{"name":"Park Papareddypalya"}},{"type":"Feature","geometry":{"type":"Point","coordinates":[77.7598,13.05292]},"properties":{"name":"Nimbekaipura Gate"}},{"type":"Feature","geometry":{"type":"Point","coordinates":[77.57721,13.28851]},"properties":{"name":"Raghunathapura Doddaballapura"}},{"type":"Feature","geometry":{"type":"Point","coordinates":[77.53929,13.10121]},"properties":{"name":"Rainbow Layout"}},{"type":"Feature","geometry":{"type":"Point","coordinates":[77.68326,13.01559]},"properties":{"name":"Shanthi Layout"}},{"type":"Feature","geometry":{"type":"Point","coordinates":[77.80932,12.92629]},"properties":{"name":"Sheganayakanahalli"}},{"type":"Feature","geometry":{"type":"Point","coordinates":[77.59243,12.97936]},"properties":{"name":"VIdhana Soudha Metro Station"}},{"type":"Feature","geometry":{"type":"Point","coordinates":[77.59113,12.97821]},"properties":{"name":"Vidhana Soudha Metro Station"}},{"type":"Feature","geometry":{"type":"Point","coordinates":[77.37513,13.11515]},"properties":{"name":"Gangadharpalya (Nelamangala)"}},{"type":"Feature","geometry":{"type":"Point","coordinates":[77.37512,13.11521]},"properties":{"name":"Gangadhara Palya (Nelamngala)"}},{"type":"Feature","geometry":{"type":"Point","coordinates":[77.57176,12.98949]},"properties":{"name":"Mantri Mall Metro Station (Arrival)"}},{"type":"Feature","geometry":{"type":"Point","coordinates":[77.64418,12.85528]},"properties":{"name":"Devendranagara (Chikka Thoguru)"}},{"type":"Feature","geometry":{"type":"Point","coordinates":[77.51415,12.82279]},"properties":{"name":"Art Of Living (Kanakapura Road)"}},{"type":"Feature","geometry":{"type":"Point","coordinates":[77.51405,12.82269]},"properties":{"name":"Art Of Living (Kanakapura Road)"}},{"type":"Feature","geometry":{"type":"Point","coordinates":[77.64561,12.98302]},"properties":{"name":"CV Raman Hospital"}},{"type":"Feature","geometry":{"type":"Point","coordinates":[77.64574,12.98301]},"properties":{"name":"CV Raman Hospital"}},{"type":"Feature","geometry":{"type":"Point","coordinates":[77.64357,12.98509]},"properties":{"name":"Swamy Vivekananda Road Metro Station"}},{"type":"Feature","geometry":{"type":"Point","coordinates":[77.64616,12.97866]},"properties":{"name":"CMH Hospital"}},{"type":"Feature","geometry":{"type":"Point","coordinates":[77.67814,13.00132]},"properties":{"name":"Kr puram Raily Station(Under hanging bridge)"}},{"type":"Feature","geometry":{"type":"Point","coordinates":[77.58949,13.09417]},"properties":{"name":"Cambridge Public School Yelahanka"}},{"type":"Feature","geometry":{"type":"Point","coordinates":[77.58941,13.09416]},"properties":{"name":"Cambridge Public School Yelahanka"}},{"type":"Feature","geometry":{"type":"Point","coordinates":[77.46491,12.97204]},"properties":{"name":"Chikka Kodigehalli"}},{"type":"Feature","geometry":{"type":"Point","coordinates":[77.46505,12.97198]},"properties":{"name":"Chikka Kodigehalli"}},{"type":"Feature","geometry":{"type":"Point","coordinates":[77.55773,13.01855]},"properties":{"name":"Yeshvanthapura Circle Under Fly Over"}},{"type":"Feature","geometry":{"type":"Point","coordinates":[77.71756,12.97098]},"properties":{"name":"ORRCA Kalyani Tech Park"}},{"type":"Feature","geometry":{"type":"Point","coordinates":[77.66553,12.96262]},"properties":{"name":"HAL Hospital"}},{"type":"Feature","geometry":{"type":"Point","coordinates":[77.47472,13.05673]},"properties":{"name":"Bengalore International Exhibition Centre"}},{"type":"Feature","geometry":{"type":"Point","coordinates":[77.47333,13.05661]},"properties":{"name":"Bengalore International Exhibition Centre"}},{"type":"Feature","geometry":{"type":"Point","coordinates":[77.61452,12.97585]},"properties":{"name":"Manipal Centre"}},{"type":"Feature","geometry":{"type":"Point","coordinates":[77.61435,12.97506]},"properties":{"name":"Manipal Centre"}},{"type":"Feature","geometry":{"type":"Point","coordinates":[77.48152,12.96825]},"properties":{"name":"KLE Society College"}},{"type":"Feature","geometry":{"type":"Point","coordinates":[77.48361,12.97305]},"properties":{"name":"KLE Society College Cross"}},{"type":"Feature","geometry":{"type":"Point","coordinates":[77.48347,12.9731]},"properties":{"name":"KLE Society College Cross"}},{"type":"Feature","geometry":{"type":"Point","coordinates":[77.48137,12.96835]},"properties":{"name":"KLE Society College"}},{"type":"Feature","geometry":{"type":"Point","coordinates":[77.91117,13.09789]},"properties":{"name":"Sapalamma Devi Temple"}},{"type":"Feature","geometry":{"type":"Point","coordinates":[77.91101,13.09802]},"properties":{"name":"Sapalamma Devi Temple"}},{"type":"Feature","geometry":{"type":"Point","coordinates":[77.66551,12.96236]},"properties":{"name":"HAL Hospital Start Point"}},{"type":"Feature","geometry":{"type":"Point","coordinates":[77.69969,12.95161]},"properties":{"name":"Multiplex Marathahalli V-500CA"}},{"type":"Feature","geometry":{"type":"Point","coordinates":[77.69986,12.95132]},"properties":{"name":"Multiplex Marathahalli V-500CA"}},{"type":"Feature","geometry":{"type":"Point","coordinates":[77.64812,12.98669]},"properties":{"name":"Suranjan Das Road"}},{"type":"Feature","geometry":{"type":"Point","coordinates":[77.64796,12.98678]},"properties":{"name":"Jn of Suranjandas road"}},{"type":"Feature","geometry":{"type":"Point","coordinates":[77.59269,12.93816]},"properties":{"name":"Indira Gandhi Children Hospital"}},{"type":"Feature","geometry":{"type":"Point","coordinates":[77.59275,12.93595]},"properties":{"name":"Sanjay Gandhi Inst of Trauma"}},{"type":"Feature","geometry":{"type":"Point","coordinates":[77.59263,12.93122]},"properties":{"name":"LIC Colony"}},{"type":"Feature","geometry":{"type":"Point","coordinates":[77.53276,13.02191]},"properties":{"name":"Kanteerava Studio"}},{"type":"Feature","geometry":{"type":"Point","coordinates":[77.59302,12.95514]},"properties":{"name":"Shanthinagara TTMC"}},{"type":"Feature","geometry":{"type":"Point","coordinates":[77.65181,12.99188]},"properties":{"name":"Byappanahalli Metro Stn Back Gate"}},{"type":"Feature","geometry":{"type":"Point","coordinates":[77.65164,12.99186]},"properties":{"name":"Byappanahalli Metro Stn Back Gate"}},{"type":"Feature","geometry":{"type":"Point","coordinates":[77.52967,12.94628]},"properties":{"name":"Nayandahalli Metro Station"}},{"type":"Feature","geometry":{"type":"Point","coordinates":[77.53056,12.94638]},"properties":{"name":"Nayandahalli Metro Station"}},{"type":"Feature","geometry":{"type":"Point","coordinates":[77.65579,13.0192]},"properties":{"name":"Banasawadi Signal"}},{"type":"Feature","geometry":{"type":"Point","coordinates":[77.66386,13.02888]},"properties":{"name":"Jayanthinagara"}},{"type":"Feature","geometry":{"type":"Point","coordinates":[77.66044,13.01714]},"properties":{"name":"Vijayabank Colony Banasawadi"}},{"type":"Feature","geometry":{"type":"Point","coordinates":[77.56453,13.17239]},"properties":{"name":"Rajanukunte"}},{"type":"Feature","geometry":{"type":"Point","coordinates":[77.56427,13.00001]},"properties":{"name":"Malleshwaram Railway Station"}},{"type":"Feature","geometry":{"type":"Point","coordinates":[77.54013,13.02902]},"properties":{"name":"Taj Vivanta - Yeshwantpura"}},{"type":"Feature","geometry":{"type":"Point","coordinates":[77.6019,12.96893]},"properties":{"name":"The Ritz Carlton Residency Road"}},{"type":"Feature","geometry":{"type":"Point","coordinates":[77.60641,12.97538]},"properties":{"name":"The Shalton Grand Hotel MG Road"}},{"type":"Feature","geometry":{"type":"Point","coordinates":[77.58306,12.99202]},"properties":{"name":"The Lalit Ashok Kumarkrupa Road"}},{"type":"Feature","geometry":{"type":"Point","coordinates":[77.53994,13.02874]},"properties":{"name":"Taj Vivanta Yeshwantapura"}},{"type":"Feature","geometry":{"type":"Point","coordinates":[77.57676,13.05962]},"properties":{"name":"Kodigehalli Sahakarnagara"}},{"type":"Feature","geometry":{"type":"Point","coordinates":[77.59473,12.97186]},"properties":{"name":"The J W Marriot"}},{"type":"Feature","geometry":{"type":"Point","coordinates":[77.58852,12.99176]},"properties":{"name":"Shangri-La"}},{"type":"Feature","geometry":{"type":"Point","coordinates":[77.58542,12.9935]},"properties":{"name":"ITC Windsor Manor"}},{"type":"Feature","geometry":{"type":"Point","coordinates":[77.61828,12.9728]},"properties":{"name":"The Oberoi MG Road"}},{"type":"Feature","geometry":{"type":"Point","coordinates":[77.5951,12.96705]},"properties":{"name":"ITC Gardenia Hotel"}},{"type":"Feature","geometry":{"type":"Point","coordinates":[77.58573,12.99076]},"properties":{"name":"Le Meridien Hotel"}},{"type":"Feature","geometry":{"type":"Point","coordinates":[77.59396,12.96753]},"properties":{"name":"IBIS Hotel Richmond"}},{"type":"Feature","geometry":{"type":"Point","coordinates":[77.62002,12.97315]},"properties":{"name":"The Taj Vivanta Hotel MG Road"}},{"type":"Feature","geometry":{"type":"Point","coordinates":[77.59509,12.96623]},"properties":{"name":"The Ramanashree Hotel"}},{"type":"Feature","geometry":{"type":"Point","coordinates":[77.51184,13.05342]},"properties":{"name":"Mallasandra Health Center"}},{"type":"Feature","geometry":{"type":"Point","coordinates":[77.51174,13.05325]},"properties":{"name":"Mallasandra Health Center"}},{"type":"Feature","geometry":{"type":"Point","coordinates":[77.68365,13.02072]},"properties":{"name":"CS-Ideal Super Bazar"}},{"type":"Feature","geometry":{"type":"Point","coordinates":[77.67602,12.9998]},"properties":{"name":"CS-KR Puram Bus Stand"}},{"type":"Feature","geometry":{"type":"Point","coordinates":[77.67572,13.00014]},"properties":{"name":"CS-KR Puram Bus Stand"}},{"type":"Feature","geometry":{"type":"Point","coordinates":[77.57666,12.98311]},"properties":{"name":"CS-Race Course Road"}}]}
