{"type":"FeatureCollection","features":[{"type":"Feature","geometry":{"type":"Point","coordinates":[77.58418,12.97791]},"properties":{}},{"type":"Feature","geometry":{"type":"Point","coordinates":[77.61926,13.00406]},"properties":{}},{"type":"Feature","geometry":{"type":"Point","coordinates":[77.6355,12.96701]},"properties":{}},{"type":"Feature","geometry":{"type":"Point","coordinates":[77.56478,13.01924]},"properties":{}},{"type":"Feature","geometry":{"type":"Point","coordinates":[77.56306,13.01646]},"properties":{}},{"type":"Feature","geometry":{"type":"Point","coordinates":[77.56291,13.01681]},"properties":{}},{"type":"Feature","geometry":{"type":"Point","coordinates":[77.57138,13.02756]},"properties":{}},{"type":"Feature","geometry":{"type":"Point","coordinates":[77.56899,13.01261]},"properties":{}},{"type":"Feature","geometry":{"type":"Point","coordinates":[77.53493,12.96551]},"properties":{}},{"type":"Feature","geometry":{"type":"Point","coordinates":[77.53485,12.96514]},"properties":{}},{"type":"Feature","geometry":{"type":"Point","coordinates":[77.53422,12.95783]},"properties":{}},{"type":"Feature","geometry":{"type":"Point","coordinates":[77.6138,12.97377]},"properties":{}},{"type":"Feature","geometry":{"type":"Point","coordinates":[77.61106,12.97434]},"properties":{}},{"type":"Feature","geometry":{"type":"Point","coordinates":[77.57876,13.00644]},"properties":{"operator":"BTP"}},{"type":"Feature","geometry":{"type":"Point","coordinates":[77.61237,12.93449]},"properties":{"surveyed":"2021-12-05","operator":"BTP"}},{"type":"Feature","geometry":{"type":"Point","coordinates":[77.5952,12.91027]},"properties":{}},{"type":"Feature","geometry":{"type":"Point","coordinates":[77.61862,13.00432]},"properties":{"operator":"Apartment"}},{"type":"Feature","geometry":{"type":"Point","coordinates":[77.61682,13.00364]},"properties":{}},{"type":"Feature","geometry":{"type":"Point","coordinates":[77.6197,13.00405]},"properties":{}},{"type":"Feature","geometry":{"type":"Point","coordinates":[77.61737,13.00495]},"properties":{}},{"type":"Feature","geometry":{"type":"Point","coordinates":[77.61726,13.00473]},"properties":{}},{"type":"Feature","geometry":{"type":"Point","coordinates":[77.62331,12.93113]},"properties":{}},{"type":"Feature","geometry":{"type":"Point","coordinates":[77.62302,12.93081]},"properties":{}},{"type":"Feature","geometry":{"type":"Point","coordinates":[77.58087,13.00567]},"properties":{}},{"type":"Feature","geometry":{"type":"Point","coordinates":[77.58051,13.00916]},"properties":{"surveyed":"2022-12-15"}},{"type":"Feature","geometry":{"type":"Point","coordinates":[77.57159,13.00847]},"properties":{}},{"type":"Feature","geometry":{"type":"Point","coordinates":[77.57115,13.0085]},"properties":{}},{"type":"Feature","geometry":{"type":"Point","coordinates":[77.62327,12.99959]},"properties":{}},{"type":"Feature","geometry":{"type":"Point","coordinates":[77.62309,12.99965]},"properties":{}},{"type":"Feature","geometry":{"type":"Point","coordinates":[77.62306,12.99966]},"properties":{}},{"type":"Feature","geometry":{"type":"Point","coordinates":[77.6122,13.00193]},"properties":{"surveyed":"2022-06-11"}},{"type":"Feature","geometry":{"type":"Point","coordinates":[77.61041,12.99913]},"properties":{}},{"type":"Feature","geometry":{"type":"Point","coordinates":[77.60736,12.9936]},"properties":{"surveyed":"2022-09-12"}},{"type":"Feature","geometry":{"type":"Point","coordinates":[77.5995,12.99056]},"properties":{}},{"type":"Feature","geometry":{"type":"Point","coordinates":[77.59718,12.98437]},"properties":{}},{"type":"Feature","geometry":{"type":"Point","coordinates":[77.59691,12.98033]},"properties":{}},{"type":"Feature","geometry":{"type":"Point","coordinates":[77.59742,12.98078]},"properties":{}},{"type":"Feature","geometry":{"type":"Point","coordinates":[77.59708,12.98036]},"properties":{}},{"type":"Feature","geometry":{"type":"Point","coordinates":[77.59277,12.98962]},"properties":{}},{"type":"Feature","geometry":{"type":"Point","coordinates":[77.59707,12.99388]},"properties":{}},{"type":"Feature","geometry":{"type":"Point","coordinates":[77.59571,12.99353]},"properties":{}},{"type":"Feature","geometry":{"type":"Point","coordinates":[77.62003,12.97474]},"properties":{"surveyed":"2022-09-25"}},{"type":"Feature","geometry":{"type":"Point","coordinates":[77.62373,13.00588]},"properties":{}},{"type":"Feature","geometry":{"type":"Point","coordinates":[77.64433,12.97837]},"properties":{}},{"type":"Feature","geometry":{"type":"Point","coordinates":[77.6442,12.97844]},"properties":{}},{"type":"Feature","geometry":{"type":"Point","coordinates":[77.62293,12.98182]},"properties":{}},{"type":"Feature","geometry":{"type":"Point","coordinates":[77.63302,13.00188]},"properties":{}},{"type":"Feature","geometry":{"type":"Point","coordinates":[77.64422,12.97844]},"properties":{}},{"type":"Feature","geometry":{"type":"Point","coordinates":[77.62704,13.00099]},"properties":{}},{"type":"Feature","geometry":{"type":"Point","coordinates":[77.63293,13.0019]},"properties":{}},{"type":"Feature","geometry":{"type":"Point","coordinates":[77.6196,12.97167]},"properties":{}},{"type":"Feature","geometry":{"type":"Point","coordinates":[77.61943,12.97216]},"properties":{}},{"type":"Feature","geometry":{"type":"Point","coordinates":[77.62275,12.94238]},"properties":{}},{"type":"Feature","geometry":{"type":"Point","coordinates":[77.62271,12.94241]},"properties":{}},{"type":"Feature","geometry":{"type":"Point","coordinates":[77.59411,12.98382]},"properties":{}},{"type":"Feature","geometry":{"type":"Point","coordinates":[77.59418,12.98383]},"properties":{}},{"type":"Feature","geometry":{"type":"Point","coordinates":[77.64813,12.96882]},"properties":{}},{"type":"Feature","geometry":{"type":"Point","coordinates":[77.56659,13.00517]},"properties":{}},{"type":"Feature","geometry":{"type":"Point","coordinates":[77.62022,12.97579]},"properties":{}},{"type":"Feature","geometry":{"type":"Point","coordinates":[77.59751,12.97101]},"properties":{}},{"type":"Feature","geometry":{"type":"Point","coordinates":[77.5977,12.97124]},"properties":{}},{"type":"Feature","geometry":{"type":"Point","coordinates":[77.59771,12.97125]},"properties":{}},{"type":"Feature","geometry":{"type":"Point","coordinates":[77.63717,13.02282]},"properties":{}},{"type":"Feature","geometry":{"type":"Point","coordinates":[77.61232,12.9345]},"properties":{"surveyed":"2021-12-05","operator":"BTP"}},{"type":"Feature","geometry":{"type":"Point","coordinates":[77.61233,12.9345]},"properties":{"surveyed":"2021-12-05"}},{"type":"Feature","geometry":{"type":"Point","coordinates":[77.6124,12.93441]},"properties":{"surveyed":"2021-12-05","operator":"BTP"}},{"type":"Feature","geometry":{"type":"Point","coordinates":[77.61235,12.93451]},"properties":{"surveyed":"2021-12-05","operator":"BTP"}},{"type":"Feature","geometry":{"type":"Point","coordinates":[77.59943,12.97649]},"properties":{}},{"type":"Feature","geometry":{"type":"Point","coordinates":[77.70665,13.19881]},"properties":{}},{"type":"Feature","geometry":{"type":"Point","coordinates":[77.70754,13.19897]},"properties":{}},{"type":"Feature","geometry":{"type":"Point","coordinates":[77.70835,13.19993]},"properties":{}},{"type":"Feature","geometry":{"type":"Point","coordinates":[77.70771,13.20007]},"properties":{}},{"type":"Feature","geometry":{"type":"Point","coordinates":[77.70659,13.19885]},"properties":{}},{"type":"Feature","geometry":{"type":"Point","coordinates":[77.65646,12.89384]},"properties":{}},{"type":"Feature","geometry":{"type":"Point","coordinates":[77.65707,12.8941]},"properties":{"surveyed":"2021-12-01"}},{"type":"Feature","geometry":{"type":"Point","coordinates":[77.66024,12.85076]},"properties":{}},{"type":"Feature","geometry":{"type":"Point","coordinates":[77.65338,12.86975]},"properties":{}},{"type":"Feature","geometry":{"type":"Point","coordinates":[77.65339,12.86994]},"properties":{}},{"type":"Feature","geometry":{"type":"Point","coordinates":[77.66404,12.85566]},"properties":{}},{"type":"Feature","geometry":{"type":"Point","coordinates":[77.66058,12.85077]},"properties":{}},{"type":"Feature","geometry":{"type":"Point","coordinates":[77.66231,12.85041]},"properties":{}},{"type":"Feature","geometry":{"type":"Point","coordinates":[77.66265,12.85033]},"properties":{}},{"type":"Feature","geometry":{"type":"Point","coordinates":[77.62879,12.90705]},"properties":{}},{"type":"Feature","geometry":{"type":"Point","coordinates":[77.6399,12.8892]},"properties":{}},{"type":"Feature","geometry":{"type":"Point","coordinates":[77.62766,12.90919]},"properties":{}},{"type":"Feature","geometry":{"type":"Point","coordinates":[77.5997,12.91477]},"properties":{}},{"type":"Feature","geometry":{"type":"Point","coordinates":[77.65693,12.8884]},"properties":{}},{"type":"Feature","geometry":{"type":"Point","coordinates":[77.66054,12.85078]},"properties":{}},{"type":"Feature","geometry":{"type":"Point","coordinates":[77.66255,12.85427]},"properties":{}},{"type":"Feature","geometry":{"type":"Point","coordinates":[77.66257,12.85427]},"properties":{}},{"type":"Feature","geometry":{"type":"Point","coordinates":[77.6624,12.85422]},"properties":{}},{"type":"Feature","geometry":{"type":"Point","coordinates":[77.66242,12.85423]},"properties":{}},{"type":"Feature","geometry":{"type":"Point","coordinates":[77.66402,12.85566]},"properties":{}},{"type":"Feature","geometry":{"type":"Point","coordinates":[77.66845,12.91787]},"properties":{}},{"type":"Feature","geometry":{"type":"Point","coordinates":[77.65097,12.89579]},"properties":{}},{"type":"Feature","geometry":{"type":"Point","coordinates":[77.65176,12.92409]},"properties":{"surveyed":"2021-11-27"}},{"type":"Feature","geometry":{"type":"Point","coordinates":[77.66533,12.92066]},"properties":{"surveyed":"2021-11-28"}},{"type":"Feature","geometry":{"type":"Point","coordinates":[77.65125,12.89886]},"properties":{"surveyed":"2021-12-01"}},{"type":"Feature","geometry":{"type":"Point","coordinates":[77.65124,12.89887]},"properties":{"surveyed":"2021-12-01"}},{"type":"Feature","geometry":{"type":"Point","coordinates":[77.65031,12.90011]},"properties":{}},{"type":"Feature","geometry":{"type":"Point","coordinates":[77.65032,12.90021]},"properties":{}},{"type":"Feature","geometry":{"type":"Point","coordinates":[77.65283,12.89468]},"properties":{}},{"type":"Feature","geometry":{"type":"Point","coordinates":[77.6512,12.90575]},"properties":{}},{"type":"Feature","geometry":{"type":"Point","coordinates":[77.65057,12.90375]},"properties":{}},{"type":"Feature","geometry":{"type":"Point","coordinates":[77.65038,12.90372]},"properties":{"surveyed":"2021-12-02"}},{"type":"Feature","geometry":{"type":"Point","coordinates":[77.65039,12.90372]},"properties":{"surveyed":"2021-12-02"}},{"type":"Feature","geometry":{"type":"Point","coordinates":[77.6504,12.90372]},"properties":{"surveyed":"2021-12-02"}},{"type":"Feature","geometry":{"type":"Point","coordinates":[77.65041,12.90373]},"properties":{"surveyed":"2021-12-02"}},{"type":"Feature","geometry":{"type":"Point","coordinates":[77.65502,12.87079]},"properties":{}},{"type":"Feature","geometry":{"type":"Point","coordinates":[77.65337,12.86994]},"properties":{}},{"type":"Feature","geometry":{"type":"Point","coordinates":[77.66025,12.85076]},"properties":{}},{"type":"Feature","geometry":{"type":"Point","coordinates":[77.66022,12.85076]},"properties":{}},{"type":"Feature","geometry":{"type":"Point","coordinates":[77.66266,12.85032]},"properties":{}},{"type":"Feature","geometry":{"type":"Point","coordinates":[77.66267,12.85031]},"properties":{}},{"type":"Feature","geometry":{"type":"Point","coordinates":[77.60703,12.97192]},"properties":{}},{"type":"Feature","geometry":{"type":"Point","coordinates":[77.661,12.85071]},"properties":{}},{"type":"Feature","geometry":{"type":"Point","coordinates":[77.66103,12.85071]},"properties":{}},{"type":"Feature","geometry":{"type":"Point","coordinates":[77.66221,12.85052]},"properties":{}},{"type":"Feature","geometry":{"type":"Point","coordinates":[77.66218,12.85053]},"properties":{}},{"type":"Feature","geometry":{"type":"Point","coordinates":[77.66163,12.85061]},"properties":{}},{"type":"Feature","geometry":{"type":"Point","coordinates":[77.66166,12.85061]},"properties":{}},{"type":"Feature","geometry":{"type":"Point","coordinates":[77.62249,12.93155]},"properties":{}},{"type":"Feature","geometry":{"type":"Point","coordinates":[77.62249,12.93154]},"properties":{}},{"type":"Feature","geometry":{"type":"Point","coordinates":[77.62249,12.93155]},"properties":{}},{"type":"Feature","geometry":{"type":"Point","coordinates":[77.6159,12.98078]},"properties":{}},{"type":"Feature","geometry":{"type":"Point","coordinates":[77.6192,13.00409]},"properties":{}},{"type":"Feature","geometry":{"type":"Point","coordinates":[77.601,13.06822]},"properties":{}},{"type":"Feature","geometry":{"type":"Point","coordinates":[77.59817,13.05676]},"properties":{}},{"type":"Feature","geometry":{"type":"Point","coordinates":[77.60268,13.06496]},"properties":{}},{"type":"Feature","geometry":{"type":"Point","coordinates":[77.59995,13.06644]},"properties":{}},{"type":"Feature","geometry":{"type":"Point","coordinates":[77.59612,13.05843]},"properties":{}},{"type":"Feature","geometry":{"type":"Point","coordinates":[77.59966,13.06184]},"properties":{}},{"type":"Feature","geometry":{"type":"Point","coordinates":[77.60082,13.06573]},"properties":{}},{"type":"Feature","geometry":{"type":"Point","coordinates":[77.59804,13.05911]},"properties":{}},{"type":"Feature","geometry":{"type":"Point","coordinates":[77.59727,13.05762]},"properties":{}},{"type":"Feature","geometry":{"type":"Point","coordinates":[77.59889,13.05896]},"properties":{}},{"type":"Feature","geometry":{"type":"Point","coordinates":[77.59862,13.05785]},"properties":{}},{"type":"Feature","geometry":{"type":"Point","coordinates":[77.59682,13.05826]},"properties":{}},{"type":"Feature","geometry":{"type":"Point","coordinates":[77.5962,13.05924]},"properties":{}},{"type":"Feature","geometry":{"type":"Point","coordinates":[77.59971,13.05961]},"properties":{}},{"type":"Feature","geometry":{"type":"Point","coordinates":[77.59766,13.05809]},"properties":{}},{"type":"Feature","geometry":{"type":"Point","coordinates":[77.59838,13.05907]},"properties":{}},{"type":"Feature","geometry":{"type":"Point","coordinates":[77.60037,13.06849]},"properties":{}},{"type":"Feature","geometry":{"type":"Point","coordinates":[77.6002,13.06271]},"properties":{}},{"type":"Feature","geometry":{"type":"Point","coordinates":[77.59973,13.06584]},"properties":{}},{"type":"Feature","geometry":{"type":"Point","coordinates":[77.59779,13.05594]},"properties":{}},{"type":"Feature","geometry":{"type":"Point","coordinates":[77.59637,13.05774]},"properties":{}},{"type":"Feature","geometry":{"type":"Point","coordinates":[77.60173,13.06556]},"properties":{}},{"type":"Feature","geometry":{"type":"Point","coordinates":[77.60007,13.06734]},"properties":{}},{"type":"Feature","geometry":{"type":"Point","coordinates":[77.60151,13.06871]},"properties":{}},{"type":"Feature","geometry":{"type":"Point","coordinates":[77.5996,13.06059]},"properties":{}},{"type":"Feature","geometry":{"type":"Point","coordinates":[77.59839,13.05724]},"properties":{}},{"type":"Feature","geometry":{"type":"Point","coordinates":[77.5976,13.0603]},"properties":{}},{"type":"Feature","geometry":{"type":"Point","coordinates":[77.60165,13.0696]},"properties":{}},{"type":"Feature","geometry":{"type":"Point","coordinates":[77.5967,13.05715]},"properties":{}},{"type":"Feature","geometry":{"type":"Point","coordinates":[77.59949,13.05926]},"properties":{}},{"type":"Feature","geometry":{"type":"Point","coordinates":[77.59649,13.06052]},"properties":{}},{"type":"Feature","geometry":{"type":"Point","coordinates":[77.60327,13.06444]},"properties":{}},{"type":"Feature","geometry":{"type":"Point","coordinates":[77.59739,13.05916]},"properties":{}},{"type":"Feature","geometry":{"type":"Point","coordinates":[77.60196,13.06491]},"properties":{}},{"type":"Feature","geometry":{"type":"Point","coordinates":[77.60078,13.06376]},"properties":{}},{"type":"Feature","geometry":{"type":"Point","coordinates":[77.59969,13.06797]},"properties":{}},{"type":"Feature","geometry":{"type":"Point","coordinates":[77.60001,13.06754]},"properties":{}},{"type":"Feature","geometry":{"type":"Point","coordinates":[77.60151,13.06797]},"properties":{}},{"type":"Feature","geometry":{"type":"Point","coordinates":[77.61462,12.99171]},"properties":{}},{"type":"Feature","geometry":{"type":"Point","coordinates":[77.61452,12.99168]},"properties":{}},{"type":"Feature","geometry":{"type":"Point","coordinates":[77.61471,12.99165]},"properties":{}},{"type":"Feature","geometry":{"type":"Point","coordinates":[77.6457,12.97791]},"properties":{}},{"type":"Feature","geometry":{"type":"Point","coordinates":[77.64571,12.97792]},"properties":{}},{"type":"Feature","geometry":{"type":"Point","coordinates":[77.673,12.88847]},"properties":{}},{"type":"Feature","geometry":{"type":"Point","coordinates":[77.67292,12.88856]},"properties":{}},{"type":"Feature","geometry":{"type":"Point","coordinates":[77.67567,12.84777]},"properties":{}},{"type":"Feature","geometry":{"type":"Point","coordinates":[77.6678,12.89095]},"properties":{}},{"type":"Feature","geometry":{"type":"Point","coordinates":[77.66762,12.89111]},"properties":{}},{"type":"Feature","geometry":{"type":"Point","coordinates":[77.62305,13.00444]},"properties":{}},{"type":"Feature","geometry":{"type":"Point","coordinates":[77.623,13.00443]},"properties":{}},{"type":"Feature","geometry":{"type":"Point","coordinates":[77.70736,13.19963]},"properties":{}},{"type":"Feature","geometry":{"type":"Point","coordinates":[77.62278,13.00458]},"properties":{}},{"type":"Feature","geometry":{"type":"Point","coordinates":[77.62287,13.00453]},"properties":{}},{"type":"Feature","geometry":{"type":"Point","coordinates":[77.62289,12.98165]},"properties":{}},{"type":"Feature","geometry":{"type":"Point","coordinates":[77.62001,12.97473]},"properties":{"surveyed":"2022-09-25"}},{"type":"Feature","geometry":{"type":"Point","coordinates":[77.62011,12.97308]},"properties":{}},{"type":"Feature","geometry":{"type":"Point","coordinates":[77.59433,12.97881]},"properties":{}},{"type":"Feature","geometry":{"type":"Point","coordinates":[77.61511,12.97334]},"properties":{}},{"type":"Feature","geometry":{"type":"Point","coordinates":[77.59402,12.97552]},"properties":{}},{"type":"Feature","geometry":{"type":"Point","coordinates":[77.59461,12.97621]},"properties":{}},{"type":"Feature","geometry":{"type":"Point","coordinates":[77.62249,12.93153]},"properties":{}},{"type":"Feature","geometry":{"type":"Point","coordinates":[77.64465,12.91214]},"properties":{"surveyed":"2021-11-30"}},{"type":"Feature","geometry":{"type":"Point","coordinates":[77.64465,12.91211]},"properties":{"surveyed":"2021-11-30"}},{"type":"Feature","geometry":{"type":"Point","coordinates":[77.64462,12.91211]},"properties":{"surveyed":"2021-11-28"}},{"type":"Feature","geometry":{"type":"Point","coordinates":[77.64462,12.91214]},"properties":{"surveyed":"2021-11-30"}},{"type":"Feature","geometry":{"type":"Point","coordinates":[77.63812,12.91217]},"properties":{}},{"type":"Feature","geometry":{"type":"Point","coordinates":[77.63812,12.91216]},"properties":{}},{"type":"Feature","geometry":{"type":"Point","coordinates":[77.63815,12.91219]},"properties":{}},{"type":"Feature","geometry":{"type":"Point","coordinates":[77.59649,12.97685]},"properties":{}},{"type":"Feature","geometry":{"type":"Point","coordinates":[77.59586,12.98318]},"properties":{}},{"type":"Feature","geometry":{"type":"Point","coordinates":[77.59574,12.97692]},"properties":{}},{"type":"Feature","geometry":{"type":"Point","coordinates":[77.59848,12.97683]},"properties":{}},{"type":"Feature","geometry":{"type":"Point","coordinates":[77.59845,12.97683]},"properties":{}},{"type":"Feature","geometry":{"type":"Point","coordinates":[77.6176,12.96528]},"properties":{}},{"type":"Feature","geometry":{"type":"Point","coordinates":[77.59691,12.92059]},"properties":{}},{"type":"Feature","geometry":{"type":"Point","coordinates":[77.58039,12.92097]},"properties":{}},{"type":"Feature","geometry":{"type":"Point","coordinates":[77.60787,12.97504]},"properties":{}},{"type":"Feature","geometry":{"type":"Point","coordinates":[77.58168,12.92864]},"properties":{}},{"type":"Feature","geometry":{"type":"Point","coordinates":[77.59693,12.9206]},"properties":{}},{"type":"Feature","geometry":{"type":"Point","coordinates":[77.58033,12.92347]},"properties":{}},{"type":"Feature","geometry":{"type":"Point","coordinates":[77.59691,12.92061]},"properties":{}},{"type":"Feature","geometry":{"type":"Point","coordinates":[77.58123,12.92826]},"properties":{}},{"type":"Feature","geometry":{"type":"Point","coordinates":[77.66002,12.94598]},"properties":{}},{"type":"Feature","geometry":{"type":"Point","coordinates":[77.62484,12.93061]},"properties":{}},{"type":"Feature","geometry":{"type":"Point","coordinates":[77.64496,12.87295]},"properties":{}},{"type":"Feature","geometry":{"type":"Point","coordinates":[77.64511,12.87198]},"properties":{}},{"type":"Feature","geometry":{"type":"Point","coordinates":[77.62484,12.93061]},"properties":{}},{"type":"Feature","geometry":{"type":"Point","coordinates":[77.64511,12.87194]},"properties":{}},{"type":"Feature","geometry":{"type":"Point","coordinates":[77.64506,12.87237]},"properties":{}},{"type":"Feature","geometry":{"type":"Point","coordinates":[77.64397,12.87386]},"properties":{}},{"type":"Feature","geometry":{"type":"Point","coordinates":[77.64277,12.87379]},"properties":{}},{"type":"Feature","geometry":{"type":"Point","coordinates":[77.64057,12.87438]},"properties":{}},{"type":"Feature","geometry":{"type":"Point","coordinates":[77.64015,12.87469]},"properties":{}},{"type":"Feature","geometry":{"type":"Point","coordinates":[77.64051,12.87438]},"properties":{}},{"type":"Feature","geometry":{"type":"Point","coordinates":[77.6449,12.87362]},"properties":{}},{"type":"Feature","geometry":{"type":"Point","coordinates":[77.64526,12.87115]},"properties":{}},{"type":"Feature","geometry":{"type":"Point","coordinates":[77.6453,12.87123]},"properties":{}},{"type":"Feature","geometry":{"type":"Point","coordinates":[77.64525,12.87114]},"properties":{}},{"type":"Feature","geometry":{"type":"Point","coordinates":[77.64519,12.87161]},"properties":{}},{"type":"Feature","geometry":{"type":"Point","coordinates":[77.64519,12.8716]},"properties":{}},{"type":"Feature","geometry":{"type":"Point","coordinates":[77.64506,12.87355]},"properties":{}},{"type":"Feature","geometry":{"type":"Point","coordinates":[77.64148,12.87426]},"properties":{}},{"type":"Feature","geometry":{"type":"Point","coordinates":[77.64224,12.87403]},"properties":{}},{"type":"Feature","geometry":{"type":"Point","coordinates":[77.64273,12.87381]},"properties":{}},{"type":"Feature","geometry":{"type":"Point","coordinates":[77.64301,12.87376]},"properties":{}},{"type":"Feature","geometry":{"type":"Point","coordinates":[77.6398,12.87506]},"properties":{}},{"type":"Feature","geometry":{"type":"Point","coordinates":[77.63961,12.87637]},"properties":{}},{"type":"Feature","geometry":{"type":"Point","coordinates":[77.63957,12.87583]},"properties":{}},{"type":"Feature","geometry":{"type":"Point","coordinates":[77.63944,12.87621]},"properties":{}},{"type":"Feature","geometry":{"type":"Point","coordinates":[77.6413,12.89125]},"properties":{}},{"type":"Feature","geometry":{"type":"Point","coordinates":[77.59281,12.97503]},"properties":{}},{"type":"Feature","geometry":{"type":"Point","coordinates":[77.59282,12.97504]},"properties":{}},{"type":"Feature","geometry":{"type":"Point","coordinates":[77.59976,12.97302]},"properties":{}},{"type":"Feature","geometry":{"type":"Point","coordinates":[77.61796,12.96531]},"properties":{"surveyed":"2022-08-11"}},{"type":"Feature","geometry":{"type":"Point","coordinates":[77.61496,12.92941]},"properties":{"surveyed":"2021-12-04"}},{"type":"Feature","geometry":{"type":"Point","coordinates":[77.60254,12.97557]},"properties":{}},{"type":"Feature","geometry":{"type":"Point","coordinates":[77.60253,12.97557]},"properties":{}},{"type":"Feature","geometry":{"type":"Point","coordinates":[77.58773,12.98392]},"properties":{}},{"type":"Feature","geometry":{"type":"Point","coordinates":[77.5885,12.99046]},"properties":{}},{"type":"Feature","geometry":{"type":"Point","coordinates":[77.58654,12.98165]},"properties":{}},{"type":"Feature","geometry":{"type":"Point","coordinates":[77.5877,12.98393]},"properties":{}},{"type":"Feature","geometry":{"type":"Point","coordinates":[77.63669,12.97831]},"properties":{}},{"type":"Feature","geometry":{"type":"Point","coordinates":[77.6157,12.99437]},"properties":{}},{"type":"Feature","geometry":{"type":"Point","coordinates":[77.61572,12.99438]},"properties":{}},{"type":"Feature","geometry":{"type":"Point","coordinates":[77.63748,12.98288]},"properties":{"surveyed":"2022-09-25"}},{"type":"Feature","geometry":{"type":"Point","coordinates":[77.57847,12.95443]},"properties":{}},{"type":"Feature","geometry":{"type":"Point","coordinates":[77.52748,12.94483]},"properties":{}},{"type":"Feature","geometry":{"type":"Point","coordinates":[77.61792,12.99432]},"properties":{}},{"type":"Feature","geometry":{"type":"Point","coordinates":[77.63133,13.01729]},"properties":{}},{"type":"Feature","geometry":{"type":"Point","coordinates":[77.63132,13.01729]},"properties":{}},{"type":"Feature","geometry":{"type":"Point","coordinates":[77.63133,13.0173]},"properties":{}},{"type":"Feature","geometry":{"type":"Point","coordinates":[77.59416,12.9776]},"properties":{}},{"type":"Feature","geometry":{"type":"Point","coordinates":[77.59742,12.97362]},"properties":{}},{"type":"Feature","geometry":{"type":"Point","coordinates":[77.5974,12.97363]},"properties":{}},{"type":"Feature","geometry":{"type":"Point","coordinates":[77.61848,13.00409]},"properties":{"operator":"Apartment"}},{"type":"Feature","geometry":{"type":"Point","coordinates":[77.71066,13.19964]},"properties":{}},{"type":"Feature","geometry":{"type":"Point","coordinates":[77.71058,13.19964]},"properties":{}},{"type":"Feature","geometry":{"type":"Point","coordinates":[77.71163,13.1996]},"properties":{}},{"type":"Feature","geometry":{"type":"Point","coordinates":[77.71163,13.1996]},"properties":{}},{"type":"Feature","geometry":{"type":"Point","coordinates":[77.71049,13.19958]},"properties":{}},{"type":"Feature","geometry":{"type":"Point","coordinates":[77.62082,12.97481]},"properties":{}},{"type":"Feature","geometry":{"type":"Point","coordinates":[77.64081,12.97834]},"properties":{}},{"type":"Feature","geometry":{"type":"Point","coordinates":[77.63271,12.93863]},"properties":{}},{"type":"Feature","geometry":{"type":"Point","coordinates":[77.63252,12.9386]},"properties":{}},{"type":"Feature","geometry":{"type":"Point","coordinates":[77.63251,12.9386]},"properties":{}},{"type":"Feature","geometry":{"type":"Point","coordinates":[77.63251,12.93859]},"properties":{}},{"type":"Feature","geometry":{"type":"Point","coordinates":[77.62348,13.00195]},"properties":{}},{"type":"Feature","geometry":{"type":"Point","coordinates":[77.58516,12.95409]},"properties":{}},{"type":"Feature","geometry":{"type":"Point","coordinates":[77.5769,12.94822]},"properties":{}},{"type":"Feature","geometry":{"type":"Point","coordinates":[77.62287,13.00234]},"properties":{"surveyed":"2022-05-15"}},{"type":"Feature","geometry":{"type":"Point","coordinates":[77.61961,12.99096]},"properties":{}},{"type":"Feature","geometry":{"type":"Point","coordinates":[77.57708,12.95277]},"properties":{}},{"type":"Feature","geometry":{"type":"Point","coordinates":[77.61528,12.93587]},"properties":{}},{"type":"Feature","geometry":{"type":"Point","coordinates":[77.61525,12.93591]},"properties":{}},{"type":"Feature","geometry":{"type":"Point","coordinates":[77.61527,12.9359]},"properties":{}},{"type":"Feature","geometry":{"type":"Point","coordinates":[77.61528,12.9359]},"properties":{}},{"type":"Feature","geometry":{"type":"Point","coordinates":[77.6153,12.93588]},"properties":{}},{"type":"Feature","geometry":{"type":"Point","coordinates":[77.6289,12.92429]},"properties":{}},{"type":"Feature","geometry":{"type":"Point","coordinates":[77.6718,12.84626]},"properties":{}},{"type":"Feature","geometry":{"type":"Point","coordinates":[77.67176,12.84624]},"properties":{}},{"type":"Feature","geometry":{"type":"Point","coordinates":[77.6717,12.8462]},"properties":{}},{"type":"Feature","geometry":{"type":"Point","coordinates":[77.67167,12.84617]},"properties":{}},{"type":"Feature","geometry":{"type":"Point","coordinates":[77.67399,12.84722]},"properties":{}},{"type":"Feature","geometry":{"type":"Point","coordinates":[77.67402,12.84717]},"properties":{}},{"type":"Feature","geometry":{"type":"Point","coordinates":[77.67404,12.84712]},"properties":{}},{"type":"Feature","geometry":{"type":"Point","coordinates":[77.67424,12.84728]},"properties":{}},{"type":"Feature","geometry":{"type":"Point","coordinates":[77.67424,12.84727]},"properties":{}},{"type":"Feature","geometry":{"type":"Point","coordinates":[77.67431,12.84732]},"properties":{}},{"type":"Feature","geometry":{"type":"Point","coordinates":[77.67138,12.84652]},"properties":{}},{"type":"Feature","geometry":{"type":"Point","coordinates":[77.67136,12.84652]},"properties":{}},{"type":"Feature","geometry":{"type":"Point","coordinates":[77.52656,12.9433]},"properties":{}},{"type":"Feature","geometry":{"type":"Point","coordinates":[77.60309,12.9762]},"properties":{}},{"type":"Feature","geometry":{"type":"Point","coordinates":[77.60602,12.97575]},"properties":{}},{"type":"Feature","geometry":{"type":"Point","coordinates":[77.60628,12.97573]},"properties":{}},{"type":"Feature","geometry":{"type":"Point","coordinates":[77.60619,12.97579]},"properties":{}},{"type":"Feature","geometry":{"type":"Point","coordinates":[77.6077,12.97432]},"properties":{}},{"type":"Feature","geometry":{"type":"Point","coordinates":[77.6072,12.97541]},"properties":{}},{"type":"Feature","geometry":{"type":"Point","coordinates":[77.61118,12.97449]},"properties":{}},{"type":"Feature","geometry":{"type":"Point","coordinates":[77.60719,12.97541]},"properties":{}},{"type":"Feature","geometry":{"type":"Point","coordinates":[77.61889,12.96246]},"properties":{}},{"type":"Feature","geometry":{"type":"Point","coordinates":[77.60598,12.97551]},"properties":{}},{"type":"Feature","geometry":{"type":"Point","coordinates":[77.60555,12.97586]},"properties":{}},{"type":"Feature","geometry":{"type":"Point","coordinates":[77.60557,12.97585]},"properties":{}},{"type":"Feature","geometry":{"type":"Point","coordinates":[77.61752,12.97288]},"properties":{}},{"type":"Feature","geometry":{"type":"Point","coordinates":[77.70687,13.19955]},"properties":{}},{"type":"Feature","geometry":{"type":"Point","coordinates":[77.70674,13.19937]},"properties":{}},{"type":"Feature","geometry":{"type":"Point","coordinates":[77.67418,13.19816]},"properties":{}},{"type":"Feature","geometry":{"type":"Point","coordinates":[77.70764,13.20031]},"properties":{}},{"type":"Feature","geometry":{"type":"Point","coordinates":[77.70567,13.19877]},"properties":{}},{"type":"Feature","geometry":{"type":"Point","coordinates":[77.70772,13.19952]},"properties":{}},{"type":"Feature","geometry":{"type":"Point","coordinates":[77.5902,13.04272]},"properties":{}},{"type":"Feature","geometry":{"type":"Point","coordinates":[77.68023,13.19867]},"properties":{}},{"type":"Feature","geometry":{"type":"Point","coordinates":[77.67417,13.19811]},"properties":{}},{"type":"Feature","geometry":{"type":"Point","coordinates":[77.64986,13.1936]},"properties":{}},{"type":"Feature","geometry":{"type":"Point","coordinates":[77.62272,13.15662]},"properties":{}},{"type":"Feature","geometry":{"type":"Point","coordinates":[77.61823,13.03575]},"properties":{}},{"type":"Feature","geometry":{"type":"Point","coordinates":[77.59064,13.04275]},"properties":{"surveyed":"2022-07-23"}},{"type":"Feature","geometry":{"type":"Point","coordinates":[77.64985,13.19359]},"properties":{}},{"type":"Feature","geometry":{"type":"Point","coordinates":[77.64984,13.1936]},"properties":{}},{"type":"Feature","geometry":{"type":"Point","coordinates":[77.63565,12.96658]},"properties":{}},{"type":"Feature","geometry":{"type":"Point","coordinates":[77.6367,12.97827]},"properties":{}},{"type":"Feature","geometry":{"type":"Point","coordinates":[77.63587,12.97163]},"properties":{}},{"type":"Feature","geometry":{"type":"Point","coordinates":[77.62433,12.982]},"properties":{"surveyed":"2022-08-01"}},{"type":"Feature","geometry":{"type":"Point","coordinates":[77.61666,12.99576]},"properties":{"surveyed":"2023-02-27"}},{"type":"Feature","geometry":{"type":"Point","coordinates":[77.63151,12.98163]},"properties":{}},{"type":"Feature","geometry":{"type":"Point","coordinates":[77.61644,13.00233]},"properties":{}},{"type":"Feature","geometry":{"type":"Point","coordinates":[77.62279,12.98755]},"properties":{}},{"type":"Feature","geometry":{"type":"Point","coordinates":[77.64965,13.19394]},"properties":{}},{"type":"Feature","geometry":{"type":"Point","coordinates":[77.59148,13.04599]},"properties":{"operator":"BBMP"}},{"type":"Feature","geometry":{"type":"Point","coordinates":[77.60405,12.9755]},"properties":{}},{"type":"Feature","geometry":{"type":"Point","coordinates":[77.60597,12.97472]},"properties":{"surveyed":"2021-12-05"}},{"type":"Feature","geometry":{"type":"Point","coordinates":[77.60395,12.97535]},"properties":{}},{"type":"Feature","geometry":{"type":"Point","coordinates":[77.60477,12.97513]},"properties":{}},{"type":"Feature","geometry":{"type":"Point","coordinates":[77.6016,12.97585]},"properties":{}},{"type":"Feature","geometry":{"type":"Point","coordinates":[77.60537,12.97478]},"properties":{}},{"type":"Feature","geometry":{"type":"Point","coordinates":[77.60518,12.97529]},"properties":{}},{"type":"Feature","geometry":{"type":"Point","coordinates":[77.63302,12.92985]},"properties":{}},{"type":"Feature","geometry":{"type":"Point","coordinates":[77.62693,12.93716]},"properties":{}},{"type":"Feature","geometry":{"type":"Point","coordinates":[77.62954,12.93444]},"properties":{}},{"type":"Feature","geometry":{"type":"Point","coordinates":[77.62952,12.93445]},"properties":{}},{"type":"Feature","geometry":{"type":"Point","coordinates":[77.62954,12.93444]},"properties":{}},{"type":"Feature","geometry":{"type":"Point","coordinates":[77.62954,12.93443]},"properties":{}},{"type":"Feature","geometry":{"type":"Point","coordinates":[77.63251,12.93858]},"properties":{}},{"type":"Feature","geometry":{"type":"Point","coordinates":[77.62014,12.95239]},"properties":{}},{"type":"Feature","geometry":{"type":"Point","coordinates":[77.57999,12.93668]},"properties":{}},{"type":"Feature","geometry":{"type":"Point","coordinates":[77.61999,12.97471]},"properties":{"surveyed":"2022-09-25"}},{"type":"Feature","geometry":{"type":"Point","coordinates":[77.62028,12.97555]},"properties":{}},{"type":"Feature","geometry":{"type":"Point","coordinates":[77.60612,12.96833]},"properties":{"surveyed":"2021-12-05"}},{"type":"Feature","geometry":{"type":"Point","coordinates":[77.6071,12.97925]},"properties":{}},{"type":"Feature","geometry":{"type":"Point","coordinates":[77.61103,12.98366]},"properties":{}},{"type":"Feature","geometry":{"type":"Point","coordinates":[77.61233,12.99296]},"properties":{}},{"type":"Feature","geometry":{"type":"Point","coordinates":[77.60256,12.97568]},"properties":{}},{"type":"Feature","geometry":{"type":"Point","coordinates":[77.61392,12.99065]},"properties":{}},{"type":"Feature","geometry":{"type":"Point","coordinates":[77.61027,12.98151]},"properties":{}},{"type":"Feature","geometry":{"type":"Point","coordinates":[77.60174,12.97666]},"properties":{}},{"type":"Feature","geometry":{"type":"Point","coordinates":[77.60705,12.97929]},"properties":{}},{"type":"Feature","geometry":{"type":"Point","coordinates":[77.60475,12.97084]},"properties":{"surveyed":"2021-12-05"}},{"type":"Feature","geometry":{"type":"Point","coordinates":[77.61027,12.98151]},"properties":{}},{"type":"Feature","geometry":{"type":"Point","coordinates":[77.61608,13.00064]},"properties":{}},{"type":"Feature","geometry":{"type":"Point","coordinates":[77.60489,12.97353]},"properties":{}},{"type":"Feature","geometry":{"type":"Point","coordinates":[77.6479,12.98672]},"properties":{"surveyed":"2022-09-03"}},{"type":"Feature","geometry":{"type":"Point","coordinates":[77.63003,13.00137]},"properties":{}},{"type":"Feature","geometry":{"type":"Point","coordinates":[77.63264,13.00182]},"properties":{"surveyed":"2022-09-04"}},{"type":"Feature","geometry":{"type":"Point","coordinates":[77.63,13.00136]},"properties":{}},{"type":"Feature","geometry":{"type":"Point","coordinates":[77.62499,12.9821]},"properties":{"surveyed":"2022-09-12"}},{"type":"Feature","geometry":{"type":"Point","coordinates":[77.64503,12.98577]},"properties":{}},{"type":"Feature","geometry":{"type":"Point","coordinates":[77.62397,13.00218]},"properties":{}},{"type":"Feature","geometry":{"type":"Point","coordinates":[77.62498,12.9821]},"properties":{"surveyed":"2022-08-01"}},{"type":"Feature","geometry":{"type":"Point","coordinates":[77.66315,13.0037]},"properties":{}},{"type":"Feature","geometry":{"type":"Point","coordinates":[77.62145,13.00311]},"properties":{}},{"type":"Feature","geometry":{"type":"Point","coordinates":[77.62147,13.0031]},"properties":{}},{"type":"Feature","geometry":{"type":"Point","coordinates":[77.61477,12.97638]},"properties":{"surveyed":"2022-08-01"}},{"type":"Feature","geometry":{"type":"Point","coordinates":[77.63718,13.0228]},"properties":{}},{"type":"Feature","geometry":{"type":"Point","coordinates":[77.62818,13.01491]},"properties":{}},{"type":"Feature","geometry":{"type":"Point","coordinates":[77.6139,12.96656]},"properties":{}},{"type":"Feature","geometry":{"type":"Point","coordinates":[77.62856,13.01475]},"properties":{}},{"type":"Feature","geometry":{"type":"Point","coordinates":[77.59069,13.01002]},"properties":{}},{"type":"Feature","geometry":{"type":"Point","coordinates":[77.59313,13.00568]},"properties":{}},{"type":"Feature","geometry":{"type":"Point","coordinates":[77.63268,13.01492]},"properties":{}},{"type":"Feature","geometry":{"type":"Point","coordinates":[77.63268,13.01491]},"properties":{}},{"type":"Feature","geometry":{"type":"Point","coordinates":[77.63268,13.01492]},"properties":{}},{"type":"Feature","geometry":{"type":"Point","coordinates":[77.5722,13.02221]},"properties":{}},{"type":"Feature","geometry":{"type":"Point","coordinates":[77.60998,13.00093]},"properties":{}},{"type":"Feature","geometry":{"type":"Point","coordinates":[77.57121,13.02845]},"properties":{}},{"type":"Feature","geometry":{"type":"Point","coordinates":[77.56601,13.03701]},"properties":{}},{"type":"Feature","geometry":{"type":"Point","coordinates":[77.5656,13.014]},"properties":{}},{"type":"Feature","geometry":{"type":"Point","coordinates":[77.56911,13.01204]},"properties":{}},{"type":"Feature","geometry":{"type":"Point","coordinates":[77.62321,13.00167]},"properties":{}},{"type":"Feature","geometry":{"type":"Point","coordinates":[77.62115,13.00357]},"properties":{}},{"type":"Feature","geometry":{"type":"Point","coordinates":[77.62325,13.00166]},"properties":{}},{"type":"Feature","geometry":{"type":"Point","coordinates":[77.60531,12.95278]},"properties":{"surveyed":"2021-12-05"}},{"type":"Feature","geometry":{"type":"Point","coordinates":[77.6093,12.97472]},"properties":{}},{"type":"Feature","geometry":{"type":"Point","coordinates":[77.6164,12.98055]},"properties":{}},{"type":"Feature","geometry":{"type":"Point","coordinates":[77.60668,12.96447]},"properties":{}},{"type":"Feature","geometry":{"type":"Point","coordinates":[77.6285,12.90772]},"properties":{}},{"type":"Feature","geometry":{"type":"Point","coordinates":[77.62034,12.92113]},"properties":{"surveyed":"2021-11-27"}},{"type":"Feature","geometry":{"type":"Point","coordinates":[77.60669,12.96623]},"properties":{"surveyed":"2021-12-05"}},{"type":"Feature","geometry":{"type":"Point","coordinates":[77.61447,12.9753]},"properties":{"surveyed":"2022-08-01"}},{"type":"Feature","geometry":{"type":"Point","coordinates":[77.60877,12.94127]},"properties":{"surveyed":"2022-08-06"}},{"type":"Feature","geometry":{"type":"Point","coordinates":[77.60594,12.95811]},"properties":{}},{"type":"Feature","geometry":{"type":"Point","coordinates":[77.67707,12.84014]},"properties":{}},{"type":"Feature","geometry":{"type":"Point","coordinates":[77.65338,12.86991]},"properties":{}},{"type":"Feature","geometry":{"type":"Point","coordinates":[77.60226,12.9792]},"properties":{}},{"type":"Feature","geometry":{"type":"Point","coordinates":[77.60533,12.95485]},"properties":{"surveyed":"2021-12-05"}},{"type":"Feature","geometry":{"type":"Point","coordinates":[77.60763,12.94404]},"properties":{"surveyed":"2021-12-05","operator":"BTP"}},{"type":"Feature","geometry":{"type":"Point","coordinates":[77.60764,12.94405]},"properties":{"surveyed":"2021-12-05"}},{"type":"Feature","geometry":{"type":"Point","coordinates":[77.60765,12.94405]},"properties":{"surveyed":"2021-12-05"}},{"type":"Feature","geometry":{"type":"Point","coordinates":[77.52826,12.94571]},"properties":{}},{"type":"Feature","geometry":{"type":"Point","coordinates":[77.52749,12.94482]},"properties":{}},{"type":"Feature","geometry":{"type":"Point","coordinates":[77.51843,12.93649]},"properties":{}},{"type":"Feature","geometry":{"type":"Point","coordinates":[77.52575,12.9424]},"properties":{}},{"type":"Feature","geometry":{"type":"Point","coordinates":[77.51292,12.93541]},"properties":{}},{"type":"Feature","geometry":{"type":"Point","coordinates":[77.6282,13.01485]},"properties":{}},{"type":"Feature","geometry":{"type":"Point","coordinates":[77.61192,13.00108]},"properties":{}},{"type":"Feature","geometry":{"type":"Point","coordinates":[77.62821,13.01484]},"properties":{}},{"type":"Feature","geometry":{"type":"Point","coordinates":[77.62081,13.00514]},"properties":{}},{"type":"Feature","geometry":{"type":"Point","coordinates":[77.52788,12.94532]},"properties":{}},{"type":"Feature","geometry":{"type":"Point","coordinates":[77.52644,12.94391]},"properties":{}},{"type":"Feature","geometry":{"type":"Point","coordinates":[77.52645,12.94391]},"properties":{}},{"type":"Feature","geometry":{"type":"Point","coordinates":[77.52604,12.94334]},"properties":{}},{"type":"Feature","geometry":{"type":"Point","coordinates":[77.55004,12.99773]},"properties":{}},{"type":"Feature","geometry":{"type":"Point","coordinates":[77.55014,12.99755]},"properties":{}},{"type":"Feature","geometry":{"type":"Point","coordinates":[77.55376,13.00473]},"properties":{}},{"type":"Feature","geometry":{"type":"Point","coordinates":[77.55377,13.00474]},"properties":{}},{"type":"Feature","geometry":{"type":"Point","coordinates":[77.55389,13.00438]},"properties":{"surveyed":"2022-07-28"}},{"type":"Feature","geometry":{"type":"Point","coordinates":[77.55109,12.99788]},"properties":{}},{"type":"Feature","geometry":{"type":"Point","coordinates":[77.55103,12.99769]},"properties":{}},{"type":"Feature","geometry":{"type":"Point","coordinates":[77.59177,12.98328]},"properties":{}},{"type":"Feature","geometry":{"type":"Point","coordinates":[77.59212,12.97056]},"properties":{}},{"type":"Feature","geometry":{"type":"Point","coordinates":[77.58883,12.99483]},"properties":{}},{"type":"Feature","geometry":{"type":"Point","coordinates":[77.60985,12.96504]},"properties":{}},{"type":"Feature","geometry":{"type":"Point","coordinates":[77.61251,12.93445]},"properties":{}},{"type":"Feature","geometry":{"type":"Point","coordinates":[77.59112,12.97261]},"properties":{}},{"type":"Feature","geometry":{"type":"Point","coordinates":[77.59209,12.97053]},"properties":{}},{"type":"Feature","geometry":{"type":"Point","coordinates":[77.6125,12.93446]},"properties":{}},{"type":"Feature","geometry":{"type":"Point","coordinates":[77.59285,12.97484]},"properties":{}},{"type":"Feature","geometry":{"type":"Point","coordinates":[77.59244,12.9719]},"properties":{}},{"type":"Feature","geometry":{"type":"Point","coordinates":[77.6125,12.93445]},"properties":{"operator":"BTP"}},{"type":"Feature","geometry":{"type":"Point","coordinates":[77.59078,12.98374]},"properties":{}},{"type":"Feature","geometry":{"type":"Point","coordinates":[77.59223,12.98324]},"properties":{"surveyed":"2022-08-01"}},{"type":"Feature","geometry":{"type":"Point","coordinates":[77.59394,12.98209]},"properties":{}},{"type":"Feature","geometry":{"type":"Point","coordinates":[77.59292,12.97289]},"properties":{}},{"type":"Feature","geometry":{"type":"Point","coordinates":[77.59064,12.97013]},"properties":{}},{"type":"Feature","geometry":{"type":"Point","coordinates":[77.59676,12.97114]},"properties":{}},{"type":"Feature","geometry":{"type":"Point","coordinates":[77.59681,12.97114]},"properties":{}},{"type":"Feature","geometry":{"type":"Point","coordinates":[77.59682,12.97113]},"properties":{}},{"type":"Feature","geometry":{"type":"Point","coordinates":[77.59675,12.97114]},"properties":{}},{"type":"Feature","geometry":{"type":"Point","coordinates":[77.59675,12.97115]},"properties":{}},{"type":"Feature","geometry":{"type":"Point","coordinates":[77.59682,12.97114]},"properties":{}},{"type":"Feature","geometry":{"type":"Point","coordinates":[77.54926,13.01008]},"properties":{}},{"type":"Feature","geometry":{"type":"Point","coordinates":[77.54859,13.00792]},"properties":{}},{"type":"Feature","geometry":{"type":"Point","coordinates":[77.54857,13.00778]},"properties":{}},{"type":"Feature","geometry":{"type":"Point","coordinates":[77.64794,12.98104]},"properties":{}},{"type":"Feature","geometry":{"type":"Point","coordinates":[77.63612,12.97556]},"properties":{}},{"type":"Feature","geometry":{"type":"Point","coordinates":[77.57196,12.94583]},"properties":{}},{"type":"Feature","geometry":{"type":"Point","coordinates":[77.57199,12.94582]},"properties":{}},{"type":"Feature","geometry":{"type":"Point","coordinates":[77.57198,12.94582]},"properties":{}},{"type":"Feature","geometry":{"type":"Point","coordinates":[77.59236,13.00747]},"properties":{}},{"type":"Feature","geometry":{"type":"Point","coordinates":[77.60845,12.99548]},"properties":{}},{"type":"Feature","geometry":{"type":"Point","coordinates":[77.53847,12.9732]},"properties":{}},{"type":"Feature","geometry":{"type":"Point","coordinates":[77.6849,12.99425]},"properties":{"surveyed":"2022-12-18"}},{"type":"Feature","geometry":{"type":"Point","coordinates":[77.70201,12.96692]},"properties":{}},{"type":"Feature","geometry":{"type":"Point","coordinates":[77.69585,12.92076]},"properties":{}},{"type":"Feature","geometry":{"type":"Point","coordinates":[77.66924,12.99672]},"properties":{}},{"type":"Feature","geometry":{"type":"Point","coordinates":[77.69241,12.98387]},"properties":{}},{"type":"Feature","geometry":{"type":"Point","coordinates":[77.58746,12.96782]},"properties":{}},{"type":"Feature","geometry":{"type":"Point","coordinates":[77.61441,12.97505]},"properties":{}},{"type":"Feature","geometry":{"type":"Point","coordinates":[77.61439,12.97502]},"properties":{}},{"type":"Feature","geometry":{"type":"Point","coordinates":[77.60113,13.04629]},"properties":{}},{"type":"Feature","geometry":{"type":"Point","coordinates":[77.58672,12.96551]},"properties":{"surveyed":"2023-01-27"}},{"type":"Feature","geometry":{"type":"Point","coordinates":[77.60113,13.04626]},"properties":{}},{"type":"Feature","geometry":{"type":"Point","coordinates":[77.69598,12.92061]},"properties":{}},{"type":"Feature","geometry":{"type":"Point","coordinates":[77.58555,12.96381]},"properties":{}},{"type":"Feature","geometry":{"type":"Point","coordinates":[77.60182,13.04637]},"properties":{}},{"type":"Feature","geometry":{"type":"Point","coordinates":[77.57428,12.94901]},"properties":{}},{"type":"Feature","geometry":{"type":"Point","coordinates":[77.68491,12.99424]},"properties":{}},{"type":"Feature","geometry":{"type":"Point","coordinates":[77.5181,12.93611]},"properties":{}},{"type":"Feature","geometry":{"type":"Point","coordinates":[77.54473,12.97447]},"properties":{}},{"type":"Feature","geometry":{"type":"Point","coordinates":[77.60133,13.04642]},"properties":{}},{"type":"Feature","geometry":{"type":"Point","coordinates":[77.5489,12.98468]},"properties":{}},{"type":"Feature","geometry":{"type":"Point","coordinates":[77.5489,12.98471]},"properties":{}},{"type":"Feature","geometry":{"type":"Point","coordinates":[77.53432,12.95662]},"properties":{}},{"type":"Feature","geometry":{"type":"Point","coordinates":[77.53716,12.95135]},"properties":{}},{"type":"Feature","geometry":{"type":"Point","coordinates":[77.62542,12.92803]},"properties":{}},{"type":"Feature","geometry":{"type":"Point","coordinates":[77.60416,12.99225]},"properties":{}},{"type":"Feature","geometry":{"type":"Point","coordinates":[77.62659,13.04595]},"properties":{}},{"type":"Feature","geometry":{"type":"Point","coordinates":[77.58236,13.0063]},"properties":{}},{"type":"Feature","geometry":{"type":"Point","coordinates":[77.59481,12.98188]},"properties":{}},{"type":"Feature","geometry":{"type":"Point","coordinates":[77.59738,12.99141]},"properties":{}},{"type":"Feature","geometry":{"type":"Point","coordinates":[77.59233,12.9826]},"properties":{}},{"type":"Feature","geometry":{"type":"Point","coordinates":[77.58237,13.00632]},"properties":{}},{"type":"Feature","geometry":{"type":"Point","coordinates":[77.62581,12.92788]},"properties":{}},{"type":"Feature","geometry":{"type":"Point","coordinates":[77.59104,12.97469]},"properties":{}},{"type":"Feature","geometry":{"type":"Point","coordinates":[77.58834,12.96093]},"properties":{}},{"type":"Feature","geometry":{"type":"Point","coordinates":[77.59763,12.97877]},"properties":{}},{"type":"Feature","geometry":{"type":"Point","coordinates":[77.62272,12.93002]},"properties":{}},{"type":"Feature","geometry":{"type":"Point","coordinates":[77.58238,13.00632]},"properties":{}},{"type":"Feature","geometry":{"type":"Point","coordinates":[77.62627,12.92888]},"properties":{}},{"type":"Feature","geometry":{"type":"Point","coordinates":[77.59537,12.97543]},"properties":{}},{"type":"Feature","geometry":{"type":"Point","coordinates":[77.58235,13.00631]},"properties":{}},{"type":"Feature","geometry":{"type":"Point","coordinates":[77.59494,12.97584]},"properties":{}},{"type":"Feature","geometry":{"type":"Point","coordinates":[77.5823,13.00617]},"properties":{}},{"type":"Feature","geometry":{"type":"Point","coordinates":[77.58231,13.00659]},"properties":{}},{"type":"Feature","geometry":{"type":"Point","coordinates":[77.59899,12.97755]},"properties":{}},{"type":"Feature","geometry":{"type":"Point","coordinates":[77.59811,12.99361]},"properties":{}},{"type":"Feature","geometry":{"type":"Point","coordinates":[77.6191,12.98712]},"properties":{}},{"type":"Feature","geometry":{"type":"Point","coordinates":[77.54896,13.00382]},"properties":{}},{"type":"Feature","geometry":{"type":"Point","coordinates":[77.49895,12.92448]},"properties":{}},{"type":"Feature","geometry":{"type":"Point","coordinates":[77.63693,13.02626]},"properties":{"surveyed":"2022-09-17"}},{"type":"Feature","geometry":{"type":"Point","coordinates":[77.64608,13.05302]},"properties":{}},{"type":"Feature","geometry":{"type":"Point","coordinates":[77.64158,12.99462]},"properties":{}},{"type":"Feature","geometry":{"type":"Point","coordinates":[77.55559,13.01558]},"properties":{"surveyed":"2022-12-15"}},{"type":"Feature","geometry":{"type":"Point","coordinates":[77.54876,13.00766]},"properties":{}},{"type":"Feature","geometry":{"type":"Point","coordinates":[77.55209,13.01189]},"properties":{}},{"type":"Feature","geometry":{"type":"Point","coordinates":[77.56519,13.01675]},"properties":{}},{"type":"Feature","geometry":{"type":"Point","coordinates":[77.56518,13.01676]},"properties":{}},{"type":"Feature","geometry":{"type":"Point","coordinates":[77.56305,13.01696]},"properties":{}},{"type":"Feature","geometry":{"type":"Point","coordinates":[77.5621,13.01713]},"properties":{}},{"type":"Feature","geometry":{"type":"Point","coordinates":[77.62149,13.04133]},"properties":{}},{"type":"Feature","geometry":{"type":"Point","coordinates":[77.62149,13.04134]},"properties":{}},{"type":"Feature","geometry":{"type":"Point","coordinates":[77.62607,13.03814]},"properties":{}},{"type":"Feature","geometry":{"type":"Point","coordinates":[77.57096,13.09832]},"properties":{}},{"type":"Feature","geometry":{"type":"Point","coordinates":[77.57096,13.0983]},"properties":{}},{"type":"Feature","geometry":{"type":"Point","coordinates":[77.57098,13.0983]},"properties":{}},{"type":"Feature","geometry":{"type":"Point","coordinates":[77.57855,13.01463]},"properties":{}},{"type":"Feature","geometry":{"type":"Point","coordinates":[77.58374,13.01444]},"properties":{"surveyed":"2022-12-15"}},{"type":"Feature","geometry":{"type":"Point","coordinates":[77.58377,13.0169]},"properties":{"surveyed":"2022-12-15"}},{"type":"Feature","geometry":{"type":"Point","coordinates":[77.58941,13.03639]},"properties":{"surveyed":"2022-12-15"}},{"type":"Feature","geometry":{"type":"Point","coordinates":[77.58945,13.0386]},"properties":{"surveyed":"2022-12-15"}},{"type":"Feature","geometry":{"type":"Point","coordinates":[77.62586,12.93863]},"properties":{}},{"type":"Feature","geometry":{"type":"Point","coordinates":[77.59355,12.97502]},"properties":{}},{"type":"Feature","geometry":{"type":"Point","coordinates":[77.55764,13.03439]},"properties":{}},{"type":"Feature","geometry":{"type":"Point","coordinates":[77.51732,12.93601]},"properties":{}},{"type":"Feature","geometry":{"type":"Point","coordinates":[77.51733,12.93612]},"properties":{}},{"type":"Feature","geometry":{"type":"Point","coordinates":[77.49886,12.9246]},"properties":{}},{"type":"Feature","geometry":{"type":"Point","coordinates":[77.62037,12.94916]},"properties":{}},{"type":"Feature","geometry":{"type":"Point","coordinates":[77.62039,12.94917]},"properties":{}},{"type":"Feature","geometry":{"type":"Point","coordinates":[77.63912,12.87682]},"properties":{}},{"type":"Feature","geometry":{"type":"Point","coordinates":[77.63928,12.87688]},"properties":{}},{"type":"Feature","geometry":{"type":"Point","coordinates":[77.55247,12.99003]},"properties":{}},{"type":"Feature","geometry":{"type":"Point","coordinates":[77.55408,12.98435]},"properties":{}},{"type":"Feature","geometry":{"type":"Point","coordinates":[77.55008,12.98766]},"properties":{}},{"type":"Feature","geometry":{"type":"Point","coordinates":[77.55006,12.98765]},"properties":{}},{"type":"Feature","geometry":{"type":"Point","coordinates":[77.55002,13.00397]},"properties":{}},{"type":"Feature","geometry":{"type":"Point","coordinates":[77.54925,13.00415]},"properties":{}},{"type":"Feature","geometry":{"type":"Point","coordinates":[77.54927,13.00414]},"properties":{}},{"type":"Feature","geometry":{"type":"Point","coordinates":[77.59332,13.05718]},"properties":{}},{"type":"Feature","geometry":{"type":"Point","coordinates":[77.59301,13.0501]},"properties":{}},{"type":"Feature","geometry":{"type":"Point","coordinates":[77.61051,13.12178]},"properties":{}},{"type":"Feature","geometry":{"type":"Point","coordinates":[77.64438,13.18834]},"properties":{}},{"type":"Feature","geometry":{"type":"Point","coordinates":[77.49979,12.92344]},"properties":{}},{"type":"Feature","geometry":{"type":"Point","coordinates":[77.60095,13.04391]},"properties":{}},{"type":"Feature","geometry":{"type":"Point","coordinates":[77.58406,13.01942]},"properties":{}},{"type":"Feature","geometry":{"type":"Point","coordinates":[77.58405,13.01943]},"properties":{}},{"type":"Feature","geometry":{"type":"Point","coordinates":[77.58424,13.02091]},"properties":{}},{"type":"Feature","geometry":{"type":"Point","coordinates":[77.58381,13.02059]},"properties":{}},{"type":"Feature","geometry":{"type":"Point","coordinates":[77.58471,13.02321]},"properties":{"surveyed":"2022-05-29"}},{"type":"Feature","geometry":{"type":"Point","coordinates":[77.57028,13.03155]},"properties":{}},{"type":"Feature","geometry":{"type":"Point","coordinates":[77.5703,13.03156]},"properties":{}},{"type":"Feature","geometry":{"type":"Point","coordinates":[77.56871,13.03405]},"properties":{}},{"type":"Feature","geometry":{"type":"Point","coordinates":[77.61954,12.93717]},"properties":{}},{"type":"Feature","geometry":{"type":"Point","coordinates":[77.6286,13.02103]},"properties":{}},{"type":"Feature","geometry":{"type":"Point","coordinates":[77.61756,12.98891]},"properties":{}},{"type":"Feature","geometry":{"type":"Point","coordinates":[77.6254,12.93962]},"properties":{}},{"type":"Feature","geometry":{"type":"Point","coordinates":[77.62858,13.02103]},"properties":{}},{"type":"Feature","geometry":{"type":"Point","coordinates":[77.57084,12.97868]},"properties":{}},{"type":"Feature","geometry":{"type":"Point","coordinates":[77.57244,12.98034]},"properties":{}},{"type":"Feature","geometry":{"type":"Point","coordinates":[77.56994,12.97757]},"properties":{}},{"type":"Feature","geometry":{"type":"Point","coordinates":[77.57123,12.97724]},"properties":{}},{"type":"Feature","geometry":{"type":"Point","coordinates":[77.57247,12.9803]},"properties":{}},{"type":"Feature","geometry":{"type":"Point","coordinates":[77.56955,12.97772]},"properties":{}},{"type":"Feature","geometry":{"type":"Point","coordinates":[77.57108,12.97629]},"properties":{}},{"type":"Feature","geometry":{"type":"Point","coordinates":[77.56959,12.97771]},"properties":{}},{"type":"Feature","geometry":{"type":"Point","coordinates":[77.57157,12.97704]},"properties":{}},{"type":"Feature","geometry":{"type":"Point","coordinates":[77.58852,12.99051]},"properties":{}},{"type":"Feature","geometry":{"type":"Point","coordinates":[77.56987,12.97888]},"properties":{}},{"type":"Feature","geometry":{"type":"Point","coordinates":[77.57838,12.984]},"properties":{}},{"type":"Feature","geometry":{"type":"Point","coordinates":[77.57026,12.97892]},"properties":{}},{"type":"Feature","geometry":{"type":"Point","coordinates":[77.56958,12.97783]},"properties":{}},{"type":"Feature","geometry":{"type":"Point","coordinates":[77.5703,12.97747]},"properties":{}},{"type":"Feature","geometry":{"type":"Point","coordinates":[77.57083,12.97624]},"properties":{}},{"type":"Feature","geometry":{"type":"Point","coordinates":[77.57077,12.97741]},"properties":{}},{"type":"Feature","geometry":{"type":"Point","coordinates":[77.56986,12.97823]},"properties":{}},{"type":"Feature","geometry":{"type":"Point","coordinates":[77.56958,12.97777]},"properties":{}},{"type":"Feature","geometry":{"type":"Point","coordinates":[77.57117,12.98011]},"properties":{}},{"type":"Feature","geometry":{"type":"Point","coordinates":[77.5705,12.97743]},"properties":{}},{"type":"Feature","geometry":{"type":"Point","coordinates":[77.57117,12.97991]},"properties":{}},{"type":"Feature","geometry":{"type":"Point","coordinates":[77.60155,12.96025]},"properties":{}},{"type":"Feature","geometry":{"type":"Point","coordinates":[77.59453,12.96703]},"properties":{}},{"type":"Feature","geometry":{"type":"Point","coordinates":[77.5893,12.96336]},"properties":{}},{"type":"Feature","geometry":{"type":"Point","coordinates":[77.58896,12.96763]},"properties":{}},{"type":"Feature","geometry":{"type":"Point","coordinates":[77.58733,12.96706]},"properties":{"surveyed":"2022-09-25"}},{"type":"Feature","geometry":{"type":"Point","coordinates":[77.58704,12.97151]},"properties":{}},{"type":"Feature","geometry":{"type":"Point","coordinates":[77.57503,12.97429]},"properties":{}},{"type":"Feature","geometry":{"type":"Point","coordinates":[77.57098,12.9774]},"properties":{}},{"type":"Feature","geometry":{"type":"Point","coordinates":[77.57078,12.97842]},"properties":{}},{"type":"Feature","geometry":{"type":"Point","coordinates":[77.56586,12.98211]},"properties":{}},{"type":"Feature","geometry":{"type":"Point","coordinates":[77.55437,12.98992]},"properties":{}},{"type":"Feature","geometry":{"type":"Point","coordinates":[77.58845,12.98445]},"properties":{}},{"type":"Feature","geometry":{"type":"Point","coordinates":[77.58816,12.98433]},"properties":{}},{"type":"Feature","geometry":{"type":"Point","coordinates":[77.64671,12.92336]},"properties":{}},{"type":"Feature","geometry":{"type":"Point","coordinates":[77.64669,12.92338]},"properties":{}},{"type":"Feature","geometry":{"type":"Point","coordinates":[77.64671,12.92338]},"properties":{}},{"type":"Feature","geometry":{"type":"Point","coordinates":[77.6467,12.92339]},"properties":{}},{"type":"Feature","geometry":{"type":"Point","coordinates":[77.63745,12.92518]},"properties":{}},{"type":"Feature","geometry":{"type":"Point","coordinates":[77.63744,12.92517]},"properties":{}},{"type":"Feature","geometry":{"type":"Point","coordinates":[77.63744,12.92519]},"properties":{}},{"type":"Feature","geometry":{"type":"Point","coordinates":[77.63743,12.92518]},"properties":{}},{"type":"Feature","geometry":{"type":"Point","coordinates":[77.63371,12.92494]},"properties":{}},{"type":"Feature","geometry":{"type":"Point","coordinates":[77.63372,12.92495]},"properties":{}},{"type":"Feature","geometry":{"type":"Point","coordinates":[77.63371,12.92497]},"properties":{}},{"type":"Feature","geometry":{"type":"Point","coordinates":[77.6337,12.92495]},"properties":{}},{"type":"Feature","geometry":{"type":"Point","coordinates":[77.63346,12.92491]},"properties":{"surveyed":"2022-10-18"}},{"type":"Feature","geometry":{"type":"Point","coordinates":[77.62312,12.91722]},"properties":{}},{"type":"Feature","geometry":{"type":"Point","coordinates":[77.62108,12.92759]},"properties":{"surveyed":"2022-06-17"}},{"type":"Feature","geometry":{"type":"Point","coordinates":[77.61608,12.9277]},"properties":{}},{"type":"Feature","geometry":{"type":"Point","coordinates":[77.61399,12.93167]},"properties":{"operator":"BTP"}},{"type":"Feature","geometry":{"type":"Point","coordinates":[77.66571,12.92107]},"properties":{"surveyed":"2022-10-05"}},{"type":"Feature","geometry":{"type":"Point","coordinates":[77.54987,13.01035]},"properties":{}},{"type":"Feature","geometry":{"type":"Point","coordinates":[77.54988,13.01037]},"properties":{}},{"type":"Feature","geometry":{"type":"Point","coordinates":[77.55055,13.01109]},"properties":{}},{"type":"Feature","geometry":{"type":"Point","coordinates":[77.55055,13.0111]},"properties":{}},{"type":"Feature","geometry":{"type":"Point","coordinates":[77.58698,12.97129]},"properties":{}},{"type":"Feature","geometry":{"type":"Point","coordinates":[77.57144,12.97434]},"properties":{}},{"type":"Feature","geometry":{"type":"Point","coordinates":[77.57058,12.97469]},"properties":{}},{"type":"Feature","geometry":{"type":"Point","coordinates":[77.60096,12.96401]},"properties":{}},{"type":"Feature","geometry":{"type":"Point","coordinates":[77.60096,12.96403]},"properties":{}},{"type":"Feature","geometry":{"type":"Point","coordinates":[77.60095,12.96532]},"properties":{"surveyed":"2022-08-11"}},{"type":"Feature","geometry":{"type":"Point","coordinates":[77.60097,12.96532]},"properties":{"surveyed":"2022-08-11"}},{"type":"Feature","geometry":{"type":"Point","coordinates":[77.66259,12.90488]},"properties":{}},{"type":"Feature","geometry":{"type":"Point","coordinates":[77.61856,13.00429]},"properties":{"operator":"Apartment"}},{"type":"Feature","geometry":{"type":"Point","coordinates":[77.61849,13.00407]},"properties":{"operator":"Apartment"}},{"type":"Feature","geometry":{"type":"Point","coordinates":[77.63357,13.01933]},"properties":{}},{"type":"Feature","geometry":{"type":"Point","coordinates":[77.63376,13.01999]},"properties":{}},{"type":"Feature","geometry":{"type":"Point","coordinates":[77.63364,13.01966]},"properties":{}},{"type":"Feature","geometry":{"type":"Point","coordinates":[77.5913,12.97716]},"properties":{}},{"type":"Feature","geometry":{"type":"Point","coordinates":[77.61033,12.97038]},"properties":{}},{"type":"Feature","geometry":{"type":"Point","coordinates":[77.61031,12.9704]},"properties":{}},{"type":"Feature","geometry":{"type":"Point","coordinates":[77.59116,12.97734]},"properties":{}},{"type":"Feature","geometry":{"type":"Point","coordinates":[77.64332,13.0206]},"properties":{"surveyed":"2022-05-28"}},{"type":"Feature","geometry":{"type":"Point","coordinates":[77.63267,13.0149]},"properties":{}},{"type":"Feature","geometry":{"type":"Point","coordinates":[77.63394,13.01929]},"properties":{}},{"type":"Feature","geometry":{"type":"Point","coordinates":[77.63382,13.02028]},"properties":{}},{"type":"Feature","geometry":{"type":"Point","coordinates":[77.61493,13.00244]},"properties":{}},{"type":"Feature","geometry":{"type":"Point","coordinates":[77.61029,12.9704]},"properties":{}},{"type":"Feature","geometry":{"type":"Point","coordinates":[77.6611,13.00273]},"properties":{}},{"type":"Feature","geometry":{"type":"Point","coordinates":[77.6187,13.00463]},"properties":{}},{"type":"Feature","geometry":{"type":"Point","coordinates":[77.61691,13.00343]},"properties":{"operator":"Apartment"}},{"type":"Feature","geometry":{"type":"Point","coordinates":[77.61688,13.00337]},"properties":{"operator":"Apartment"}},{"type":"Feature","geometry":{"type":"Point","coordinates":[77.61688,13.00336]},"properties":{"operator":"Apartment"}},{"type":"Feature","geometry":{"type":"Point","coordinates":[77.61642,13.00378]},"properties":{"operator":"Apartment"}},{"type":"Feature","geometry":{"type":"Point","coordinates":[77.61652,13.00374]},"properties":{"operator":"Apartment"}},{"type":"Feature","geometry":{"type":"Point","coordinates":[77.61646,13.00377]},"properties":{"operator":"Apartment"}},{"type":"Feature","geometry":{"type":"Point","coordinates":[77.6165,13.00375]},"properties":{"operator":"Apartment"}},{"type":"Feature","geometry":{"type":"Point","coordinates":[77.61583,13.00469]},"properties":{}},{"type":"Feature","geometry":{"type":"Point","coordinates":[77.61681,13.00361]},"properties":{}},{"type":"Feature","geometry":{"type":"Point","coordinates":[77.51928,12.98732]},"properties":{}},{"type":"Feature","geometry":{"type":"Point","coordinates":[77.51273,12.97208]},"properties":{}},{"type":"Feature","geometry":{"type":"Point","coordinates":[77.51577,12.95189]},"properties":{}},{"type":"Feature","geometry":{"type":"Point","coordinates":[77.50954,12.93805]},"properties":{}},{"type":"Feature","geometry":{"type":"Point","coordinates":[77.54185,12.99905]},"properties":{}},{"type":"Feature","geometry":{"type":"Point","coordinates":[77.54115,12.99945]},"properties":{}},{"type":"Feature","geometry":{"type":"Point","coordinates":[77.54107,12.99946]},"properties":{}},{"type":"Feature","geometry":{"type":"Point","coordinates":[77.54108,12.99947]},"properties":{}},{"type":"Feature","geometry":{"type":"Point","coordinates":[77.536,13.00085]},"properties":{}},{"type":"Feature","geometry":{"type":"Point","coordinates":[77.53602,13.00086]},"properties":{}},{"type":"Feature","geometry":{"type":"Point","coordinates":[77.55369,13.01242]},"properties":{}},{"type":"Feature","geometry":{"type":"Point","coordinates":[77.55369,13.0124]},"properties":{}},{"type":"Feature","geometry":{"type":"Point","coordinates":[77.61291,12.98295]},"properties":{}},{"type":"Feature","geometry":{"type":"Point","coordinates":[77.6129,12.98291]},"properties":{}},{"type":"Feature","geometry":{"type":"Point","coordinates":[77.60619,12.96793]},"properties":{}},{"type":"Feature","geometry":{"type":"Point","coordinates":[77.60322,12.97281]},"properties":{}},{"type":"Feature","geometry":{"type":"Point","coordinates":[77.58949,12.9859]},"properties":{}},{"type":"Feature","geometry":{"type":"Point","coordinates":[77.58852,12.98475]},"properties":{}},{"type":"Feature","geometry":{"type":"Point","coordinates":[77.58775,12.98391]},"properties":{}},{"type":"Feature","geometry":{"type":"Point","coordinates":[77.5781,12.98883]},"properties":{}},{"type":"Feature","geometry":{"type":"Point","coordinates":[77.56377,13.0159]},"properties":{}},{"type":"Feature","geometry":{"type":"Point","coordinates":[77.5924,12.97655]},"properties":{}},{"type":"Feature","geometry":{"type":"Point","coordinates":[77.57137,12.99232]},"properties":{}},{"type":"Feature","geometry":{"type":"Point","coordinates":[77.59006,12.97289]},"properties":{}},{"type":"Feature","geometry":{"type":"Point","coordinates":[77.58889,12.96829]},"properties":{}},{"type":"Feature","geometry":{"type":"Point","coordinates":[77.58864,12.96839]},"properties":{}},{"type":"Feature","geometry":{"type":"Point","coordinates":[77.58896,12.97106]},"properties":{}},{"type":"Feature","geometry":{"type":"Point","coordinates":[77.58845,12.97384]},"properties":{}},{"type":"Feature","geometry":{"type":"Point","coordinates":[77.58876,12.97362]},"properties":{}},{"type":"Feature","geometry":{"type":"Point","coordinates":[77.59058,12.97619]},"properties":{}},{"type":"Feature","geometry":{"type":"Point","coordinates":[77.59017,12.97568]},"properties":{}},{"type":"Feature","geometry":{"type":"Point","coordinates":[77.59165,12.97548]},"properties":{}},{"type":"Feature","geometry":{"type":"Point","coordinates":[77.59329,12.97635]},"properties":{}},{"type":"Feature","geometry":{"type":"Point","coordinates":[77.53767,12.98226]},"properties":{}},{"type":"Feature","geometry":{"type":"Point","coordinates":[77.53767,12.98224]},"properties":{}},{"type":"Feature","geometry":{"type":"Point","coordinates":[77.59337,12.97468]},"properties":{}},{"type":"Feature","geometry":{"type":"Point","coordinates":[77.59337,12.97471]},"properties":{}},{"type":"Feature","geometry":{"type":"Point","coordinates":[77.5946,12.97628]},"properties":{}},{"type":"Feature","geometry":{"type":"Point","coordinates":[77.59387,12.975]},"properties":{}},{"type":"Feature","geometry":{"type":"Point","coordinates":[77.59387,12.975]},"properties":{}},{"type":"Feature","geometry":{"type":"Point","coordinates":[77.59211,12.97513]},"properties":{}},{"type":"Feature","geometry":{"type":"Point","coordinates":[77.54734,13.00349]},"properties":{}},{"type":"Feature","geometry":{"type":"Point","coordinates":[77.54733,13.00348]},"properties":{}},{"type":"Feature","geometry":{"type":"Point","coordinates":[77.57553,13.03064]},"properties":{}},{"type":"Feature","geometry":{"type":"Point","coordinates":[77.57554,13.03064]},"properties":{}},{"type":"Feature","geometry":{"type":"Point","coordinates":[77.49998,12.92329]},"properties":{}},{"type":"Feature","geometry":{"type":"Point","coordinates":[77.49999,12.92329]},"properties":{}},{"type":"Feature","geometry":{"type":"Point","coordinates":[77.61092,12.97352]},"properties":{}},{"type":"Feature","geometry":{"type":"Point","coordinates":[77.61092,12.97353]},"properties":{}},{"type":"Feature","geometry":{"type":"Point","coordinates":[77.6018,12.97642]},"properties":{}},{"type":"Feature","geometry":{"type":"Point","coordinates":[77.60181,12.97642]},"properties":{}},{"type":"Feature","geometry":{"type":"Point","coordinates":[77.597,12.98284]},"properties":{}},{"type":"Feature","geometry":{"type":"Point","coordinates":[77.54853,13.00304]},"properties":{}},{"type":"Feature","geometry":{"type":"Point","coordinates":[77.54853,13.00305]},"properties":{}},{"type":"Feature","geometry":{"type":"Point","coordinates":[77.63876,12.97053]},"properties":{}},{"type":"Feature","geometry":{"type":"Point","coordinates":[77.63876,12.97054]},"properties":{}},{"type":"Feature","geometry":{"type":"Point","coordinates":[77.63877,12.97054]},"properties":{}},{"type":"Feature","geometry":{"type":"Point","coordinates":[77.54876,13.00164]},"properties":{}},{"type":"Feature","geometry":{"type":"Point","coordinates":[77.54877,13.00164]},"properties":{}},{"type":"Feature","geometry":{"type":"Point","coordinates":[77.54877,13.00165]},"properties":{}},{"type":"Feature","geometry":{"type":"Point","coordinates":[77.58963,12.94957]},"properties":{}},{"type":"Feature","geometry":{"type":"Point","coordinates":[77.58963,12.94957]},"properties":{}},{"type":"Feature","geometry":{"type":"Point","coordinates":[77.59353,12.95998]},"properties":{}},{"type":"Feature","geometry":{"type":"Point","coordinates":[77.62872,13.0474]},"properties":{}},{"type":"Feature","geometry":{"type":"Point","coordinates":[77.54848,13.00689]},"properties":{}},{"type":"Feature","geometry":{"type":"Point","coordinates":[77.54848,13.00689]},"properties":{}},{"type":"Feature","geometry":{"type":"Point","coordinates":[77.54858,13.0077]},"properties":{}},{"type":"Feature","geometry":{"type":"Point","coordinates":[77.54858,13.0077]},"properties":{}},{"type":"Feature","geometry":{"type":"Point","coordinates":[77.57958,13.01489]},"properties":{}},{"type":"Feature","geometry":{"type":"Point","coordinates":[77.58908,13.03858]},"properties":{}},{"type":"Feature","geometry":{"type":"Point","coordinates":[77.59083,12.97657]},"properties":{}},{"type":"Feature","geometry":{"type":"Point","coordinates":[77.55035,12.99776]},"properties":{}},{"type":"Feature","geometry":{"type":"Point","coordinates":[77.55036,12.99777]},"properties":{}},{"type":"Feature","geometry":{"type":"Point","coordinates":[77.5505,13.00046]},"properties":{}},{"type":"Feature","geometry":{"type":"Point","coordinates":[77.55049,13.00046]},"properties":{}},{"type":"Feature","geometry":{"type":"Point","coordinates":[77.5503,13.00168]},"properties":{}},{"type":"Feature","geometry":{"type":"Point","coordinates":[77.55029,13.00169]},"properties":{}},{"type":"Feature","geometry":{"type":"Point","coordinates":[77.55029,13.0017]},"properties":{}},{"type":"Feature","geometry":{"type":"Point","coordinates":[77.55644,12.9859]},"properties":{}},{"type":"Feature","geometry":{"type":"Point","coordinates":[77.55645,12.9859]},"properties":{}},{"type":"Feature","geometry":{"type":"Point","coordinates":[77.55645,12.9859]},"properties":{}},{"type":"Feature","geometry":{"type":"Point","coordinates":[77.61408,12.96706]},"properties":{}},{"type":"Feature","geometry":{"type":"Point","coordinates":[77.61409,12.96706]},"properties":{}},{"type":"Feature","geometry":{"type":"Point","coordinates":[77.61408,12.96706]},"properties":{}},{"type":"Feature","geometry":{"type":"Point","coordinates":[77.70997,13.19971]},"properties":{}},{"type":"Feature","geometry":{"type":"Point","coordinates":[77.71106,13.19889]},"properties":{}},{"type":"Feature","geometry":{"type":"Point","coordinates":[77.70983,13.19928]},"properties":{}},{"type":"Feature","geometry":{"type":"Point","coordinates":[77.70993,13.19953]},"properties":{}},{"type":"Feature","geometry":{"type":"Point","coordinates":[77.71101,13.19888]},"properties":{}},{"type":"Feature","geometry":{"type":"Point","coordinates":[77.71018,13.19931]},"properties":{}},{"type":"Feature","geometry":{"type":"Point","coordinates":[77.70997,13.19953]},"properties":{}},{"type":"Feature","geometry":{"type":"Point","coordinates":[77.71074,13.19979]},"properties":{}},{"type":"Feature","geometry":{"type":"Point","coordinates":[77.71068,13.1998]},"properties":{}},{"type":"Feature","geometry":{"type":"Point","coordinates":[77.71069,13.19982]},"properties":{}},{"type":"Feature","geometry":{"type":"Point","coordinates":[77.67557,12.84192]},"properties":{}},{"type":"Feature","geometry":{"type":"Point","coordinates":[77.67136,12.84648]},"properties":{}},{"type":"Feature","geometry":{"type":"Point","coordinates":[77.61996,12.92563]},"properties":{}},{"type":"Feature","geometry":{"type":"Point","coordinates":[77.62348,12.93432]},"properties":{}},{"type":"Feature","geometry":{"type":"Point","coordinates":[77.62001,12.92562]},"properties":{}},{"type":"Feature","geometry":{"type":"Point","coordinates":[77.67539,12.84181]},"properties":{}},{"type":"Feature","geometry":{"type":"Point","coordinates":[77.67181,12.84594]},"properties":{}},{"type":"Feature","geometry":{"type":"Point","coordinates":[77.67549,12.84186]},"properties":{}},{"type":"Feature","geometry":{"type":"Point","coordinates":[77.61703,12.99634]},"properties":{}},{"type":"Feature","geometry":{"type":"Point","coordinates":[77.67175,12.84622]},"properties":{}},{"type":"Feature","geometry":{"type":"Point","coordinates":[77.58752,13.02755]},"properties":{}},{"type":"Feature","geometry":{"type":"Point","coordinates":[77.58772,13.02751]},"properties":{}},{"type":"Feature","geometry":{"type":"Point","coordinates":[77.58755,13.02769]},"properties":{}},{"type":"Feature","geometry":{"type":"Point","coordinates":[77.58775,13.02766]},"properties":{}},{"type":"Feature","geometry":{"type":"Point","coordinates":[77.58754,13.02755]},"properties":{}},{"type":"Feature","geometry":{"type":"Point","coordinates":[77.71002,13.19977]},"properties":{}},{"type":"Feature","geometry":{"type":"Point","coordinates":[77.66677,13.13333]},"properties":{}},{"type":"Feature","geometry":{"type":"Point","coordinates":[77.66677,13.13345]},"properties":{}},{"type":"Feature","geometry":{"type":"Point","coordinates":[77.65002,13.19342]},"properties":{"surveyed":"2022-05-08"}},{"type":"Feature","geometry":{"type":"Point","coordinates":[77.62133,13.00348]},"properties":{"surveyed":"2022-05-08"}},{"type":"Feature","geometry":{"type":"Point","coordinates":[77.59294,13.02497]},"properties":{"surveyed":"2022-05-10"}},{"type":"Feature","geometry":{"type":"Point","coordinates":[77.59293,13.02497]},"properties":{"surveyed":"2022-05-10"}},{"type":"Feature","geometry":{"type":"Point","coordinates":[77.58962,13.01696]},"properties":{"surveyed":"2022-05-10"}},{"type":"Feature","geometry":{"type":"Point","coordinates":[77.58412,13.00022]},"properties":{}},{"type":"Feature","geometry":{"type":"Point","coordinates":[77.58277,12.99234]},"properties":{"surveyed":"2022-05-10"}},{"type":"Feature","geometry":{"type":"Point","coordinates":[77.5829,12.99232]},"properties":{"surveyed":"2022-05-10"}},{"type":"Feature","geometry":{"type":"Point","coordinates":[77.58271,12.99242]},"properties":{"surveyed":"2022-05-10"}},{"type":"Feature","geometry":{"type":"Point","coordinates":[77.58362,12.99286]},"properties":{"surveyed":"2022-05-10"}},{"type":"Feature","geometry":{"type":"Point","coordinates":[77.57515,13.10795]},"properties":{"surveyed":"2022-05-11"}},{"type":"Feature","geometry":{"type":"Point","coordinates":[77.57659,13.10919]},"properties":{"surveyed":"2022-05-11"}},{"type":"Feature","geometry":{"type":"Point","coordinates":[77.59021,13.03525]},"properties":{}},{"type":"Feature","geometry":{"type":"Point","coordinates":[77.58838,13.03354]},"properties":{"surveyed":"2022-05-13"}},{"type":"Feature","geometry":{"type":"Point","coordinates":[77.60942,12.96585]},"properties":{"surveyed":"2022-05-14"}},{"type":"Feature","geometry":{"type":"Point","coordinates":[77.59068,13.03502]},"properties":{"surveyed":"2022-05-13"}},{"type":"Feature","geometry":{"type":"Point","coordinates":[77.67706,12.84022]},"properties":{"surveyed":"2022-05-15"}},{"type":"Feature","geometry":{"type":"Point","coordinates":[77.61394,12.97376]},"properties":{"surveyed":"2022-05-17"}},{"type":"Feature","geometry":{"type":"Point","coordinates":[77.62003,12.97336]},"properties":{"surveyed":"2022-05-17"}},{"type":"Feature","geometry":{"type":"Point","coordinates":[77.58645,13.02909]},"properties":{"surveyed":"2022-05-18"}},{"type":"Feature","geometry":{"type":"Point","coordinates":[77.58643,13.0291]},"properties":{"surveyed":"2022-05-18"}},{"type":"Feature","geometry":{"type":"Point","coordinates":[77.58644,13.0291]},"properties":{"surveyed":"2022-05-18"}},{"type":"Feature","geometry":{"type":"Point","coordinates":[77.60016,12.99917]},"properties":{"surveyed":"2022-05-18"}},{"type":"Feature","geometry":{"type":"Point","coordinates":[77.60503,12.99783]},"properties":{"surveyed":"2022-05-18"}},{"type":"Feature","geometry":{"type":"Point","coordinates":[77.60503,12.99783]},"properties":{"surveyed":"2022-05-18"}},{"type":"Feature","geometry":{"type":"Point","coordinates":[77.60672,12.99958]},"properties":{"surveyed":"2022-05-18"}},{"type":"Feature","geometry":{"type":"Point","coordinates":[77.60503,12.99783]},"properties":{"surveyed":"2022-05-18"}},{"type":"Feature","geometry":{"type":"Point","coordinates":[77.60672,12.99958]},"properties":{"surveyed":"2022-05-18"}},{"type":"Feature","geometry":{"type":"Point","coordinates":[77.60672,12.99958]},"properties":{"surveyed":"2022-05-18"}},{"type":"Feature","geometry":{"type":"Point","coordinates":[77.64107,13.02238]},"properties":{"surveyed":"2022-05-28"}},{"type":"Feature","geometry":{"type":"Point","coordinates":[77.64107,13.02238]},"properties":{"surveyed":"2022-05-28"}},{"type":"Feature","geometry":{"type":"Point","coordinates":[77.64107,13.02238]},"properties":{"surveyed":"2022-05-28"}},{"type":"Feature","geometry":{"type":"Point","coordinates":[77.64107,13.02238]},"properties":{"surveyed":"2022-05-28"}},{"type":"Feature","geometry":{"type":"Point","coordinates":[77.64117,13.02381]},"properties":{"surveyed":"2022-05-28"}},{"type":"Feature","geometry":{"type":"Point","coordinates":[77.64117,13.02381]},"properties":{"surveyed":"2022-05-28"}},{"type":"Feature","geometry":{"type":"Point","coordinates":[77.64117,13.02381]},"properties":{"surveyed":"2022-05-28"}},{"type":"Feature","geometry":{"type":"Point","coordinates":[77.64177,13.02219]},"properties":{"surveyed":"2022-05-28"}},{"type":"Feature","geometry":{"type":"Point","coordinates":[77.64177,13.02219]},"properties":{"surveyed":"2022-05-28"}},{"type":"Feature","geometry":{"type":"Point","coordinates":[77.64177,13.02219]},"properties":{"surveyed":"2022-05-28"}},{"type":"Feature","geometry":{"type":"Point","coordinates":[77.64327,13.00929]},"properties":{"surveyed":"2022-05-28"}},{"type":"Feature","geometry":{"type":"Point","coordinates":[77.64293,13.01149]},"properties":{"surveyed":"2022-05-28"}},{"type":"Feature","geometry":{"type":"Point","coordinates":[77.63348,13.00224]},"properties":{"surveyed":"2022-05-28"}},{"type":"Feature","geometry":{"type":"Point","coordinates":[77.64319,13.0175]},"properties":{"surveyed":"2022-05-28"}},{"type":"Feature","geometry":{"type":"Point","coordinates":[77.55395,13.01245]},"properties":{"surveyed":"2022-05-29"}},{"type":"Feature","geometry":{"type":"Point","coordinates":[77.55394,13.01246]},"properties":{"surveyed":"2022-05-29"}},{"type":"Feature","geometry":{"type":"Point","coordinates":[77.55394,13.01246]},"properties":{"surveyed":"2022-05-29"}},{"type":"Feature","geometry":{"type":"Point","coordinates":[77.55147,13.01162]},"properties":{"surveyed":"2022-05-29"}},{"type":"Feature","geometry":{"type":"Point","coordinates":[77.55147,13.01162]},"properties":{"surveyed":"2022-05-29"}},{"type":"Feature","geometry":{"type":"Point","coordinates":[77.55063,13.01115]},"properties":{"surveyed":"2022-05-29"}},{"type":"Feature","geometry":{"type":"Point","coordinates":[77.54838,13.00384]},"properties":{"surveyed":"2022-05-29"}},{"type":"Feature","geometry":{"type":"Point","coordinates":[77.54839,13.00384]},"properties":{"surveyed":"2022-05-29"}},{"type":"Feature","geometry":{"type":"Point","coordinates":[77.54793,13.00134]},"properties":{"surveyed":"2022-05-29"}},{"type":"Feature","geometry":{"type":"Point","coordinates":[77.54794,13.00134]},"properties":{"surveyed":"2022-05-29"}},{"type":"Feature","geometry":{"type":"Point","coordinates":[77.60011,13.04352]},"properties":{"surveyed":"2022-05-29"}},{"type":"Feature","geometry":{"type":"Point","coordinates":[77.60008,13.04353]},"properties":{"surveyed":"2022-05-29"}},{"type":"Feature","geometry":{"type":"Point","coordinates":[77.58952,13.03781]},"properties":{"surveyed":"2022-05-29"}},{"type":"Feature","geometry":{"type":"Point","coordinates":[77.58633,13.02868]},"properties":{"surveyed":"2022-05-29"}},{"type":"Feature","geometry":{"type":"Point","coordinates":[77.58544,13.0256]},"properties":{"surveyed":"2022-05-29"}},{"type":"Feature","geometry":{"type":"Point","coordinates":[77.58463,13.02268]},"properties":{"surveyed":"2022-05-29"}},{"type":"Feature","geometry":{"type":"Point","coordinates":[77.58456,13.02216]},"properties":{"surveyed":"2022-05-29"}},{"type":"Feature","geometry":{"type":"Point","coordinates":[77.64455,13.0565]},"properties":{"surveyed":"2022-05-29"}},{"type":"Feature","geometry":{"type":"Point","coordinates":[77.64462,13.0562]},"properties":{"surveyed":"2022-05-29"}},{"type":"Feature","geometry":{"type":"Point","coordinates":[77.63251,13.0277]},"properties":{"surveyed":"2022-05-29"}},{"type":"Feature","geometry":{"type":"Point","coordinates":[77.63021,13.03148]},"properties":{"surveyed":"2022-05-29"}},{"type":"Feature","geometry":{"type":"Point","coordinates":[77.63158,13.05309]},"properties":{"surveyed":"2022-05-29"}},{"type":"Feature","geometry":{"type":"Point","coordinates":[77.63267,13.05595]},"properties":{"surveyed":"2022-05-29"}},{"type":"Feature","geometry":{"type":"Point","coordinates":[77.70152,12.96281]},"properties":{}},{"type":"Feature","geometry":{"type":"Point","coordinates":[77.57162,12.99339]},"properties":{}},{"type":"Feature","geometry":{"type":"Point","coordinates":[77.57162,12.99339]},"properties":{}},{"type":"Feature","geometry":{"type":"Point","coordinates":[77.57162,12.99338]},"properties":{}},{"type":"Feature","geometry":{"type":"Point","coordinates":[77.55045,13.00526]},"properties":{"surveyed":"2022-06-05"}},{"type":"Feature","geometry":{"type":"Point","coordinates":[77.55044,13.00527]},"properties":{"surveyed":"2022-06-05"}},{"type":"Feature","geometry":{"type":"Point","coordinates":[77.55044,13.00526]},"properties":{"surveyed":"2022-06-05"}},{"type":"Feature","geometry":{"type":"Point","coordinates":[77.61402,12.97947]},"properties":{}},{"type":"Feature","geometry":{"type":"Point","coordinates":[77.61154,12.98286]},"properties":{"surveyed":"2022-06-05"}},{"type":"Feature","geometry":{"type":"Point","coordinates":[77.60138,12.98121]},"properties":{"surveyed":"2022-06-05"}},{"type":"Feature","geometry":{"type":"Point","coordinates":[77.61073,12.98315]},"properties":{"surveyed":"2022-06-05"}},{"type":"Feature","geometry":{"type":"Point","coordinates":[77.61015,12.98325]},"properties":{"surveyed":"2022-06-05"}},{"type":"Feature","geometry":{"type":"Point","coordinates":[77.60812,12.98396]},"properties":{"surveyed":"2022-06-05"}},{"type":"Feature","geometry":{"type":"Point","coordinates":[77.60538,12.98567]},"properties":{"surveyed":"2022-06-05"}},{"type":"Feature","geometry":{"type":"Point","coordinates":[77.60546,12.98544]},"properties":{"surveyed":"2022-06-05"}},{"type":"Feature","geometry":{"type":"Point","coordinates":[77.60188,12.9827]},"properties":{"surveyed":"2022-06-05"}},{"type":"Feature","geometry":{"type":"Point","coordinates":[77.60204,12.98264]},"properties":{"surveyed":"2022-06-05"}},{"type":"Feature","geometry":{"type":"Point","coordinates":[77.60218,12.9826]},"properties":{"surveyed":"2022-06-05"}},{"type":"Feature","geometry":{"type":"Point","coordinates":[77.56913,13.0086]},"properties":{"surveyed":"2022-06-11"}},{"type":"Feature","geometry":{"type":"Point","coordinates":[77.64688,12.97315]},"properties":{"surveyed":"2022-06-11"}},{"type":"Feature","geometry":{"type":"Point","coordinates":[77.64327,12.97168]},"properties":{"surveyed":"2022-06-11"}},{"type":"Feature","geometry":{"type":"Point","coordinates":[77.64324,12.97257]},"properties":{"surveyed":"2022-06-11"}},{"type":"Feature","geometry":{"type":"Point","coordinates":[77.5538,13.0049]},"properties":{}},{"type":"Feature","geometry":{"type":"Point","coordinates":[77.55381,13.00491]},"properties":{}},{"type":"Feature","geometry":{"type":"Point","coordinates":[77.5532,13.00236]},"properties":{"surveyed":"2022-08-21"}},{"type":"Feature","geometry":{"type":"Point","coordinates":[77.5532,13.00237]},"properties":{"surveyed":"2022-08-21"}},{"type":"Feature","geometry":{"type":"Point","coordinates":[77.5527,13.00018]},"properties":{"surveyed":"2022-06-11"}},{"type":"Feature","geometry":{"type":"Point","coordinates":[77.55271,13.0002]},"properties":{"surveyed":"2022-06-11"}},{"type":"Feature","geometry":{"type":"Point","coordinates":[77.55287,12.99848]},"properties":{"surveyed":"2022-06-11"}},{"type":"Feature","geometry":{"type":"Point","coordinates":[77.55287,12.99847]},"properties":{"surveyed":"2022-06-11"}},{"type":"Feature","geometry":{"type":"Point","coordinates":[77.553,12.99811]},"properties":{"surveyed":"2022-06-12"}},{"type":"Feature","geometry":{"type":"Point","coordinates":[77.55247,12.99797]},"properties":{"surveyed":"2022-06-12"}},{"type":"Feature","geometry":{"type":"Point","coordinates":[77.55247,12.99795]},"properties":{"surveyed":"2022-06-12"}},{"type":"Feature","geometry":{"type":"Point","coordinates":[77.54904,12.99934]},"properties":{"surveyed":"2022-06-12"}},{"type":"Feature","geometry":{"type":"Point","coordinates":[77.55005,12.99928]},"properties":{"surveyed":"2022-06-12"}},{"type":"Feature","geometry":{"type":"Point","coordinates":[77.55004,12.9993]},"properties":{"surveyed":"2022-06-12"}},{"type":"Feature","geometry":{"type":"Point","coordinates":[77.62107,12.92757]},"properties":{"surveyed":"2022-06-17"}},{"type":"Feature","geometry":{"type":"Point","coordinates":[77.62106,12.92758]},"properties":{"surveyed":"2022-06-17"}},{"type":"Feature","geometry":{"type":"Point","coordinates":[77.6659,12.92092]},"properties":{}},{"type":"Feature","geometry":{"type":"Point","coordinates":[77.60609,12.98382]},"properties":{}},{"type":"Feature","geometry":{"type":"Point","coordinates":[77.60662,12.98375]},"properties":{}},{"type":"Feature","geometry":{"type":"Point","coordinates":[77.60632,12.98295]},"properties":{}},{"type":"Feature","geometry":{"type":"Point","coordinates":[77.60704,12.98269]},"properties":{}},{"type":"Feature","geometry":{"type":"Point","coordinates":[77.55293,13.0044]},"properties":{"surveyed":"2022-06-19"}},{"type":"Feature","geometry":{"type":"Point","coordinates":[77.55293,13.0044]},"properties":{"surveyed":"2022-06-19"}},{"type":"Feature","geometry":{"type":"Point","coordinates":[77.55294,13.0044]},"properties":{"surveyed":"2022-06-19"}},{"type":"Feature","geometry":{"type":"Point","coordinates":[77.55196,13.00428]},"properties":{"surveyed":"2022-06-19"}},{"type":"Feature","geometry":{"type":"Point","coordinates":[77.55197,13.00427]},"properties":{"surveyed":"2022-06-19"}},{"type":"Feature","geometry":{"type":"Point","coordinates":[77.55117,13.0042]},"properties":{"surveyed":"2022-06-19"}},{"type":"Feature","geometry":{"type":"Point","coordinates":[77.55117,13.0042]},"properties":{"surveyed":"2022-06-19"}},{"type":"Feature","geometry":{"type":"Point","coordinates":[77.55118,13.00419]},"properties":{"surveyed":"2022-06-19"}},{"type":"Feature","geometry":{"type":"Point","coordinates":[77.54963,12.99988]},"properties":{"surveyed":"2022-06-19"}},{"type":"Feature","geometry":{"type":"Point","coordinates":[77.54963,12.99987]},"properties":{"surveyed":"2022-06-19"}},{"type":"Feature","geometry":{"type":"Point","coordinates":[77.54962,12.99987]},"properties":{"surveyed":"2022-06-19"}},{"type":"Feature","geometry":{"type":"Point","coordinates":[77.57606,12.91998]},"properties":{"surveyed":"2022-06-22"}},{"type":"Feature","geometry":{"type":"Point","coordinates":[77.57606,12.91997]},"properties":{"surveyed":"2022-06-22"}},{"type":"Feature","geometry":{"type":"Point","coordinates":[77.57606,12.91997]},"properties":{"surveyed":"2022-06-22"}},{"type":"Feature","geometry":{"type":"Point","coordinates":[77.57432,12.92074]},"properties":{"surveyed":"2022-06-22"}},{"type":"Feature","geometry":{"type":"Point","coordinates":[77.57432,12.92074]},"properties":{"surveyed":"2022-06-22"}},{"type":"Feature","geometry":{"type":"Point","coordinates":[77.57432,12.92074]},"properties":{"surveyed":"2022-06-22"}},{"type":"Feature","geometry":{"type":"Point","coordinates":[77.57701,12.92727]},"properties":{"surveyed":"2022-06-22"}},{"type":"Feature","geometry":{"type":"Point","coordinates":[77.57433,12.92074]},"properties":{"surveyed":"2022-06-22"}},{"type":"Feature","geometry":{"type":"Point","coordinates":[77.57608,12.93084]},"properties":{"surveyed":"2022-06-22"}},{"type":"Feature","geometry":{"type":"Point","coordinates":[77.57621,12.93096]},"properties":{"surveyed":"2022-06-22"}},{"type":"Feature","geometry":{"type":"Point","coordinates":[77.57553,12.93305]},"properties":{"surveyed":"2022-06-22"}},{"type":"Feature","geometry":{"type":"Point","coordinates":[77.57707,12.94054]},"properties":{"surveyed":"2022-06-22"}},{"type":"Feature","geometry":{"type":"Point","coordinates":[77.57707,12.94054]},"properties":{"surveyed":"2022-06-22"}},{"type":"Feature","geometry":{"type":"Point","coordinates":[77.57931,12.9406]},"properties":{"surveyed":"2022-06-22"}},{"type":"Feature","geometry":{"type":"Point","coordinates":[77.57994,12.94055]},"properties":{"surveyed":"2022-06-22"}},{"type":"Feature","geometry":{"type":"Point","coordinates":[77.57997,12.94368]},"properties":{"surveyed":"2022-06-22"}},{"type":"Feature","geometry":{"type":"Point","coordinates":[77.58014,12.9437]},"properties":{"surveyed":"2022-06-22"}},{"type":"Feature","geometry":{"type":"Point","coordinates":[77.58146,12.94363]},"properties":{"surveyed":"2022-06-22"}},{"type":"Feature","geometry":{"type":"Point","coordinates":[77.58276,12.94355]},"properties":{"surveyed":"2022-06-22"}},{"type":"Feature","geometry":{"type":"Point","coordinates":[77.58276,12.94355]},"properties":{"surveyed":"2022-06-22"}},{"type":"Feature","geometry":{"type":"Point","coordinates":[77.58796,12.94613]},"properties":{"surveyed":"2022-06-22"}},{"type":"Feature","geometry":{"type":"Point","coordinates":[77.59189,12.95525]},"properties":{"surveyed":"2022-06-22"}},{"type":"Feature","geometry":{"type":"Point","coordinates":[77.5936,12.96005]},"properties":{"surveyed":"2022-06-22"}},{"type":"Feature","geometry":{"type":"Point","coordinates":[77.60699,12.97195]},"properties":{"surveyed":"2022-06-22"}},{"type":"Feature","geometry":{"type":"Point","coordinates":[77.60704,12.97195]},"properties":{"surveyed":"2022-06-22"}},{"type":"Feature","geometry":{"type":"Point","coordinates":[77.64972,12.91181]},"properties":{"surveyed":"2022-06-26"}},{"type":"Feature","geometry":{"type":"Point","coordinates":[77.62948,12.90657]},"properties":{"surveyed":"2022-06-26"}},{"type":"Feature","geometry":{"type":"Point","coordinates":[77.64756,12.87727]},"properties":{"surveyed":"2022-06-26"}},{"type":"Feature","geometry":{"type":"Point","coordinates":[77.64754,12.87727]},"properties":{"surveyed":"2022-06-26"}},{"type":"Feature","geometry":{"type":"Point","coordinates":[77.64756,12.87726]},"properties":{"surveyed":"2022-06-26"}},{"type":"Feature","geometry":{"type":"Point","coordinates":[77.64758,12.87727]},"properties":{"surveyed":"2022-06-26"}},{"type":"Feature","geometry":{"type":"Point","coordinates":[77.64756,12.87729]},"properties":{"surveyed":"2022-06-26"}},{"type":"Feature","geometry":{"type":"Point","coordinates":[77.42439,13.07976]},"properties":{"surveyed":"2022-06-26"}},{"type":"Feature","geometry":{"type":"Point","coordinates":[77.38945,13.09449]},"properties":{"surveyed":"2022-06-26"}},{"type":"Feature","geometry":{"type":"Point","coordinates":[77.38946,13.0945]},"properties":{"surveyed":"2022-06-26"}},{"type":"Feature","geometry":{"type":"Point","coordinates":[77.57571,12.91988]},"properties":{"surveyed":"2022-07-01"}},{"type":"Feature","geometry":{"type":"Point","coordinates":[77.57609,12.92179]},"properties":{"surveyed":"2022-07-01"}},{"type":"Feature","geometry":{"type":"Point","coordinates":[77.57608,12.92179]},"properties":{"surveyed":"2022-07-01"}},{"type":"Feature","geometry":{"type":"Point","coordinates":[77.57608,12.92179]},"properties":{"surveyed":"2022-07-01"}},{"type":"Feature","geometry":{"type":"Point","coordinates":[77.61871,12.98767]},"properties":{"surveyed":"2022-07-02"}},{"type":"Feature","geometry":{"type":"Point","coordinates":[77.61878,12.98763]},"properties":{"surveyed":"2022-07-02"}},{"type":"Feature","geometry":{"type":"Point","coordinates":[77.58428,12.97817]},"properties":{"surveyed":"2022-07-06"}},{"type":"Feature","geometry":{"type":"Point","coordinates":[77.58742,12.97595]},"properties":{"surveyed":"2022-07-06"}},{"type":"Feature","geometry":{"type":"Point","coordinates":[77.59254,12.96577]},"properties":{"surveyed":"2022-07-05"}},{"type":"Feature","geometry":{"type":"Point","coordinates":[77.56661,12.9821]},"properties":{"surveyed":"2022-07-05"}},{"type":"Feature","geometry":{"type":"Point","coordinates":[77.61427,12.96857]},"properties":{"surveyed":"2022-07-05"}},{"type":"Feature","geometry":{"type":"Point","coordinates":[77.55598,12.98748]},"properties":{"surveyed":"2022-07-05"}},{"type":"Feature","geometry":{"type":"Point","coordinates":[77.55598,12.98749]},"properties":{"surveyed":"2022-07-05"}},{"type":"Feature","geometry":{"type":"Point","coordinates":[77.55083,12.99018]},"properties":{"surveyed":"2022-07-05"}},{"type":"Feature","geometry":{"type":"Point","coordinates":[77.55084,12.99018]},"properties":{"surveyed":"2022-07-05"}},{"type":"Feature","geometry":{"type":"Point","coordinates":[77.55086,12.99614]},"properties":{"surveyed":"2022-07-05"}},{"type":"Feature","geometry":{"type":"Point","coordinates":[77.67429,12.8446]},"properties":{"surveyed":"2022-07-10"}},{"type":"Feature","geometry":{"type":"Point","coordinates":[77.67429,12.8446]},"properties":{"surveyed":"2022-07-10"}},{"type":"Feature","geometry":{"type":"Point","coordinates":[77.67398,12.84727]},"properties":{"surveyed":"2022-07-10"}},{"type":"Feature","geometry":{"type":"Point","coordinates":[77.67711,12.84855]},"properties":{"surveyed":"2022-07-10"}},{"type":"Feature","geometry":{"type":"Point","coordinates":[77.67398,12.84727]},"properties":{"surveyed":"2022-07-10"}},{"type":"Feature","geometry":{"type":"Point","coordinates":[77.67748,12.84872]},"properties":{"surveyed":"2022-07-10"}},{"type":"Feature","geometry":{"type":"Point","coordinates":[77.67776,12.84881]},"properties":{"surveyed":"2022-07-10"}},{"type":"Feature","geometry":{"type":"Point","coordinates":[77.67828,12.84906]},"properties":{"surveyed":"2022-07-10"}},{"type":"Feature","geometry":{"type":"Point","coordinates":[77.67866,12.84925]},"properties":{"surveyed":"2022-07-10"}},{"type":"Feature","geometry":{"type":"Point","coordinates":[77.67907,12.8494]},"properties":{"surveyed":"2022-07-10"}},{"type":"Feature","geometry":{"type":"Point","coordinates":[77.67947,12.84958]},"properties":{"surveyed":"2022-07-10"}},{"type":"Feature","geometry":{"type":"Point","coordinates":[77.67708,12.84731]},"properties":{"surveyed":"2022-07-10"}},{"type":"Feature","geometry":{"type":"Point","coordinates":[77.6763,12.84751]},"properties":{"surveyed":"2022-07-10"}},{"type":"Feature","geometry":{"type":"Point","coordinates":[77.6778,12.84708]},"properties":{"surveyed":"2022-07-10"}},{"type":"Feature","geometry":{"type":"Point","coordinates":[77.62261,12.93945]},"properties":{"surveyed":"2022-07-10"}},{"type":"Feature","geometry":{"type":"Point","coordinates":[77.56271,13.01812]},"properties":{}},{"type":"Feature","geometry":{"type":"Point","coordinates":[77.56629,13.01662]},"properties":{}},{"type":"Feature","geometry":{"type":"Point","coordinates":[77.5663,13.01662]},"properties":{}},{"type":"Feature","geometry":{"type":"Point","coordinates":[77.58714,12.9595]},"properties":{"surveyed":"2022-07-13"}},{"type":"Feature","geometry":{"type":"Point","coordinates":[77.59457,12.98191]},"properties":{"surveyed":"2022-07-13"}},{"type":"Feature","geometry":{"type":"Point","coordinates":[77.59457,12.98191]},"properties":{"surveyed":"2022-07-13"}},{"type":"Feature","geometry":{"type":"Point","coordinates":[77.66282,12.83904]},"properties":{"surveyed":"2022-07-15"}},{"type":"Feature","geometry":{"type":"Point","coordinates":[77.66557,12.84481]},"properties":{"surveyed":"2022-07-15"}},{"type":"Feature","geometry":{"type":"Point","coordinates":[77.66323,12.8404]},"properties":{"surveyed":"2022-07-15"}},{"type":"Feature","geometry":{"type":"Point","coordinates":[77.66488,12.84187]},"properties":{"surveyed":"2022-07-15"}},{"type":"Feature","geometry":{"type":"Point","coordinates":[77.66377,12.84067]},"properties":{"surveyed":"2022-07-15"}},{"type":"Feature","geometry":{"type":"Point","coordinates":[77.66416,12.84097]},"properties":{"surveyed":"2022-07-15"}},{"type":"Feature","geometry":{"type":"Point","coordinates":[77.6638,12.84077]},"properties":{"surveyed":"2022-07-15"}},{"type":"Feature","geometry":{"type":"Point","coordinates":[77.66482,12.84182]},"properties":{"surveyed":"2022-07-15"}},{"type":"Feature","geometry":{"type":"Point","coordinates":[77.66512,12.8424]},"properties":{"surveyed":"2022-07-15"}},{"type":"Feature","geometry":{"type":"Point","coordinates":[77.66441,12.84123]},"properties":{"surveyed":"2022-07-15"}},{"type":"Feature","geometry":{"type":"Point","coordinates":[77.66534,12.84296]},"properties":{"surveyed":"2022-07-15"}},{"type":"Feature","geometry":{"type":"Point","coordinates":[77.66554,12.8442]},"properties":{"surveyed":"2022-07-15"}},{"type":"Feature","geometry":{"type":"Point","coordinates":[77.66555,12.84554]},"properties":{"surveyed":"2022-07-15"}},{"type":"Feature","geometry":{"type":"Point","coordinates":[77.66556,12.84548]},"properties":{"surveyed":"2022-07-15"}},{"type":"Feature","geometry":{"type":"Point","coordinates":[77.66556,12.84548]},"properties":{"surveyed":"2022-07-15"}},{"type":"Feature","geometry":{"type":"Point","coordinates":[77.66449,12.8455]},"properties":{"surveyed":"2022-07-15"}},{"type":"Feature","geometry":{"type":"Point","coordinates":[77.66474,12.84543]},"properties":{"surveyed":"2022-07-15"}},{"type":"Feature","geometry":{"type":"Point","coordinates":[77.66448,12.84548]},"properties":{"surveyed":"2022-07-15"}},{"type":"Feature","geometry":{"type":"Point","coordinates":[77.66365,12.84545]},"properties":{"surveyed":"2022-07-15"}},{"type":"Feature","geometry":{"type":"Point","coordinates":[77.66352,12.8455]},"properties":{"surveyed":"2022-07-15"}},{"type":"Feature","geometry":{"type":"Point","coordinates":[77.66309,12.84547]},"properties":{"surveyed":"2022-07-15"}},{"type":"Feature","geometry":{"type":"Point","coordinates":[77.66433,12.84545]},"properties":{"surveyed":"2022-07-15"}},{"type":"Feature","geometry":{"type":"Point","coordinates":[77.66309,12.84547]},"properties":{"surveyed":"2022-07-15"}},{"type":"Feature","geometry":{"type":"Point","coordinates":[77.66352,12.8455]},"properties":{"surveyed":"2022-07-15"}},{"type":"Feature","geometry":{"type":"Point","coordinates":[77.66261,12.84553]},"properties":{"surveyed":"2022-07-15"}},{"type":"Feature","geometry":{"type":"Point","coordinates":[77.6626,12.84548]},"properties":{"surveyed":"2022-07-15"}},{"type":"Feature","geometry":{"type":"Point","coordinates":[77.66169,12.84556]},"properties":{"surveyed":"2022-07-15"}},{"type":"Feature","geometry":{"type":"Point","coordinates":[77.66042,12.84517]},"properties":{"surveyed":"2022-07-15"}},{"type":"Feature","geometry":{"type":"Point","coordinates":[77.66192,12.8455]},"properties":{"surveyed":"2022-07-15"}},{"type":"Feature","geometry":{"type":"Point","coordinates":[77.66162,12.84551]},"properties":{"surveyed":"2022-07-15"}},{"type":"Feature","geometry":{"type":"Point","coordinates":[77.6602,12.84518]},"properties":{"surveyed":"2022-07-15"}},{"type":"Feature","geometry":{"type":"Point","coordinates":[77.66041,12.84406]},"properties":{"surveyed":"2022-07-15"}},{"type":"Feature","geometry":{"type":"Point","coordinates":[77.66045,12.84351]},"properties":{"surveyed":"2022-07-15"}},{"type":"Feature","geometry":{"type":"Point","coordinates":[77.66082,12.84343]},"properties":{"surveyed":"2022-07-15"}},{"type":"Feature","geometry":{"type":"Point","coordinates":[77.66038,12.84449]},"properties":{"surveyed":"2022-07-15"}},{"type":"Feature","geometry":{"type":"Point","coordinates":[77.66114,12.84334]},"properties":{"surveyed":"2022-07-15"}},{"type":"Feature","geometry":{"type":"Point","coordinates":[77.66197,12.84331]},"properties":{"surveyed":"2022-07-15"}},{"type":"Feature","geometry":{"type":"Point","coordinates":[77.6602,12.84519]},"properties":{"surveyed":"2022-07-15"}},{"type":"Feature","geometry":{"type":"Point","coordinates":[77.66156,12.8433]},"properties":{"surveyed":"2022-07-15"}},{"type":"Feature","geometry":{"type":"Point","coordinates":[77.66264,12.84195]},"properties":{"surveyed":"2022-07-15"}},{"type":"Feature","geometry":{"type":"Point","coordinates":[77.66288,12.8414]},"properties":{"surveyed":"2022-07-15"}},{"type":"Feature","geometry":{"type":"Point","coordinates":[77.66041,12.84516]},"properties":{"surveyed":"2022-07-15"}},{"type":"Feature","geometry":{"type":"Point","coordinates":[77.66042,12.84327]},"properties":{"surveyed":"2022-07-15"}},{"type":"Feature","geometry":{"type":"Point","coordinates":[77.66222,12.84274]},"properties":{"surveyed":"2022-07-15"}},{"type":"Feature","geometry":{"type":"Point","coordinates":[77.66076,12.84337]},"properties":{"surveyed":"2022-07-15"}},{"type":"Feature","geometry":{"type":"Point","coordinates":[77.6612,12.84338]},"properties":{"surveyed":"2022-07-15"}},{"type":"Feature","geometry":{"type":"Point","coordinates":[77.66184,12.84327]},"properties":{"surveyed":"2022-07-15"}},{"type":"Feature","geometry":{"type":"Point","coordinates":[77.66213,12.84297]},"properties":{"surveyed":"2022-07-15"}},{"type":"Feature","geometry":{"type":"Point","coordinates":[77.66264,12.84195]},"properties":{"surveyed":"2022-07-15"}},{"type":"Feature","geometry":{"type":"Point","coordinates":[77.66309,12.84095]},"properties":{"surveyed":"2022-07-15"}},{"type":"Feature","geometry":{"type":"Point","coordinates":[77.66229,12.84318]},"properties":{"surveyed":"2022-07-15"}},{"type":"Feature","geometry":{"type":"Point","coordinates":[77.66242,12.84232]},"properties":{"surveyed":"2022-07-15"}},{"type":"Feature","geometry":{"type":"Point","coordinates":[77.63699,12.96685]},"properties":{"surveyed":"2022-07-17"}},{"type":"Feature","geometry":{"type":"Point","coordinates":[77.60309,12.91682]},"properties":{"surveyed":"2022-07-20"}},{"type":"Feature","geometry":{"type":"Point","coordinates":[77.59501,12.91678]},"properties":{"surveyed":"2022-07-20"}},{"type":"Feature","geometry":{"type":"Point","coordinates":[77.59502,12.91675]},"properties":{"surveyed":"2022-07-20"}},{"type":"Feature","geometry":{"type":"Point","coordinates":[77.59501,12.91677]},"properties":{"surveyed":"2022-07-20"}},{"type":"Feature","geometry":{"type":"Point","coordinates":[77.58959,12.9206]},"properties":{"surveyed":"2022-07-20"}},{"type":"Feature","geometry":{"type":"Point","coordinates":[77.58594,12.92164]},"properties":{"surveyed":"2022-07-20"}},{"type":"Feature","geometry":{"type":"Point","coordinates":[77.62928,13.01608]},"properties":{"surveyed":"2022-07-22"}},{"type":"Feature","geometry":{"type":"Point","coordinates":[77.58615,12.94552]},"properties":{"surveyed":"2022-07-23"}},{"type":"Feature","geometry":{"type":"Point","coordinates":[77.58276,12.94358]},"properties":{"surveyed":"2022-07-23"}},{"type":"Feature","geometry":{"type":"Point","coordinates":[77.59728,12.94321]},"properties":{"surveyed":"2022-07-23"}},{"type":"Feature","geometry":{"type":"Point","coordinates":[77.59732,12.94296]},"properties":{"surveyed":"2022-07-23"}},{"type":"Feature","geometry":{"type":"Point","coordinates":[77.55569,12.98951]},"properties":{"surveyed":"2022-07-23"}},{"type":"Feature","geometry":{"type":"Point","coordinates":[77.55246,12.99009]},"properties":{"surveyed":"2022-07-23"}},{"type":"Feature","geometry":{"type":"Point","coordinates":[77.57408,12.98884]},"properties":{"surveyed":"2022-07-23"}},{"type":"Feature","geometry":{"type":"Point","coordinates":[77.577,12.98821]},"properties":{"surveyed":"2022-07-23"}},{"type":"Feature","geometry":{"type":"Point","coordinates":[77.58224,12.98446]},"properties":{"surveyed":"2022-07-23"}},{"type":"Feature","geometry":{"type":"Point","coordinates":[77.59479,12.96833]},"properties":{"surveyed":"2022-07-23"}},{"type":"Feature","geometry":{"type":"Point","coordinates":[77.54017,13.02855]},"properties":{"surveyed":"2022-07-23"}},{"type":"Feature","geometry":{"type":"Point","coordinates":[77.54404,13.0263]},"properties":{"surveyed":"2022-07-23"}},{"type":"Feature","geometry":{"type":"Point","coordinates":[77.54844,13.00777]},"properties":{"surveyed":"2022-07-23"}},{"type":"Feature","geometry":{"type":"Point","coordinates":[77.54844,13.00777]},"properties":{"surveyed":"2022-07-23"}},{"type":"Feature","geometry":{"type":"Point","coordinates":[77.54844,13.00775]},"properties":{"surveyed":"2022-07-23"}},{"type":"Feature","geometry":{"type":"Point","coordinates":[77.54844,13.00775]},"properties":{"surveyed":"2022-07-23"}},{"type":"Feature","geometry":{"type":"Point","coordinates":[77.60075,13.04379]},"properties":{"surveyed":"2022-07-23"}},{"type":"Feature","geometry":{"type":"Point","coordinates":[77.60047,13.04378]},"properties":{"surveyed":"2022-07-23"}},{"type":"Feature","geometry":{"type":"Point","coordinates":[77.59067,13.04291]},"properties":{"surveyed":"2022-07-23"}},{"type":"Feature","geometry":{"type":"Point","coordinates":[77.59028,13.04298]},"properties":{"surveyed":"2022-07-23"}},{"type":"Feature","geometry":{"type":"Point","coordinates":[77.59008,13.04274]},"properties":{"surveyed":"2022-07-23"}},{"type":"Feature","geometry":{"type":"Point","coordinates":[77.56862,13.04703]},"properties":{"surveyed":"2022-07-23"}},{"type":"Feature","geometry":{"type":"Point","coordinates":[77.56862,13.047]},"properties":{"surveyed":"2022-07-23"}},{"type":"Feature","geometry":{"type":"Point","coordinates":[77.54718,13.04177]},"properties":{"surveyed":"2022-07-23"}},{"type":"Feature","geometry":{"type":"Point","coordinates":[77.5472,13.04179]},"properties":{"surveyed":"2022-07-23"}},{"type":"Feature","geometry":{"type":"Point","coordinates":[77.5472,13.04178]},"properties":{"surveyed":"2022-07-23"}},{"type":"Feature","geometry":{"type":"Point","coordinates":[77.58832,12.94938]},"properties":{"surveyed":"2022-07-31"}},{"type":"Feature","geometry":{"type":"Point","coordinates":[77.58832,12.94938]},"properties":{"surveyed":"2022-07-31"}},{"type":"Feature","geometry":{"type":"Point","coordinates":[77.58832,12.94939]},"properties":{"surveyed":"2022-07-31"}},{"type":"Feature","geometry":{"type":"Point","coordinates":[77.58831,12.94938]},"properties":{"surveyed":"2022-07-31"}},{"type":"Feature","geometry":{"type":"Point","coordinates":[77.58638,12.94983]},"properties":{"surveyed":"2022-07-31"}},{"type":"Feature","geometry":{"type":"Point","coordinates":[77.58331,12.95066]},"properties":{"surveyed":"2022-07-31"}},{"type":"Feature","geometry":{"type":"Point","coordinates":[77.58331,12.95065]},"properties":{"surveyed":"2022-07-31"}},{"type":"Feature","geometry":{"type":"Point","coordinates":[77.59413,12.96424]},"properties":{"surveyed":"2022-07-31"}},{"type":"Feature","geometry":{"type":"Point","coordinates":[77.583,12.94942]},"properties":{"surveyed":"2022-07-31"}},{"type":"Feature","geometry":{"type":"Point","coordinates":[77.58081,12.94834]},"properties":{"surveyed":"2022-07-31"}},{"type":"Feature","geometry":{"type":"Point","coordinates":[77.58061,12.94834]},"properties":{"surveyed":"2022-07-31"}},{"type":"Feature","geometry":{"type":"Point","coordinates":[77.61328,12.96457]},"properties":{"surveyed":"2022-08-03"}},{"type":"Feature","geometry":{"type":"Point","coordinates":[77.6133,12.96457]},"properties":{"surveyed":"2022-08-03"}},{"type":"Feature","geometry":{"type":"Point","coordinates":[77.61483,12.96147]},"properties":{"surveyed":"2022-08-03"}},{"type":"Feature","geometry":{"type":"Point","coordinates":[77.61485,12.96148]},"properties":{"surveyed":"2022-08-03"}},{"type":"Feature","geometry":{"type":"Point","coordinates":[77.61215,12.9585]},"properties":{"surveyed":"2022-08-03"}},{"type":"Feature","geometry":{"type":"Point","coordinates":[77.61228,12.96625]},"properties":{"surveyed":"2022-08-03"}},{"type":"Feature","geometry":{"type":"Point","coordinates":[77.61229,12.96626]},"properties":{"surveyed":"2022-08-03"}},{"type":"Feature","geometry":{"type":"Point","coordinates":[77.56775,13.01468]},"properties":{"surveyed":"2022-08-06"}},{"type":"Feature","geometry":{"type":"Point","coordinates":[77.56776,13.0147]},"properties":{"surveyed":"2022-08-06"}},{"type":"Feature","geometry":{"type":"Point","coordinates":[77.56896,13.01352]},"properties":{"surveyed":"2022-08-06"}},{"type":"Feature","geometry":{"type":"Point","coordinates":[77.56897,13.01351]},"properties":{"surveyed":"2022-08-06"}},{"type":"Feature","geometry":{"type":"Point","coordinates":[77.56923,13.00555]},"properties":{"surveyed":"2022-08-06"}},{"type":"Feature","geometry":{"type":"Point","coordinates":[77.54955,13.00688]},"properties":{"surveyed":"2022-08-07"}},{"type":"Feature","geometry":{"type":"Point","coordinates":[77.54957,13.00688]},"properties":{"surveyed":"2022-08-07"}},{"type":"Feature","geometry":{"type":"Point","coordinates":[77.54956,13.00688]},"properties":{"surveyed":"2022-08-07"}},{"type":"Feature","geometry":{"type":"Point","coordinates":[77.54996,13.00429]},"properties":{"surveyed":"2022-08-07"}},{"type":"Feature","geometry":{"type":"Point","coordinates":[77.54995,13.0043]},"properties":{"surveyed":"2022-08-07"}},{"type":"Feature","geometry":{"type":"Point","coordinates":[77.54982,12.98334]},"properties":{"surveyed":"2022-08-07"}},{"type":"Feature","geometry":{"type":"Point","coordinates":[77.54982,12.98334]},"properties":{"surveyed":"2022-08-07"}},{"type":"Feature","geometry":{"type":"Point","coordinates":[77.54983,12.98334]},"properties":{"surveyed":"2022-08-07"}},{"type":"Feature","geometry":{"type":"Point","coordinates":[77.56415,12.87333]},"properties":{}},{"type":"Feature","geometry":{"type":"Point","coordinates":[77.60527,12.95183]},"properties":{"surveyed":"2022-08-13"}},{"type":"Feature","geometry":{"type":"Point","coordinates":[77.60527,12.95186]},"properties":{"surveyed":"2022-08-13"}},{"type":"Feature","geometry":{"type":"Point","coordinates":[77.60531,12.95187]},"properties":{"surveyed":"2022-08-13"}},{"type":"Feature","geometry":{"type":"Point","coordinates":[77.61422,12.95502]},"properties":{"surveyed":"2022-08-13"}},{"type":"Feature","geometry":{"type":"Point","coordinates":[77.61422,12.95502]},"properties":{"surveyed":"2022-08-13"}},{"type":"Feature","geometry":{"type":"Point","coordinates":[77.61422,12.95502]},"properties":{"surveyed":"2022-08-13"}},{"type":"Feature","geometry":{"type":"Point","coordinates":[77.55044,12.9976]},"properties":{"surveyed":"2022-08-14"}},{"type":"Feature","geometry":{"type":"Point","coordinates":[77.63382,12.93063]},"properties":{"surveyed":"2022-08-17"}},{"type":"Feature","geometry":{"type":"Point","coordinates":[77.62417,12.93089]},"properties":{"surveyed":"2022-08-17"}},{"type":"Feature","geometry":{"type":"Point","coordinates":[77.626,12.93424]},"properties":{"surveyed":"2022-08-17"}},{"type":"Feature","geometry":{"type":"Point","coordinates":[77.62679,12.93043]},"properties":{"surveyed":"2022-08-17"}},{"type":"Feature","geometry":{"type":"Point","coordinates":[77.62903,12.93063]},"properties":{"surveyed":"2022-08-17"}},{"type":"Feature","geometry":{"type":"Point","coordinates":[77.62499,12.93489]},"properties":{"surveyed":"2022-08-17"}},{"type":"Feature","geometry":{"type":"Point","coordinates":[77.62305,12.94213]},"properties":{"surveyed":"2022-08-17"}},{"type":"Feature","geometry":{"type":"Point","coordinates":[77.62305,12.94213]},"properties":{"surveyed":"2022-08-17"}},{"type":"Feature","geometry":{"type":"Point","coordinates":[77.62305,12.94213]},"properties":{"surveyed":"2022-08-17"}},{"type":"Feature","geometry":{"type":"Point","coordinates":[77.50462,13.03853]},"properties":{}},{"type":"Feature","geometry":{"type":"Point","coordinates":[77.55319,13.00236]},"properties":{"surveyed":"2022-08-21"}},{"type":"Feature","geometry":{"type":"Point","coordinates":[77.67488,12.84469]},"properties":{"surveyed":"2022-08-21"}},{"type":"Feature","geometry":{"type":"Point","coordinates":[77.67604,12.84495]},"properties":{"surveyed":"2022-08-21"}},{"type":"Feature","geometry":{"type":"Point","coordinates":[77.67907,12.84489]},"properties":{"surveyed":"2022-08-21"}},{"type":"Feature","geometry":{"type":"Point","coordinates":[77.68005,12.84493]},"properties":{"surveyed":"2022-08-21"}},{"type":"Feature","geometry":{"type":"Point","coordinates":[77.68097,12.84495]},"properties":{"surveyed":"2022-08-21"}},{"type":"Feature","geometry":{"type":"Point","coordinates":[77.67707,12.84493]},"properties":{"surveyed":"2022-08-21"}},{"type":"Feature","geometry":{"type":"Point","coordinates":[77.68107,12.84569]},"properties":{"surveyed":"2022-08-21"}},{"type":"Feature","geometry":{"type":"Point","coordinates":[77.68076,12.84682]},"properties":{"surveyed":"2022-08-21"}},{"type":"Feature","geometry":{"type":"Point","coordinates":[77.60767,12.94365]},"properties":{"surveyed":"2022-08-21","operator":"BTP"}},{"type":"Feature","geometry":{"type":"Point","coordinates":[77.54868,12.88326]},"properties":{}},{"type":"Feature","geometry":{"type":"Point","coordinates":[77.61203,13.00196]},"properties":{"surveyed":"2022-08-26"}},{"type":"Feature","geometry":{"type":"Point","coordinates":[77.5656,13.01398]},"properties":{"surveyed":"2022-08-26"}},{"type":"Feature","geometry":{"type":"Point","coordinates":[77.61203,13.00196]},"properties":{"surveyed":"2022-08-26"}},{"type":"Feature","geometry":{"type":"Point","coordinates":[77.5728,13.0146]},"properties":{"surveyed":"2022-08-26"}},{"type":"Feature","geometry":{"type":"Point","coordinates":[77.57366,13.01465]},"properties":{"surveyed":"2022-08-26"}},{"type":"Feature","geometry":{"type":"Point","coordinates":[77.5728,13.0146]},"properties":{"surveyed":"2022-08-26"}},{"type":"Feature","geometry":{"type":"Point","coordinates":[77.58403,13.01455]},"properties":{"surveyed":"2022-08-26"}},{"type":"Feature","geometry":{"type":"Point","coordinates":[77.56906,13.01264]},"properties":{"surveyed":"2022-08-26"}},{"type":"Feature","geometry":{"type":"Point","coordinates":[77.5656,13.01398]},"properties":{"surveyed":"2022-08-26"}},{"type":"Feature","geometry":{"type":"Point","coordinates":[77.58403,13.01455]},"properties":{"surveyed":"2022-08-26"}},{"type":"Feature","geometry":{"type":"Point","coordinates":[77.63937,12.97676]},"properties":{}},{"type":"Feature","geometry":{"type":"Point","coordinates":[77.63557,12.95889]},"properties":{}},{"type":"Feature","geometry":{"type":"Point","coordinates":[77.55246,12.99003]},"properties":{}},{"type":"Feature","geometry":{"type":"Point","coordinates":[77.55432,12.98751]},"properties":{}},{"type":"Feature","geometry":{"type":"Point","coordinates":[77.57584,12.97512]},"properties":{}},{"type":"Feature","geometry":{"type":"Point","coordinates":[77.57584,12.97513]},"properties":{}},{"type":"Feature","geometry":{"type":"Point","coordinates":[77.58356,12.9712]},"properties":{}},{"type":"Feature","geometry":{"type":"Point","coordinates":[77.58357,12.97119]},"properties":{}},{"type":"Feature","geometry":{"type":"Point","coordinates":[77.58745,12.9669]},"properties":{}},{"type":"Feature","geometry":{"type":"Point","coordinates":[77.60872,12.9666]},"properties":{}},{"type":"Feature","geometry":{"type":"Point","coordinates":[77.61116,12.96706]},"properties":{}},{"type":"Feature","geometry":{"type":"Point","coordinates":[77.61118,12.96706]},"properties":{}},{"type":"Feature","geometry":{"type":"Point","coordinates":[77.59519,12.95127]},"properties":{}},{"type":"Feature","geometry":{"type":"Point","coordinates":[77.59517,12.95127]},"properties":{}},{"type":"Feature","geometry":{"type":"Point","coordinates":[77.59517,12.95129]},"properties":{}},{"type":"Feature","geometry":{"type":"Point","coordinates":[77.60532,12.95494]},"properties":{}},{"type":"Feature","geometry":{"type":"Point","coordinates":[77.60507,12.9574]},"properties":{}},{"type":"Feature","geometry":{"type":"Point","coordinates":[77.60512,12.95734]},"properties":{}},{"type":"Feature","geometry":{"type":"Point","coordinates":[77.60547,12.95919]},"properties":{}},{"type":"Feature","geometry":{"type":"Point","coordinates":[77.60374,12.95845]},"properties":{}},{"type":"Feature","geometry":{"type":"Point","coordinates":[77.60373,12.95842]},"properties":{}},{"type":"Feature","geometry":{"type":"Point","coordinates":[77.60375,12.95842]},"properties":{}},{"type":"Feature","geometry":{"type":"Point","coordinates":[77.60376,12.95845]},"properties":{}},{"type":"Feature","geometry":{"type":"Point","coordinates":[77.60576,12.96455]},"properties":{}},{"type":"Feature","geometry":{"type":"Point","coordinates":[77.55615,13.00803]},"properties":{"surveyed":"2022-10-22"}},{"type":"Feature","geometry":{"type":"Point","coordinates":[77.55616,13.00802]},"properties":{"surveyed":"2022-10-22"}},{"type":"Feature","geometry":{"type":"Point","coordinates":[77.58376,13.01459]},"properties":{"surveyed":"2022-10-22"}},{"type":"Feature","geometry":{"type":"Point","coordinates":[77.58374,13.01459]},"properties":{"surveyed":"2022-10-22"}},{"type":"Feature","geometry":{"type":"Point","coordinates":[77.5728,13.01461]},"properties":{"surveyed":"2022-10-22"}},{"type":"Feature","geometry":{"type":"Point","coordinates":[77.5728,13.01461]},"properties":{"surveyed":"2022-10-22"}},{"type":"Feature","geometry":{"type":"Point","coordinates":[77.57281,13.01461]},"properties":{"surveyed":"2022-10-22"}},{"type":"Feature","geometry":{"type":"Point","coordinates":[77.56552,13.01405]},"properties":{"surveyed":"2022-10-22"}},{"type":"Feature","geometry":{"type":"Point","coordinates":[77.56551,13.01406]},"properties":{"surveyed":"2022-10-22"}},{"type":"Feature","geometry":{"type":"Point","coordinates":[77.54995,13.00411]},"properties":{"surveyed":"2022-10-22"}},{"type":"Feature","geometry":{"type":"Point","coordinates":[77.54993,13.0041]},"properties":{"surveyed":"2022-10-22"}},{"type":"Feature","geometry":{"type":"Point","coordinates":[77.58195,12.97967]},"properties":{"surveyed":"2022-10-23"}},{"type":"Feature","geometry":{"type":"Point","coordinates":[77.56898,13.01203]},"properties":{"surveyed":"2022-10-23"}},{"type":"Feature","geometry":{"type":"Point","coordinates":[77.56897,13.01206]},"properties":{"surveyed":"2022-10-23"}},{"type":"Feature","geometry":{"type":"Point","coordinates":[77.55074,12.98771]},"properties":{"surveyed":"2022-10-23"}},{"type":"Feature","geometry":{"type":"Point","coordinates":[77.55072,12.9877]},"properties":{"surveyed":"2022-10-23"}},{"type":"Feature","geometry":{"type":"Point","coordinates":[77.5507,12.98771]},"properties":{"surveyed":"2022-10-23"}},{"type":"Feature","geometry":{"type":"Point","coordinates":[77.55073,12.98771]},"properties":{"surveyed":"2022-10-23"}},{"type":"Feature","geometry":{"type":"Point","coordinates":[77.55086,12.99615]},"properties":{"surveyed":"2022-10-23"}},{"type":"Feature","geometry":{"type":"Point","coordinates":[77.54876,12.99915]},"properties":{"surveyed":"2022-10-23"}},{"type":"Feature","geometry":{"type":"Point","coordinates":[77.54877,12.99914]},"properties":{"surveyed":"2022-10-23"}},{"type":"Feature","geometry":{"type":"Point","coordinates":[77.59058,13.00995]},"properties":{"surveyed":"2022-10-23"}},{"type":"Feature","geometry":{"type":"Point","coordinates":[77.59058,13.00996]},"properties":{"surveyed":"2022-10-23"}},{"type":"Feature","geometry":{"type":"Point","coordinates":[77.59057,13.00996]},"properties":{"surveyed":"2022-10-23"}},{"type":"Feature","geometry":{"type":"Point","coordinates":[77.60471,12.97091]},"properties":{"surveyed":"2022-10-23"}},{"type":"Feature","geometry":{"type":"Point","coordinates":[77.60024,12.96807]},"properties":{"surveyed":"2022-10-23"}},{"type":"Feature","geometry":{"type":"Point","coordinates":[77.60024,12.96805]},"properties":{"surveyed":"2022-10-23"}},{"type":"Feature","geometry":{"type":"Point","coordinates":[77.60024,12.96806]},"properties":{"surveyed":"2022-10-23"}},{"type":"Feature","geometry":{"type":"Point","coordinates":[77.60018,12.968]},"properties":{"surveyed":"2022-10-23"}},{"type":"Feature","geometry":{"type":"Point","coordinates":[77.60016,12.96799]},"properties":{"surveyed":"2022-10-23"}},{"type":"Feature","geometry":{"type":"Point","coordinates":[77.59202,12.97065]},"properties":{"surveyed":"2022-10-23"}},{"type":"Feature","geometry":{"type":"Point","coordinates":[77.58943,12.96834]},"properties":{"surveyed":"2022-10-23"}},{"type":"Feature","geometry":{"type":"Point","coordinates":[77.6449,13.05529]},"properties":{"surveyed":"2022-10-23"}},{"type":"Feature","geometry":{"type":"Point","coordinates":[77.64491,13.05529]},"properties":{"surveyed":"2022-10-23"}},{"type":"Feature","geometry":{"type":"Point","coordinates":[77.64491,13.05529]},"properties":{"surveyed":"2022-10-23"}},{"type":"Feature","geometry":{"type":"Point","coordinates":[77.63306,13.02804]},"properties":{"surveyed":"2022-10-23"}},{"type":"Feature","geometry":{"type":"Point","coordinates":[77.60402,13.0436]},"properties":{"surveyed":"2022-10-23"}},{"type":"Feature","geometry":{"type":"Point","coordinates":[77.60404,13.04359]},"properties":{"surveyed":"2022-10-23"}},{"type":"Feature","geometry":{"type":"Point","coordinates":[77.60406,13.0436]},"properties":{"surveyed":"2022-10-23"}},{"type":"Feature","geometry":{"type":"Point","coordinates":[77.5848,13.02322]},"properties":{"surveyed":"2022-10-23"}},{"type":"Feature","geometry":{"type":"Point","coordinates":[77.58481,13.02324]},"properties":{"surveyed":"2022-10-23"}},{"type":"Feature","geometry":{"type":"Point","coordinates":[77.56977,12.99323]},"properties":{"surveyed":"2022-10-29"}},{"type":"Feature","geometry":{"type":"Point","coordinates":[77.56977,12.99323]},"properties":{"surveyed":"2022-10-29"}},{"type":"Feature","geometry":{"type":"Point","coordinates":[77.56936,12.99321]},"properties":{"surveyed":"2022-10-29"}},{"type":"Feature","geometry":{"type":"Point","coordinates":[77.56935,12.99321]},"properties":{"surveyed":"2022-10-29"}},{"type":"Feature","geometry":{"type":"Point","coordinates":[77.57216,12.98995]},"properties":{"surveyed":"2022-11-13"}},{"type":"Feature","geometry":{"type":"Point","coordinates":[77.58786,12.9842]},"properties":{"surveyed":"2022-11-13"}},{"type":"Feature","geometry":{"type":"Point","coordinates":[77.58785,12.98421]},"properties":{"surveyed":"2022-11-13"}},{"type":"Feature","geometry":{"type":"Point","coordinates":[77.58785,12.98419]},"properties":{"surveyed":"2022-11-13"}},{"type":"Feature","geometry":{"type":"Point","coordinates":[77.58786,12.98422]},"properties":{"surveyed":"2022-11-13"}},{"type":"Feature","geometry":{"type":"Point","coordinates":[77.5754,12.99185]},"properties":{"surveyed":"2022-11-13"}},{"type":"Feature","geometry":{"type":"Point","coordinates":[77.57541,12.99185]},"properties":{"surveyed":"2022-11-13"}},{"type":"Feature","geometry":{"type":"Point","coordinates":[77.56935,12.99693]},"properties":{"surveyed":"2022-11-13"}},{"type":"Feature","geometry":{"type":"Point","coordinates":[77.56676,12.99695]},"properties":{"surveyed":"2022-11-13"}},{"type":"Feature","geometry":{"type":"Point","coordinates":[77.56674,12.99695]},"properties":{"surveyed":"2022-11-13"}},{"type":"Feature","geometry":{"type":"Point","coordinates":[77.59266,12.98422]},"properties":{"surveyed":"2022-11-13"}},{"type":"Feature","geometry":{"type":"Point","coordinates":[77.61987,12.9726]},"properties":{"surveyed":"2022-11-19"}},{"type":"Feature","geometry":{"type":"Point","coordinates":[77.59294,13.02497]},"properties":{"surveyed":"2022-11-22"}},{"type":"Feature","geometry":{"type":"Point","coordinates":[77.61939,12.97265]},"properties":{"surveyed":"2022-11-19"}},{"type":"Feature","geometry":{"type":"Point","coordinates":[77.59294,13.02497]},"properties":{"surveyed":"2022-11-22"}},{"type":"Feature","geometry":{"type":"Point","coordinates":[77.57048,13.01715]},"properties":{}},{"type":"Feature","geometry":{"type":"Point","coordinates":[77.57051,13.01715]},"properties":{}},{"type":"Feature","geometry":{"type":"Point","coordinates":[77.56626,13.01599]},"properties":{}},{"type":"Feature","geometry":{"type":"Point","coordinates":[77.56629,13.01599]},"properties":{}},{"type":"Feature","geometry":{"type":"Point","coordinates":[77.5924,13.00734]},"properties":{"surveyed":"2022-11-22"}},{"type":"Feature","geometry":{"type":"Point","coordinates":[77.62007,12.92547]},"properties":{"surveyed":"2022-11-23"}},{"type":"Feature","geometry":{"type":"Point","coordinates":[77.62004,12.92553]},"properties":{"surveyed":"2022-11-23"}},{"type":"Feature","geometry":{"type":"Point","coordinates":[77.6302,12.93483]},"properties":{"surveyed":"2022-11-27"}},{"type":"Feature","geometry":{"type":"Point","coordinates":[77.63306,12.9296]},"properties":{"surveyed":"2022-11-27"}},{"type":"Feature","geometry":{"type":"Point","coordinates":[77.63306,12.9296]},"properties":{"surveyed":"2022-11-27"}},{"type":"Feature","geometry":{"type":"Point","coordinates":[77.6302,12.93483]},"properties":{"surveyed":"2022-11-27"}},{"type":"Feature","geometry":{"type":"Point","coordinates":[77.63318,12.92958]},"properties":{"surveyed":"2022-11-27"}},{"type":"Feature","geometry":{"type":"Point","coordinates":[77.63302,12.93]},"properties":{"surveyed":"2022-11-27"}},{"type":"Feature","geometry":{"type":"Point","coordinates":[77.63364,12.92516]},"properties":{"surveyed":"2022-11-27"}},{"type":"Feature","geometry":{"type":"Point","coordinates":[77.62288,12.94229]},"properties":{"surveyed":"2022-11-27"}},{"type":"Feature","geometry":{"type":"Point","coordinates":[77.62253,12.94261]},"properties":{"surveyed":"2022-11-27"}},{"type":"Feature","geometry":{"type":"Point","coordinates":[77.62023,12.94922]},"properties":{"surveyed":"2022-11-27"}},{"type":"Feature","geometry":{"type":"Point","coordinates":[77.61777,12.96531]},"properties":{"surveyed":"2022-11-27"}},{"type":"Feature","geometry":{"type":"Point","coordinates":[77.59616,13.00291]},"properties":{"surveyed":"2022-11-30"}},{"type":"Feature","geometry":{"type":"Point","coordinates":[77.59991,12.99982]},"properties":{"surveyed":"2022-11-30"}},{"type":"Feature","geometry":{"type":"Point","coordinates":[77.59649,12.98059]},"properties":{"surveyed":"2022-11-28"}},{"type":"Feature","geometry":{"type":"Point","coordinates":[77.59988,12.99978]},"properties":{"surveyed":"2022-11-30"}},{"type":"Feature","geometry":{"type":"Point","coordinates":[77.5801,12.91992]},"properties":{"surveyed":"2022-11-30"}},{"type":"Feature","geometry":{"type":"Point","coordinates":[77.54798,13.01241]},"properties":{}},{"type":"Feature","geometry":{"type":"Point","coordinates":[77.54797,13.01243]},"properties":{}},{"type":"Feature","geometry":{"type":"Point","coordinates":[77.54847,13.01497]},"properties":{}},{"type":"Feature","geometry":{"type":"Point","coordinates":[77.54849,13.015]},"properties":{}},{"type":"Feature","geometry":{"type":"Point","coordinates":[77.59492,12.98205]},"properties":{"surveyed":"2022-12-04"}},{"type":"Feature","geometry":{"type":"Point","coordinates":[77.59558,12.98309]},"properties":{"surveyed":"2022-12-04"}},{"type":"Feature","geometry":{"type":"Point","coordinates":[77.59358,12.98873]},"properties":{"surveyed":"2022-12-04"}},{"type":"Feature","geometry":{"type":"Point","coordinates":[77.59491,12.98206]},"properties":{"surveyed":"2022-12-04"}},{"type":"Feature","geometry":{"type":"Point","coordinates":[77.5971,12.98438]},"properties":{"surveyed":"2022-12-04"}},{"type":"Feature","geometry":{"type":"Point","coordinates":[77.59556,12.9831]},"properties":{"surveyed":"2022-12-04"}},{"type":"Feature","geometry":{"type":"Point","coordinates":[77.59557,12.98309]},"properties":{"surveyed":"2022-12-04"}},{"type":"Feature","geometry":{"type":"Point","coordinates":[77.59711,12.98438]},"properties":{"surveyed":"2022-12-04"}},{"type":"Feature","geometry":{"type":"Point","coordinates":[77.59818,12.99348]},"properties":{"surveyed":"2022-12-04"}},{"type":"Feature","geometry":{"type":"Point","coordinates":[77.59312,12.98925]},"properties":{"surveyed":"2022-12-04"}},{"type":"Feature","geometry":{"type":"Point","coordinates":[77.59312,12.98925]},"properties":{"surveyed":"2022-12-04"}},{"type":"Feature","geometry":{"type":"Point","coordinates":[77.59306,12.98922]},"properties":{"surveyed":"2022-12-04"}},{"type":"Feature","geometry":{"type":"Point","coordinates":[77.59432,12.99183]},"properties":{"surveyed":"2022-12-04"}},{"type":"Feature","geometry":{"type":"Point","coordinates":[77.59272,12.98966]},"properties":{"surveyed":"2022-12-04"}},{"type":"Feature","geometry":{"type":"Point","coordinates":[77.59818,12.99348]},"properties":{"surveyed":"2022-12-04"}},{"type":"Feature","geometry":{"type":"Point","coordinates":[77.59818,12.99348]},"properties":{"surveyed":"2022-12-04"}},{"type":"Feature","geometry":{"type":"Point","coordinates":[77.5983,12.99322]},"properties":{"surveyed":"2022-12-04"}},{"type":"Feature","geometry":{"type":"Point","coordinates":[77.59703,12.98102]},"properties":{"surveyed":"2022-12-07"}},{"type":"Feature","geometry":{"type":"Point","coordinates":[77.59726,12.98068]},"properties":{"surveyed":"2022-12-07"}},{"type":"Feature","geometry":{"type":"Point","coordinates":[77.59558,12.99359]},"properties":{"surveyed":"2022-12-14"}},{"type":"Feature","geometry":{"type":"Point","coordinates":[77.59578,12.99365]},"properties":{"surveyed":"2022-12-14"}},{"type":"Feature","geometry":{"type":"Point","coordinates":[77.59558,12.99359]},"properties":{"surveyed":"2022-12-14"}},{"type":"Feature","geometry":{"type":"Point","coordinates":[77.60406,12.97524]},"properties":{"surveyed":"2022-12-14"}},{"type":"Feature","geometry":{"type":"Point","coordinates":[77.60107,12.97229]},"properties":{}},{"type":"Feature","geometry":{"type":"Point","coordinates":[77.60106,12.97229]},"properties":{}},{"type":"Feature","geometry":{"type":"Point","coordinates":[77.5502,13.00302]},"properties":{}},{"type":"Feature","geometry":{"type":"Point","coordinates":[77.5502,13.00303]},"properties":{}},{"type":"Feature","geometry":{"type":"Point","coordinates":[77.55291,13.00426]},"properties":{}},{"type":"Feature","geometry":{"type":"Point","coordinates":[77.55292,13.00426]},"properties":{}},{"type":"Feature","geometry":{"type":"Point","coordinates":[77.55293,13.00426]},"properties":{}},{"type":"Feature","geometry":{"type":"Point","coordinates":[77.59445,12.98185]},"properties":{}},{"type":"Feature","geometry":{"type":"Point","coordinates":[77.59441,12.97013]},"properties":{}},{"type":"Feature","geometry":{"type":"Point","coordinates":[77.58873,12.96793]},"properties":{}},{"type":"Feature","geometry":{"type":"Point","coordinates":[77.58873,12.96794]},"properties":{}},{"type":"Feature","geometry":{"type":"Point","coordinates":[77.57244,12.98045]},"properties":{}},{"type":"Feature","geometry":{"type":"Point","coordinates":[77.57244,12.98044]},"properties":{}},{"type":"Feature","geometry":{"type":"Point","coordinates":[77.57244,12.98044]},"properties":{}},{"type":"Feature","geometry":{"type":"Point","coordinates":[77.5712,12.98029]},"properties":{}},{"type":"Feature","geometry":{"type":"Point","coordinates":[77.5712,12.98028]},"properties":{}},{"type":"Feature","geometry":{"type":"Point","coordinates":[77.5712,12.98029]},"properties":{}},{"type":"Feature","geometry":{"type":"Point","coordinates":[77.56811,12.9826]},"properties":{}},{"type":"Feature","geometry":{"type":"Point","coordinates":[77.56811,12.98259]},"properties":{}},{"type":"Feature","geometry":{"type":"Point","coordinates":[77.56664,12.98207]},"properties":{}},{"type":"Feature","geometry":{"type":"Point","coordinates":[77.56663,12.98206]},"properties":{}},{"type":"Feature","geometry":{"type":"Point","coordinates":[77.56663,12.98206]},"properties":{}},{"type":"Feature","geometry":{"type":"Point","coordinates":[77.5647,12.98237]},"properties":{}},{"type":"Feature","geometry":{"type":"Point","coordinates":[77.5647,12.98237]},"properties":{}},{"type":"Feature","geometry":{"type":"Point","coordinates":[77.57137,12.99336]},"properties":{}},{"type":"Feature","geometry":{"type":"Point","coordinates":[77.57136,12.99336]},"properties":{}},{"type":"Feature","geometry":{"type":"Point","coordinates":[77.57138,12.99335]},"properties":{}},{"type":"Feature","geometry":{"type":"Point","coordinates":[77.57137,12.99336]},"properties":{}},{"type":"Feature","geometry":{"type":"Point","coordinates":[77.56397,12.99631]},"properties":{}},{"type":"Feature","geometry":{"type":"Point","coordinates":[77.56398,12.9963]},"properties":{}},{"type":"Feature","geometry":{"type":"Point","coordinates":[77.56399,12.99631]},"properties":{}},{"type":"Feature","geometry":{"type":"Point","coordinates":[77.55305,12.99804]},"properties":{}},{"type":"Feature","geometry":{"type":"Point","coordinates":[77.55305,12.99804]},"properties":{}},{"type":"Feature","geometry":{"type":"Point","coordinates":[77.55014,12.99756]},"properties":{}},{"type":"Feature","geometry":{"type":"Point","coordinates":[77.55015,12.99756]},"properties":{}},{"type":"Feature","geometry":{"type":"Point","coordinates":[77.57788,12.98768]},"properties":{}},{"type":"Feature","geometry":{"type":"Point","coordinates":[77.57789,12.98769]},"properties":{}},{"type":"Feature","geometry":{"type":"Point","coordinates":[77.55946,12.99759]},"properties":{}},{"type":"Feature","geometry":{"type":"Point","coordinates":[77.55947,12.9976]},"properties":{}},{"type":"Feature","geometry":{"type":"Point","coordinates":[77.55878,12.99783]},"properties":{}},{"type":"Feature","geometry":{"type":"Point","coordinates":[77.60477,12.97078]},"properties":{}},{"type":"Feature","geometry":{"type":"Point","coordinates":[77.59836,12.96657]},"properties":{}},{"type":"Feature","geometry":{"type":"Point","coordinates":[77.58009,12.91993]},"properties":{"surveyed":"2022-12-29"}},{"type":"Feature","geometry":{"type":"Point","coordinates":[77.58055,12.94375]},"properties":{}},{"type":"Feature","geometry":{"type":"Point","coordinates":[77.54869,13.00206]},"properties":{}},{"type":"Feature","geometry":{"type":"Point","coordinates":[77.54871,13.00205]},"properties":{}},{"type":"Feature","geometry":{"type":"Point","coordinates":[77.5487,13.00206]},"properties":{}},{"type":"Feature","geometry":{"type":"Point","coordinates":[77.54864,12.99961]},"properties":{}},{"type":"Feature","geometry":{"type":"Point","coordinates":[77.54864,12.99962]},"properties":{}},{"type":"Feature","geometry":{"type":"Point","coordinates":[77.58419,13.02327]},"properties":{}},{"type":"Feature","geometry":{"type":"Point","coordinates":[77.5842,13.02326]},"properties":{}},{"type":"Feature","geometry":{"type":"Point","coordinates":[77.57586,13.01488]},"properties":{}},{"type":"Feature","geometry":{"type":"Point","coordinates":[77.57588,13.01488]},"properties":{}},{"type":"Feature","geometry":{"type":"Point","coordinates":[77.5728,13.01512]},"properties":{}},{"type":"Feature","geometry":{"type":"Point","coordinates":[77.57278,13.01512]},"properties":{}},{"type":"Feature","geometry":{"type":"Point","coordinates":[77.6223,13.04134]},"properties":{}},{"type":"Feature","geometry":{"type":"Point","coordinates":[77.62231,13.04135]},"properties":{}},{"type":"Feature","geometry":{"type":"Point","coordinates":[77.64772,13.01231]},"properties":{"surveyed":"2023-02-04"}},{"type":"Feature","geometry":{"type":"Point","coordinates":[77.70499,13.02083]},"properties":{"surveyed":"2023-02-04"}},{"type":"Feature","geometry":{"type":"Point","coordinates":[77.6211,12.95658]},"properties":{"surveyed":"2023-02-04"}},{"type":"Feature","geometry":{"type":"Point","coordinates":[77.6211,12.95658]},"properties":{"surveyed":"2023-02-04"}},{"type":"Feature","geometry":{"type":"Point","coordinates":[77.60445,12.9718]},"properties":{"surveyed":"2023-02-05"}},{"type":"Feature","geometry":{"type":"Point","coordinates":[77.60266,12.97546]},"properties":{"surveyed":"2023-02-05"}},{"type":"Feature","geometry":{"type":"Point","coordinates":[77.60266,12.97546]},"properties":{"surveyed":"2023-02-05"}},{"type":"Feature","geometry":{"type":"Point","coordinates":[77.57847,13.00668]},"properties":{"surveyed":"2023-02-06"}},{"type":"Feature","geometry":{"type":"Point","coordinates":[77.57888,13.00646]},"properties":{"surveyed":"2023-02-06"}},{"type":"Feature","geometry":{"type":"Point","coordinates":[77.57888,13.00646]},"properties":{"surveyed":"2023-02-06"}},{"type":"Feature","geometry":{"type":"Point","coordinates":[77.5788,13.00632]},"properties":{"surveyed":"2023-02-06"}},{"type":"Feature","geometry":{"type":"Point","coordinates":[77.57842,13.00657]},"properties":{"surveyed":"2023-02-06"}},{"type":"Feature","geometry":{"type":"Point","coordinates":[77.71807,12.92787]},"properties":{}},{"type":"Feature","geometry":{"type":"Point","coordinates":[77.62087,12.96689]},"properties":{}},{"type":"Feature","geometry":{"type":"Point","coordinates":[77.63146,12.93537]},"properties":{}},{"type":"Feature","geometry":{"type":"Point","coordinates":[77.63144,12.93537]},"properties":{}},{"type":"Feature","geometry":{"type":"Point","coordinates":[77.6226,12.93351]},"properties":{"surveyed":"2023-02-25"}},{"type":"Feature","geometry":{"type":"Point","coordinates":[77.6226,12.93351]},"properties":{"surveyed":"2023-02-25"}},{"type":"Feature","geometry":{"type":"Point","coordinates":[77.65179,12.91585]},"properties":{}},{"type":"Feature","geometry":{"type":"Point","coordinates":[77.54858,13.00617]},"properties":{}},{"type":"Feature","geometry":{"type":"Point","coordinates":[77.54859,13.00616]},"properties":{}},{"type":"Feature","geometry":{"type":"Point","coordinates":[77.54774,13.00174]},"properties":{}},{"type":"Feature","geometry":{"type":"Point","coordinates":[77.54773,13.00174]},"properties":{}},{"type":"Feature","geometry":{"type":"Point","coordinates":[77.62858,13.04755]},"properties":{}},{"type":"Feature","geometry":{"type":"Point","coordinates":[77.63035,13.05049]},"properties":{}},{"type":"Feature","geometry":{"type":"Point","coordinates":[77.63037,13.05048]},"properties":{}},{"type":"Feature","geometry":{"type":"Point","coordinates":[77.63235,13.05594]},"properties":{}},{"type":"Feature","geometry":{"type":"Point","coordinates":[77.63233,13.05594]},"properties":{}},{"type":"Feature","geometry":{"type":"Point","coordinates":[77.63234,13.05594]},"properties":{}},{"type":"Feature","geometry":{"type":"Point","coordinates":[77.6337,13.06769]},"properties":{}},{"type":"Feature","geometry":{"type":"Point","coordinates":[77.63372,13.06767]},"properties":{}},{"type":"Feature","geometry":{"type":"Point","coordinates":[77.63373,13.06769]},"properties":{}},{"type":"Feature","geometry":{"type":"Point","coordinates":[77.63372,13.06771]},"properties":{}},{"type":"Feature","geometry":{"type":"Point","coordinates":[77.59337,13.06725]},"properties":{}},{"type":"Feature","geometry":{"type":"Point","coordinates":[77.59339,13.06726]},"properties":{}},{"type":"Feature","geometry":{"type":"Point","coordinates":[77.59337,13.06726]},"properties":{}},{"type":"Feature","geometry":{"type":"Point","coordinates":[77.6215,12.95174]},"properties":{"surveyed":"2023-03-05"}},{"type":"Feature","geometry":{"type":"Point","coordinates":[77.57136,12.99699]},"properties":{"surveyed":"2023-03-20"}},{"type":"Feature","geometry":{"type":"Point","coordinates":[77.58475,12.99782]},"properties":{"surveyed":"2023-03-20"}},{"type":"Feature","geometry":{"type":"Point","coordinates":[77.5863,12.99766]},"properties":{"surveyed":"2023-03-20"}},{"type":"Feature","geometry":{"type":"Point","coordinates":[77.58627,12.99755]},"properties":{"surveyed":"2023-03-20"}},{"type":"Feature","geometry":{"type":"Point","coordinates":[77.61224,13.00456]},"properties":{"surveyed":"2023-03-20"}},{"type":"Feature","geometry":{"type":"Point","coordinates":[77.57132,12.99186]},"properties":{"surveyed":"2023-03-20"}},{"type":"Feature","geometry":{"type":"Point","coordinates":[77.57182,12.99027]},"properties":{"surveyed":"2023-03-20"}},{"type":"Feature","geometry":{"type":"Point","coordinates":[77.57136,12.99699]},"properties":{"surveyed":"2023-03-20"}},{"type":"Feature","geometry":{"type":"Point","coordinates":[77.57214,12.98998]},"properties":{"surveyed":"2023-03-20"}},{"type":"Feature","geometry":{"type":"Point","coordinates":[77.60104,12.9635]},"properties":{}},{"type":"Feature","geometry":{"type":"Point","coordinates":[77.60104,12.96352]},"properties":{}},{"type":"Feature","geometry":{"type":"Point","coordinates":[77.60124,12.96316]},"properties":{}},{"type":"Feature","geometry":{"type":"Point","coordinates":[77.61463,12.99154]},"properties":{"surveyed":"2023-03-24"}},{"type":"Feature","geometry":{"type":"Point","coordinates":[77.66418,13.00344]},"properties":{"surveyed":"2023-03-24"}},{"type":"Feature","geometry":{"type":"Point","coordinates":[77.66418,13.00344]},"properties":{"surveyed":"2023-03-24"}},{"type":"Feature","geometry":{"type":"Point","coordinates":[77.64924,12.9592]},"properties":{"surveyed":"2023-03-24"}},{"type":"Feature","geometry":{"type":"Point","coordinates":[77.62892,12.94516]},"properties":{"surveyed":"2023-03-18"}},{"type":"Feature","geometry":{"type":"Point","coordinates":[77.62892,12.94516]},"properties":{"surveyed":"2023-03-18"}},{"type":"Feature","geometry":{"type":"Point","coordinates":[77.62892,12.94517]},"properties":{"surveyed":"2023-03-18"}},{"type":"Feature","geometry":{"type":"Point","coordinates":[77.62892,12.94515]},"properties":{"surveyed":"2023-03-18"}},{"type":"Feature","geometry":{"type":"Point","coordinates":[77.62892,12.94516]},"properties":{"surveyed":"2023-03-18"}},{"type":"Feature","geometry":{"type":"Point","coordinates":[77.59612,12.98673]},"properties":{"surveyed":"2023-03-24"}},{"type":"Feature","geometry":{"type":"Point","coordinates":[77.59611,12.98674]},"properties":{"surveyed":"2023-03-24"}},{"type":"Feature","geometry":{"type":"Point","coordinates":[77.5961,12.98675]},"properties":{"surveyed":"2023-03-24"}},{"type":"Feature","geometry":{"type":"Point","coordinates":[77.59656,12.98627]},"properties":{"surveyed":"2023-03-24"}},{"type":"Feature","geometry":{"type":"Point","coordinates":[77.59714,12.9856]},"properties":{"surveyed":"2023-03-24"}},{"type":"Feature","geometry":{"type":"Point","coordinates":[77.59715,12.98559]},"properties":{"surveyed":"2023-03-24"}},{"type":"Feature","geometry":{"type":"Point","coordinates":[77.59852,12.98112]},"properties":{"surveyed":"2023-03-24"}},{"type":"Feature","geometry":{"type":"Point","coordinates":[77.5985,12.98107]},"properties":{"surveyed":"2023-03-24"}},{"type":"Feature","geometry":{"type":"Point","coordinates":[77.59851,12.98106]},"properties":{"surveyed":"2023-03-24"}},{"type":"Feature","geometry":{"type":"Point","coordinates":[77.54831,13.00047]},"properties":{"surveyed":"2023-03-24"}},{"type":"Feature","geometry":{"type":"Point","coordinates":[77.54831,13.00048]},"properties":{"surveyed":"2023-03-24"}},{"type":"Feature","geometry":{"type":"Point","coordinates":[77.5483,13.00047]},"properties":{"surveyed":"2023-03-24"}},{"type":"Feature","geometry":{"type":"Point","coordinates":[77.57852,13.00182]},"properties":{"surveyed":"2023-03-29"}},{"type":"Feature","geometry":{"type":"Point","coordinates":[77.54308,13.00839]},"properties":{}},{"type":"Feature","geometry":{"type":"Point","coordinates":[77.54308,13.00838]},"properties":{}},{"type":"Feature","geometry":{"type":"Point","coordinates":[77.54746,13.0007]},"properties":{}},{"type":"Feature","geometry":{"type":"Point","coordinates":[77.54746,13.0007]},"properties":{}},{"type":"Feature","geometry":{"type":"Point","coordinates":[77.54744,13.00069]},"properties":{}},{"type":"Feature","geometry":{"type":"Point","coordinates":[77.54778,13.00085]},"properties":{}},{"type":"Feature","geometry":{"type":"Point","coordinates":[77.54778,13.00083]},"properties":{}},{"type":"Feature","geometry":{"type":"Point","coordinates":[77.5476,13.00125]},"properties":{}},{"type":"Feature","geometry":{"type":"Point","coordinates":[77.54761,13.00125]},"properties":{}},{"type":"Feature","geometry":{"type":"Point","coordinates":[77.54761,13.00126]},"properties":{}},{"type":"Feature","geometry":{"type":"Point","coordinates":[77.5466,13.00244]},"properties":{}},{"type":"Feature","geometry":{"type":"Point","coordinates":[77.54658,13.00242]},"properties":{}},{"type":"Feature","geometry":{"type":"Point","coordinates":[77.5469,13.00264]},"properties":{}},{"type":"Feature","geometry":{"type":"Point","coordinates":[77.54691,13.00264]},"properties":{}},{"type":"Feature","geometry":{"type":"Point","coordinates":[77.5469,13.00265]},"properties":{}},{"type":"Feature","geometry":{"type":"Point","coordinates":[77.54672,13.00302]},"properties":{}},{"type":"Feature","geometry":{"type":"Point","coordinates":[77.54671,13.00302]},"properties":{}},{"type":"Feature","geometry":{"type":"Point","coordinates":[77.54612,13.00423]},"properties":{}},{"type":"Feature","geometry":{"type":"Point","coordinates":[77.54612,13.00424]},"properties":{}},{"type":"Feature","geometry":{"type":"Point","coordinates":[77.54613,13.00423]},"properties":{}},{"type":"Feature","geometry":{"type":"Point","coordinates":[77.54593,13.00465]},"properties":{}},{"type":"Feature","geometry":{"type":"Point","coordinates":[77.54593,13.00466]},"properties":{}},{"type":"Feature","geometry":{"type":"Point","coordinates":[77.54586,13.00488]},"properties":{}},{"type":"Feature","geometry":{"type":"Point","coordinates":[77.54585,13.00488]},"properties":{}},{"type":"Feature","geometry":{"type":"Point","coordinates":[77.54584,13.00489]},"properties":{}},{"type":"Feature","geometry":{"type":"Point","coordinates":[77.5458,13.00486]},"properties":{}},{"type":"Feature","geometry":{"type":"Point","coordinates":[77.5458,13.00487]},"properties":{}},{"type":"Feature","geometry":{"type":"Point","coordinates":[77.54552,13.00544]},"properties":{}},{"type":"Feature","geometry":{"type":"Point","coordinates":[77.54552,13.00546]},"properties":{}},{"type":"Feature","geometry":{"type":"Point","coordinates":[77.54517,13.00623]},"properties":{}},{"type":"Feature","geometry":{"type":"Point","coordinates":[77.54518,13.00624]},"properties":{}},{"type":"Feature","geometry":{"type":"Point","coordinates":[77.54478,13.00715]},"properties":{}},{"type":"Feature","geometry":{"type":"Point","coordinates":[77.54477,13.00715]},"properties":{}},{"type":"Feature","geometry":{"type":"Point","coordinates":[77.5446,13.00743]},"properties":{}},{"type":"Feature","geometry":{"type":"Point","coordinates":[77.54458,13.00744]},"properties":{}},{"type":"Feature","geometry":{"type":"Point","coordinates":[77.54415,13.00787]},"properties":{}},{"type":"Feature","geometry":{"type":"Point","coordinates":[77.54414,13.00787]},"properties":{}},{"type":"Feature","geometry":{"type":"Point","coordinates":[77.54419,13.00814]},"properties":{}},{"type":"Feature","geometry":{"type":"Point","coordinates":[77.5442,13.00814]},"properties":{}},{"type":"Feature","geometry":{"type":"Point","coordinates":[77.54298,13.00841]},"properties":{}},{"type":"Feature","geometry":{"type":"Point","coordinates":[77.54587,13.00816]},"properties":{}},{"type":"Feature","geometry":{"type":"Point","coordinates":[77.54589,13.00817]},"properties":{}},{"type":"Feature","geometry":{"type":"Point","coordinates":[77.54949,13.00649]},"properties":{}},{"type":"Feature","geometry":{"type":"Point","coordinates":[77.54949,13.00648]},"properties":{}},{"type":"Feature","geometry":{"type":"Point","coordinates":[77.54948,13.00648]},"properties":{}},{"type":"Feature","geometry":{"type":"Point","coordinates":[77.54951,13.00627]},"properties":{}},{"type":"Feature","geometry":{"type":"Point","coordinates":[77.5495,13.00626]},"properties":{}},{"type":"Feature","geometry":{"type":"Point","coordinates":[77.54977,13.00556]},"properties":{}},{"type":"Feature","geometry":{"type":"Point","coordinates":[77.54976,13.00555]},"properties":{}},{"type":"Feature","geometry":{"type":"Point","coordinates":[77.54977,13.00525]},"properties":{}},{"type":"Feature","geometry":{"type":"Point","coordinates":[77.54978,13.00524]},"properties":{}},{"type":"Feature","geometry":{"type":"Point","coordinates":[77.57299,12.93994]},"properties":{}},{"type":"Feature","geometry":{"type":"Point","coordinates":[77.57298,12.93996]},"properties":{}},{"type":"Feature","geometry":{"type":"Point","coordinates":[77.5718,12.93766]},"properties":{}},{"type":"Feature","geometry":{"type":"Point","coordinates":[77.5718,12.93767]},"properties":{}},{"type":"Feature","geometry":{"type":"Point","coordinates":[77.57843,12.93803]},"properties":{}},{"type":"Feature","geometry":{"type":"Point","coordinates":[77.57842,12.938]},"properties":{}},{"type":"Feature","geometry":{"type":"Point","coordinates":[77.57844,12.93802]},"properties":{}},{"type":"Feature","geometry":{"type":"Point","coordinates":[77.57842,12.93801]},"properties":{}},{"type":"Feature","geometry":{"type":"Point","coordinates":[77.57871,12.93822]},"properties":{}},{"type":"Feature","geometry":{"type":"Point","coordinates":[77.57872,12.93822]},"properties":{}},{"type":"Feature","geometry":{"type":"Point","coordinates":[77.57873,12.93823]},"properties":{}},{"type":"Feature","geometry":{"type":"Point","coordinates":[77.57872,12.93823]},"properties":{}},{"type":"Feature","geometry":{"type":"Point","coordinates":[77.67568,12.92259]},"properties":{}},{"type":"Feature","geometry":{"type":"Point","coordinates":[77.67566,12.9226]},"properties":{}},{"type":"Feature","geometry":{"type":"Point","coordinates":[77.6757,12.92258]},"properties":{}},{"type":"Feature","geometry":{"type":"Point","coordinates":[77.57138,12.99698]},"properties":{}},{"type":"Feature","geometry":{"type":"Point","coordinates":[77.57135,12.99698]},"properties":{}},{"type":"Feature","geometry":{"type":"Point","coordinates":[77.57139,12.99933]},"properties":{}},{"type":"Feature","geometry":{"type":"Point","coordinates":[77.5714,12.99932]},"properties":{}},{"type":"Feature","geometry":{"type":"Point","coordinates":[77.5714,12.99933]},"properties":{}},{"type":"Feature","geometry":{"type":"Point","coordinates":[77.5714,12.99933]},"properties":{}},{"type":"Feature","geometry":{"type":"Point","coordinates":[77.61135,12.96699]},"properties":{}},{"type":"Feature","geometry":{"type":"Point","coordinates":[77.61451,12.96848]},"properties":{}},{"type":"Feature","geometry":{"type":"Point","coordinates":[77.54892,12.99878]},"properties":{}},{"type":"Feature","geometry":{"type":"Point","coordinates":[77.54892,12.99877]},"properties":{}},{"type":"Feature","geometry":{"type":"Point","coordinates":[77.54892,12.99878]},"properties":{}},{"type":"Feature","geometry":{"type":"Point","coordinates":[77.55048,12.9976]},"properties":{}},{"type":"Feature","geometry":{"type":"Point","coordinates":[77.55047,12.9976]},"properties":{}},{"type":"Feature","geometry":{"type":"Point","coordinates":[77.55048,12.9976]},"properties":{}},{"type":"Feature","geometry":{"type":"Point","coordinates":[77.55299,12.99811]},"properties":{}},{"type":"Feature","geometry":{"type":"Point","coordinates":[77.553,12.99811]},"properties":{}},{"type":"Feature","geometry":{"type":"Point","coordinates":[77.553,12.99812]},"properties":{}},{"type":"Feature","geometry":{"type":"Point","coordinates":[77.55544,12.9986]},"properties":{}},{"type":"Feature","geometry":{"type":"Point","coordinates":[77.55545,12.9986]},"properties":{}},{"type":"Feature","geometry":{"type":"Point","coordinates":[77.55735,12.9983]},"properties":{}},{"type":"Feature","geometry":{"type":"Point","coordinates":[77.55736,12.99829]},"properties":{}},{"type":"Feature","geometry":{"type":"Point","coordinates":[77.55737,12.9983]},"properties":{}},{"type":"Feature","geometry":{"type":"Point","coordinates":[77.5646,12.99618]},"properties":{}},{"type":"Feature","geometry":{"type":"Point","coordinates":[77.61207,12.96442]},"properties":{}},{"type":"Feature","geometry":{"type":"Point","coordinates":[77.61207,12.96442]},"properties":{}},{"type":"Feature","geometry":{"type":"Point","coordinates":[77.61407,12.96643]},"properties":{}},{"type":"Feature","geometry":{"type":"Point","coordinates":[77.61405,12.96644]},"properties":{}},{"type":"Feature","geometry":{"type":"Point","coordinates":[77.61406,12.96641]},"properties":{}},{"type":"Feature","geometry":{"type":"Point","coordinates":[77.61409,12.96643]},"properties":{}},{"type":"Feature","geometry":{"type":"Point","coordinates":[77.58783,12.96647]},"properties":{}},{"type":"Feature","geometry":{"type":"Point","coordinates":[77.58784,12.96648]},"properties":{}},{"type":"Feature","geometry":{"type":"Point","coordinates":[77.58874,12.96742]},"properties":{}},{"type":"Feature","geometry":{"type":"Point","coordinates":[77.5967,12.96466]},"properties":{}},{"type":"Feature","geometry":{"type":"Point","coordinates":[77.59704,12.96495]},"properties":{}},{"type":"Feature","geometry":{"type":"Point","coordinates":[77.59722,12.96476]},"properties":{}},{"type":"Feature","geometry":{"type":"Point","coordinates":[77.57407,12.97757]},"properties":{}},{"type":"Feature","geometry":{"type":"Point","coordinates":[77.57405,12.97758]},"properties":{}},{"type":"Feature","geometry":{"type":"Point","coordinates":[77.56121,12.98286]},"properties":{}},{"type":"Feature","geometry":{"type":"Point","coordinates":[77.56122,12.98286]},"properties":{}},{"type":"Feature","geometry":{"type":"Point","coordinates":[77.55804,12.98381]},"properties":{}},{"type":"Feature","geometry":{"type":"Point","coordinates":[77.55805,12.98382]},"properties":{}},{"type":"Feature","geometry":{"type":"Point","coordinates":[77.55601,12.98837]},"properties":{}},{"type":"Feature","geometry":{"type":"Point","coordinates":[77.55602,12.98837]},"properties":{}},{"type":"Feature","geometry":{"type":"Point","coordinates":[77.55601,12.98838]},"properties":{}},{"type":"Feature","geometry":{"type":"Point","coordinates":[77.55597,12.98949]},"properties":{}},{"type":"Feature","geometry":{"type":"Point","coordinates":[77.55597,12.9895]},"properties":{}},{"type":"Feature","geometry":{"type":"Point","coordinates":[77.55127,12.99249]},"properties":{}},{"type":"Feature","geometry":{"type":"Point","coordinates":[77.55128,12.99249]},"properties":{}},{"type":"Feature","geometry":{"type":"Point","coordinates":[77.71483,12.95575]},"properties":{}},{"type":"Feature","geometry":{"type":"Point","coordinates":[77.71485,12.95575]},"properties":{}},{"type":"Feature","geometry":{"type":"Point","coordinates":[77.71475,12.95577]},"properties":{}},{"type":"Feature","geometry":{"type":"Point","coordinates":[77.71721,12.95579]},"properties":{}},{"type":"Feature","geometry":{"type":"Point","coordinates":[77.52023,13.05925]},"properties":{"surveyed":"2023-05-06"}},{"type":"Feature","geometry":{"type":"Point","coordinates":[77.69016,12.82823]},"properties":{"surveyed":"2023-05-10"}},{"type":"Feature","geometry":{"type":"Point","coordinates":[77.62085,12.92763]},"properties":{"surveyed":"2023-05-10"}},{"type":"Feature","geometry":{"type":"Point","coordinates":[77.62107,12.92742]},"properties":{"surveyed":"2023-05-10"}},{"type":"Feature","geometry":{"type":"Point","coordinates":[77.62107,12.92743]},"properties":{"surveyed":"2023-05-10"}},{"type":"Feature","geometry":{"type":"Point","coordinates":[77.62107,12.92742]},"properties":{"surveyed":"2023-05-10","operator":"BTP"}},{"type":"Feature","geometry":{"type":"Point","coordinates":[77.69016,12.82823]},"properties":{"surveyed":"2023-05-10"}},{"type":"Feature","geometry":{"type":"Point","coordinates":[77.62085,12.92764]},"properties":{"surveyed":"2023-05-10","operator":"BTP"}},{"type":"Feature","geometry":{"type":"Point","coordinates":[77.62927,12.93006]},"properties":{"surveyed":"2023-05-10"}},{"type":"Feature","geometry":{"type":"Point","coordinates":[77.62113,12.92752]},"properties":{"surveyed":"2023-05-10","operator":"BTP"}},{"type":"Feature","geometry":{"type":"Point","coordinates":[77.62927,12.93006]},"properties":{"surveyed":"2023-05-10"}},{"type":"Feature","geometry":{"type":"Point","coordinates":[77.62086,12.92764]},"properties":{"surveyed":"2023-05-10"}},{"type":"Feature","geometry":{"type":"Point","coordinates":[77.62927,12.93006]},"properties":{"surveyed":"2023-05-10"}},{"type":"Feature","geometry":{"type":"Point","coordinates":[77.63304,12.92977]},"properties":{"surveyed":"2023-05-10"}},{"type":"Feature","geometry":{"type":"Point","coordinates":[77.63304,12.92977]},"properties":{"surveyed":"2023-05-10"}},{"type":"Feature","geometry":{"type":"Point","coordinates":[77.63304,12.92977]},"properties":{"surveyed":"2023-05-10"}},{"type":"Feature","geometry":{"type":"Point","coordinates":[77.63304,12.92977]},"properties":{"surveyed":"2023-05-10"}},{"type":"Feature","geometry":{"type":"Point","coordinates":[77.52024,13.05925]},"properties":{}},{"type":"Feature","geometry":{"type":"Point","coordinates":[77.52023,13.05925]},"properties":{}},{"type":"Feature","geometry":{"type":"Point","coordinates":[77.52024,13.05925]},"properties":{}},{"type":"Feature","geometry":{"type":"Point","coordinates":[77.52024,13.05924]},"properties":{}},{"type":"Feature","geometry":{"type":"Point","coordinates":[77.52025,13.05924]},"properties":{}},{"type":"Feature","geometry":{"type":"Point","coordinates":[77.59288,12.95816]},"properties":{}},{"type":"Feature","geometry":{"type":"Point","coordinates":[77.59289,12.95817]},"properties":{}},{"type":"Feature","geometry":{"type":"Point","coordinates":[77.59288,12.95815]},"properties":{}},{"type":"Feature","geometry":{"type":"Point","coordinates":[77.57807,12.99929]},"properties":{}},{"type":"Feature","geometry":{"type":"Point","coordinates":[77.57809,12.99929]},"properties":{}},{"type":"Feature","geometry":{"type":"Point","coordinates":[77.57808,12.9993]},"properties":{}},{"type":"Feature","geometry":{"type":"Point","coordinates":[77.71525,12.96195]},"properties":{}},{"type":"Feature","geometry":{"type":"Point","coordinates":[77.71647,12.96065]},"properties":{}},{"type":"Feature","geometry":{"type":"Point","coordinates":[77.62082,12.99758]},"properties":{"surveyed":"2023-07-07"}},{"type":"Feature","geometry":{"type":"Point","coordinates":[77.62082,12.99758]},"properties":{"surveyed":"2023-07-07"}},{"type":"Feature","geometry":{"type":"Point","coordinates":[77.62082,12.99758]},"properties":{"surveyed":"2023-07-07"}},{"type":"Feature","geometry":{"type":"Point","coordinates":[77.62082,12.99758]},"properties":{"surveyed":"2023-07-07"}},{"type":"Feature","geometry":{"type":"Point","coordinates":[77.67347,12.91704]},"properties":{}},{"type":"Feature","geometry":{"type":"Point","coordinates":[77.67348,12.91703]},"properties":{}},{"type":"Feature","geometry":{"type":"Point","coordinates":[77.58099,13.00613]},"properties":{"surveyed":"2023-07-13"}},{"type":"Feature","geometry":{"type":"Point","coordinates":[77.58099,13.00613]},"properties":{"surveyed":"2023-07-13"}},{"type":"Feature","geometry":{"type":"Point","coordinates":[77.58099,13.00613]},"properties":{"surveyed":"2023-07-13"}}]}
