{"type":"FeatureCollection","features":[{"type":"Feature","geometry":{"type":"Point","coordinates":[77.66427,12.85506]},"properties":{"name":"Swamy Hospital"}},{"type":"Feature","geometry":{"type":"Point","coordinates":[77.67749,12.91342]},"properties":{"name":"Clinic"}},{"type":"Feature","geometry":{"type":"Point","coordinates":[77.58575,12.9235]},"properties":{"name":"Shanti Hospital"}},{"type":"Feature","geometry":{"type":"Point","coordinates":[77.67655,12.92637]},"properties":{"name":"Apollo Hospital"}},{"type":"Feature","geometry":{"type":"Point","coordinates":[77.63499,12.91558]},"properties":{"name":"Narayana Hrudayalaya Dental Clinic"}},{"type":"Feature","geometry":{"type":"Point","coordinates":[77.64191,12.9129]},"properties":{"name":"Dr Ganesh Medical and Diabetic Clinic"}},{"type":"Feature","geometry":{"type":"Point","coordinates":[77.5746,12.92072]},"properties":{"name":"JBS Hospital"}},{"type":"Feature","geometry":{"type":"Point","coordinates":[77.58443,12.92317]},"properties":{"name":"Jayanagar heart Centre"}},{"type":"Feature","geometry":{"type":"Point","coordinates":[77.64095,13.03717]},"properties":{"name":"Sri Vijayalakshmi Pragathi Hospital"}},{"type":"Feature","geometry":{"type":"Point","coordinates":[77.63647,13.01855]},"properties":{"name":"Sathya Hospital"}},{"type":"Feature","geometry":{"type":"Point","coordinates":[77.66247,12.85007]},"properties":{"name":"Ramakrishna Hospital","emergency":"yes"}},{"type":"Feature","geometry":{"type":"Point","coordinates":[77.54048,12.99812]},"properties":{"name":"Chord Road Hospital Pvt Ltd","ownership":"private"}},{"type":"Feature","geometry":{"type":"Point","coordinates":[77.54361,12.99789]},"properties":{"name":"Pristline Hospital"}},{"type":"Feature","geometry":{"type":"Point","coordinates":[77.58028,12.93767]},"properties":{"name":"Bengaluru Hospital, Susruta Medical Aid AndResearch Home Limited","ownership":"private"}},{"type":"Feature","geometry":{"type":"Point","coordinates":[77.56393,13.00113]},"properties":{"name":"Manipal Northside Hospital","phone":"080-22221111"}},{"type":"Feature","geometry":{"type":"Point","coordinates":[77.61626,12.95032]},"properties":{"name":"Government Primary Health Centre"}},{"type":"Feature","geometry":{"type":"Point","coordinates":[77.59246,12.91006]},"properties":{"name":"Divakars speciality Hospital","ownership":"private"}},{"type":"Feature","geometry":{"type":"Point","coordinates":[77.7138,12.96077]},"properties":{"name":"Hema Poly Clinic"}},{"type":"Feature","geometry":{"type":"Point","coordinates":[77.59234,12.92343]},"properties":{"name":"BMTC Hospital"}},{"type":"Feature","geometry":{"type":"Point","coordinates":[77.58348,12.93643]},"properties":{"name":"Ramakrishna Nursing Home and Hospital"}},{"type":"Feature","geometry":{"type":"Point","coordinates":[77.55108,12.93906]},"properties":{"name":"Sri Vinayaka Poly Clinic","phone":"080-26728455"}},{"type":"Feature","geometry":{"type":"Point","coordinates":[77.57688,13.03228]},"properties":{"name":"RMV Hospital","emergency":"yes"}},{"type":"Feature","geometry":{"type":"Point","coordinates":[77.71127,12.95593]},"properties":{"name":"Yashomathi Hospitals","emergency":"yes"}},{"type":"Feature","geometry":{"type":"Point","coordinates":[77.60119,12.98151]},"properties":{"name":"Mallya Audikesh Diagnostics Center"}},{"type":"Feature","geometry":{"type":"Point","coordinates":[77.58038,12.98525]},"properties":{"name":"Mallige Medical Centre","phone":"080-22203333"}},{"type":"Feature","geometry":{"type":"Point","coordinates":[77.60393,13.0039]},"properties":{"name":"Devine Hospital"}},{"type":"Feature","geometry":{"type":"Point","coordinates":[77.58617,12.94523]},"properties":{"name":"Lalbagh Nursing Home"}},{"type":"Feature","geometry":{"type":"Point","coordinates":[77.72711,12.97973]},"properties":{"name":"Dr. Batra Clinic"}},{"type":"Feature","geometry":{"type":"Point","coordinates":[77.58174,12.99886]},"properties":{"name":"Government Maternity Hospital"}},{"type":"Feature","geometry":{"type":"Point","coordinates":[77.54325,12.96812]},"properties":{"name":"Soujanya Clinic","emergency":"no"}},{"type":"Feature","geometry":{"type":"Point","coordinates":[77.54292,12.96729]},"properties":{"name":"Kanva Diagnostics Collection Centre"}},{"type":"Feature","geometry":{"type":"Point","coordinates":[77.69905,12.95685]},"properties":{"name":"New Akshay Mallya Hospital"}},{"type":"Feature","geometry":{"type":"Point","coordinates":[77.69923,12.99516]},"properties":{"name":"Presidency Hospital"}},{"type":"Feature","geometry":{"type":"Point","coordinates":[77.4975,12.90306]},"properties":{"name":"BGS Gleneagles Hospitals","ownership":"private"}},{"type":"Feature","geometry":{"type":"Point","coordinates":[77.58307,12.90734]},"properties":{"name":"Srinivas Clinic","emergency":"no"}},{"type":"Feature","geometry":{"type":"Point","coordinates":[77.56072,12.89159]},"properties":{"name":"Metro Hospital","emergency":"yes"}},{"type":"Feature","geometry":{"type":"Point","coordinates":[77.71689,12.96682]},"properties":{"name":"Brookefield Hospital(A Unit Of Sanjeevani Hospital)","emergency":"yes"}},{"type":"Feature","geometry":{"type":"Point","coordinates":[77.7087,12.95731]},"properties":{"name":"Tenet diagnostics","emergency":"no"}},{"type":"Feature","geometry":{"type":"Point","coordinates":[77.65233,12.99524]},"properties":{"name":"ESI Hospital"}},{"type":"Feature","geometry":{"type":"Point","coordinates":[77.70734,12.91113]},"properties":{"name":"Karunalayam Hospital"}},{"type":"Feature","geometry":{"type":"Point","coordinates":[77.59071,12.9368]},"properties":{"name":"SDS Tuberculosis Research Centre and Rajiv Gandhi Institute of Chest diseases","emergency":"no"}},{"type":"Feature","geometry":{"type":"Point","coordinates":[77.58545,12.94261]},"properties":{"name":"Maiya Multispecialty Hospital"}},{"type":"Feature","geometry":{"type":"Point","coordinates":[77.60945,12.96714]},"properties":{"name":"Narayana Netralaya"}},{"type":"Feature","geometry":{"type":"Point","coordinates":[77.5489,13.08299]},"properties":{"name":"Nagappa Hadli Hospital"}},{"type":"Feature","geometry":{"type":"Point","coordinates":[77.51298,12.97461]},"properties":{"name":"Vasan Eye Care Hospital, Nagarabhavi","ownership":"private"}},{"type":"Feature","geometry":{"type":"Point","coordinates":[77.51538,12.93094]},"properties":{"name":"Rc Hospital"}},{"type":"Feature","geometry":{"type":"Point","coordinates":[77.51566,12.92632]},"properties":{"name":"Veturi Child Health Centre"}},{"type":"Feature","geometry":{"type":"Point","coordinates":[77.55826,13.06866]},"properties":{"name":"Ketham's Hospital Pvt. Ltd"}},{"type":"Feature","geometry":{"type":"Point","coordinates":[77.51554,13.04254]},"properties":{"name":"Ragavendra Hospital"}},{"type":"Feature","geometry":{"type":"Point","coordinates":[77.56768,13.03498]},"properties":{"name":"Guru Kripa Clinic"}},{"type":"Feature","geometry":{"type":"Point","coordinates":[77.59649,13.09739]},"properties":{"name":"Deeksha Orthopaedic Hospital"}},{"type":"Feature","geometry":{"type":"Point","coordinates":[77.59802,13.09973]},"properties":{"name":"Shushrusha Hospital"}},{"type":"Feature","geometry":{"type":"Point","coordinates":[77.59136,12.91263]},"properties":{"name":"Chirag Hospital and Maternity Center"}},{"type":"Feature","geometry":{"type":"Point","coordinates":[77.54893,12.92568]},"properties":{"name":"Udhbhava Hospital","emergency":"yes"}},{"type":"Feature","geometry":{"type":"Point","coordinates":[77.55987,12.92066]},"properties":{"name":"DG Hospital","emergency":"yes","ownership":"private"}},{"type":"Feature","geometry":{"type":"Point","coordinates":[77.61749,12.9423]},"properties":{"name":"Srinivasa Nursing Home"}},{"type":"Feature","geometry":{"type":"Point","coordinates":[77.56606,12.93365]},"properties":{"name":"Kangila Clinic","emergency":"yes"}},{"type":"Feature","geometry":{"type":"Point","coordinates":[77.58619,13.09909]},"properties":{"name":"Chaitanya Hospital"}},{"type":"Feature","geometry":{"type":"Point","coordinates":[77.62534,12.94024]},"properties":{"name":"Vasan Eye Care Hospital, Koramangala","emergency":"yes","ownership":"private"}},{"type":"Feature","geometry":{"type":"Point","coordinates":[77.64885,12.9076]},"properties":{"name":"health nest"}},{"type":"Feature","geometry":{"type":"Point","coordinates":[77.57939,13.02816]},"properties":{"name":"Amma's ENT Clinic"}},{"type":"Feature","geometry":{"type":"Point","coordinates":[77.57893,13.02672]},"properties":{"name":"Krishna Specialty Clinic"}},{"type":"Feature","geometry":{"type":"Point","coordinates":[77.61133,12.99563]},"properties":{"name":"Seventh Day Adventist Hospital"}},{"type":"Feature","geometry":{"type":"Point","coordinates":[77.62205,12.99651]},"properties":{"name":"Srinivasa Nursing Home"}},{"type":"Feature","geometry":{"type":"Point","coordinates":[77.60502,12.91443]},"properties":{"name":"Kids Care Clinic"}},{"type":"Feature","geometry":{"type":"Point","coordinates":[77.61868,12.93828]},"properties":{"name":"Pristine Health care","emergency":"yes"}},{"type":"Feature","geometry":{"type":"Point","coordinates":[77.63077,12.91868]},"properties":{"name":"Prerana Dental Clinic"}},{"type":"Feature","geometry":{"type":"Point","coordinates":[77.63188,12.91805]},"properties":{"name":"Mamtha Health Center"}},{"type":"Feature","geometry":{"type":"Point","coordinates":[77.54691,13.00794]},"properties":{"name":"Suprabha Hospital"}},{"type":"Feature","geometry":{"type":"Point","coordinates":[77.54693,13.00836]},"properties":{"name":"Sangolli Nursing Home"}},{"type":"Feature","geometry":{"type":"Point","coordinates":[77.54983,13.00377]},"properties":{"name":"Diacon Hospital"}},{"type":"Feature","geometry":{"type":"Point","coordinates":[77.39123,13.09878]},"properties":{"name":"Nelamangala General Hospital"}},{"type":"Feature","geometry":{"type":"Point","coordinates":[77.62213,12.92734]},"properties":{"name":"Agarwal Eye Hospital"}},{"type":"Feature","geometry":{"type":"Point","coordinates":[77.64496,12.87369]},"properties":{"name":"Sri Sapthagiri Clinic"}},{"type":"Feature","geometry":{"type":"Point","coordinates":[77.63006,12.91697]},"properties":{"name":"Sagar Dental Clinic"}},{"type":"Feature","geometry":{"type":"Point","coordinates":[77.61708,12.92578]},"properties":{"name":"Venkateshwara Hospital"}},{"type":"Feature","geometry":{"type":"Point","coordinates":[77.54307,13.00479]},"properties":{"name":"Namratha Hospital"}},{"type":"Feature","geometry":{"type":"Point","coordinates":[77.63741,12.91626]},"properties":{"name":"Devi Eye Hospital"}},{"type":"Feature","geometry":{"type":"Point","coordinates":[77.53971,13.02753]},"properties":{"name":"Mysore Hospital"}},{"type":"Feature","geometry":{"type":"Point","coordinates":[77.58771,12.92933]},"properties":{"name":"Jayanagar Orthopaedic Centre","emergency":"no"}},{"type":"Feature","geometry":{"type":"Point","coordinates":[77.56752,12.94587]},"properties":{"name":"Shekhar Hospital","emergency":"no"}},{"type":"Feature","geometry":{"type":"Point","coordinates":[77.53598,13.00115]},"properties":{"name":"Punya Hospital","emergency":"yes"}},{"type":"Feature","geometry":{"type":"Point","coordinates":[77.62655,12.91027]},"properties":{"name":"Vasan Eye Care"}},{"type":"Feature","geometry":{"type":"Point","coordinates":[77.66815,12.85172]},"properties":{"name":"Apollo Clinic"}},{"type":"Feature","geometry":{"type":"Point","coordinates":[77.57889,12.91357]},"properties":{"name":"Parimala Clinic"}},{"type":"Feature","geometry":{"type":"Point","coordinates":[77.61936,12.91601]},"properties":{"name":"Karanth Speciality Hospital","emergency":"yes"}},{"type":"Feature","geometry":{"type":"Point","coordinates":[77.61382,12.91629]},"properties":{"name":"Gangothri Hospital","emergency":"yes"}},{"type":"Feature","geometry":{"type":"Point","coordinates":[77.61116,12.92393]},"properties":{"name":"Spurthy Hospital"}},{"type":"Feature","geometry":{"type":"Point","coordinates":[77.60868,12.93519]},"properties":{"name":"Prasad Eye Hospital"}},{"type":"Feature","geometry":{"type":"Point","coordinates":[77.59377,12.93871]},"properties":{"name":"NIMHANS Screening block","emergency":"no"}},{"type":"Feature","geometry":{"type":"Point","coordinates":[77.5943,12.93881]},"properties":{"name":"NIMHANS OPD"}},{"type":"Feature","geometry":{"type":"Point","coordinates":[77.59406,12.94836]},"properties":{"name":"Manjunath Hospital"}},{"type":"Feature","geometry":{"type":"Point","coordinates":[77.59426,12.94844]},"properties":{"name":"Karthik Hospital"}},{"type":"Feature","geometry":{"type":"Point","coordinates":[77.62476,12.91479]},"properties":{"name":"Aswad Hospital"}},{"type":"Feature","geometry":{"type":"Point","coordinates":[77.59337,13.02644]},"properties":{"name":"TSR heart care"}},{"type":"Feature","geometry":{"type":"Point","coordinates":[77.54909,13.00224]},"properties":{"name":"Fortis Hospital"}},{"type":"Feature","geometry":{"type":"Point","coordinates":[77.55107,12.99565]},"properties":{"name":"Citi Hospital"}},{"type":"Feature","geometry":{"type":"Point","coordinates":[77.55053,12.99952]},"properties":{"name":"Vasan Eye Care Hospital, Rajaji Nagar"}},{"type":"Feature","geometry":{"type":"Point","coordinates":[77.55045,12.99982]},"properties":{"name":"Ananya Hospital","ownership":"private"}},{"type":"Feature","geometry":{"type":"Point","coordinates":[77.57198,12.99709]},"properties":{"name":"Baptist"}},{"type":"Feature","geometry":{"type":"Point","coordinates":[77.54791,12.97397]},"properties":{"name":"Shivakrupa Hospital"}},{"type":"Feature","geometry":{"type":"Point","coordinates":[77.61396,13.02486]},"properties":{"name":"Dr. Ambedkar Medical College Hospital","emergency":"yes"}},{"type":"Feature","geometry":{"type":"Point","coordinates":[77.5742,12.99264]},"properties":{"name":"Sri Maruthi hospital, Sheshadripuram","phone":"080-23449632"}},{"type":"Feature","geometry":{"type":"Point","coordinates":[77.66991,12.9268]},"properties":{"name":"Sunny Medicals Hospital Clinic","emergency":"yes"}},{"type":"Feature","geometry":{"type":"Point","coordinates":[77.65359,13.03079]},"properties":{"name":"Karunya Homoeopathy Centre","emergency":"no"}},{"type":"Feature","geometry":{"type":"Point","coordinates":[77.66537,13.01482]},"properties":{"name":"Ayur Vaid Hospital"}},{"type":"Feature","geometry":{"type":"Point","coordinates":[77.62185,12.899]},"properties":{"name":"Vinayaka Specialty Hospital","emergency":"no"}},{"type":"Feature","geometry":{"type":"Point","coordinates":[77.67606,13.0207]},"properties":{"name":"Koshys Hospital"}},{"type":"Feature","geometry":{"type":"Point","coordinates":[77.52651,12.95931]},"properties":{"name":"Gurushree Hitech Multispeciality Hospital","emergency":"yes"}},{"type":"Feature","geometry":{"type":"Point","coordinates":[77.53135,12.97559]},"properties":{"name":"Shobha Hospital, Bengaluru Urban","emergency":"no"}},{"type":"Feature","geometry":{"type":"Point","coordinates":[77.54268,12.97441]},"properties":{"name":"Gayathri Hospital, Bengaluru Urban","emergency":"yes","ownership":"private"}},{"type":"Feature","geometry":{"type":"Point","coordinates":[77.49298,12.93099]},"properties":{"name":"MEDSOL Hospital","emergency":"yes"}},{"type":"Feature","geometry":{"type":"Point","coordinates":[77.50428,13.00345]},"properties":{"name":"Government Primary Health Centre","emergency":"no"}},{"type":"Feature","geometry":{"type":"Point","coordinates":[77.53264,12.97613]},"properties":{"name":"Bharathy Hospital"}},{"type":"Feature","geometry":{"type":"Point","coordinates":[77.5598,12.92028]},"properties":{"name":"Yogananda Medical and Research Centre","emergency":"yes"}},{"type":"Feature","geometry":{"type":"Point","coordinates":[77.62466,12.87785]},"properties":{"name":"Government Primary Healthcare Center, Begur"}},{"type":"Feature","geometry":{"type":"Point","coordinates":[77.64922,12.9075]},"properties":{"name":"Cure & Care Dental Clinic Dr. Moumita Mukherjee"}},{"type":"Feature","geometry":{"type":"Point","coordinates":[77.56488,13.03724]},"properties":{"name":"Shirdi Sai Hospital","emergency":"yes","ownership":"private"}},{"type":"Feature","geometry":{"type":"Point","coordinates":[77.81552,12.95838]},"properties":{"name":"Public Health Center"}},{"type":"Feature","geometry":{"type":"Point","coordinates":[77.61985,12.89248]},"properties":{"name":"Nayantara Opticals","emergency":"no"}},{"type":"Feature","geometry":{"type":"Point","coordinates":[77.58506,12.94111]},"properties":{"name":"Kottakkal Arya Vaidya Sala","emergency":"no"}},{"type":"Feature","geometry":{"type":"Point","coordinates":[77.66747,13.01004]},"properties":{"name":"Charan Homeopathy, Ramamurthy Nagar"}},{"type":"Feature","geometry":{"type":"Point","coordinates":[77.63486,13.0834]},"properties":{"name":"Dhanavantri Hospital"}},{"type":"Feature","geometry":{"type":"Point","coordinates":[77.58417,12.88076]},"properties":{"name":"T.R.Hospital"}},{"type":"Feature","geometry":{"type":"Point","coordinates":[77.5817,12.89148]},"properties":{"name":"Rainbow Clinic and Diagnostic Laboratory","emergency":"yes"}},{"type":"Feature","geometry":{"type":"Point","coordinates":[77.56253,13.00787]},"properties":{"name":"Cloud Nine Hospital","phone":"9972999729"}},{"type":"Feature","geometry":{"type":"Point","coordinates":[77.56064,12.99939]},"properties":{"name":"Nayak Hospital, Gayathri Nagar","emergency":"yes"}},{"type":"Feature","geometry":{"type":"Point","coordinates":[77.57013,12.88454]},"properties":{"name":"Rajnandani Hospital, Bangalore"}},{"type":"Feature","geometry":{"type":"Point","coordinates":[77.55502,12.9159]},"properties":{"name":"Maharaja Agrasen Hospital, Bengaluru Urban","emergency":"yes"}},{"type":"Feature","geometry":{"type":"Point","coordinates":[77.5643,12.92313]},"properties":{"name":"Banashankari Referral Hospital"}},{"type":"Feature","geometry":{"type":"Point","coordinates":[77.55582,12.91795]},"properties":{"name":"Bangalore Kidney Foundation - NU Hospital"}},{"type":"Feature","geometry":{"type":"Point","coordinates":[77.51173,12.96132]},"properties":{"name":"Panacea Hospital, Nagarabhavi","ownership":"private"}},{"type":"Feature","geometry":{"type":"Point","coordinates":[77.54354,12.98569]},"properties":{"name":"Shanbhag Hospital","ownership":"private"}},{"type":"Feature","geometry":{"type":"Point","coordinates":[77.53975,12.99466]},"properties":{"name":"Trupti Nursing Home"}},{"type":"Feature","geometry":{"type":"Point","coordinates":[77.65803,13.01243]},"properties":{"name":"Srivijaya Speciality Hospital"}},{"type":"Feature","geometry":{"type":"Point","coordinates":[77.6305,12.93492]},"properties":{"name":"Magnus Diagnostic Lab","emergency":"no"}},{"type":"Feature","geometry":{"type":"Point","coordinates":[77.54117,13.00043]},"properties":{"name":"Krupa Medical center","emergency":"no"}},{"type":"Feature","geometry":{"type":"Point","coordinates":[77.55875,13.07747]},"properties":{"name":"Soukya Hospital"}},{"type":"Feature","geometry":{"type":"Point","coordinates":[77.63814,12.91918]},"properties":{"name":"Greenview Medical Center","emergency":"yes"}},{"type":"Feature","geometry":{"type":"Point","coordinates":[77.64858,12.9121]},"properties":{"name":"Vaidyaratnam Oushadhasala","emergency":"no"}},{"type":"Feature","geometry":{"type":"Point","coordinates":[77.30096,13.21602]},"properties":{"name":"Government Health Center, Thyamagondulu"}},{"type":"Feature","geometry":{"type":"Point","coordinates":[77.63082,12.90644]},"properties":{"name":"Blossoms Hospital","emergency":"yes"}},{"type":"Feature","geometry":{"type":"Point","coordinates":[77.64549,12.87917]},"properties":{"name":"Live100","emergency":"yes"}},{"type":"Feature","geometry":{"type":"Point","coordinates":[77.69231,13.00779]},"properties":{"name":"ESi Hospital","ownership":"private"}},{"type":"Feature","geometry":{"type":"Point","coordinates":[77.53365,12.97442]},"properties":{"name":"Happy Tooth","emergency":"no"}},{"type":"Feature","geometry":{"type":"Point","coordinates":[77.5327,12.97458]},"properties":{"name":"Rishi Women and Child Clinic"}},{"type":"Feature","geometry":{"type":"Point","coordinates":[77.53695,12.97369]},"properties":{"name":"Penta Care Ayurvedic Hospital"}},{"type":"Feature","geometry":{"type":"Point","coordinates":[77.542,12.94366]},"properties":{"name":"Shalini Nursing & MAternity Home"}},{"type":"Feature","geometry":{"type":"Point","coordinates":[77.53947,12.97291]},"properties":{"name":"Shreya Poly Clinic"}},{"type":"Feature","geometry":{"type":"Point","coordinates":[77.52717,12.96128]},"properties":{"name":"Anurag Medical Center","emergency":"no"}},{"type":"Feature","geometry":{"type":"Point","coordinates":[77.61329,13.00077]},"properties":{"name":"United Medical lab"}},{"type":"Feature","geometry":{"type":"Point","coordinates":[77.55567,12.98437]},"properties":{"name":"Pragathi Ayurvedic Center"}},{"type":"Feature","geometry":{"type":"Point","coordinates":[77.64755,12.84135]},"properties":{"name":"Srujana Hospital","emergency":"yes"}},{"type":"Feature","geometry":{"type":"Point","coordinates":[77.67281,12.92316]},"properties":{"name":"Narayana Hrudayalaya Dental Clinic"}},{"type":"Feature","geometry":{"type":"Point","coordinates":[77.61091,12.89485]},"properties":{"name":"Vatsalya Chidren's Clinic","emergency":"no"}},{"type":"Feature","geometry":{"type":"Point","coordinates":[77.6271,12.90026]},"properties":{"name":"Kottakkal Arya Vaidya Sala","emergency":"no"}},{"type":"Feature","geometry":{"type":"Point","coordinates":[77.53429,12.96234]},"properties":{"name":"Sharavathi Hospitals (P) Ltd."}},{"type":"Feature","geometry":{"type":"Point","coordinates":[77.55926,12.91693]},"properties":{"name":"Dr.Agarwal's Eye Hospital Ltd, Padmanabha Nagar"}},{"type":"Feature","geometry":{"type":"Point","coordinates":[77.55558,12.91846]},"properties":{"name":"Shraddha Eye Care"}},{"type":"Feature","geometry":{"type":"Point","coordinates":[77.51548,12.93133]},"properties":{"name":"Vasan Eye Care Hospital, Rajarajeswari Nagar","ownership":"private"}},{"type":"Feature","geometry":{"type":"Point","coordinates":[77.58583,12.90551]},"properties":{"name":"Cloud Nine Fertility","phone":"080-43500123"}},{"type":"Feature","geometry":{"type":"Point","coordinates":[77.54667,12.88272]},"properties":{"name":"Aikya Healthcare"}},{"type":"Feature","geometry":{"type":"Point","coordinates":[77.5664,12.88409]},"properties":{"name":"Konanakunte Government Hospital","phone":"8026323311"}},{"type":"Feature","geometry":{"type":"Point","coordinates":[77.50887,12.80025]},"properties":{"name":"Anand Clinic"}},{"type":"Feature","geometry":{"type":"Point","coordinates":[77.50845,12.80111]},"properties":{"name":"Sanjeevani Clinic"}},{"type":"Feature","geometry":{"type":"Point","coordinates":[77.51094,12.80472]},"properties":{"name":"Government Hospital"}},{"type":"Feature","geometry":{"type":"Point","coordinates":[77.46188,12.89605]},"properties":{"name":"Rajarajeshwari Hospital and Medical College"}},{"type":"Feature","geometry":{"type":"Point","coordinates":[77.4186,12.90696]},"properties":{"name":"Rajarajeshwari Dental College"}},{"type":"Feature","geometry":{"type":"Point","coordinates":[77.73198,12.98787]},"properties":{"name":"Cloud Nine Hospital"}},{"type":"Feature","geometry":{"type":"Point","coordinates":[77.71037,12.97684]},"properties":{"name":"Telerad Rx Dx Health Care Whitefield","ownership":"private"}},{"type":"Feature","geometry":{"type":"Point","coordinates":[77.75712,12.78733]},"properties":{"name":"Oxford Medical College Hospital"}},{"type":"Feature","geometry":{"type":"Point","coordinates":[77.63758,12.97844]},"properties":{"name":"Motherhood Hospital(Unit Of Rhea Healthcare Pvt Ltd)"}},{"type":"Feature","geometry":{"type":"Point","coordinates":[77.63765,12.97626]},"properties":{"name":"Respiratory and womens health clinic."}},{"type":"Feature","geometry":{"type":"Point","coordinates":[77.63623,12.9767]},"properties":{"name":"Rashmi Hospital"}},{"type":"Feature","geometry":{"type":"Point","coordinates":[77.63573,12.97348]},"properties":{"name":"Netradama Eye Hospital"}},{"type":"Feature","geometry":{"type":"Point","coordinates":[77.60253,12.94252]},"properties":{"name":"Sree Venkateshwara Speciality Hospital"}},{"type":"Feature","geometry":{"type":"Point","coordinates":[77.56949,13.00027]},"properties":{"name":"Leela Hospital and Diagnostic Center"}},{"type":"Feature","geometry":{"type":"Point","coordinates":[77.58782,12.96803]},"properties":{"name":"Dr. Rajkumar Blood Bank"}},{"type":"Feature","geometry":{"type":"Point","coordinates":[77.67375,12.92418]},"properties":{"name":"Nelivigi Eye Hospital","ownership":"private"}},{"type":"Feature","geometry":{"type":"Point","coordinates":[77.69948,12.95174]},"properties":{"name":"Sanghi Medical Centre (P) Ltd"}},{"type":"Feature","geometry":{"type":"Point","coordinates":[77.55939,13.02942]},"properties":{"name":"Sri Sai Krupa Hospital, Bengaluru Urban"}},{"type":"Feature","geometry":{"type":"Point","coordinates":[77.6381,12.98267]},"properties":{"name":"ALDOS Medical Service Pvt LTD"}},{"type":"Feature","geometry":{"type":"Point","coordinates":[77.60341,12.88706]},"properties":{"name":"Government Hospital"}},{"type":"Feature","geometry":{"type":"Point","coordinates":[77.60242,12.88931]},"properties":{"name":"Rajashree Granthim hospital"}},{"type":"Feature","geometry":{"type":"Point","coordinates":[77.65531,12.85047]},"properties":{"name":"Sri Laxmi Hospital"}},{"type":"Feature","geometry":{"type":"Point","coordinates":[77.65846,12.83773]},"properties":{"name":"Wipro First Aid Clinic","emergency":"no"}},{"type":"Feature","geometry":{"type":"Point","coordinates":[77.59869,12.94742]},"properties":{"name":"Krishna Nursing Home"}},{"type":"Feature","geometry":{"type":"Point","coordinates":[77.59881,12.99001]},"properties":{"name":"Shifa Hospital, Bengaluru Urban","ownership":"private"}},{"type":"Feature","geometry":{"type":"Point","coordinates":[77.5856,12.91592]},"properties":{"name":"Milann Fertility Center"}},{"type":"Feature","geometry":{"type":"Point","coordinates":[77.64187,12.96295]},"properties":{"name":"Gift IVF center"}},{"type":"Feature","geometry":{"type":"Point","coordinates":[77.59305,12.96032]},"properties":{"name":"HCG Cancer Hospital"}},{"type":"Feature","geometry":{"type":"Point","coordinates":[77.59193,12.95848]},"properties":{"name":"Health Care Global"}},{"type":"Feature","geometry":{"type":"Point","coordinates":[77.58936,12.92924]},"properties":{"name":"Gulecha Dental Care","ownership":"private"}},{"type":"Feature","geometry":{"type":"Point","coordinates":[77.64454,13.02061]},"properties":{"name":"Rajbal Skin Clinic","emergency":"no"}},{"type":"Feature","geometry":{"type":"Point","coordinates":[77.62875,12.90666]},"properties":{"name":"Prashanth Hospital","ownership":"private"}},{"type":"Feature","geometry":{"type":"Point","coordinates":[77.63355,13.01476]},"properties":{"name":"Dianova Diabetes Center and Hospital"}},{"type":"Feature","geometry":{"type":"Point","coordinates":[77.63234,12.97771]},"properties":{"name":"Ameena Medical centre"}},{"type":"Feature","geometry":{"type":"Point","coordinates":[77.63624,12.97004]},"properties":{"name":"Dr.Agarwal Eye & Dental Hospital"}},{"type":"Feature","geometry":{"type":"Point","coordinates":[77.71604,12.95993]},"properties":{"name":"SRL Diagnostics"}},{"type":"Feature","geometry":{"type":"Point","coordinates":[77.54605,12.98504]},"properties":{"name":"Dr Raos Maternity Hospital"}},{"type":"Feature","geometry":{"type":"Point","coordinates":[77.57482,12.94855]},"properties":{"name":"Sagar Chandramma Hospitals"}},{"type":"Feature","geometry":{"type":"Point","coordinates":[77.6433,13.01698]},"properties":{"name":"Trilife Hospital"}},{"type":"Feature","geometry":{"type":"Point","coordinates":[77.60411,13.02672]},"properties":{"name":"Vignesh Lab and Diagnostics"}},{"type":"Feature","geometry":{"type":"Point","coordinates":[77.62063,12.93681]},"properties":{"name":"Apollo Cradle","ownership":"private"}},{"type":"Feature","geometry":{"type":"Point","coordinates":[77.54937,12.9717]},"properties":{"name":"shiva kumaraswamy building"}},{"type":"Feature","geometry":{"type":"Point","coordinates":[77.59993,12.8616]},"properties":{"name":"Myo Medex - Ace Speciality Clinic"}},{"type":"Feature","geometry":{"type":"Point","coordinates":[77.67641,12.91153]},"properties":{"name":"Stanford Speciality Hospital","emergency":"yes","phone":"080-65666689"}},{"type":"Feature","geometry":{"type":"Point","coordinates":[77.68139,12.91244]},"properties":{"name":"Dr Mohan Nursing Home","emergency":"yes"}},{"type":"Feature","geometry":{"type":"Point","coordinates":[77.67558,12.90724]},"properties":{"name":"Sparsh Clinic"}},{"type":"Feature","geometry":{"type":"Point","coordinates":[77.6741,12.90415]},"properties":{"name":"Raksha Orthopaedic And Multi Speciality Centre"}},{"type":"Feature","geometry":{"type":"Point","coordinates":[77.59501,12.87509]},"properties":{"name":"Narayana Nethralaya"}},{"type":"Feature","geometry":{"type":"Point","coordinates":[77.682,12.9121]},"properties":{"name":"Naadi Ayurveda Center"}},{"type":"Feature","geometry":{"type":"Point","coordinates":[77.66183,12.92176]},"properties":{"name":"Kottakkal Arya Vaidya Sala"}},{"type":"Feature","geometry":{"type":"Point","coordinates":[77.68186,12.9122]},"properties":{"name":"The Family Doctor & The Family Pharma"}},{"type":"Feature","geometry":{"type":"Point","coordinates":[77.61301,12.91947]},"properties":{"name":"Life Care Hospital"}},{"type":"Feature","geometry":{"type":"Point","coordinates":[77.63115,12.91613]},"properties":{"name":"Bhagavathi Hospitals Private Limited"}},{"type":"Feature","geometry":{"type":"Point","coordinates":[77.62787,12.92501]},"properties":{"name":"Gunasheela Hospitals"}},{"type":"Feature","geometry":{"type":"Point","coordinates":[77.56249,12.91511]},"properties":{"name":"NRS Medical & Dental Specialists Centre","phone":"080-26696054"}},{"type":"Feature","geometry":{"type":"Point","coordinates":[77.60498,12.90606]},"properties":{"name":"Anurag Medical Centre"}},{"type":"Feature","geometry":{"type":"Point","coordinates":[77.56191,12.93909]},"properties":{"name":"Sarvodaya Hospital","phone":"098-44074946"}},{"type":"Feature","geometry":{"type":"Point","coordinates":[77.63022,12.97036]},"properties":{"name":"Indianova Healthcare Pvt Ltd"}},{"type":"Feature","geometry":{"type":"Point","coordinates":[77.75481,12.99777]},"properties":{"name":"Sky Diagnostic Centre kumbena agrahara","phone":"080-33051529"}},{"type":"Feature","geometry":{"type":"Point","coordinates":[77.66913,12.91798]},"properties":{"name":"Dr Rachna - Homeopathy"}},{"type":"Feature","geometry":{"type":"Point","coordinates":[77.63472,13.08305]},"properties":{"name":"Regal Hospital","phone":"080-33082383"}},{"type":"Feature","geometry":{"type":"Point","coordinates":[77.70332,13.01585]},"properties":{"name":"Thyrocare","phone":"080-65680365"}},{"type":"Feature","geometry":{"type":"Point","coordinates":[77.65451,12.92401]},"properties":{"name":"Welnext"}},{"type":"Feature","geometry":{"type":"Point","coordinates":[77.53492,12.96677]},"properties":{"name":"Employees State Insurance Dispensary","phone":"080-28452785","ownership":"private"}},{"type":"Feature","geometry":{"type":"Point","coordinates":[77.57381,12.99516]},"properties":{"name":"Dr Solankis Eye Hospital","phone":"080-23562211"}},{"type":"Feature","geometry":{"type":"Point","coordinates":[77.57134,13.00539]},"properties":{"name":"Sri Sanjeevini Cold Laser Therapy","phone":"080-66379862"}},{"type":"Feature","geometry":{"type":"Point","coordinates":[77.64706,12.9754]},"properties":{"name":"Dr. Bhargavi Reddy Women & Children Hospital","phone":"080-25256666"}},{"type":"Feature","geometry":{"type":"Point","coordinates":[77.64609,12.97389]},"properties":{"name":"Axon Speciality Hospital","phone":"080-43346333"}},{"type":"Feature","geometry":{"type":"Point","coordinates":[77.68978,12.98918]},"properties":{"name":"Bright Children's Clinic"}},{"type":"Feature","geometry":{"type":"Point","coordinates":[77.60232,13.03165]},"properties":{"name":"Sanjeevini Children & Women Clinic","phone":"080-22924422"}},{"type":"Feature","geometry":{"type":"Point","coordinates":[77.65127,13.02039]},"properties":{"name":"Procare Hospital","emergency":"yes","phone":"080-41620620"}},{"type":"Feature","geometry":{"type":"Point","coordinates":[77.60081,12.90032]},"properties":{"name":"Parimala Health Care","emergency":"yes","phone":"080-26583117"}},{"type":"Feature","geometry":{"type":"Point","coordinates":[77.69398,13.00875]},"properties":{"name":"Sriram Hospital, Bangalore","emergency":"yes","phone":"080-25610988"}},{"type":"Feature","geometry":{"type":"Point","coordinates":[77.6936,13.01101]},"properties":{"name":"K R Puram Super Speciality Hospital","emergency":"yes","phone":"080-25617799"}},{"type":"Feature","geometry":{"type":"Point","coordinates":[77.70364,13.00484]},"properties":{"name":"Maithri Nursing Home"}},{"type":"Feature","geometry":{"type":"Point","coordinates":[77.60931,12.98769]},"properties":{"name":"Medic Star Hospital","phone":"080-25541337"}},{"type":"Feature","geometry":{"type":"Point","coordinates":[77.60586,12.9857]},"properties":{"name":"Hsis Gosha Hospital","phone":"080-22866529"}},{"type":"Feature","geometry":{"type":"Point","coordinates":[77.60826,12.99594]},"properties":{"name":"Santosh Hospital","phone":"080-25367706"}},{"type":"Feature","geometry":{"type":"Point","coordinates":[77.61173,12.99141]},"properties":{"name":"Hospital"}},{"type":"Feature","geometry":{"type":"Point","coordinates":[77.62017,12.91271]},"properties":{"name":"Keva Ayurveda Health Care Pvt Ltd","phone":"080-50801515"}},{"type":"Feature","geometry":{"type":"Point","coordinates":[77.64285,12.95527]},"properties":{"name":"Ayurvaid Hospital","phone":"080-40925555","ownership":"private"}},{"type":"Feature","geometry":{"type":"Point","coordinates":[77.60379,12.98919]},"properties":{"name":"H B S Hospital","phone":"080-25541321"}},{"type":"Feature","geometry":{"type":"Point","coordinates":[77.58348,12.97054]},"properties":{"name":"St. Martha's Heart Centre"}},{"type":"Feature","geometry":{"type":"Point","coordinates":[77.55826,13.03257]},"properties":{"name":"Sumathi Nursing and Maternity Home"}},{"type":"Feature","geometry":{"type":"Point","coordinates":[77.57932,12.98637]},"properties":{"name":"Desai Nursing Home"}},{"type":"Feature","geometry":{"type":"Point","coordinates":[77.55482,12.98816]},"properties":{"name":"Fortis Hospital","phone":"080-23004444"}},{"type":"Feature","geometry":{"type":"Point","coordinates":[77.63619,12.91654]},"properties":{"name":"Healing Earth Multispeciality Ayurveda Hospital","phone":"080-67475757"}},{"type":"Feature","geometry":{"type":"Point","coordinates":[77.63622,12.91658]},"properties":{"name":"Global Ayurveda Multispeciality Hospital","phone":"080-67475757"}},{"type":"Feature","geometry":{"type":"Point","coordinates":[77.60733,12.88301]},"properties":{"name":"Brahmi Ayurvedic Center"}},{"type":"Feature","geometry":{"type":"Point","coordinates":[77.62998,12.93442]},"properties":{"name":"Fj Merrit Hydrotherapy And Wellness","phone":"080-40951282"}},{"type":"Feature","geometry":{"type":"Point","coordinates":[77.60395,12.91755]},"properties":{"name":"Vedam Ayurveda Multispeciality Hospital","phone":"080-41202911"}},{"type":"Feature","geometry":{"type":"Point","coordinates":[77.63783,12.96673]},"properties":{"name":"Ayur jagruti"}},{"type":"Feature","geometry":{"type":"Point","coordinates":[77.64406,13.02044]},"properties":{"name":"Herbocare Hospital Pvt"}},{"type":"Feature","geometry":{"type":"Point","coordinates":[77.55733,12.93784]},"properties":{"name":"\" NRS Medical & Dental Specialists Centre\"","phone":"080-26696054"}},{"type":"Feature","geometry":{"type":"Point","coordinates":[77.75756,12.9993]},"properties":{"name":"Tele Rad RX DX Health care Pvt Ltd","phone":"080-49261111"}},{"type":"Feature","geometry":{"type":"Point","coordinates":[77.66765,12.85267]},"properties":{"name":"Spring Leaf Health Care Pvt Ltd","phone":"080-67345000"}},{"type":"Feature","geometry":{"type":"Point","coordinates":[77.55184,12.9387]},"properties":{"name":"Chiranjeevi Hospital & Maternity Home","phone":"080-26917676"}},{"type":"Feature","geometry":{"type":"Point","coordinates":[77.54948,12.93737]},"properties":{"name":"Vinayaka Hospital, Hanumantha Nagar","phone":"080-26796167","ownership":"private"}},{"type":"Feature","geometry":{"type":"Point","coordinates":[77.5478,12.93543]},"properties":{"name":"Diavista Diabetes & Multispeciality Hospital","phone":"080-40969392"}},{"type":"Feature","geometry":{"type":"Point","coordinates":[77.5537,12.94207]},"properties":{"name":"Meenakshi Hospital"}},{"type":"Feature","geometry":{"type":"Point","coordinates":[77.56037,12.94087]},"properties":{"name":"Medi-Tech Multi Speciality Hospital","phone":"080-26602910"}},{"type":"Feature","geometry":{"type":"Point","coordinates":[77.55069,12.94201]},"properties":{"name":"Kusuma Hospital","phone":"080-26421177"}},{"type":"Feature","geometry":{"type":"Point","coordinates":[77.55163,12.92746]},"properties":{"name":"Ring Road Hospital","phone":"080-26797040"}},{"type":"Feature","geometry":{"type":"Point","coordinates":[77.54388,12.9389]},"properties":{"name":"Pulse Multispecialty Hospital","phone":"080-26724466"}},{"type":"Feature","geometry":{"type":"Point","coordinates":[77.54509,12.93168]},"properties":{"name":"Surya Galaxy Hospital","phone":"080-26421051"}},{"type":"Feature","geometry":{"type":"Point","coordinates":[77.74617,12.95936]},"properties":{"name":"Wellness Ever","emergency":"yes","phone":"095-91989220"}},{"type":"Feature","geometry":{"type":"Point","coordinates":[77.74193,12.95669]},"properties":{"name":"Hair Loss Treatment in Bangalore - Hairline International","emergency":"yes","phone":"091-48874972"}},{"type":"Feature","geometry":{"type":"Point","coordinates":[77.61709,12.92428]},"properties":{"name":"Surya Diagnostics and Health Services","emergency":"yes","phone":"080-25526667"}},{"type":"Feature","geometry":{"type":"Point","coordinates":[77.69186,13.00909]},"properties":{"name":"Nimi dental bangalore","emergency":"yes","phone":"080-25619979"}},{"type":"Feature","geometry":{"type":"Point","coordinates":[77.75913,12.99676]},"properties":{"name":"New Life Hospital bangalore","emergency":"yes","phone":"080-49540540"}},{"type":"Feature","geometry":{"type":"Point","coordinates":[77.60239,12.99462]},"properties":{"name":"Ayushman Ayurvedic therapy centre"}},{"type":"Feature","geometry":{"type":"Point","coordinates":[77.54039,12.99842]},"properties":{"name":"Pristine Hospital"}},{"type":"Feature","geometry":{"type":"Point","coordinates":[77.52765,12.9575]},"properties":{"name":"Sri Vinayaka Hospital","phone":"080-23398062"}},{"type":"Feature","geometry":{"type":"Point","coordinates":[77.52769,12.95739]},"properties":{"name":"Shathayu Ayurveda Wellness Centre"}},{"type":"Feature","geometry":{"type":"Point","coordinates":[77.4748,13.02261]},"properties":{"name":"Shri Vishnu Ent Speciality Center"}},{"type":"Feature","geometry":{"type":"Point","coordinates":[77.52755,12.9595]},"properties":{"name":"Hospital Sharavathi"}},{"type":"Feature","geometry":{"type":"Point","coordinates":[77.54433,12.97359]},"properties":{"name":"Arogya Kendra"}},{"type":"Feature","geometry":{"type":"Point","coordinates":[77.55267,13.00297]},"properties":{"name":"The Family Doctor Malleswaram"}},{"type":"Feature","geometry":{"type":"Point","coordinates":[77.53333,12.96442]},"properties":{"name":"Venkat Charmalaya"}},{"type":"Feature","geometry":{"type":"Point","coordinates":[77.54036,12.9787]},"properties":{"name":"V Care Medical Systems P Ltd"}},{"type":"Feature","geometry":{"type":"Point","coordinates":[77.52463,12.96882]},"properties":{"name":"Manasa Hospital"}},{"type":"Feature","geometry":{"type":"Point","coordinates":[77.53519,12.96917]},"properties":{"name":"Saikrupa Hospital For Women's and Surgical Centre","ownership":"private"}},{"type":"Feature","geometry":{"type":"Point","coordinates":[77.54491,12.97681]},"properties":{"name":"Cutis Academy of Cutaneous Sciences","phone":"080-41159049"}},{"type":"Feature","geometry":{"type":"Point","coordinates":[77.5334,12.96215]},"properties":{"name":"Shreya Hearing Clinic","phone":"080-23180012"}},{"type":"Feature","geometry":{"type":"Point","coordinates":[77.62055,12.93532]},"properties":{"name":"Acura Speciality Hospital","ownership":"private"}},{"type":"Feature","geometry":{"type":"Point","coordinates":[77.53008,12.96033]},"properties":{"name":"Prasad Nethralaya","phone":"080-23392807"}},{"type":"Feature","geometry":{"type":"Point","coordinates":[77.53729,12.97179]},"properties":{"name":"Vijayanagar Global Hospital","phone":"080-42408200"}},{"type":"Feature","geometry":{"type":"Point","coordinates":[77.53898,12.96497]},"properties":{"name":"Blossom Infertility Center"}},{"type":"Feature","geometry":{"type":"Point","coordinates":[77.53504,12.95832]},"properties":{"name":"Padmashree Nursing Home and Maternity Home","phone":"080-23118372"}},{"type":"Feature","geometry":{"type":"Point","coordinates":[77.51519,12.97062]},"properties":{"name":"Dhanush Hospital","phone":"080-23185544"}},{"type":"Feature","geometry":{"type":"Point","coordinates":[77.51844,12.95757]},"properties":{"name":"S K Hospital, Bengaluru Urban","phone":"080-23213699"}},{"type":"Feature","geometry":{"type":"Point","coordinates":[77.58068,12.90622]},"properties":{"name":"Green City Hospital, Bengaluru Urban","phone":"080-26536222"}},{"type":"Feature","geometry":{"type":"Point","coordinates":[77.57159,12.99472]},"properties":{"name":"The Homoeo World","phone":"080-23461995"}},{"type":"Feature","geometry":{"type":"Point","coordinates":[77.53272,12.96984]},"properties":{"name":"Modern Family Doctor Pvt Ltd","phone":"080-23352200"}},{"type":"Feature","geometry":{"type":"Point","coordinates":[77.57569,12.93121]},"properties":{"name":"Oxford Hospital","phone":"080-22452500"}},{"type":"Feature","geometry":{"type":"Point","coordinates":[77.66533,12.85842]},"properties":{"name":"Oxford Hospital","phone":"080-22452500"}},{"type":"Feature","geometry":{"type":"Point","coordinates":[77.59042,12.90595]},"properties":{"name":"R R Hospital & Trauma Centre","phone":"080-26718785"}},{"type":"Feature","geometry":{"type":"Point","coordinates":[77.58596,12.90399]},"properties":{"name":"M N Speciality Clinic","phone":"080-26530121"}},{"type":"Feature","geometry":{"type":"Point","coordinates":[77.62651,12.90671]},"properties":{"name":"Prashanth Hospital","emergency":"yes","phone":"080-41503714"}},{"type":"Feature","geometry":{"type":"Point","coordinates":[77.59866,12.90093]},"properties":{"name":"Parimala Health Care","emergency":"yes","phone":"080-26583117"}},{"type":"Feature","geometry":{"type":"Point","coordinates":[77.66535,12.85323]},"properties":{"name":"Springleaf Hospital","emergency":"yes","phone":"080-67345000"}},{"type":"Feature","geometry":{"type":"Point","coordinates":[77.69247,13.00962]},"properties":{"name":"Sri Ram Hospital","emergency":"yes","phone":"080-25610988"}},{"type":"Feature","geometry":{"type":"Point","coordinates":[77.58778,12.94587]},"properties":{"name":"Vijay Diagnostic Centre","emergency":"yes","phone":"080-26684260"}},{"type":"Feature","geometry":{"type":"Point","coordinates":[77.56809,12.92427]},"properties":{"name":"Dr Lal PathLabs","emergency":"yes","phone":"080-40916014"}},{"type":"Feature","geometry":{"type":"Point","coordinates":[77.56828,12.8943]},"properties":{"name":"Sri Sai Ram Hospital","ownership":"private"}},{"type":"Feature","geometry":{"type":"Point","coordinates":[77.55308,13.00445]},"properties":{"name":"Tamara Hospital & IVF Centre"}},{"type":"Feature","geometry":{"type":"Point","coordinates":[77.53542,12.99557]},"properties":{"name":"ChanRe Rheumatology and Immunology Center and Research"}},{"type":"Feature","geometry":{"type":"Point","coordinates":[77.47885,12.98388]},"properties":{"name":"Anupama hospital"}},{"type":"Feature","geometry":{"type":"Point","coordinates":[77.69988,13.01205]},"properties":{"name":"Deepa Hospital","ownership":"private"}},{"type":"Feature","geometry":{"type":"Point","coordinates":[77.54511,12.97095]},"properties":{"name":"Manasa Hospital, Vijayanagar"}},{"type":"Feature","geometry":{"type":"Point","coordinates":[77.62731,13.09573]},"properties":{"name":"Agarahara Government Hospital"}},{"type":"Feature","geometry":{"type":"Point","coordinates":[77.5427,12.90561]},"properties":{"name":"Nagarathna Hospital"}},{"type":"Feature","geometry":{"type":"Point","coordinates":[77.57614,13.01308]},"properties":{"name":"Ramana Rao's clinic"}},{"type":"Feature","geometry":{"type":"Point","coordinates":[77.62009,12.99834]},"properties":{"name":"Government Maternity Home"}},{"type":"Feature","geometry":{"type":"Point","coordinates":[77.57945,12.93069]},"properties":{"name":"Lucid Medical Diagnostics","phone":"080-49364444"}},{"type":"Feature","geometry":{"type":"Point","coordinates":[77.55042,12.99849]},"properties":{"name":"Cauvery Orthopaedic Centre"}},{"type":"Feature","geometry":{"type":"Point","coordinates":[77.58519,12.9168]},"properties":{"name":"Apollo Bengaluru Cradle Limited, Jayanagar","ownership":"private"}},{"type":"Feature","geometry":{"type":"Point","coordinates":[77.55094,12.99761]},"properties":{"name":"Nethradhama"}},{"type":"Feature","geometry":{"type":"Point","coordinates":[77.59445,12.93976]},"properties":{"name":"NIMHANS - Ashwini Block"}},{"type":"Feature","geometry":{"type":"Point","coordinates":[77.71281,13.02158]},"properties":{"name":"Satya Sai"}},{"type":"Feature","geometry":{"type":"Point","coordinates":[77.68004,12.98172]},"properties":{"name":"Comfort multispeciality hospital"}},{"type":"Feature","geometry":{"type":"Point","coordinates":[77.59316,12.94007]},"properties":{"name":"National Institute of Mental Health and Neuro Sciences","phone":"080-26995201"}},{"type":"Feature","geometry":{"type":"Point","coordinates":[77.59884,12.94043]},"properties":{"name":"NBRC(National Brain Research Center)"}},{"type":"Feature","geometry":{"type":"Point","coordinates":[77.68516,12.98763]},"properties":{"name":"Dr. Roshni's Tooth Planet Dental Clinic","emergency":"yes"}},{"type":"Feature","geometry":{"type":"Point","coordinates":[77.62738,12.97162]},"properties":{"name":"Cambridge Hospital"}},{"type":"Feature","geometry":{"type":"Point","coordinates":[77.59183,12.95554]},"properties":{"name":"Respigen healthcare"}},{"type":"Feature","geometry":{"type":"Point","coordinates":[77.63579,13.01475]},"properties":{"name":"Doctor's diagnostics Centre"}},{"type":"Feature","geometry":{"type":"Point","coordinates":[77.58375,13.008]},"properties":{"name":"Hosmat Hospital"}},{"type":"Feature","geometry":{"type":"Point","coordinates":[77.65691,12.95978]},"properties":{"name":"cloud nine"}},{"type":"Feature","geometry":{"type":"Point","coordinates":[77.65632,13.00909]},"properties":{"name":"Subramanium Medicine Store"}},{"type":"Feature","geometry":{"type":"Point","coordinates":[77.65832,13.01043]},"properties":{"name":"Columbiaa Hospital"}},{"type":"Feature","geometry":{"type":"Point","coordinates":[77.55692,12.98495]},"properties":{"name":"Altius Hospital"}},{"type":"Feature","geometry":{"type":"Point","coordinates":[77.59685,12.99184]},"properties":{"name":"Bangalore Diabetes Hospital"}},{"type":"Feature","geometry":{"type":"Point","coordinates":[77.55261,13.01185]},"properties":{"name":"NU Hospitals"}},{"type":"Feature","geometry":{"type":"Point","coordinates":[77.59669,12.94721]},"properties":{"name":"V. S. Achar Multispeciality Hospital"}},{"type":"Feature","geometry":{"type":"Point","coordinates":[77.58426,12.93322]},"properties":{"name":"Nature Cure Hospital","ownership":"private"}},{"type":"Feature","geometry":{"type":"Point","coordinates":[77.55496,12.9661]},"properties":{"name":"Government Hospital"}},{"type":"Feature","geometry":{"type":"Point","coordinates":[77.59454,12.94038]},"properties":{"name":"Emergency Block , NIMHANS","emergency":"yes"}},{"type":"Feature","geometry":{"type":"Point","coordinates":[77.52736,12.91381]},"properties":{"name":"Usha Vikranth Diagnostic Center and Hospital"}},{"type":"Feature","geometry":{"type":"Point","coordinates":[77.6474,12.97198]},"properties":{"name":"Nethradhama Superspeciality Eye Hospital","ownership":"private"}},{"type":"Feature","geometry":{"type":"Point","coordinates":[77.75996,13.03088]},"properties":{"name":"Kannamangala Primary Health Center","emergency":"yes"}},{"type":"Feature","geometry":{"type":"Point","coordinates":[77.75692,13.00286]},"properties":{"name":"Telerad RXDX Kadugodi"}},{"type":"Feature","geometry":{"type":"Point","coordinates":[77.60282,13.0552]},"properties":{"name":"Care Health"}},{"type":"Feature","geometry":{"type":"Point","coordinates":[77.57095,12.95426]},"properties":{"name":"Sri Shankara Cancer Hospital And Research Centre (A Service Unit Of Sscf)","phone":"080-26981000","ownership":"private"}},{"type":"Feature","geometry":{"type":"Point","coordinates":[77.53918,12.99398]},"properties":{"name":"Vathsalya Speciality Hospital"}},{"type":"Feature","geometry":{"type":"Point","coordinates":[77.61774,12.98786]},"properties":{"name":"Lakeside Medical Centre and Hospital"}},{"type":"Feature","geometry":{"type":"Point","coordinates":[77.54133,12.96776]},"properties":{"name":"Maruthi Hospital"}},{"type":"Feature","geometry":{"type":"Point","coordinates":[77.61695,12.93621]},"properties":{"name":"Aparna Hospital"}},{"type":"Feature","geometry":{"type":"Point","coordinates":[77.62016,12.93382]},"properties":{"name":"Apollo Spectra Hospitals"}},{"type":"Feature","geometry":{"type":"Point","coordinates":[77.63596,12.9256]},"properties":{"name":"Sankeerthana Hospital and Fertility Center"}},{"type":"Feature","geometry":{"type":"Point","coordinates":[77.62608,12.88161]},"properties":{"name":"Jayashree Multi Specilaity Hospital"}},{"type":"Feature","geometry":{"type":"Point","coordinates":[77.63905,13.06684]},"properties":{"name":"Bangalore Prime Hospital"}},{"type":"Feature","geometry":{"type":"Point","coordinates":[77.60788,13.11864]},"properties":{"name":"CyteCare"}},{"type":"Feature","geometry":{"type":"Point","coordinates":[77.62771,12.93665]},"properties":{"name":"Shiva Vision Care"}},{"type":"Feature","geometry":{"type":"Point","coordinates":[77.57814,13.0711]},"properties":{"name":"Medical Center"}},{"type":"Feature","geometry":{"type":"Point","coordinates":[77.66593,12.84379]},"properties":{"name":"apollo medical shop"}},{"type":"Feature","geometry":{"type":"Point","coordinates":[77.63724,12.97813]},"properties":{"name":"Sujatha Hospital"}},{"type":"Feature","geometry":{"type":"Point","coordinates":[77.69796,13.01121]},"properties":{"name":"Patil Hospital","emergency":"yes","phone":"080-25613891"}},{"type":"Feature","geometry":{"type":"Point","coordinates":[77.54931,12.9822]},"properties":{"name":"The Eye Surgical Centre"}},{"type":"Feature","geometry":{"type":"Point","coordinates":[77.58134,13.10019]},"properties":{"name":"Omega Multispeciality Hospital"}},{"type":"Feature","geometry":{"type":"Point","coordinates":[77.57929,13.09578]},"properties":{"name":"NDR Hospital"}},{"type":"Feature","geometry":{"type":"Point","coordinates":[77.59647,13.06656]},"properties":{"name":"Venus Bone & Joint Centre"}},{"type":"Feature","geometry":{"type":"Point","coordinates":[77.54,13.01821]},"properties":{"name":"Lourdes High School"}},{"type":"Feature","geometry":{"type":"Point","coordinates":[77.53939,13.01671]},"properties":{"name":"Boregowda Lingamma Hospital"}},{"type":"Feature","geometry":{"type":"Point","coordinates":[77.53943,13.01756]},"properties":{"name":"Kanva Hospital"}},{"type":"Feature","geometry":{"type":"Point","coordinates":[77.48081,12.91569]},"properties":{"name":"Kengeri Upanagara Government Hospital"}},{"type":"Feature","geometry":{"type":"Point","coordinates":[77.55939,12.91585]},"properties":{"name":"Yogananda Multi Speciality Hospital"}},{"type":"Feature","geometry":{"type":"Point","coordinates":[77.55011,12.9999]},"properties":{"name":"Dr. Agrawal's Eye Hospital"}},{"type":"Feature","geometry":{"type":"Point","coordinates":[77.5348,12.99489]},"properties":{"name":"Ashok Hospital"}},{"type":"Feature","geometry":{"type":"Point","coordinates":[77.56664,12.93761]},"properties":{"name":"Balaji Hospital and Gastroenterology Center"}},{"type":"Feature","geometry":{"type":"Point","coordinates":[77.49399,12.95175]},"properties":{"name":"Abhay Hospital"}},{"type":"Feature","geometry":{"type":"Point","coordinates":[77.59415,13.02373]},"properties":{"name":"Chaitanya Hospital"}},{"type":"Feature","geometry":{"type":"Point","coordinates":[77.56815,12.9982]},"properties":{"name":"Dr. B. Venkatasubbarao Memorial Hospital"}},{"type":"Feature","geometry":{"type":"Point","coordinates":[77.58028,12.94977]},"properties":{"name":"South City Hospital, Bengaluru Urban"}},{"type":"Feature","geometry":{"type":"Point","coordinates":[77.4127,13.08569]},"properties":{"name":"M S Ramaiah Harsha Hospital"}},{"type":"Feature","geometry":{"type":"Point","coordinates":[77.62387,13.03701]},"properties":{"name":"Sri Sai Hospital, Bengaluru Urban"}},{"type":"Feature","geometry":{"type":"Point","coordinates":[77.56637,12.99985]},"properties":{"name":"Jupiter Hospital And Institute Of Vascular Surgery"}},{"type":"Feature","geometry":{"type":"Point","coordinates":[77.53097,12.98299]},"properties":{"name":"Shreyas Hospital, Bengaluru Urban"}},{"type":"Feature","geometry":{"type":"Point","coordinates":[77.60455,13.02897]},"properties":{"name":"Ashirwad Hospital"}},{"type":"Feature","geometry":{"type":"Point","coordinates":[77.62934,13.16311]},"properties":{"name":"N.R.V Hospital"}},{"type":"Feature","geometry":{"type":"Point","coordinates":[77.59339,13.02635]},"properties":{"name":"Asha Kiran Children & Women Health Care Centre"}},{"type":"Feature","geometry":{"type":"Point","coordinates":[77.60825,13.14988]},"properties":{"name":"Krishnadevaraya Hospital And Research Centre"}},{"type":"Feature","geometry":{"type":"Point","coordinates":[77.63478,12.77966]},"properties":{"name":"Y K Hospital"}},{"type":"Feature","geometry":{"type":"Point","coordinates":[77.78355,13.07441]},"properties":{"name":"Mission Hospital, Bengaluru Rural"}},{"type":"Feature","geometry":{"type":"Point","coordinates":[77.56885,12.96904]},"properties":{"name":"Radha Maternity and Surgical Hospital"}},{"type":"Feature","geometry":{"type":"Point","coordinates":[77.58098,12.98781]},"properties":{"name":"Hitech Kidney Stone Hospital, Bengaluru Urban","ownership":"private"}},{"type":"Feature","geometry":{"type":"Point","coordinates":[77.55994,12.98222]},"properties":{"name":"Sri Dhavantari Ayurveda Hoapital"}},{"type":"Feature","geometry":{"type":"Point","coordinates":[77.55283,12.98455]},"properties":{"name":"Vaidyam Hospital"}},{"type":"Feature","geometry":{"type":"Point","coordinates":[77.5551,12.98977]},"properties":{"name":"Suresh Hospital - Bangalore"}},{"type":"Feature","geometry":{"type":"Point","coordinates":[77.56945,13.00582]},"properties":{"name":"Lakshmi Maternity Home"}},{"type":"Feature","geometry":{"type":"Point","coordinates":[77.5697,13.00773]},"properties":{"name":"Manjunatha Maternity Home and Surgical Centre"}},{"type":"Feature","geometry":{"type":"Point","coordinates":[77.58069,12.99328]},"properties":{"name":"Samprathi Eye Hospital And Squint Centre","ownership":"private"}},{"type":"Feature","geometry":{"type":"Point","coordinates":[77.54062,13.009]},"properties":{"name":"Shankara Nethralaya Eye Hospital"}},{"type":"Feature","geometry":{"type":"Point","coordinates":[77.57997,12.89195]},"properties":{"name":"Supra South City Hospital"}},{"type":"Feature","geometry":{"type":"Point","coordinates":[77.6272,12.78932]},"properties":{"name":"Indira Hospital, Bengaluru Urban"}},{"type":"Feature","geometry":{"type":"Point","coordinates":[77.55027,12.99921]},"properties":{"name":"ChanRe Rheumatology and Immunology Center and Research","phone":"080-42516699"}},{"type":"Feature","geometry":{"type":"Point","coordinates":[77.51144,12.95799]},"properties":{"name":"Chandana Hospital"}},{"type":"Feature","geometry":{"type":"Point","coordinates":[77.62308,13.03982]},"properties":{"name":"J M J Hospital, Bengaluru Urban"}},{"type":"Feature","geometry":{"type":"Point","coordinates":[77.78027,13.06721]},"properties":{"name":"G E F Eye Hospital"}},{"type":"Feature","geometry":{"type":"Point","coordinates":[77.56554,12.9215]},"properties":{"name":"Sri Krishna Hospital"}},{"type":"Feature","geometry":{"type":"Point","coordinates":[77.5716,12.99667]},"properties":{"name":"Malleswaram Eye Day Care Hospital - Bengalore"}},{"type":"Feature","geometry":{"type":"Point","coordinates":[77.57296,12.99336]},"properties":{"name":"Mahaveer Eye Hospital Private Limited","ownership":"private"}},{"type":"Feature","geometry":{"type":"Point","coordinates":[77.5802,12.99898]},"properties":{"name":"Bilva Hospital"}},{"type":"Feature","geometry":{"type":"Point","coordinates":[77.57731,12.92569]},"properties":{"name":"Nethradhama Superspeciality Eye Hospital, Jayanagar","ownership":"private"}},{"type":"Feature","geometry":{"type":"Point","coordinates":[77.59949,12.91223]},"properties":{"name":"Dr Agarwals Eye Hospital Ltd","ownership":"private"}},{"type":"Feature","geometry":{"type":"Point","coordinates":[77.61674,12.92647]},"properties":{"name":"Sri Venkateshwara Hospitals","ownership":"private"}},{"type":"Feature","geometry":{"type":"Point","coordinates":[77.62021,12.93391]},"properties":{"name":"Nova Specialty Surgery Center, Koramangala","ownership":"private"}},{"type":"Feature","geometry":{"type":"Point","coordinates":[77.58251,12.81307]},"properties":{"name":"Fosa Humanitarian Hospital"}},{"type":"Feature","geometry":{"type":"Point","coordinates":[77.55288,12.91188]},"properties":{"name":"C.S. Hospital"}},{"type":"Feature","geometry":{"type":"Point","coordinates":[77.5435,12.96504]},"properties":{"name":"Sri Kalabyraveshwara Swamy Ayurvedic Medical College hospital","ownership":"private"}},{"type":"Feature","geometry":{"type":"Point","coordinates":[77.54559,12.97656]},"properties":{"name":"Anugraha Hospital, Vijayanagar"}},{"type":"Feature","geometry":{"type":"Point","coordinates":[77.58379,13.10392]},"properties":{"name":"Apple Hospital"}},{"type":"Feature","geometry":{"type":"Point","coordinates":[77.57812,12.97118]},"properties":{"name":"Amar Hospital"}},{"type":"Feature","geometry":{"type":"Point","coordinates":[77.56408,12.95727]},"properties":{"name":"Retina Institute Of Karnataka","ownership":"private"}},{"type":"Feature","geometry":{"type":"Point","coordinates":[77.56445,12.9573]},"properties":{"name":"The Venlakh Hospital"}},{"type":"Feature","geometry":{"type":"Point","coordinates":[77.56446,12.94067]},"properties":{"name":"Vishwabharathi Hospital Pvt. Ltd"}},{"type":"Feature","geometry":{"type":"Point","coordinates":[77.55785,12.94045]},"properties":{"name":"Sunetra Eye Hospital, Bengaluru Urban"}},{"type":"Feature","geometry":{"type":"Point","coordinates":[77.57119,12.92533]},"properties":{"name":"Sri Vivekananda Sevashrama"}},{"type":"Feature","geometry":{"type":"Point","coordinates":[77.5689,12.92764]},"properties":{"name":"Saraswathi Hospital"}},{"type":"Feature","geometry":{"type":"Point","coordinates":[77.73375,12.98949]},"properties":{"name":"Narayana Multispeciality Hospital","ownership":"private"}},{"type":"Feature","geometry":{"type":"Point","coordinates":[77.59441,12.93863]},"properties":{"name":"National Institute of Mental Health and Neuro Sciences","ownership":"government"}},{"type":"Feature","geometry":{"type":"Point","coordinates":[77.54614,12.92913]},"properties":{"name":"Netraspandana Healthcare and Research Pvt. Ltd"}},{"type":"Feature","geometry":{"type":"Point","coordinates":[77.5941,13.09459]},"properties":{"name":"North City CT Scan"}},{"type":"Feature","geometry":{"type":"Point","coordinates":[77.55507,12.91762]},"properties":{"name":"Nu Trust"}},{"type":"Feature","geometry":{"type":"Point","coordinates":[77.53337,12.98173]},"properties":{"name":"Padmavathi Hospital, Bengaluru Urban"}},{"type":"Feature","geometry":{"type":"Point","coordinates":[77.50316,12.99572]},"properties":{"name":"Panchamukhi Specialityu Hospital"}},{"type":"Feature","geometry":{"type":"Point","coordinates":[77.50873,12.98819]},"properties":{"name":"Sri Lakshmi Multi Speciality Hospital"}},{"type":"Feature","geometry":{"type":"Point","coordinates":[77.62356,13.00908]},"properties":{"name":"K C Raju Multi Speciality Hospital"}},{"type":"Feature","geometry":{"type":"Point","coordinates":[77.59579,12.88228]},"properties":{"name":"Vasan Eye Care Hospital, Bannergatta Road","ownership":"private"}},{"type":"Feature","geometry":{"type":"Point","coordinates":[77.6171,12.92462]},"properties":{"name":"Varalakshmi Hospital"}},{"type":"Feature","geometry":{"type":"Point","coordinates":[77.55873,13.02237]},"properties":{"name":"Kala Hospital"}},{"type":"Feature","geometry":{"type":"Point","coordinates":[77.77071,12.78043]},"properties":{"name":"Sri Raghava Childrens And General Hospital"}},{"type":"Feature","geometry":{"type":"Point","coordinates":[77.59489,12.91759]},"properties":{"name":"Shekhar Hospital, Jayanagar"}},{"type":"Feature","geometry":{"type":"Point","coordinates":[77.53089,13.0842]},"properties":{"name":"Rajalakshmi Hospital"}},{"type":"Feature","geometry":{"type":"Point","coordinates":[77.39722,13.09662]},"properties":{"name":"Sharada Hospital, Bengaluru Rural"}},{"type":"Feature","geometry":{"type":"Point","coordinates":[77.57324,12.91034]},"properties":{"name":"Vasan Eye Care Hospital, Sarakki","ownership":"private"}},{"type":"Feature","geometry":{"type":"Point","coordinates":[77.70516,12.95515]},"properties":{"name":"Lions Airport City Hospital"}},{"type":"Feature","geometry":{"type":"Point","coordinates":[77.62357,12.90796]},"properties":{"name":"Mahanth Hospital"}},{"type":"Feature","geometry":{"type":"Point","coordinates":[77.59377,12.92552]},"properties":{"name":"Sunayana Eye Hospital","ownership":"private"}},{"type":"Feature","geometry":{"type":"Point","coordinates":[77.59209,13.02484]},"properties":{"name":"Lakshmi Hospital, Ganganagar"}},{"type":"Feature","geometry":{"type":"Point","coordinates":[77.64794,13.0186]},"properties":{"name":"Lokhande S Hospital"}},{"type":"Feature","geometry":{"type":"Point","coordinates":[77.58563,13.02501]},"properties":{"name":"Dr. T.V.Ramesh Piles Hospital","ownership":"private"}},{"type":"Feature","geometry":{"type":"Point","coordinates":[77.58474,12.9164]},"properties":{"name":"Dr Kamini Rao Hospital(A Unit Of Bacc Health Care Pvt Ltd)"}},{"type":"Feature","geometry":{"type":"Point","coordinates":[77.59266,12.96053]},"properties":{"name":"HCG"}},{"type":"Feature","geometry":{"type":"Point","coordinates":[77.61308,13.02182]},"properties":{"name":"Dr Ambedkar Medical College Hospital","ownership":"private"}},{"type":"Feature","geometry":{"type":"Point","coordinates":[77.5588,12.9929]},"properties":{"name":"Supriya Hospital, Bengaluru Urban"}},{"type":"Feature","geometry":{"type":"Point","coordinates":[77.60707,13.02124]},"properties":{"name":"Manju Sree Hospital"}},{"type":"Feature","geometry":{"type":"Point","coordinates":[77.57705,13.03228]},"properties":{"name":"Raj Mahal Vilas Hospital"}},{"type":"Feature","geometry":{"type":"Point","coordinates":[77.6239,12.94121]},"properties":{"name":"Devi Eye Hospital","ownership":"private"}},{"type":"Feature","geometry":{"type":"Point","coordinates":[77.50963,12.97487]},"properties":{"name":"Essential Hospital"}},{"type":"Feature","geometry":{"type":"Point","coordinates":[77.39188,13.09924]},"properties":{"name":"Prasad Hospital, Bengaluru Rural"}},{"type":"Feature","geometry":{"type":"Point","coordinates":[77.64091,13.03736]},"properties":{"name":"Shree Vijayalakshmi Hospital and Trauma Centre"}},{"type":"Feature","geometry":{"type":"Point","coordinates":[77.56726,12.95482]},"properties":{"name":"Kalasa Maternity Home"}},{"type":"Feature","geometry":{"type":"Point","coordinates":[77.54937,12.98244]},"properties":{"name":"Sidvin Hospital Pvt Ltd"}},{"type":"Feature","geometry":{"type":"Point","coordinates":[77.55092,12.92464]},"properties":{"name":"Abhilash Hospital And Sara Rehabilitation Centre"}},{"type":"Feature","geometry":{"type":"Point","coordinates":[77.62288,12.93433]},"properties":{"name":"HCG, Koramangala","ownership":"private"}},{"type":"Feature","geometry":{"type":"Point","coordinates":[77.63303,12.89576]},"properties":{"name":"Ganesh Nursing Home, Bengaluru Urban"}},{"type":"Feature","geometry":{"type":"Point","coordinates":[77.62631,12.89874]},"properties":{"name":"Kavya Hospital"}},{"type":"Feature","geometry":{"type":"Point","coordinates":[77.54579,12.92753]},"properties":{"name":"Sg Hospital"}},{"type":"Feature","geometry":{"type":"Point","coordinates":[77.58199,12.99882]},"properties":{"name":"Place Guttahalli Maternity Home"}},{"type":"Feature","geometry":{"type":"Point","coordinates":[77.59117,12.9608]},"properties":{"name":"Phoenix Hospital, Bengaluru Urban"}},{"type":"Feature","geometry":{"type":"Point","coordinates":[77.48325,12.92151]},"properties":{"name":"Shreya Hospital, Bengaluru Rural"}},{"type":"Feature","geometry":{"type":"Point","coordinates":[77.63355,13.02413]},"properties":{"name":"Vasan Eye Care Hospital, Banaswadi","ownership":"private"}},{"type":"Feature","geometry":{"type":"Point","coordinates":[77.48578,12.92557]},"properties":{"name":"Sri Annapoorneshwari Hospital"}},{"type":"Feature","geometry":{"type":"Point","coordinates":[77.59206,13.02518]},"properties":{"name":"Vasan Eye Care Hospital, R.T.Nagar","ownership":"private"}},{"type":"Feature","geometry":{"type":"Point","coordinates":[77.57479,12.9563]},"properties":{"name":"Kims Hospital and Research Centre"}},{"type":"Feature","geometry":{"type":"Point","coordinates":[77.59499,12.94894]},"properties":{"name":"Karthik Hospital, Bengaluru Urban"}},{"type":"Feature","geometry":{"type":"Point","coordinates":[77.58927,12.96702]},"properties":{"name":"Bangalore Kidney Stones Hospital"}},{"type":"Feature","geometry":{"type":"Point","coordinates":[77.68147,12.98259]},"properties":{"name":"Sree Lakshmi Hospital"}},{"type":"Feature","geometry":{"type":"Point","coordinates":[77.38447,12.79757]},"properties":{"name":"Prashanthi Hospital, Ramanagara"}},{"type":"Feature","geometry":{"type":"Point","coordinates":[77.54713,12.92711]},"properties":{"name":"Abhaya Eye Hospital, Super Speciality Eye Care Centre","ownership":"private"}},{"type":"Feature","geometry":{"type":"Point","coordinates":[77.61626,12.99945]},"properties":{"name":"Mediscope Hospital Private Limited","ownership":"private"}},{"type":"Feature","geometry":{"type":"Point","coordinates":[77.65171,13.05556]},"properties":{"name":"Medi Derma Hospital"}},{"type":"Feature","geometry":{"type":"Point","coordinates":[77.39299,13.09389]},"properties":{"name":"Mathru Shree Hospital"}},{"type":"Feature","geometry":{"type":"Point","coordinates":[77.48061,12.9111]},"properties":{"name":"Mathru Hospital - Bangalore"}},{"type":"Feature","geometry":{"type":"Point","coordinates":[77.61249,12.98258]},"properties":{"name":"Manjushree Speciality Hospital"}},{"type":"Feature","geometry":{"type":"Point","coordinates":[77.54327,13.00457]},"properties":{"name":"Namratha Nursing And Maternity Home"}},{"type":"Feature","geometry":{"type":"Point","coordinates":[77.54733,12.94248]},"properties":{"name":"The Pulse Multi Speciality Hospital"}},{"type":"Feature","geometry":{"type":"Point","coordinates":[77.57036,12.95149]},"properties":{"name":"Popular Hospital","emergency":"yes","ownership":"private"}},{"type":"Feature","geometry":{"type":"Point","coordinates":[77.56409,13.1731]},"properties":{"name":"Rajankunte Hospital"}},{"type":"Feature","geometry":{"type":"Point","coordinates":[77.55486,12.95265]},"properties":{"name":"Gavipuramguttahalli Maternity Home"}},{"type":"Feature","geometry":{"type":"Point","coordinates":[77.66408,13.01392]},"properties":{"name":"Ayurseva Hospital"}},{"type":"Feature","geometry":{"type":"Point","coordinates":[77.54939,12.97451]},"properties":{"name":"Spine Care And Ortho Care Hospital","ownership":"private"}},{"type":"Feature","geometry":{"type":"Point","coordinates":[77.58927,12.85797]},"properties":{"name":"Vijayashree Hospitals"}},{"type":"Feature","geometry":{"type":"Point","coordinates":[77.5474,12.97338]},"properties":{"name":"Tanmay Hospital"}},{"type":"Feature","geometry":{"type":"Point","coordinates":[77.71505,12.96516]},"properties":{"name":"Aayug Multi Speciality Hospital","ownership":"private"}},{"type":"Feature","geometry":{"type":"Point","coordinates":[77.70023,12.95685]},"properties":{"name":"MGA Hospital"}},{"type":"Feature","geometry":{"type":"Point","coordinates":[77.65954,12.87054]},"properties":{"name":"Blossom Hospital"}},{"type":"Feature","geometry":{"type":"Point","coordinates":[77.63082,12.91606]},"properties":{"name":"Bhagavathi Multi Speciality Hospital"}},{"type":"Feature","geometry":{"type":"Point","coordinates":[77.60032,12.91446]},"properties":{"name":"Sri Sai Ram Hospital - Bangalore"}},{"type":"Feature","geometry":{"type":"Point","coordinates":[77.54272,12.9645]},"properties":{"name":"Susheel Hospital"}},{"type":"Feature","geometry":{"type":"Point","coordinates":[77.52312,12.96543]},"properties":{"name":"Dhanush Hospital"}},{"type":"Feature","geometry":{"type":"Point","coordinates":[77.78215,13.07456]},"properties":{"name":"Shreyas Maternity Home"}},{"type":"Feature","geometry":{"type":"Point","coordinates":[77.6308,12.97002]},"properties":{"name":"Sadhana Eye Hospital, Bengaluru Urban"}},{"type":"Feature","geometry":{"type":"Point","coordinates":[77.70682,12.79456]},"properties":{"name":"Athreya Hospital"}},{"type":"Feature","geometry":{"type":"Point","coordinates":[77.57861,12.93885]},"properties":{"name":"Av Hospital"}},{"type":"Feature","geometry":{"type":"Point","coordinates":[77.56029,12.96325]},"properties":{"name":"Balaji Hospital, K.H. Ranganath Colony"}},{"type":"Feature","geometry":{"type":"Point","coordinates":[77.65097,13.02051]},"properties":{"name":"Banasawadi Hospital"}},{"type":"Feature","geometry":{"type":"Point","coordinates":[77.63877,13.0221]},"properties":{"name":"Bangalore Eye Hospital And Retina Centre"}},{"type":"Feature","geometry":{"type":"Point","coordinates":[77.48005,12.91108]},"properties":{"name":"Belaku Eye Hospital"}},{"type":"Feature","geometry":{"type":"Point","coordinates":[77.59032,12.96706]},"properties":{"name":"Bhavatprabhu Hospitals Pvt Limited"}},{"type":"Feature","geometry":{"type":"Point","coordinates":[77.61848,12.9758]},"properties":{"name":"Nikad Ortho Centre"}},{"type":"Feature","geometry":{"type":"Point","coordinates":[77.54196,13.01957]},"properties":{"name":"Raksha Multispeciality Hospital","ownership":"private"}},{"type":"Feature","geometry":{"type":"Point","coordinates":[77.54198,13.0196]},"properties":{"name":"Cambridge Hospital"}},{"type":"Feature","geometry":{"type":"Point","coordinates":[77.57737,13.09835]},"properties":{"name":"Prasad Hospital, Bengaluru Urban"}},{"type":"Feature","geometry":{"type":"Point","coordinates":[77.61261,13.12152]},"properties":{"name":"Saranalaya Hospital"}},{"type":"Feature","geometry":{"type":"Point","coordinates":[77.54856,12.95596]},"properties":{"name":"Azad Nagar Maternity Home"}},{"type":"Feature","geometry":{"type":"Point","coordinates":[77.57647,12.9403]},"properties":{"name":"Gunasheela Surgical and Maternity Hospital"}},{"type":"Feature","geometry":{"type":"Point","coordinates":[77.5736,12.92073]},"properties":{"name":"Excel Care Hospital"}},{"type":"Feature","geometry":{"type":"Point","coordinates":[77.58198,12.9292]},"properties":{"name":"Vasan Eye Care Hospital, Jayanagar"}},{"type":"Feature","geometry":{"type":"Point","coordinates":[77.57903,12.92714]},"properties":{"name":"Hi Tech Kidney Stone Hospital","ownership":"private"}},{"type":"Feature","geometry":{"type":"Point","coordinates":[77.57322,12.92425]},"properties":{"name":"Dr. Vidyananda's Surgery and Dia Centre"}},{"type":"Feature","geometry":{"type":"Point","coordinates":[77.62074,12.89816]},"properties":{"name":"Srushti Hospital, Bengaluru Rural"}},{"type":"Feature","geometry":{"type":"Point","coordinates":[77.60055,12.90046]},"properties":{"name":"Parimala Speciality Hospital","ownership":"private"}},{"type":"Feature","geometry":{"type":"Point","coordinates":[77.58381,12.84437]},"properties":{"name":"Banashankari Hospital"}},{"type":"Feature","geometry":{"type":"Point","coordinates":[77.63547,13.01381]},"properties":{"name":"R K Hospital, Bengaluru Urban"}},{"type":"Feature","geometry":{"type":"Point","coordinates":[77.7762,12.77656]},"properties":{"name":"N.R. Hospital"}},{"type":"Feature","geometry":{"type":"Point","coordinates":[77.60799,12.93567]},"properties":{"name":"Prasad Eye Hospital, Bengaluru Urban"}},{"type":"Feature","geometry":{"type":"Point","coordinates":[77.51083,12.98198]},"properties":{"name":"Unity Lifline Hospital Pvt Ltd"}},{"type":"Feature","geometry":{"type":"Point","coordinates":[77.70687,12.79454]},"properties":{"name":"Athreya Hospital, Chandpura","ownership":"private"}},{"type":"Feature","geometry":{"type":"Point","coordinates":[77.53847,13.00984]},"properties":{"name":"J.P.Nursing Home","ownership":"government"}},{"type":"Feature","geometry":{"type":"Point","coordinates":[77.58708,13.0268]},"properties":{"name":"North Side Health Centre"}},{"type":"Feature","geometry":{"type":"Point","coordinates":[77.66812,12.85489]},"properties":{"name":"Anugrahaa Hospital"}},{"type":"Feature","geometry":{"type":"Point","coordinates":[77.59927,13.06575]},"properties":{"name":"Amrutha Hospital"}},{"type":"Feature","geometry":{"type":"Point","coordinates":[77.52079,12.91082]},"properties":{"name":"Unity Hospital, Bengaluru Urban"}},{"type":"Feature","geometry":{"type":"Point","coordinates":[77.65655,12.9676]},"properties":{"name":"Dr Chaitanyas Dental Care & Implant Centre"}},{"type":"Feature","geometry":{"type":"Point","coordinates":[77.60589,12.91889]},"properties":{"name":"Kareem E.N.T and Multispeciality Centre"}},{"type":"Feature","geometry":{"type":"Point","coordinates":[77.47842,12.9086]},"properties":{"name":"HK Hospital"}},{"type":"Feature","geometry":{"type":"Point","coordinates":[77.64598,12.97771]},"properties":{"name":"Chinmaya Narayana Super Specialty Centre","ownership":"private"}},{"type":"Feature","geometry":{"type":"Point","coordinates":[77.57908,12.94961]},"properties":{"name":"Jyothi The Lasik Vision Centre"}},{"type":"Feature","geometry":{"type":"Point","coordinates":[77.47948,12.98687]},"properties":{"name":"S.S.G. Hospital"}},{"type":"Feature","geometry":{"type":"Point","coordinates":[77.5831,12.9563]},"properties":{"name":"Bengaluru West Lions Hospital","ownership":"private"}},{"type":"Feature","geometry":{"type":"Point","coordinates":[77.5372,12.97163]},"properties":{"name":"Vijayanagar Hospital","ownership":"private"}},{"type":"Feature","geometry":{"type":"Point","coordinates":[77.56839,12.95502]},"properties":{"name":"Abhinava Eye Hospital"}},{"type":"Feature","geometry":{"type":"Point","coordinates":[77.58493,12.90671]},"properties":{"name":"North Star Maternity and Nursing Home"}},{"type":"Feature","geometry":{"type":"Point","coordinates":[77.5844,12.96853]},"properties":{"name":"Punarjyoti Eye Hospital, Bengaluru Urban"}},{"type":"Feature","geometry":{"type":"Point","coordinates":[77.62215,13.00802]},"properties":{"name":"Sundar Hospital"}},{"type":"Feature","geometry":{"type":"Point","coordinates":[77.69618,13.01217]},"properties":{"name":"Sri Ramakrishna Hospital, Bengaluru Urban"}},{"type":"Feature","geometry":{"type":"Point","coordinates":[77.51367,13.04239]},"properties":{"name":"Sri Venkateshwara Eye Hospital"}},{"type":"Feature","geometry":{"type":"Point","coordinates":[77.59735,13.01588]},"properties":{"name":"V Care Hospital"}},{"type":"Feature","geometry":{"type":"Point","coordinates":[77.53156,12.9601]},"properties":{"name":"A.M. Hospital"}},{"type":"Feature","geometry":{"type":"Point","coordinates":[77.53527,12.95869]},"properties":{"name":"Divya Drishti Eye Hospital, Vijayanagar","ownership":"private"}},{"type":"Feature","geometry":{"type":"Point","coordinates":[77.52172,12.9617]},"properties":{"name":"Shridevi Hospital, Bengaluru Urban"}},{"type":"Feature","geometry":{"type":"Point","coordinates":[77.65156,13.01472]},"properties":{"name":"Srinivasa Eye Hospital"}},{"type":"Feature","geometry":{"type":"Point","coordinates":[77.67439,13.01122]},"properties":{"name":"Spandana Hospital And Medical Centre"}},{"type":"Feature","geometry":{"type":"Point","coordinates":[77.57254,12.97327]},"properties":{"name":"Sreeniwasa Hospital"}},{"type":"Feature","geometry":{"type":"Point","coordinates":[77.5078,12.98887]},"properties":{"name":"Ashraya Medinova Pvt Ltd"}},{"type":"Feature","geometry":{"type":"Point","coordinates":[77.56182,12.97413]},"properties":{"name":"Magadi Road Maternity Home"}},{"type":"Feature","geometry":{"type":"Point","coordinates":[77.54328,12.998]},"properties":{"name":"Pristine Hospital","ownership":"private"}},{"type":"Feature","geometry":{"type":"Point","coordinates":[77.6329,13.0022]},"properties":{"name":"Dr Zamindar's Micro Surgical Eye Centre"}},{"type":"Feature","geometry":{"type":"Point","coordinates":[77.5054,13.00048]},"properties":{"name":"K.T.G. Hospital"}},{"type":"Feature","geometry":{"type":"Point","coordinates":[77.63393,12.89805]},"properties":{"name":"Vasan Eye Care Hospital"}},{"type":"Feature","geometry":{"type":"Point","coordinates":[77.63211,12.97091]},"properties":{"name":"Health Cottage Hospital"}},{"type":"Feature","geometry":{"type":"Point","coordinates":[77.54734,12.89708]},"properties":{"name":"Samastha Hospitals Pvt Ltd"}},{"type":"Feature","geometry":{"type":"Point","coordinates":[77.59513,13.02633]},"properties":{"name":"Poornima Hospital"}},{"type":"Feature","geometry":{"type":"Point","coordinates":[77.73471,13.03574]},"properties":{"name":"S.N. Hospital"}},{"type":"Feature","geometry":{"type":"Point","coordinates":[77.65476,13.01786]},"properties":{"name":"Dr.Zamindar Microsurgical Eye Centre","ownership":"private"}},{"type":"Feature","geometry":{"type":"Point","coordinates":[77.63329,13.0328]},"properties":{"name":"Good Shepherd Hospital"}},{"type":"Feature","geometry":{"type":"Point","coordinates":[77.61284,12.99602]},"properties":{"name":"Dr.Agarwal Eye Hospital, Frazer Town, Bangalore"}},{"type":"Feature","geometry":{"type":"Point","coordinates":[77.57445,13.03776]},"properties":{"name":"Mamta Hospital, Bengaluru Rural"}},{"type":"Feature","geometry":{"type":"Point","coordinates":[77.57506,13.03608]},"properties":{"name":"S. J. Hospital"}},{"type":"Feature","geometry":{"type":"Point","coordinates":[77.59823,12.96416]},"properties":{"name":"Republic Hospital"}},{"type":"Feature","geometry":{"type":"Point","coordinates":[77.57163,12.90743]},"properties":{"name":"R.R. Hospital and Trauma Centre"}},{"type":"Feature","geometry":{"type":"Point","coordinates":[77.78541,13.07462]},"properties":{"name":"Ashwini Hospital"}},{"type":"Feature","geometry":{"type":"Point","coordinates":[77.73517,13.03572]},"properties":{"name":"Geetha Hospital"}},{"type":"Feature","geometry":{"type":"Point","coordinates":[77.69711,13.00804]},"properties":{"name":"Suresh Hospital, Bengaluru Urban"}},{"type":"Feature","geometry":{"type":"Point","coordinates":[77.69487,13.00881]},"properties":{"name":"Sri Ram Netralaya and Surgical Centre"}},{"type":"Feature","geometry":{"type":"Point","coordinates":[77.69696,13.00909]},"properties":{"name":"Patil Hospital, Bengaluru Urban"}},{"type":"Feature","geometry":{"type":"Point","coordinates":[77.66592,13.01197]},"properties":{"name":"Sri Sai Eye Hospital"}},{"type":"Feature","geometry":{"type":"Point","coordinates":[77.62098,12.95438]},"properties":{"name":"Sri Ram Speciality Hospital"}},{"type":"Feature","geometry":{"type":"Point","coordinates":[77.6355,13.01497]},"properties":{"name":"Zion Hospital And Research Centre Pvt.Ltd.","ownership":"private"}},{"type":"Feature","geometry":{"type":"Point","coordinates":[77.50556,13.00688]},"properties":{"name":"Jai Maruthi Hospital"}},{"type":"Feature","geometry":{"type":"Point","coordinates":[77.57286,12.96195]},"properties":{"name":"Institute Of Nephro Urology hospital"}},{"type":"Feature","geometry":{"type":"Point","coordinates":[77.62243,12.94257]},"properties":{"name":"Well Spring hospital"}},{"type":"Feature","geometry":{"type":"Point","coordinates":[77.55025,13.0105]},"properties":{"name":"Aaroyha Mandir Hospital"}},{"type":"Feature","geometry":{"type":"Point","coordinates":[77.53749,12.98622]},"properties":{"name":"Punya Hospital, Bengaluru Urban","ownership":"private"}},{"type":"Feature","geometry":{"type":"Point","coordinates":[77.48376,12.94188]},"properties":{"name":"Vijaya Hospital, Bengaluru Urban"}},{"type":"Feature","geometry":{"type":"Point","coordinates":[77.52618,12.97618]},"properties":{"name":"Sandhyashree Hospital"}},{"type":"Feature","geometry":{"type":"Point","coordinates":[77.66142,13.02767]},"properties":{"name":"Dr. Sailaja's Super Speciality Eye Hospital"}},{"type":"Feature","geometry":{"type":"Point","coordinates":[77.55895,12.91628]},"properties":{"name":"Hillside Hospital"}},{"type":"Feature","geometry":{"type":"Point","coordinates":[77.59265,12.96464]},"properties":{"name":"Pd Hinduja Sindhi Hospital"}},{"type":"Feature","geometry":{"type":"Point","coordinates":[77.54278,12.99862]},"properties":{"name":"Sri Ranga Arogyadhama"}},{"type":"Feature","geometry":{"type":"Point","coordinates":[77.5116,12.97805]},"properties":{"name":"Brinda Hospital"}},{"type":"Feature","geometry":{"type":"Point","coordinates":[77.4918,12.95119]},"properties":{"name":"Sankalpa Hospital"}},{"type":"Feature","geometry":{"type":"Point","coordinates":[77.51085,12.97059]},"properties":{"name":"Deepashri Hospital"}},{"type":"Feature","geometry":{"type":"Point","coordinates":[77.55494,12.98172]},"properties":{"name":"Rotary Eye Hospital (A Unit Of Bangalore North Rotary Trust)"}},{"type":"Feature","geometry":{"type":"Point","coordinates":[77.55671,13.02183]},"properties":{"name":"Acharya Tulsi Jain Hospital"}},{"type":"Feature","geometry":{"type":"Point","coordinates":[77.61503,12.95266]},"properties":{"name":"Get Well Hospital"}},{"type":"Feature","geometry":{"type":"Point","coordinates":[77.59606,13.02419]},"properties":{"name":"Premier Hospital"}},{"type":"Feature","geometry":{"type":"Point","coordinates":[77.54611,13.00018]},"properties":{"name":"Gurukripa Hospital and Health Care Centre"}},{"type":"Feature","geometry":{"type":"Point","coordinates":[77.62279,13.02693]},"properties":{"name":"Avian Medicare and Research Centre"}},{"type":"Feature","geometry":{"type":"Point","coordinates":[77.71119,13.24391]},"properties":{"name":"Sri Shirdi Sai Hospital"}},{"type":"Feature","geometry":{"type":"Point","coordinates":[77.62521,13.15793]},"properties":{"name":"Lakshmi Hospital"}},{"type":"Feature","geometry":{"type":"Point","coordinates":[77.62578,12.892]},"properties":{"name":"Vinayaka Health Care and Maternity Home"}},{"type":"Feature","geometry":{"type":"Point","coordinates":[77.6772,13.01132]},"properties":{"name":"Little Flower Hospital"}},{"type":"Feature","geometry":{"type":"Point","coordinates":[77.57556,12.95435]},"properties":{"name":"Venkateswara Hospital, Bengaluru Urban"}},{"type":"Feature","geometry":{"type":"Point","coordinates":[77.52221,13.00936]},"properties":{"name":"Sai Baba Hospital"}},{"type":"Feature","geometry":{"type":"Point","coordinates":[77.56121,12.89147]},"properties":{"name":"Metro Hospital, Bengaluru Rural"}},{"type":"Feature","geometry":{"type":"Point","coordinates":[77.54296,12.97832]},"properties":{"name":"Madhu Hospital, Bengaluru Urban"}},{"type":"Feature","geometry":{"type":"Point","coordinates":[77.61961,13.02361]},"properties":{"name":"Al- Habeeb Hospital"}},{"type":"Feature","geometry":{"type":"Point","coordinates":[77.78553,13.07406]},"properties":{"name":"Sri Srinivasa Hospital, Bengaluru Rural"}},{"type":"Feature","geometry":{"type":"Point","coordinates":[77.60659,12.9439]},"properties":{"name":"Santhigiri Ayurveda and Siddha Hospital, Bengaluru Urban","ownership":"private"}},{"type":"Feature","geometry":{"type":"Point","coordinates":[77.54368,12.9746]},"properties":{"name":"Padmashree Diagnostics"}},{"type":"Feature","geometry":{"type":"Point","coordinates":[77.68079,12.97218]},"properties":{"name":"Venus MultiSpeciality Hospital"}},{"type":"Feature","geometry":{"type":"Point","coordinates":[77.66248,12.85412]},"properties":{"name":"Ramakrishna Hospital","emergency":"yes"}},{"type":"Feature","geometry":{"type":"Point","coordinates":[77.62447,12.91021]},"properties":{"name":"Roopena Agrahara Government Hospital"}},{"type":"Feature","geometry":{"type":"Point","coordinates":[77.35198,12.85026]},"properties":{"name":"Government Hospital, Gankal","phone":"8027307077"}},{"type":"Feature","geometry":{"type":"Point","coordinates":[77.42238,12.75016]},"properties":{"name":"Government Hospital, Byramangala","phone":"8027283738"}},{"type":"Feature","geometry":{"type":"Point","coordinates":[77.78823,12.75091]},"properties":{"name":"Government Hospital, Ballur"}},{"type":"Feature","geometry":{"type":"Point","coordinates":[77.4485,12.93854]},"properties":{"name":"Government Hospital SULIKERE"}},{"type":"Feature","geometry":{"type":"Point","coordinates":[77.3851,12.79623]},"properties":{"name":"Government Hospital, Bidadi"}},{"type":"Feature","geometry":{"type":"Point","coordinates":[77.73604,12.92233]},"properties":{"name":"Government Hospital, Gunjur"}},{"type":"Feature","geometry":{"type":"Point","coordinates":[77.51229,12.80449]},"properties":{"name":"Kaggalipura Government Hospital","phone":"8277515873"}},{"type":"Feature","geometry":{"type":"Point","coordinates":[77.48392,13.03113]},"properties":{"name":"Thippenalli Government Hospital"}},{"type":"Feature","geometry":{"type":"Point","coordinates":[77.56456,13.17521]},"properties":{"name":"Govt hospital,Rajanukunte"}},{"type":"Feature","geometry":{"type":"Point","coordinates":[77.80141,13.18618]},"properties":{"name":"Government Hospita Sulibele"}},{"type":"Feature","geometry":{"type":"Point","coordinates":[77.52319,13.00982]},"properties":{"name":"Laggere Government Hospital"}},{"type":"Feature","geometry":{"type":"Point","coordinates":[77.71699,13.01643]},"properties":{"name":"Seegehalli Government Hospital"}},{"type":"Feature","geometry":{"type":"Point","coordinates":[77.34788,13.22583]},"properties":{"name":"Government Hospital Tadasigatta"}},{"type":"Feature","geometry":{"type":"Point","coordinates":[77.47518,12.96291]},"properties":{"name":"Ullalu Government Hospital"}},{"type":"Feature","geometry":{"type":"Point","coordinates":[77.80112,13.07702]},"properties":{"name":"Hoskote Government Hospital"}},{"type":"Feature","geometry":{"type":"Point","coordinates":[77.56942,12.99338]},"properties":{"name":"K.C. General Hospital","phone":"081-99242555"}},{"type":"Feature","geometry":{"type":"Point","coordinates":[77.74481,13.13765]},"properties":{"name":"Government Hospital, Budigere"}},{"type":"Feature","geometry":{"type":"Point","coordinates":[77.51044,13.04915]},"properties":{"name":"NELAMAHESHWARI Government Hospital"}},{"type":"Feature","geometry":{"type":"Point","coordinates":[77.85692,13.0469]},"properties":{"name":"Jadigenahalli Hospital"}},{"type":"Feature","geometry":{"type":"Point","coordinates":[77.63291,13.07013]},"properties":{"name":"Sai Hospital"}},{"type":"Feature","geometry":{"type":"Point","coordinates":[77.49271,12.93587]},"properties":{"name":"Sree Ranga Hospital"}},{"type":"Feature","geometry":{"type":"Point","coordinates":[77.60853,13.03243]},"properties":{"name":"Cure Hospital"}},{"type":"Feature","geometry":{"type":"Point","coordinates":[77.5454,12.9854]},"properties":{"name":"Yashas Neurocare"}},{"type":"Feature","geometry":{"type":"Point","coordinates":[77.54995,12.98706]},"properties":{"name":"Focus Diagnostic Center"}},{"type":"Feature","geometry":{"type":"Point","coordinates":[77.799,12.75704]},"properties":{"name":"ESI Krishnagiri"}},{"type":"Feature","geometry":{"type":"Point","coordinates":[77.80312,12.7521]},"properties":{"name":"Janani Hospital"}},{"type":"Feature","geometry":{"type":"Point","coordinates":[77.80551,12.79191]},"properties":{"name":"Government Hospital, Hosur"}},{"type":"Feature","geometry":{"type":"Point","coordinates":[77.54126,12.9313]},"properties":{"name":"Vittal Eye HOspital"}},{"type":"Feature","geometry":{"type":"Point","coordinates":[77.50502,13.04138]},"properties":{"name":"naveen clinc"}},{"type":"Feature","geometry":{"type":"Point","coordinates":[77.61778,12.92409]},"properties":{"name":"Chamundi Hi Tech Hospital"}},{"type":"Feature","geometry":{"type":"Point","coordinates":[77.68237,12.98073]},"properties":{"name":"Little Flower Hospital"}},{"type":"Feature","geometry":{"type":"Point","coordinates":[77.70043,13.00621]},"properties":{"name":"NMPC Hospital"}},{"type":"Feature","geometry":{"type":"Point","coordinates":[77.6972,13.0082]},"properties":{"name":"R R Hospital"}},{"type":"Feature","geometry":{"type":"Point","coordinates":[77.67133,12.99013]},"properties":{"name":"Jeevan Hospital"}},{"type":"Feature","geometry":{"type":"Point","coordinates":[77.70595,13.00316]},"properties":{"name":"Vicky Family Life"}},{"type":"Feature","geometry":{"type":"Point","coordinates":[77.671,12.99468]},"properties":{"name":"Vedam Ayurveda Multi Speciality Hospital"}},{"type":"Feature","geometry":{"type":"Point","coordinates":[77.65853,13.024]},"properties":{"name":"Stroke Treatment Paralysis"}},{"type":"Feature","geometry":{"type":"Point","coordinates":[77.65996,13.0284]},"properties":{"name":"Geriatric Hospitals"}},{"type":"Feature","geometry":{"type":"Point","coordinates":[77.6994,13.02195]},"properties":{"name":"Health Plus Multi Speciality Hospital"}},{"type":"Feature","geometry":{"type":"Point","coordinates":[77.67186,12.99663]},"properties":{"name":"Pragathi Piles Hospital"}},{"type":"Feature","geometry":{"type":"Point","coordinates":[77.67414,12.9895]},"properties":{"name":"Mahaveer Hospitals"}},{"type":"Feature","geometry":{"type":"Point","coordinates":[77.67477,13.03322]},"properties":{"name":"Eshawar HospItal"}},{"type":"Feature","geometry":{"type":"Point","coordinates":[77.67519,12.97364]},"properties":{"name":"Medihope Super Specialty Hospital"}},{"type":"Feature","geometry":{"type":"Point","coordinates":[77.67659,12.98987]},"properties":{"name":"Cure N Care Hospital"}},{"type":"Feature","geometry":{"type":"Point","coordinates":[77.69695,13.01065]},"properties":{"name":"Sad Bydya Shala Ayurvedic Hospital"}},{"type":"Feature","geometry":{"type":"Point","coordinates":[77.69736,13.01112]},"properties":{"name":"Sri Lakshmi Super Speciality Hospital"}},{"type":"Feature","geometry":{"type":"Point","coordinates":[77.71288,13.00319]},"properties":{"name":"Kids Health Link"}},{"type":"Feature","geometry":{"type":"Point","coordinates":[77.67578,12.99156]},"properties":{"name":"Prakruti Hospital"}},{"type":"Feature","geometry":{"type":"Point","coordinates":[77.71142,13.00426]},"properties":{"name":"Amrutha Healthcare"}},{"type":"Feature","geometry":{"type":"Point","coordinates":[77.53497,12.9755]},"properties":{"name":"Kamadhenu Hospital"}},{"type":"Feature","geometry":{"type":"Point","coordinates":[77.64221,12.9689]},"properties":{"name":"Dr. Rajesh Hospitals Eye and Dental"}},{"type":"Feature","geometry":{"type":"Point","coordinates":[77.65394,12.95727]},"properties":{"name":"OJUS Multi Speciality Hospital"}},{"type":"Feature","geometry":{"type":"Point","coordinates":[77.52894,12.98358]},"properties":{"name":"Benaka Hospital"}},{"type":"Feature","geometry":{"type":"Point","coordinates":[77.5342,12.97449]},"properties":{"name":"Goverment Hospital, Hosahalli"}},{"type":"Feature","geometry":{"type":"Point","coordinates":[77.66629,12.96353]},"properties":{"name":"Jhon's Medical Hospital"}},{"type":"Feature","geometry":{"type":"Point","coordinates":[77.52265,12.96767]},"properties":{"name":"Vijaya Hospital"}},{"type":"Feature","geometry":{"type":"Point","coordinates":[77.52519,12.97807]},"properties":{"name":"Government Hospital"}},{"type":"Feature","geometry":{"type":"Point","coordinates":[77.54628,12.97341]},"properties":{"name":"Sriprasad Ayurveda"}},{"type":"Feature","geometry":{"type":"Point","coordinates":[77.53777,12.97074]},"properties":{"name":"Vidya Eye Hospital"}},{"type":"Feature","geometry":{"type":"Point","coordinates":[77.63175,12.96982]},"properties":{"name":"Sai Baba Hospital"}},{"type":"Feature","geometry":{"type":"Point","coordinates":[77.6418,12.95559]},"properties":{"name":"Shree Sai Speciality Hospital"}},{"type":"Feature","geometry":{"type":"Point","coordinates":[77.52223,12.96156]},"properties":{"name":"Shree Dhanvantari Ayurveda Hospital"}},{"type":"Feature","geometry":{"type":"Point","coordinates":[77.52315,12.96151]},"properties":{"name":"Srinivasam Cancer Care Multi Speciality Hospital"}},{"type":"Feature","geometry":{"type":"Point","coordinates":[77.66038,12.95895]},"properties":{"name":"Magdum Hospital"}},{"type":"Feature","geometry":{"type":"Point","coordinates":[77.6425,12.96734]},"properties":{"name":"Athoz Hospitals"}},{"type":"Feature","geometry":{"type":"Point","coordinates":[77.55488,12.98023]},"properties":{"name":"G.R. Hospital"}},{"type":"Feature","geometry":{"type":"Point","coordinates":[77.5358,12.97543]},"properties":{"name":"Sneha Horizon Hospital"}},{"type":"Feature","geometry":{"type":"Point","coordinates":[77.52449,12.96829]},"properties":{"name":"Jagjeevanram Hospital"}},{"type":"Feature","geometry":{"type":"Point","coordinates":[77.54233,12.97434]},"properties":{"name":"Kangroo Hospital"}},{"type":"Feature","geometry":{"type":"Point","coordinates":[77.55378,12.97575]},"properties":{"name":"Abhinav Hospital"}},{"type":"Feature","geometry":{"type":"Point","coordinates":[77.53495,12.9691]},"properties":{"name":"Suhusannidhi Hospital"}},{"type":"Feature","geometry":{"type":"Point","coordinates":[77.4973,12.96397]},"properties":{"name":"Abivrud Cancer Care & Research Centre"}},{"type":"Feature","geometry":{"type":"Point","coordinates":[77.52089,12.97455]},"properties":{"name":"Panchsheela Nagar Hospital"}},{"type":"Feature","geometry":{"type":"Point","coordinates":[77.63175,12.9693]},"properties":{"name":"ESIC Hospital"}},{"type":"Feature","geometry":{"type":"Point","coordinates":[77.53608,12.96982]},"properties":{"name":"Sai Ortho and Dental Centre"}},{"type":"Feature","geometry":{"type":"Point","coordinates":[77.54416,12.97943]},"properties":{"name":"Ammashrees Hospital"}},{"type":"Feature","geometry":{"type":"Point","coordinates":[77.64308,12.96395]},"properties":{"name":"Lohitha Hospital"}},{"type":"Feature","geometry":{"type":"Point","coordinates":[77.51889,12.96398]},"properties":{"name":"Government Hospital"}},{"type":"Feature","geometry":{"type":"Point","coordinates":[77.50158,12.968]},"properties":{"name":"Revathi Hospital"}},{"type":"Feature","geometry":{"type":"Point","coordinates":[77.51883,12.96372]},"properties":{"name":"Shanthakumari Hospital"}},{"type":"Feature","geometry":{"type":"Point","coordinates":[77.54612,12.97356]},"properties":{"name":"Bengaluru Child Neurology and Rehabilitaion Centre"}},{"type":"Feature","geometry":{"type":"Point","coordinates":[77.52444,12.97638]},"properties":{"name":"Sumati Hospital"}},{"type":"Feature","geometry":{"type":"Point","coordinates":[77.65964,12.95832]},"properties":{"name":"Dr. Hemant Agrawal"}},{"type":"Feature","geometry":{"type":"Point","coordinates":[77.54066,12.97542]},"properties":{"name":"Dr. Nothesh Child Specialist"}},{"type":"Feature","geometry":{"type":"Point","coordinates":[77.64016,12.9545]},"properties":{"name":"Swasthya Hospitals"}},{"type":"Feature","geometry":{"type":"Point","coordinates":[77.65432,12.95886]},"properties":{"name":"Miracle Hopital"}},{"type":"Feature","geometry":{"type":"Point","coordinates":[77.53328,12.96988]},"properties":{"name":"Sastry Memorial Hospital"}},{"type":"Feature","geometry":{"type":"Point","coordinates":[77.70641,12.79603]},"properties":{"name":"Sri Swaranaamrutha Hospital"}},{"type":"Feature","geometry":{"type":"Point","coordinates":[77.66769,12.8527]},"properties":{"name":"Springleaf Hospital"}},{"type":"Feature","geometry":{"type":"Point","coordinates":[77.74182,12.78771]},"properties":{"name":"Sri Sai Hospitals"}},{"type":"Feature","geometry":{"type":"Point","coordinates":[77.64891,12.88596]},"properties":{"name":"Hospitec Multispeciality Hospital"}},{"type":"Feature","geometry":{"type":"Point","coordinates":[77.69939,12.80862]},"properties":{"name":"Global Speciality Hospital"}},{"type":"Feature","geometry":{"type":"Point","coordinates":[77.61227,12.90562]},"properties":{"name":"Sri Venkateswara Hospital"}},{"type":"Feature","geometry":{"type":"Point","coordinates":[77.60766,12.89543]},"properties":{"name":"Rajashri Grandhim Hospitals"}},{"type":"Feature","geometry":{"type":"Point","coordinates":[77.60407,12.89084]},"properties":{"name":"Goldage Hospital"}},{"type":"Feature","geometry":{"type":"Point","coordinates":[77.69531,12.83501]},"properties":{"name":"JJ Hospitals"}},{"type":"Feature","geometry":{"type":"Point","coordinates":[77.65671,12.85038]},"properties":{"name":"Best E City Hospital"}},{"type":"Feature","geometry":{"type":"Point","coordinates":[77.67879,12.82625]},"properties":{"name":"Bhumika Hospital"}},{"type":"Feature","geometry":{"type":"Point","coordinates":[77.70612,12.79689]},"properties":{"name":"Naryana Hrudalya"}},{"type":"Feature","geometry":{"type":"Point","coordinates":[77.77139,12.78157]},"properties":{"name":"Elite Hospital"}},{"type":"Feature","geometry":{"type":"Point","coordinates":[77.77137,12.78153]},"properties":{"name":"Aastha Hospital"}},{"type":"Feature","geometry":{"type":"Point","coordinates":[77.54967,12.93753]},"properties":{"name":"Vinayaka Hospital"}},{"type":"Feature","geometry":{"type":"Point","coordinates":[77.57901,12.96332]},"properties":{"name":"Unani Hospital"}},{"type":"Feature","geometry":{"type":"Point","coordinates":[77.61468,12.95962]},"properties":{"name":"Rahul Maternity & Child Health Centre"}},{"type":"Feature","geometry":{"type":"Point","coordinates":[77.57944,12.94052]},"properties":{"name":"Bangaluru Unani Hospital"}},{"type":"Feature","geometry":{"type":"Point","coordinates":[77.5742,12.95305]},"properties":{"name":"Medcare Hospital"}},{"type":"Feature","geometry":{"type":"Point","coordinates":[77.56018,12.94174]},"properties":{"name":"Sumanjara Hospital"}},{"type":"Feature","geometry":{"type":"Point","coordinates":[77.56089,12.96135]},"properties":{"name":"Corporation Hospital"}},{"type":"Feature","geometry":{"type":"Point","coordinates":[77.57129,12.94559]},"properties":{"name":"Mitralaya Hospital"}},{"type":"Feature","geometry":{"type":"Point","coordinates":[77.5536,12.94208]},"properties":{"name":"People Tree Hospitals"}},{"type":"Feature","geometry":{"type":"Point","coordinates":[77.58442,12.93646]},"properties":{"name":"Apollo Specialty Hospital"}},{"type":"Feature","geometry":{"type":"Point","coordinates":[77.56139,12.96095]},"properties":{"name":"Government Hospital"}},{"type":"Feature","geometry":{"type":"Point","coordinates":[77.55804,12.9404]},"properties":{"name":"Verna Hospital"}},{"type":"Feature","geometry":{"type":"Point","coordinates":[77.55735,12.95875]},"properties":{"name":"Government Hospital, Banglore"}},{"type":"Feature","geometry":{"type":"Point","coordinates":[77.56827,12.96031]},"properties":{"name":"Royan Maternity & Child Welfare Centre"}},{"type":"Feature","geometry":{"type":"Point","coordinates":[77.61043,12.96523]},"properties":{"name":"Alisa Eye Hospital"}},{"type":"Feature","geometry":{"type":"Point","coordinates":[77.56323,12.9491]},"properties":{"name":"Government Hospital"}},{"type":"Feature","geometry":{"type":"Point","coordinates":[77.56419,12.94159]},"properties":{"name":"Jeevini Sarvodaya Hospital"}},{"type":"Feature","geometry":{"type":"Point","coordinates":[77.5695,12.95697]},"properties":{"name":"Mahaveer Ortho Care Speciality Centre"}},{"type":"Feature","geometry":{"type":"Point","coordinates":[77.5543,12.93879]},"properties":{"name":"Raghavendra Hospital"}},{"type":"Feature","geometry":{"type":"Point","coordinates":[77.55133,12.93845]},"properties":{"name":"Apaara Multi Speciality"}},{"type":"Feature","geometry":{"type":"Point","coordinates":[77.57399,12.93988]},"properties":{"name":"Khincha Orthopaedic Centre"}},{"type":"Feature","geometry":{"type":"Point","coordinates":[77.56354,12.94897]},"properties":{"name":"Parameshwari Hospital"}},{"type":"Feature","geometry":{"type":"Point","coordinates":[77.55063,12.94225]},"properties":{"name":"Drishti Nethralaya"}},{"type":"Feature","geometry":{"type":"Point","coordinates":[77.58948,12.96546]},"properties":{"name":"Furtde Hospital"}},{"type":"Feature","geometry":{"type":"Point","coordinates":[77.57346,12.97025]},"properties":{"name":"Manavarthapet Pregnancy Hospital"}},{"type":"Feature","geometry":{"type":"Point","coordinates":[77.57966,12.9435]},"properties":{"name":"Trinity Hospital and Heart Foundation"}},{"type":"Feature","geometry":{"type":"Point","coordinates":[77.56649,12.95722]},"properties":{"name":"Spandana Heart Centre"}},{"type":"Feature","geometry":{"type":"Point","coordinates":[77.61471,12.9603]},"properties":{"name":"Shas Eye Care"}},{"type":"Feature","geometry":{"type":"Point","coordinates":[77.57563,12.94203]},"properties":{"name":"Matha Pitha Hospital"}},{"type":"Feature","geometry":{"type":"Point","coordinates":[77.57335,12.97213]},"properties":{"name":"ESI Hospital"}},{"type":"Feature","geometry":{"type":"Point","coordinates":[77.56097,12.96097]},"properties":{"name":"Herige Hospital"}},{"type":"Feature","geometry":{"type":"Point","coordinates":[77.5999,12.96545]},"properties":{"name":"Gleneagles Global Hospitals"}},{"type":"Feature","geometry":{"type":"Point","coordinates":[77.58993,12.96589]},"properties":{"name":"Punarjyoti Eye Hospital"}},{"type":"Feature","geometry":{"type":"Point","coordinates":[77.56964,12.94796]},"properties":{"name":"Swastik Eye Hospital"}},{"type":"Feature","geometry":{"type":"Point","coordinates":[77.5799,12.94583]},"properties":{"name":"Dave Gray Hospital"}},{"type":"Feature","geometry":{"type":"Point","coordinates":[77.59549,12.96503]},"properties":{"name":"Dr. Rudrappa's Hospital"}},{"type":"Feature","geometry":{"type":"Point","coordinates":[77.54091,13.08178]},"properties":{"name":"Aveksha Hospital"}},{"type":"Feature","geometry":{"type":"Point","coordinates":[77.65354,13.01938]},"properties":{"name":"Shishuka Children's Speciality Hospital"}},{"type":"Feature","geometry":{"type":"Point","coordinates":[77.65795,13.00911]},"properties":{"name":"Skin Remediez"}},{"type":"Feature","geometry":{"type":"Point","coordinates":[77.61209,13.05248]},"properties":{"name":"Navya Hospital"}},{"type":"Feature","geometry":{"type":"Point","coordinates":[77.65166,13.02015]},"properties":{"name":"Ovum Birthing Centre"}},{"type":"Feature","geometry":{"type":"Point","coordinates":[77.6041,13.05282]},"properties":{"name":"Icon Hospital"}},{"type":"Feature","geometry":{"type":"Point","coordinates":[77.62986,13.02835]},"properties":{"name":"Medicure Hospital"}},{"type":"Feature","geometry":{"type":"Point","coordinates":[77.65259,13.01027]},"properties":{"name":"Motherhood Women & Children Hospital"}},{"type":"Feature","geometry":{"type":"Point","coordinates":[77.55357,13.08669]},"properties":{"name":"Santhamma Hospital"}},{"type":"Feature","geometry":{"type":"Point","coordinates":[77.63021,13.02637]},"properties":{"name":"Feran Hospital"}},{"type":"Feature","geometry":{"type":"Point","coordinates":[77.6604,13.01669]},"properties":{"name":"Super Specialty Eye Hospital"}},{"type":"Feature","geometry":{"type":"Point","coordinates":[77.64853,13.01376]},"properties":{"name":"Endocrine Speciality Centre"}},{"type":"Feature","geometry":{"type":"Point","coordinates":[77.54551,13.08858]},"properties":{"name":"Shree Sai Hospital"}},{"type":"Feature","geometry":{"type":"Point","coordinates":[77.60421,13.06586]},"properties":{"name":"Axis Hospital"}},{"type":"Feature","geometry":{"type":"Point","coordinates":[77.64719,13.01881]},"properties":{"name":"Anjani Women's Day Care Hospital"}},{"type":"Feature","geometry":{"type":"Point","coordinates":[77.59928,13.06585]},"properties":{"name":"Eswar Women and Day Care Hospital"}},{"type":"Feature","geometry":{"type":"Point","coordinates":[77.62817,13.02699]},"properties":{"name":"CDEC Hospital"}},{"type":"Feature","geometry":{"type":"Point","coordinates":[77.62057,13.0291]},"properties":{"name":"Pranam Dental Hospital"}},{"type":"Feature","geometry":{"type":"Point","coordinates":[77.64764,13.01095]},"properties":{"name":"Milaan Hospital"}},{"type":"Feature","geometry":{"type":"Point","coordinates":[77.65405,13.02008]},"properties":{"name":"Cloudnine Hospital"}},{"type":"Feature","geometry":{"type":"Point","coordinates":[77.60279,13.10517]},"properties":{"name":"NDR Multi Speciality Hospital"}},{"type":"Feature","geometry":{"type":"Point","coordinates":[77.56423,13.17063]},"properties":{"name":"Chiguru Hospital"}},{"type":"Feature","geometry":{"type":"Point","coordinates":[77.61761,13.12098]},"properties":{"name":"Valens Hospitals"}},{"type":"Feature","geometry":{"type":"Point","coordinates":[77.57549,13.10391]},"properties":{"name":"Bengalure Hospital"}},{"type":"Feature","geometry":{"type":"Point","coordinates":[77.62789,13.10258]},"properties":{"name":"Amruth Hospital"}},{"type":"Feature","geometry":{"type":"Point","coordinates":[77.57672,13.09894]},"properties":{"name":"Rangalakshmi Netralaya"}},{"type":"Feature","geometry":{"type":"Point","coordinates":[77.62948,13.12174]},"properties":{"name":"Saralaya Hospital"}},{"type":"Feature","geometry":{"type":"Point","coordinates":[77.59858,13.10134]},"properties":{"name":"Apurva Hospital"}},{"type":"Feature","geometry":{"type":"Point","coordinates":[77.61261,13.12157]},"properties":{"name":"Om Shakthi Hospital"}},{"type":"Feature","geometry":{"type":"Point","coordinates":[77.62785,13.10252]},"properties":{"name":"Shadab Hospital"}},{"type":"Feature","geometry":{"type":"Point","coordinates":[77.57609,13.09973]},"properties":{"name":"Rainbow Health Care"}},{"type":"Feature","geometry":{"type":"Point","coordinates":[77.59622,13.09891]},"properties":{"name":"Jayalakshmi Hospital"}},{"type":"Feature","geometry":{"type":"Point","coordinates":[77.5956,13.10051]},"properties":{"name":"NDR Orthopaedic"}},{"type":"Feature","geometry":{"type":"Point","coordinates":[77.62505,13.12157]},"properties":{"name":"Sri Arogya Hospital"}},{"type":"Feature","geometry":{"type":"Point","coordinates":[77.61748,13.12137]},"properties":{"name":"Sapthagiri Hospital"}},{"type":"Feature","geometry":{"type":"Point","coordinates":[77.59614,13.09815]},"properties":{"name":"Pavan Hospitals"}},{"type":"Feature","geometry":{"type":"Point","coordinates":[77.58042,13.09381]},"properties":{"name":"Kushi Hospital"}},{"type":"Feature","geometry":{"type":"Point","coordinates":[77.67274,13.14283]},"properties":{"name":"Vikrant Hospital"}},{"type":"Feature","geometry":{"type":"Point","coordinates":[77.62979,13.10266]},"properties":{"name":"Varsha Hospital"}},{"type":"Feature","geometry":{"type":"Point","coordinates":[77.58268,13.09867]},"properties":{"name":"Just Smiles"}},{"type":"Feature","geometry":{"type":"Point","coordinates":[77.60902,12.92546]},"properties":{"name":"Lavis Hospital"}},{"type":"Feature","geometry":{"type":"Point","coordinates":[77.57247,12.92151]},"properties":{"name":"Sevakshetra Hospital"}},{"type":"Feature","geometry":{"type":"Point","coordinates":[77.54253,12.90558]},"properties":{"name":"Perfetual Help Hospital"}},{"type":"Feature","geometry":{"type":"Point","coordinates":[77.60983,12.91216]},"properties":{"name":"Shree Vaishnavi Heart Centre and Multi Speciality"}},{"type":"Feature","geometry":{"type":"Point","coordinates":[77.60454,12.91363]},"properties":{"name":"Marigold Hospital","emergency":"no","ownership":"private"}},{"type":"Feature","geometry":{"type":"Point","coordinates":[77.56223,12.93341]},"properties":{"name":"Bharathi Hospitals"}},{"type":"Feature","geometry":{"type":"Point","coordinates":[77.61986,12.92394]},"properties":{"name":"Devi Hospital"}},{"type":"Feature","geometry":{"type":"Point","coordinates":[77.5658,12.92415]},"properties":{"name":"Devagiri Hospital"}},{"type":"Feature","geometry":{"type":"Point","coordinates":[77.60341,12.91593]},"properties":{"name":"Pothys Hospital"}},{"type":"Feature","geometry":{"type":"Point","coordinates":[77.59302,12.91623]},"properties":{"name":"Center for Liver Disease Hospital"}},{"type":"Feature","geometry":{"type":"Point","coordinates":[77.54671,12.92546]},"properties":{"name":"Sudha Prevention Centre"}},{"type":"Feature","geometry":{"type":"Point","coordinates":[77.57461,12.92065]},"properties":{"name":"Sahasra Hospital"}},{"type":"Feature","geometry":{"type":"Point","coordinates":[77.6091,12.92652]},"properties":{"name":"Health India Hospital"}},{"type":"Feature","geometry":{"type":"Point","coordinates":[77.5773,12.92022]},"properties":{"name":"Shanti Hospital"}},{"type":"Feature","geometry":{"type":"Point","coordinates":[77.58526,12.91689]},"properties":{"name":"Apollo Cradle Maternity & Children's Hospital"}},{"type":"Feature","geometry":{"type":"Point","coordinates":[77.54255,12.90611]},"properties":{"name":"St. Martha's Hospital"}},{"type":"Feature","geometry":{"type":"Point","coordinates":[77.64594,12.97781]},"properties":{"name":"Chinmaya Hrudayalaya"}},{"type":"Feature","geometry":{"type":"Point","coordinates":[77.75169,12.88124]},"properties":{"name":"Sri Lakshmi Multi Speciality Hospital"}},{"type":"Feature","geometry":{"type":"Point","coordinates":[77.30052,13.21588]},"properties":{"name":"Community Health Centre"}},{"type":"Feature","geometry":{"type":"Point","coordinates":[77.49668,13.09039]},"properties":{"name":"Government Hospital"}},{"type":"Feature","geometry":{"type":"Point","coordinates":[77.55351,13.08032]},"properties":{"name":"Government Hospital"}},{"type":"Feature","geometry":{"type":"Point","coordinates":[77.5581,13.077]},"properties":{"name":"Bangalore Healthcare Center Pranav Ayurveda Hospital"}},{"type":"Feature","geometry":{"type":"Point","coordinates":[77.5389,13.07055]},"properties":{"name":"Government Hospital"}},{"type":"Feature","geometry":{"type":"Point","coordinates":[77.5042,13.06501]},"properties":{"name":"Kruthika Hospital"}},{"type":"Feature","geometry":{"type":"Point","coordinates":[77.51776,13.06216]},"properties":{"name":"Dr Saju George Kottakkal"}},{"type":"Feature","geometry":{"type":"Point","coordinates":[77.53295,13.05595]},"properties":{"name":"Fathima Hospital"}},{"type":"Feature","geometry":{"type":"Point","coordinates":[77.50655,13.04399]},"properties":{"name":"Esi Dispensary"}},{"type":"Feature","geometry":{"type":"Point","coordinates":[77.5056,13.03134]},"properties":{"name":"Ashwini Hospital"}},{"type":"Feature","geometry":{"type":"Point","coordinates":[77.52319,13.02807]},"properties":{"name":"Esi Hospital Peenya 1st Stage"}},{"type":"Feature","geometry":{"type":"Point","coordinates":[77.57116,13.0068]},"properties":{"name":"Nayanalaya Super Speciality Eye Care Centre"}},{"type":"Feature","geometry":{"type":"Point","coordinates":[77.57257,13.00582]},"properties":{"name":"Srinidhi Health Centre"}},{"type":"Feature","geometry":{"type":"Point","coordinates":[77.57195,13.00549]},"properties":{"name":"Orthopedic & Eye Care Center"}},{"type":"Feature","geometry":{"type":"Point","coordinates":[77.554,13.0046]},"properties":{"name":"ESI Hospital"}},{"type":"Feature","geometry":{"type":"Point","coordinates":[77.57852,13.00443]},"properties":{"name":"Ramani Orthopaedic Hospital"}},{"type":"Feature","geometry":{"type":"Point","coordinates":[77.54775,13.00431]},"properties":{"name":"Atharva Ayurdhama Ayurvedic Hospital"}},{"type":"Feature","geometry":{"type":"Point","coordinates":[77.57217,13.00155]},"properties":{"name":"RICH CARE HOMEOPATHY"}},{"type":"Feature","geometry":{"type":"Point","coordinates":[77.55117,12.99824]},"properties":{"name":"Poornayu Ayurveda Hospital"}},{"type":"Feature","geometry":{"type":"Point","coordinates":[77.60081,12.99811]},"properties":{"name":"Appllo Diagnostic"}},{"type":"Feature","geometry":{"type":"Point","coordinates":[77.573,12.997]},"properties":{"name":"Supra Diagnostics Spine Care And Ortho Care Hospital"}},{"type":"Feature","geometry":{"type":"Point","coordinates":[77.56937,12.99602]},"properties":{"name":"K.C.General Hospital"}},{"type":"Feature","geometry":{"type":"Point","coordinates":[77.5539,12.99169]},"properties":{"name":"ESIC Model Hospital"}},{"type":"Feature","geometry":{"type":"Point","coordinates":[77.55664,12.9905]},"properties":{"name":"Government Hospital"}},{"type":"Feature","geometry":{"type":"Point","coordinates":[77.55309,12.9905]},"properties":{"name":"Esi Hospital Bangalore"}},{"type":"Feature","geometry":{"type":"Point","coordinates":[77.55518,12.9845]},"properties":{"name":"Government Hospital"}},{"type":"Feature","geometry":{"type":"Point","coordinates":[77.55492,13.03322]},"properties":{"name":"Sun Orthopaedic center"}},{"type":"Feature","geometry":{"type":"Point","coordinates":[77.61862,12.93059]},"properties":{"name":"St. Johns hospital Emergency ward"}},{"type":"Feature","geometry":{"type":"Point","coordinates":[77.57149,12.91286]},"properties":{"name":"Healing Hands Advanced Physiotherapy Clinic","ownership":"private"}},{"type":"Feature","geometry":{"type":"Point","coordinates":[77.58287,12.92884]},"properties":{"name":"Narayan Multispeciality clinic"}},{"type":"Feature","geometry":{"type":"Point","coordinates":[77.48479,12.92084]},"properties":{"name":"Adarsh Hospital"}},{"type":"Feature","geometry":{"type":"Point","coordinates":[77.58644,12.93953]},"properties":{"name":"clinic"}},{"type":"Feature","geometry":{"type":"Point","coordinates":[77.63164,13.05445]},"properties":{"name":"Shree Manyata Hospitals"}},{"type":"Feature","geometry":{"type":"Point","coordinates":[77.59716,12.9356]},"properties":{"name":"Kidwai Cancer Institute Radiation Block"}},{"type":"Feature","geometry":{"type":"Point","coordinates":[77.62919,13.03446]},"properties":{"name":"Altius Hospital"}},{"type":"Feature","geometry":{"type":"Point","coordinates":[77.64394,12.8474]},"properties":{"name":"Neo Hospital"}},{"type":"Feature","geometry":{"type":"Point","coordinates":[77.70467,12.93653]},"properties":{"name":"Maya Hospital"}},{"type":"Feature","geometry":{"type":"Point","coordinates":[77.72166,12.95561]},"properties":{"name":"Devi Eye Hospital"}},{"type":"Feature","geometry":{"type":"Point","coordinates":[77.74332,12.93378]},"properties":{"name":"Sahasra Hospital"}},{"type":"Feature","geometry":{"type":"Point","coordinates":[77.55009,12.88329]},"properties":{"name":"Cloudnine Hospital","emergency":"yes","phone":"9972999729","ownership":"private"}},{"type":"Feature","geometry":{"type":"Point","coordinates":[77.54606,12.94299]},"properties":{"name":"My Dentist","ownership":"government"}},{"type":"Feature","geometry":{"type":"Point","coordinates":[77.73058,12.95633]},"properties":{"name":"Siddanth Hospital"}},{"type":"Feature","geometry":{"type":"Point","coordinates":[77.67661,12.92639]},"properties":{"name":"Apollo Pharmacy"}},{"type":"Feature","geometry":{"type":"Point","coordinates":[77.43301,12.86299]},"properties":{"name":"Sai Krupa Hospital"}},{"type":"Feature","geometry":{"type":"Point","coordinates":[77.62879,13.04808]},"properties":{"name":"Suraksha Hospital"}},{"type":"Feature","geometry":{"type":"Point","coordinates":[77.664,12.90942]},"properties":{"name":"The Local Dentist","emergency":"yes"}},{"type":"Feature","geometry":{"type":"Point","coordinates":[77.54378,12.99185]},"properties":{"name":"Janani Clinics","phone":"9036817877","ownership":"private"}},{"type":"Feature","geometry":{"type":"Point","coordinates":[77.64916,12.91448]},"properties":{"name":"Lotus Hospital"}},{"type":"Feature","geometry":{"type":"Point","coordinates":[77.64359,12.97826]},"properties":{"name":"Ayaans Hospital"}},{"type":"Feature","geometry":{"type":"Point","coordinates":[77.59548,12.94005]},"properties":{"name":"NIMHANS Department Of Psychiatric and Neuro Rehabilitation","ownership":"government"}},{"type":"Feature","geometry":{"type":"Point","coordinates":[77.59678,12.93965]},"properties":{"name":"Nimhans Mr-pet Center","ownership":"government"}},{"type":"Feature","geometry":{"type":"Point","coordinates":[77.59547,12.9402]},"properties":{"name":"NIMHANS Physiotherapy Center","ownership":"government"}},{"type":"Feature","geometry":{"type":"Point","coordinates":[77.54502,12.87847]},"properties":{"name":"Zymus Hospitals"}},{"type":"Feature","geometry":{"type":"Point","coordinates":[77.58693,12.90607]},"properties":{"name":"Cadabam's Hospitals"}},{"type":"Feature","geometry":{"type":"Point","coordinates":[77.69399,12.83505]},"properties":{"name":"JJ Hospital"}},{"type":"Feature","geometry":{"type":"Point","coordinates":[77.51125,12.9596]},"properties":{"name":"Fortis Hospital, Nagarbhavi","ownership":"private"}},{"type":"Feature","geometry":{"type":"Point","coordinates":[77.58604,13.05813]},"properties":{"name":"MEDSTAR Speciality Hospital"}},{"type":"Feature","geometry":{"type":"Point","coordinates":[77.62713,12.97744]},"properties":{"name":"Span Health Center"}},{"type":"Feature","geometry":{"type":"Point","coordinates":[77.65526,12.88049]},"properties":{"name":"Smile Smart Dental & Implant Centre","ownership":"private"}},{"type":"Feature","geometry":{"type":"Point","coordinates":[77.62828,12.97783]},"properties":{"name":"Uvin Care Hospital"}},{"type":"Feature","geometry":{"type":"Point","coordinates":[77.63686,12.89339]},"properties":{"name":"Sai Sparsh Hospital"}},{"type":"Feature","geometry":{"type":"Point","coordinates":[77.57078,12.90759]},"properties":{"name":"Bengaluru City Hospital"}},{"type":"Feature","geometry":{"type":"Point","coordinates":[77.61459,12.99717]},"properties":{"name":"Aspire Hospital"}},{"type":"Feature","geometry":{"type":"Point","coordinates":[77.55021,12.88351]},"properties":{"name":"Dhee Hospital"}},{"type":"Feature","geometry":{"type":"Point","coordinates":[77.64818,12.924]},"properties":{"name":"Sai Thunga Hospitals"}},{"type":"Feature","geometry":{"type":"Point","coordinates":[77.56738,13.09807]},"properties":{"name":"Esha Hospital"}},{"type":"Feature","geometry":{"type":"Point","coordinates":[77.60375,12.90588]},"properties":{"name":"Chirag Global Hospital"}},{"type":"Feature","geometry":{"type":"Point","coordinates":[77.59223,13.06246]},"properties":{"name":"Manipal Hospital OPD"}},{"type":"Feature","geometry":{"type":"Point","coordinates":[77.5545,13.0065]},"properties":{"name":"PMC Hospital"}},{"type":"Feature","geometry":{"type":"Point","coordinates":[77.5551,12.99884]},"properties":{"name":"New Varalakshmi Hospital"}},{"type":"Feature","geometry":{"type":"Point","coordinates":[77.5979,13.09885]},"properties":{"name":"Ashwini Hospital"}},{"type":"Feature","geometry":{"type":"Point","coordinates":[77.55363,13.00277]},"properties":{"name":"Apollo Cradle Children's Hospital"}},{"type":"Feature","geometry":{"type":"Point","coordinates":[77.59306,13.06201]},"properties":{"name":"Motherhood Children's Hospital"}},{"type":"Feature","geometry":{"type":"Point","coordinates":[77.65157,12.87285]},"properties":{"name":"Abiramm Hospital"}},{"type":"Feature","geometry":{"type":"Point","coordinates":[77.55103,12.99743]},"properties":{"name":"Netradhama"}},{"type":"Feature","geometry":{"type":"Point","coordinates":[77.65426,12.8714]},"properties":{"name":"Sri Sai Hospital"}},{"type":"Feature","geometry":{"type":"Point","coordinates":[77.65053,12.88926]},"properties":{"name":"Raksha Hospital"}},{"type":"Feature","geometry":{"type":"Point","coordinates":[77.6109,12.96585]},"properties":{"name":"St Philomenas Hospital OPD Building","phone":"080-40164346"}},{"type":"Feature","geometry":{"type":"Point","coordinates":[77.5359,12.97544]},"properties":{"name":"Hiremath Hospital"}},{"type":"Feature","geometry":{"type":"Point","coordinates":[77.60757,12.99627]},"properties":{"name":"Gawai Hospital"}},{"type":"Feature","geometry":{"type":"Point","coordinates":[77.75005,12.96788]},"properties":{"name":"Dr. Agarwal's Eye Hospital","ownership":"private"}},{"type":"Feature","geometry":{"type":"Point","coordinates":[77.62963,12.93423]},"properties":{"name":"Beams Hospitals Private Limited"}},{"type":"Feature","geometry":{"type":"Point","coordinates":[77.70791,12.80153]},"properties":{"name":"Best Hospital"}},{"type":"Feature","geometry":{"type":"Point","coordinates":[77.58244,12.95691]},"properties":{"name":"H Siddiah Referral Hospital"}},{"type":"Feature","geometry":{"type":"Point","coordinates":[77.74674,12.93998]},"properties":{"name":"Suraksha Hospitsls"}},{"type":"Feature","geometry":{"type":"Point","coordinates":[77.3846,13.02301]},"properties":{"name":"Sondekoppa Government Hospital"}},{"type":"Feature","geometry":{"type":"Point","coordinates":[77.74753,12.94339]},"properties":{"name":"Aria"}},{"type":"Feature","geometry":{"type":"Point","coordinates":[77.49891,12.95199]},"properties":{"name":"Shri Mokambika Women's Clinic, Child care and Nethralaya"}},{"type":"Feature","geometry":{"type":"Point","coordinates":[77.49903,12.95195]},"properties":{"name":"Suraksha Diagnostic Centre"}},{"type":"Feature","geometry":{"type":"Point","coordinates":[77.74143,12.95668]},"properties":{"name":"Cloud Nine"}},{"type":"Feature","geometry":{"type":"Point","coordinates":[77.55397,12.99372]},"properties":{"name":"Jindal Charitable Hospital"}},{"type":"Feature","geometry":{"type":"Point","coordinates":[77.6143,12.96447]},"properties":{"name":"Hosmat Hospitals"}},{"type":"Feature","geometry":{"type":"Point","coordinates":[77.65231,12.916]},"properties":{"name":"Bangalore Gastro Centre","phone":"080-46888888"}},{"type":"Feature","geometry":{"type":"Point","coordinates":[77.70921,12.9806]},"properties":{"name":"Narayana Nethralaya","phone":"080-66121658"}},{"type":"Feature","geometry":{"type":"Point","coordinates":[77.72583,12.9762]},"properties":{"name":"Nethradhama","phone":"080-62646800"}},{"type":"Feature","geometry":{"type":"Point","coordinates":[77.74721,12.93885]},"properties":{"name":"Sree Venkateshwara Hospital"}},{"type":"Feature","geometry":{"type":"Point","coordinates":[77.57641,12.92967]},"properties":{"name":"AMC Multispeciality Hospital"}},{"type":"Feature","geometry":{"type":"Point","coordinates":[77.62847,12.93462]},"properties":{"name":"Proteeth Dental","emergency":"no","ownership":"private"}},{"type":"Feature","geometry":{"type":"Point","coordinates":[77.58487,12.94051]},"properties":{"name":"Big Hospitals"}},{"type":"Feature","geometry":{"type":"Point","coordinates":[77.65162,13.02024]},"properties":{"name":"Motherhood"}},{"type":"Feature","geometry":{"type":"Point","coordinates":[77.65974,13.00583]},"properties":{"name":"NASA Hospitals"}},{"type":"Feature","geometry":{"type":"Point","coordinates":[77.63859,13.02194]},"properties":{"name":"Bangalore Orthopeadic And Surgical Hospital","ownership":"private"}},{"type":"Feature","geometry":{"type":"Point","coordinates":[77.54608,12.9071]},"properties":{"name":"Nano Hospitals"}},{"type":"Feature","geometry":{"type":"Point","coordinates":[77.68525,12.93232]},"properties":{"name":"Sakra World Hospital"}},{"type":"Feature","geometry":{"type":"Point","coordinates":[77.64619,12.97793]},"properties":{"name":"Chinmaya Mission Hospital","emergency":"yes"}},{"type":"Feature","geometry":{"type":"Point","coordinates":[77.53567,13.03051]},"properties":{"name":"KLE Dental College"}},{"type":"Feature","geometry":{"type":"Point","coordinates":[77.5638,13.01577]},"properties":{"name":"Health Centre"}},{"type":"Feature","geometry":{"type":"Point","coordinates":[77.58574,12.97082]},"properties":{"name":"St Marthas Hospital","emergency":"yes","ownership":"private"}},{"type":"Feature","geometry":{"type":"Point","coordinates":[77.59504,12.96816]},"properties":{"name":"Vydehi Superspeciality Hospital","ownership":"private"}},{"type":"Feature","geometry":{"type":"Point","coordinates":[77.59255,12.92612]},"properties":{"name":"Jayanagar General Hospital","phone":"082-12461158","ownership":"government"}},{"type":"Feature","geometry":{"type":"Point","coordinates":[77.58991,12.93837]},"properties":{"name":"Hospital Complex"}},{"type":"Feature","geometry":{"type":"Point","coordinates":[77.59925,12.91853]},"properties":{"name":"Sri Jayadeva Institute Of Cardiology","emergency":"yes"}},{"type":"Feature","geometry":{"type":"Point","coordinates":[77.55092,13.04958]},"properties":{"name":"HMT Hospital"}},{"type":"Feature","geometry":{"type":"Point","coordinates":[77.55676,13.05034]},"properties":{"name":"BEL Hospital"}},{"type":"Feature","geometry":{"type":"Point","coordinates":[77.59858,12.89475]},"properties":{"name":"Fortis Hospitals, Bannerghatta Road","emergency":"yes","ownership":"private"}},{"type":"Feature","geometry":{"type":"Point","coordinates":[77.59835,12.89632]},"properties":{"name":"Apollo Hospital","emergency":"yes","ownership":"private"}},{"type":"Feature","geometry":{"type":"Point","coordinates":[77.5953,12.99149]},"properties":{"name":"Bhagwan Mahaveer Jain Hospital","emergency":"yes"}},{"type":"Feature","geometry":{"type":"Point","coordinates":[77.60471,12.98301]},"properties":{"name":"Bowring and Lady Curzon Hospitals","ownership":"government"}},{"type":"Feature","geometry":{"type":"Point","coordinates":[77.59979,12.98372]},"properties":{"name":"Sir Haji Ismail Gosha Sait Hospital"}},{"type":"Feature","geometry":{"type":"Point","coordinates":[77.56769,12.96415]},"properties":{"name":"Government Veterinary Hospital"}},{"type":"Feature","geometry":{"type":"Point","coordinates":[77.56511,12.97984]},"properties":{"name":"Railways Hospital"}},{"type":"Feature","geometry":{"type":"Point","coordinates":[77.59017,13.03472]},"properties":{"name":"Baptist Hospital","emergency":"yes","phone":"080-22024700"}},{"type":"Feature","geometry":{"type":"Point","coordinates":[77.63672,12.97135]},"properties":{"name":"ESI Hospital"}},{"type":"Feature","geometry":{"type":"Point","coordinates":[77.583,13.10411]},"properties":{"name":"Railways Hospital"}},{"type":"Feature","geometry":{"type":"Point","coordinates":[77.58939,13.09714]},"properties":{"name":"KK Hospital"}},{"type":"Feature","geometry":{"type":"Point","coordinates":[77.70622,12.99249]},"properties":{"name":"ESI Dispensary","phone":"080-28524261","ownership":"private"}},{"type":"Feature","geometry":{"type":"Point","coordinates":[77.57977,12.91101]},"properties":{"name":"Rajshekhar Hospital","emergency":"yes","phone":"080-42527555"}},{"type":"Feature","geometry":{"type":"Point","coordinates":[77.71349,12.95741]},"properties":{"name":"Karunashraya"}},{"type":"Feature","geometry":{"type":"Point","coordinates":[77.71282,12.95714]},"properties":{"name":"Sankara Eye Hospital"}},{"type":"Feature","geometry":{"type":"Point","coordinates":[77.59454,12.98333]},"properties":{"name":"Sparsh Hospital For Advanced Surgeries, Bengaluru Urban"}},{"type":"Feature","geometry":{"type":"Point","coordinates":[77.73031,12.98088]},"properties":{"name":"Sri Sathya Sai Institute of Higher Medical Sciences"}},{"type":"Feature","geometry":{"type":"Point","coordinates":[77.51362,12.90888]},"properties":{"name":"Manipal Speciality Hospital"}},{"type":"Feature","geometry":{"type":"Point","coordinates":[77.64903,12.95871]},"properties":{"name":"Manipal Hospital, Bengaluru Urban","emergency":"yes"}},{"type":"Feature","geometry":{"type":"Point","coordinates":[77.58615,13.09908]},"properties":{"name":"Chaitanya Nursing Home"}},{"type":"Feature","geometry":{"type":"Point","coordinates":[77.54556,12.94096]},"properties":{"name":"Radhakrishna Multispeciality Hospital","emergency":"yes","phone":"080-26422977"}},{"type":"Feature","geometry":{"type":"Point","coordinates":[77.57962,12.91646]},"properties":{"name":"Rajalakshmi Multispeciality Hospital"}},{"type":"Feature","geometry":{"type":"Point","coordinates":[77.64814,12.95858]},"properties":{"name":"Manipal Hospital"}},{"type":"Feature","geometry":{"type":"Point","coordinates":[77.6447,12.98292]},"properties":{"name":"Indiranagar Government Hospital"}},{"type":"Feature","geometry":{"type":"Point","coordinates":[77.64362,12.98393]},"properties":{"name":"Isolation Hospital"}},{"type":"Feature","geometry":{"type":"Point","coordinates":[77.64376,12.98642]},"properties":{"name":"Epidemic Disesase Hospital"}},{"type":"Feature","geometry":{"type":"Point","coordinates":[77.55346,12.99095]},"properties":{"name":"Employees' State Insurance Corporation Model Hospital","emergency":"yes"}},{"type":"Feature","geometry":{"type":"Point","coordinates":[77.54122,12.93081]},"properties":{"name":"Vittala International Institute Of Ophthalmology, Hosakerehalli","emergency":"yes"}},{"type":"Feature","geometry":{"type":"Point","coordinates":[77.65632,12.96608]},"properties":{"name":"ISRO Employees Hospital"}},{"type":"Feature","geometry":{"type":"Point","coordinates":[77.56978,13.02822]},"properties":{"name":"Ramaiah Memorial Hospital","emergency":"yes","ownership":"private"}},{"type":"Feature","geometry":{"type":"Point","coordinates":[77.61332,12.96913]},"properties":{"name":"Hosmat Hospital","emergency":"yes"}},{"type":"Feature","geometry":{"type":"Point","coordinates":[77.57369,12.9635]},"properties":{"name":"Victoria Hospital","emergency":"yes"}},{"type":"Feature","geometry":{"type":"Point","coordinates":[77.59387,13.05095]},"properties":{"name":"Manipal Hospital","emergency":"yes"}},{"type":"Feature","geometry":{"type":"Point","coordinates":[77.58453,12.96435]},"properties":{"name":"Dasappa Maternity Hospital","emergency":"yes"}},{"type":"Feature","geometry":{"type":"Point","coordinates":[77.64296,12.98583]},"properties":{"name":"Isolation Hospital","emergency":"no"}},{"type":"Feature","geometry":{"type":"Point","coordinates":[77.53902,12.98037]},"properties":{"name":"Sarvodaya Hospital","emergency":"yes"}},{"type":"Feature","geometry":{"type":"Point","coordinates":[77.54282,12.97736]},"properties":{"name":"Dasarahalli Referral Hospital"}},{"type":"Feature","geometry":{"type":"Point","coordinates":[77.57686,13.02715]},"properties":{"name":"Nethra Eye Hospital"}},{"type":"Feature","geometry":{"type":"Point","coordinates":[77.69506,12.80775]},"properties":{"name":"Narayana Hrudayalaya"}},{"type":"Feature","geometry":{"type":"Point","coordinates":[77.39563,13.09314]},"properties":{"name":"M S Ramaiah Harsha Hospital","emergency":"yes","ownership":"private"}},{"type":"Feature","geometry":{"type":"Point","coordinates":[77.81214,13.07773]},"properties":{"name":"Mvj Hospital","emergency":"yes"}},{"type":"Feature","geometry":{"type":"Point","coordinates":[77.59814,12.93653]},"properties":{"name":"Kidwai Memorial Institute of Oncology","emergency":"yes","ownership":"private"}},{"type":"Feature","geometry":{"type":"Point","coordinates":[77.83149,13.21634]},"properties":{"name":"Bendiganahalli Primary Health Centre","emergency":"no"}},{"type":"Feature","geometry":{"type":"Point","coordinates":[77.79948,12.96895]},"properties":{"name":"Ayurvedagram Heritage Wellness Centre"}},{"type":"Feature","geometry":{"type":"Point","coordinates":[77.65804,13.02242]},"properties":{"name":"Nmpc Hospital","emergency":"yes"}},{"type":"Feature","geometry":{"type":"Point","coordinates":[77.5851,12.91733]},"properties":{"name":"Shri Krishna Sevashrama Hospital","ownership":"private"}},{"type":"Feature","geometry":{"type":"Point","coordinates":[77.70531,12.9555]},"properties":{"name":"Lions Seva Hospital"}},{"type":"Feature","geometry":{"type":"Point","coordinates":[77.56491,12.99074]},"properties":{"name":"Sreerampura Referal Hospital"}},{"type":"Feature","geometry":{"type":"Point","coordinates":[77.6664,12.96237]},"properties":{"name":"HAL Hospital","emergency":"yes"}},{"type":"Feature","geometry":{"type":"Point","coordinates":[77.564,12.92944]},"properties":{"name":"Pro MED Hospital"}},{"type":"Feature","geometry":{"type":"Point","coordinates":[77.58434,12.93628]},"properties":{"name":"Apollo Speciality Hospital","ownership":"private"}},{"type":"Feature","geometry":{"type":"Point","coordinates":[77.57216,12.92167]},"properties":{"name":"Sevakshetra Hospital, Bengaluru Urban","emergency":"yes"}},{"type":"Feature","geometry":{"type":"Point","coordinates":[77.57741,12.9253]},"properties":{"name":"Netradhama Hospital","emergency":"yes"}},{"type":"Feature","geometry":{"type":"Point","coordinates":[77.5607,13.03021]},"properties":{"name":"Subbaiah Hospital","emergency":"yes"}},{"type":"Feature","geometry":{"type":"Point","coordinates":[77.59455,12.98849]},"properties":{"name":"Fortis Hospitals Limited, Bengaluru Urban","emergency":"yes","ownership":"private"}},{"type":"Feature","geometry":{"type":"Point","coordinates":[77.54683,13.12562]},"properties":{"name":"Institute of Ayurveda and Integrative Medicine (I-AIM)"}},{"type":"Feature","geometry":{"type":"Point","coordinates":[77.63808,12.9788]},"properties":{"name":"Milann Fertility Center"}},{"type":"Feature","geometry":{"type":"Point","coordinates":[77.54387,13.01169]},"properties":{"name":"Sanjeevani Hospital","ownership":"private"}},{"type":"Feature","geometry":{"type":"Point","coordinates":[77.60047,12.91036]},"properties":{"name":"Dr. Agarwal's Eye Hospital","ownership":"private"}},{"type":"Feature","geometry":{"type":"Point","coordinates":[77.59359,12.93564]},"properties":{"name":"Sanjay Gandhi Accident and Trauma Hospital","emergency":"yes"}},{"type":"Feature","geometry":{"type":"Point","coordinates":[77.63812,12.91919]},"properties":{"name":"Greenview Hospital"}},{"type":"Feature","geometry":{"type":"Point","coordinates":[77.56402,12.97445]},"properties":{"name":"Leprosy Hospital"}},{"type":"Feature","geometry":{"type":"Point","coordinates":[77.5278,13.03847]},"properties":{"name":"Ravi Kirloskar Memorial Hospital","emergency":"yes"}},{"type":"Feature","geometry":{"type":"Point","coordinates":[77.58071,13.09431]},"properties":{"name":"Dr. Agarwal Eye Hospital"}},{"type":"Feature","geometry":{"type":"Point","coordinates":[77.6145,12.99998]},"properties":{"name":"Annasawmy Mudaliar General Hospital"}},{"type":"Feature","geometry":{"type":"Point","coordinates":[77.64577,12.96853]},"properties":{"name":"Arth Ayurveda World"}},{"type":"Feature","geometry":{"type":"Point","coordinates":[77.57173,13.10773]},"properties":{"name":"Neha Prakash Hospital, Bengaluru Urban","ownership":"private"}},{"type":"Feature","geometry":{"type":"Point","coordinates":[77.5773,13.10563]},"properties":{"name":"Sri Lakshmi Venkateshwara Hospital"}},{"type":"Feature","geometry":{"type":"Point","coordinates":[77.59363,13.06508]},"properties":{"name":"Prolife Hospital"}},{"type":"Feature","geometry":{"type":"Point","coordinates":[77.7478,12.98291]},"properties":{"name":"Amrik Hospital","emergency":"no"}},{"type":"Feature","geometry":{"type":"Point","coordinates":[77.64646,13.01461]},"properties":{"name":"Indicus"}},{"type":"Feature","geometry":{"type":"Point","coordinates":[77.60972,12.96575]},"properties":{"name":"Fortis La Femme Hospital"}},{"type":"Feature","geometry":{"type":"Point","coordinates":[77.62749,12.97143]},"properties":{"name":"Shyamala Hospital","emergency":"no"}},{"type":"Feature","geometry":{"type":"Point","coordinates":[77.71263,12.95996]},"properties":{"name":"Ways2Guide Speech Therapy Center"}},{"type":"Feature","geometry":{"type":"Point","coordinates":[77.69378,12.97181]},"properties":{"name":"Government Primary Health Centre"}},{"type":"Feature","geometry":{"type":"Point","coordinates":[77.70647,12.99205]},"properties":{"name":"Kinder Women's Hospital & Fertility Center","emergency":"yes"}},{"type":"Feature","geometry":{"type":"Point","coordinates":[77.55873,13.02852]},"properties":{"name":"Medicare Diagnostics"}},{"type":"Feature","geometry":{"type":"Point","coordinates":[77.59478,12.94628]},"properties":{"name":"Abhaya Hospital","ownership":"private"}},{"type":"Feature","geometry":{"type":"Point","coordinates":[77.64601,12.98071]},"properties":{"name":"MS Diabetes Speciality Center"}},{"type":"Feature","geometry":{"type":"Point","coordinates":[77.58084,12.92651]},"properties":{"name":"Shashank Clinic","ownership":"government"}},{"type":"Feature","geometry":{"type":"Point","coordinates":[77.59681,12.9492]},"properties":{"name":"BBMP Maternity Hospital"}},{"type":"Feature","geometry":{"type":"Point","coordinates":[77.57446,12.97869]},"properties":{"name":"Ramakrishna Clinic","emergency":"no"}},{"type":"Feature","geometry":{"type":"Point","coordinates":[77.58941,12.92799]},"properties":{"name":"ESI Hospital"}},{"type":"Feature","geometry":{"type":"Point","coordinates":[77.5727,12.98834]},"properties":{"name":"Apollo Hospital"}},{"type":"Feature","geometry":{"type":"Point","coordinates":[77.53865,12.99281]},"properties":{"name":"Supra Hospital","ownership":"private"}},{"type":"Feature","geometry":{"type":"Point","coordinates":[77.53869,12.99295]},"properties":{"name":"GM Hospital","emergency":"yes"}},{"type":"Feature","geometry":{"type":"Point","coordinates":[77.60319,12.90527]},"properties":{"name":"Sakhi Hospital (A Unit Of Prasad Healthcare Services)"}},{"type":"Feature","geometry":{"type":"Point","coordinates":[77.55131,12.93919]},"properties":{"name":"Prashanth Hospitals"}},{"type":"Feature","geometry":{"type":"Point","coordinates":[77.56842,13.00848]},"properties":{"name":"Vagus Super Speciality Hospital","phone":"080-23569970","ownership":"private"}},{"type":"Feature","geometry":{"type":"Point","coordinates":[77.64329,13.01713]},"properties":{"name":"Ovum Hospitals"}},{"type":"Feature","geometry":{"type":"Point","coordinates":[77.57751,12.92622]},"properties":{"name":"Deepak Hospital"}},{"type":"Feature","geometry":{"type":"Point","coordinates":[77.53433,12.98836]},"properties":{"name":"Gopala Eye Care Centre"}},{"type":"Feature","geometry":{"type":"Point","coordinates":[77.74543,12.95835]},"properties":{"name":"Manipal Hospitals","emergency":"yes"}},{"type":"Feature","geometry":{"type":"Point","coordinates":[77.70255,12.96591]},"properties":{"name":"Jeevika Hospital","emergency":"yes"}},{"type":"Feature","geometry":{"type":"Point","coordinates":[77.64671,13.01526]},"properties":{"name":"Sharada Medicals"}},{"type":"Feature","geometry":{"type":"Point","coordinates":[77.45723,12.89386]},"properties":{"name":"SDM Institute of Ayurveda & Hospital"}},{"type":"Feature","geometry":{"type":"Point","coordinates":[77.62668,12.97369]},"properties":{"name":"Halasuru Referal Hospital"}},{"type":"Feature","geometry":{"type":"Point","coordinates":[77.59216,12.98821]},"properties":{"name":"Manipal Hospital"}},{"type":"Feature","geometry":{"type":"Point","coordinates":[77.64645,12.95915]},"properties":{"name":"BBMP Primary Health Center"}},{"type":"Feature","geometry":{"type":"Point","coordinates":[77.56346,13.00817]},"properties":{"name":"The Fracture and Orthopaedic Clinic"}},{"type":"Feature","geometry":{"type":"Point","coordinates":[77.60113,12.99131]},"properties":{"name":"CSI Hospital","phone":"080-22861103"}},{"type":"Feature","geometry":{"type":"Point","coordinates":[77.61992,12.94902]},"properties":{"name":"Government Hospital"}},{"type":"Feature","geometry":{"type":"Point","coordinates":[77.59984,12.9279]},"properties":{"name":"Sagar Hospitals","emergency":"yes","phone":"080-42888888","ownership":"private"}},{"type":"Feature","geometry":{"type":"Point","coordinates":[77.56516,12.90787]},"properties":{"name":"Sagar Hospital"}},{"type":"Feature","geometry":{"type":"Point","coordinates":[77.62796,12.96386]},"properties":{"name":"Command Hospital (Air Force)"}},{"type":"Feature","geometry":{"type":"Point","coordinates":[77.59629,13.09957]},"properties":{"name":"Yelahanka Government Hospital"}},{"type":"Feature","geometry":{"type":"Point","coordinates":[77.61114,12.96496]},"properties":{"name":"St. Philomena's Hospital","phone":"080-40164433"}},{"type":"Feature","geometry":{"type":"Point","coordinates":[77.56979,12.93773]},"properties":{"name":"Government Maternity Hospital"}},{"type":"Feature","geometry":{"type":"Point","coordinates":[77.58968,12.96377]},"properties":{"name":"HealthCare Global Enterprises Ltd","ownership":"private"}},{"type":"Feature","geometry":{"type":"Point","coordinates":[77.59426,12.98989]},"properties":{"name":"Al-Ameen Hospital"}},{"type":"Feature","geometry":{"type":"Point","coordinates":[77.55295,13.00675]},"properties":{"name":"St. Theresa's Hospital"}},{"type":"Feature","geometry":{"type":"Point","coordinates":[77.63942,13.06685]},"properties":{"name":"Shirdi Sai Hospital","emergency":"yes"}},{"type":"Feature","geometry":{"type":"Point","coordinates":[77.64706,12.97562]},"properties":{"name":"Life Hospital"}},{"type":"Feature","geometry":{"type":"Point","coordinates":[77.58031,12.94965]},"properties":{"name":"South City Hospital"}},{"type":"Feature","geometry":{"type":"Point","coordinates":[77.72864,12.98807]},"properties":{"name":"Manipal Hospitals Whitefield","emergency":"yes"}},{"type":"Feature","geometry":{"type":"Point","coordinates":[77.69575,12.80691]},"properties":{"name":"Sparsh Hospital, Bengaluru Urban"}},{"type":"Feature","geometry":{"type":"Point","coordinates":[77.69469,12.80667]},"properties":{"name":"Mazumdar Shaw Medical Center"}},{"type":"Feature","geometry":{"type":"Point","coordinates":[77.67226,12.91791]},"properties":{"name":"Motherhood"}},{"type":"Feature","geometry":{"type":"Point","coordinates":[77.66525,12.91997]},"properties":{"name":"Manipal Hospitals","emergency":"yes"}},{"type":"Feature","geometry":{"type":"Point","coordinates":[77.65112,12.906]},"properties":{"name":"touchwood"}},{"type":"Feature","geometry":{"type":"Point","coordinates":[77.67956,12.91356]},"properties":{"name":"Suvarnamukhi","emergency":"yes"}},{"type":"Feature","geometry":{"type":"Point","coordinates":[77.68533,12.93222]},"properties":{"name":"Sakra World","emergency":"yes","phone":"080-49624962","ownership":"private"}},{"type":"Feature","geometry":{"type":"Point","coordinates":[77.69783,12.97531]},"properties":{"name":"Rainbow Children's Hospital","emergency":"yes","ownership":"private"}},{"type":"Feature","geometry":{"type":"Point","coordinates":[77.59779,12.9492]},"properties":{"name":"Agadi Hospital"}},{"type":"Feature","geometry":{"type":"Point","coordinates":[77.69506,12.89641]},"properties":{"name":"Punarjani Ayurvedic Multispeciality Hospital"}},{"type":"Feature","geometry":{"type":"Point","coordinates":[77.52177,12.8222]},"properties":{"name":"Sri Sri Ayurveda hospital"}},{"type":"Feature","geometry":{"type":"Point","coordinates":[77.74941,12.96592]},"properties":{"name":"Svastha Hospital","emergency":"yes"}},{"type":"Feature","geometry":{"type":"Point","coordinates":[77.54299,13.02775]},"properties":{"name":"Sparsh Hospital"}},{"type":"Feature","geometry":{"type":"Point","coordinates":[77.56747,12.94134]},"properties":{"name":"BMS Hospital"}},{"type":"Feature","geometry":{"type":"Point","coordinates":[77.78405,12.86055]},"properties":{"name":"Sarjapura Urban Primary Health Centre"}},{"type":"Feature","geometry":{"type":"Point","coordinates":[77.50062,12.92464]},"properties":{"name":"Medical Centre"}},{"type":"Feature","geometry":{"type":"Point","coordinates":[77.5459,12.99801]},"properties":{"name":"M C Modi Eye Hospital","ownership":"private"}},{"type":"Feature","geometry":{"type":"Point","coordinates":[77.7495,12.9689]},"properties":{"name":"Pushpa Nursing Home"}},{"type":"Feature","geometry":{"type":"Point","coordinates":[77.50359,13.07252]},"properties":{"name":"Nrr Hospital"}},{"type":"Feature","geometry":{"type":"Point","coordinates":[77.50851,13.05707]},"properties":{"name":"Arunodaya Hospitals"}},{"type":"Feature","geometry":{"type":"Point","coordinates":[77.50804,13.04832]},"properties":{"name":"Dr Ramachandra Hospital"}},{"type":"Feature","geometry":{"type":"Point","coordinates":[77.59687,13.09918]},"properties":{"name":"Government Hospital"}},{"type":"Feature","geometry":{"type":"Point","coordinates":[77.59705,13.09824]},"properties":{"name":"Deeksha Hospital"}},{"type":"Feature","geometry":{"type":"Point","coordinates":[77.78987,12.86056]},"properties":{"name":"Town Hospital"}},{"type":"Feature","geometry":{"type":"Point","coordinates":[77.52264,12.94143]},"properties":{"name":"Puneeth Rajkumar Multispeciality Hospital"}},{"type":"Feature","geometry":{"type":"Point","coordinates":[77.57641,13.12478]},"properties":{"name":"CRPF Hospital"}},{"type":"Feature","geometry":{"type":"Point","coordinates":[77.31298,13.10955]},"properties":{"name":"Madalakote Government Hospital","phone":"8277517962"}},{"type":"Feature","geometry":{"type":"Point","coordinates":[77.63256,13.02849]},"properties":{"name":"HOSMAT Hospital, Kalyan Nagar"}},{"type":"Feature","geometry":{"type":"Point","coordinates":[77.5838,13.10361]},"properties":{"name":"Navachethana Hospital"}},{"type":"Feature","geometry":{"type":"Point","coordinates":[77.52551,12.94272]},"properties":{"name":"Natus Woman and Children Hospital"}},{"type":"Feature","geometry":{"type":"Point","coordinates":[77.48328,13.05075]},"properties":{"name":"Jindal Naturecure Institute hospital"}},{"type":"Feature","geometry":{"type":"Point","coordinates":[77.68236,13.00464]},"properties":{"name":"ITI General Hospital"}},{"type":"Feature","geometry":{"type":"Point","coordinates":[77.59412,13.00993]},"properties":{"name":"JC Nagar Municipal Hospital"}},{"type":"Feature","geometry":{"type":"Point","coordinates":[77.55506,13.11145]},"properties":{"name":"NIKISA Dementia Village"}},{"type":"Feature","geometry":{"type":"Point","coordinates":[77.53653,12.98303]},"properties":{"name":"Government Homeopathic Hospital"}},{"type":"Feature","geometry":{"type":"Point","coordinates":[77.57921,12.98636]},"properties":{"name":"Dr. P.R. Desai Hospital Pvt Ltd"}},{"type":"Feature","geometry":{"type":"Point","coordinates":[77.55608,13.01429]},"properties":{"name":"Manipal Hospital Yeshwantpur","emergency":"yes","phone":"080-39898969"}},{"type":"Feature","geometry":{"type":"Point","coordinates":[77.59187,13.05453]},"properties":{"name":"Aster CMI Hospital"}},{"type":"Feature","geometry":{"type":"Point","coordinates":[77.59374,13.06558]},"properties":{"name":"Rainbow Children's Hospital"}},{"type":"Feature","geometry":{"type":"Point","coordinates":[77.6725,12.92442]},"properties":{"name":"Cloudnine"}},{"type":"Feature","geometry":{"type":"Point","coordinates":[77.76713,12.86701]},"properties":{"name":"Spandana"}},{"type":"Feature","geometry":{"type":"Point","coordinates":[77.67656,12.91249]},"properties":{"name":"BN Specialty Hospital"}},{"type":"Feature","geometry":{"type":"Point","coordinates":[77.73395,12.98834]},"properties":{"name":"Aster Women and Children Hospital"}},{"type":"Feature","geometry":{"type":"Point","coordinates":[77.50653,13.04634]},"properties":{"name":"Prakriya Hospital"}},{"type":"Feature","geometry":{"type":"Point","coordinates":[77.74672,12.95897]},"properties":{"name":"Motherhood Whitefield"}},{"type":"Feature","geometry":{"type":"Point","coordinates":[77.53915,13.02829]},"properties":{"name":"People Tree Hospitals","ownership":"private"}},{"type":"Feature","geometry":{"type":"Point","coordinates":[77.71728,12.96675]},"properties":{"name":"Apollo Cradle"}},{"type":"Feature","geometry":{"type":"Point","coordinates":[77.60226,12.98964]},"properties":{"name":"Charaka Super Speciality Hospital"}},{"type":"Feature","geometry":{"type":"Point","coordinates":[77.64505,12.91661]},"properties":{"name":"Phoenix Hospital","emergency":"yes"}},{"type":"Feature","geometry":{"type":"Point","coordinates":[77.56,13.01512]},"properties":{"name":"ESI Hospital Malleshwaram Branch"}},{"type":"Feature","geometry":{"type":"Point","coordinates":[77.64954,12.9117]},"properties":{"name":"Bhoomi Diagnostics"}},{"type":"Feature","geometry":{"type":"Point","coordinates":[77.64351,12.90821]},"properties":{"name":"Narayana Multispeciality Hospital","ownership":"private"}},{"type":"Feature","geometry":{"type":"Point","coordinates":[77.60074,12.90338]},"properties":{"name":"Rainbow Children's Hospital","emergency":"yes","ownership":"private"}},{"type":"Feature","geometry":{"type":"Point","coordinates":[77.59864,13.09497]},"properties":{"name":"Sparsh Hospital"}},{"type":"Feature","geometry":{"type":"Point","coordinates":[77.75907,13.00914]},"properties":{"name":"Miracle Hospital"}},{"type":"Feature","geometry":{"type":"Point","coordinates":[77.56004,12.98823]},"properties":{"name":"Suguna Hospital","emergency":"yes"}},{"type":"Feature","geometry":{"type":"Point","coordinates":[77.64068,13.04017]},"properties":{"name":"Sparsh Hospital, Hennur"}},{"type":"Feature","geometry":{"type":"Point","coordinates":[77.60476,12.9569]},"properties":{"name":"Dr Agarwal's Eye Hospital","emergency":"no"}},{"type":"Feature","geometry":{"type":"Point","coordinates":[77.64775,13.09727]},"properties":{"name":"Government Primary Health Centre","ownership":"government"}},{"type":"Feature","geometry":{"type":"Point","coordinates":[77.71552,12.90173]},"properties":{"name":"Snehadaan Hospital"}},{"type":"Feature","geometry":{"type":"Point","coordinates":[77.52168,12.92642]},"properties":{"name":"SS Sparsh Hospital"}},{"type":"Feature","geometry":{"type":"Point","coordinates":[77.58007,13.11668]},"properties":{"name":"KPTCL Hospital Yelahanka"}},{"type":"Feature","geometry":{"type":"Point","coordinates":[77.6752,12.91569]},"properties":{"name":"Cloud Nine","emergency":"yes","ownership":"private"}},{"type":"Feature","geometry":{"type":"Point","coordinates":[77.59379,12.99499]},"properties":{"name":"BBMP Hospital"}},{"type":"Feature","geometry":{"type":"Point","coordinates":[77.60338,13.10763]},"properties":{"name":"Manipal Hospital North"}},{"type":"Feature","geometry":{"type":"Point","coordinates":[77.58902,12.91622]},"properties":{"name":"Jnana Sanjeevini"}},{"type":"Feature","geometry":{"type":"Point","coordinates":[77.58937,13.0938]},"properties":{"name":"Anupamaa Hospital"}},{"type":"Feature","geometry":{"type":"Point","coordinates":[77.59248,12.94783]},"properties":{"name":"Brains Super Speciality Hospital"}},{"type":"Feature","geometry":{"type":"Point","coordinates":[77.66636,12.8628]},"properties":{"name":"PESU HOSPITAL","emergency":"yes","ownership":"private"}},{"type":"Feature","geometry":{"type":"Point","coordinates":[77.56031,12.90315]},"properties":{"name":"Vasavi Hospital"}},{"type":"Feature","geometry":{"type":"Point","coordinates":[77.60821,13.11839]},"properties":{"name":"Brains Hospital"}},{"type":"Feature","geometry":{"type":"Point","coordinates":[77.53094,13.02499]},"properties":{"name":"ESI Hospital Peenya"}},{"type":"Feature","geometry":{"type":"Point","coordinates":[77.66747,12.92024]},"properties":{"name":"Rainbow Childrens Hospital","emergency":"yes"}},{"type":"Feature","geometry":{"type":"Point","coordinates":[77.59642,12.94474]},"properties":{"name":"Safa Medicure Hospital"}},{"type":"Feature","geometry":{"type":"Point","coordinates":[77.58633,13.09249]},"properties":{"name":"Chaitanya Medical Centre Maternity and Surgical Care"}},{"type":"Feature","geometry":{"type":"Point","coordinates":[77.57115,12.95389]},"properties":{"name":"Rangadore Memorial Hospital","emergency":"yes"}},{"type":"Feature","geometry":{"type":"Point","coordinates":[77.58404,12.96065]},"properties":{"name":"Trustwell Hospitals"}},{"type":"Feature","geometry":{"type":"Point","coordinates":[77.51041,12.81375]},"properties":{"name":"St. John's Health Centre"}},{"type":"Feature","geometry":{"type":"Point","coordinates":[77.66518,12.97117]},"properties":{"name":"BEML Hospital"}},{"type":"Feature","geometry":{"type":"Point","coordinates":[77.71238,12.95668]},"properties":{"name":"Sri Vishveshathirtha Memorial Hospital","emergency":"yes"}},{"type":"Feature","geometry":{"type":"Point","coordinates":[77.5536,13.02146]},"properties":{"name":"Government Maternity Hospital"}},{"type":"Feature","geometry":{"type":"Point","coordinates":[77.48106,12.95107]},"properties":{"name":"Government Multi-Speciality Hospital"}},{"type":"Feature","geometry":{"type":"Point","coordinates":[77.66389,12.90904]},"properties":{"name":"Klinik Guhen - Dental Clinic","emergency":"yes"}},{"type":"Feature","geometry":{"type":"Point","coordinates":[77.52742,12.7965]},"properties":{"name":"Cadambam's Psychiatric Hospital"}},{"type":"Feature","geometry":{"type":"Point","coordinates":[77.57666,12.92711]},"properties":{"name":"Yadiyuru Maternity Hospital"}},{"type":"Feature","geometry":{"type":"Point","coordinates":[77.5773,12.92679]},"properties":{"name":"Ayurveda Prathisthana Hospital"}},{"type":"Feature","geometry":{"type":"Point","coordinates":[77.71727,13.05293]},"properties":{"name":"East Point Hospital and Medical College"}},{"type":"Feature","geometry":{"type":"Point","coordinates":[77.68077,12.83486]},"properties":{"name":"Vimalaya Hospital"}},{"type":"Feature","geometry":{"type":"Point","coordinates":[77.70167,13.02076]},"properties":{"name":"Shanthinilaya Hospital"}},{"type":"Feature","geometry":{"type":"Point","coordinates":[77.63392,13.11514]},"properties":{"name":"Apex Hospital"}},{"type":"Feature","geometry":{"type":"Point","coordinates":[77.59692,12.94386]},"properties":{"name":"Vignan Hospital"}},{"type":"Feature","geometry":{"type":"Point","coordinates":[77.71798,12.96704]},"properties":{"name":"Mahanandi"}},{"type":"Feature","geometry":{"type":"Point","coordinates":[77.67579,12.90057]},"properties":{"name":"Aarogya Hastha Hospital"}},{"type":"Feature","geometry":{"type":"Point","coordinates":[77.61332,12.92397]},"properties":{"name":"Life Care Hospital","emergency":"yes","phone":"080-26846677"}},{"type":"Feature","geometry":{"type":"Point","coordinates":[77.82697,13.06493]},"properties":{"name":"Mother and Child Hospital"}},{"type":"Feature","geometry":{"type":"Point","coordinates":[77.42622,13.09125]},"properties":{"name":"BGS Medical College Hospital"}},{"type":"Feature","geometry":{"type":"Point","coordinates":[77.57369,12.96147]},"properties":{"name":"Vanivilas Women and Children Hospital","emergency":"yes"}},{"type":"Feature","geometry":{"type":"Point","coordinates":[77.57229,12.96107]},"properties":{"name":"Minto Eye Hospital","emergency":"yes"}},{"type":"Feature","geometry":{"type":"Point","coordinates":[77.56859,13.02973]},"properties":{"name":"M S Ramaiah Hospital","emergency":"yes"}},{"type":"Feature","geometry":{"type":"Point","coordinates":[77.56938,13.02922]},"properties":{"name":"Faculty Of Dental Sciences","emergency":"yes"}},{"type":"Feature","geometry":{"type":"Point","coordinates":[77.46199,12.89514]},"properties":{"name":"Rajarajeshwari Medical College and Hospital"}},{"type":"Feature","geometry":{"type":"Point","coordinates":[77.72935,12.97549]},"properties":{"name":"Vydehi Institute Of Medical Sciences And Research Centre","emergency":"yes"}},{"type":"Feature","geometry":{"type":"Point","coordinates":[77.50235,13.07058]},"properties":{"name":"Sapthagiri Hospital"}},{"type":"Feature","geometry":{"type":"Point","coordinates":[77.61859,12.92965]},"properties":{"name":"St.John's Medical College Hospital","emergency":"yes","ownership":"private"}}]}
