{"type":"FeatureCollection","features":[{"type":"Feature","geometry":{"type":"Polygon","coordinates":[[[77.61515,13.13117],[77.61367,13.13262],[77.61145,13.13404],[77.60545,13.13412],[77.60365,13.13474],[77.59162,13.13482],[77.59126,13.13512],[77.58325,13.13481],[77.5851,13.13163],[77.58789,13.1303],[77.58832,13.12927],[77.58807,13.12718],[77.58778,13.12667],[77.58792,13.1217],[77.58745,13.12069],[77.58629,13.11977],[77.58698,13.11445],[77.58743,13.11315],[77.58852,13.11122],[77.58946,13.11155],[77.58972,13.11099],[77.59046,13.11112],[77.59043,13.11149],[77.58957,13.1121],[77.58971,13.11274],[77.59049,13.11255],[77.59075,13.11184],[77.59113,13.1118],[77.59339,13.11002],[77.5951,13.10721],[77.59531,13.10658],[77.59533,13.10533],[77.59549,13.10505],[77.59597,13.10468],[77.59609,13.10424],[77.59703,13.10405],[77.59723,13.10366],[77.59649,13.10345],[77.59472,13.10366],[77.59461,13.10238],[77.59283,13.10192],[77.5936,13.10024],[77.59229,13.0972],[77.59444,13.09517],[77.59522,13.09636],[77.5956,13.09581],[77.59611,13.094],[77.59631,13.09178],[77.59587,13.08982],[77.59365,13.0847],[77.5972,13.08372],[77.60225,13.08303],[77.60285,13.08597],[77.60335,13.08641],[77.60418,13.08653],[77.60412,13.0869],[77.60344,13.0877],[77.60329,13.08871],[77.60284,13.08978],[77.60129,13.092],[77.60091,13.09303],[77.60063,13.09483],[77.60013,13.09624],[77.59968,13.09692],[77.60028,13.09708],[77.60102,13.09767],[77.60232,13.09762],[77.60254,13.09781],[77.60218,13.09862],[77.60232,13.09896],[77.60219,13.09935],[77.60134,13.09935],[77.59936,13.09984],[77.60015,13.10286],[77.6014,13.10312],[77.60231,13.10292],[77.6031,13.10219],[77.60851,13.10207],[77.60837,13.10449],[77.6089,13.10459],[77.60869,13.10745],[77.60924,13.10753],[77.60989,13.10823],[77.60974,13.11054],[77.61002,13.11067],[77.61046,13.11153],[77.61115,13.11368],[77.61094,13.11677],[77.61124,13.11865],[77.61141,13.12164],[77.61351,13.12676],[77.61437,13.12849],[77.61515,13.13117]]]},"properties":{"ward":1,"name":"Kempegowda Ward","lights":2379,"roadKm":86,"perKm":27.7}},{"type":"Feature","geometry":{"type":"Polygon","coordinates":[[[77.59229,13.0972],[77.5936,13.10024],[77.59283,13.10192],[77.59461,13.10238],[77.59472,13.10366],[77.59649,13.10345],[77.59723,13.10366],[77.59703,13.10405],[77.59609,13.10424],[77.59597,13.10468],[77.59549,13.10505],[77.59533,13.10533],[77.59531,13.10658],[77.5951,13.10721],[77.59339,13.11002],[77.59113,13.1118],[77.59075,13.11184],[77.59049,13.11255],[77.58971,13.11274],[77.58957,13.1121],[77.59043,13.11149],[77.59046,13.11112],[77.58972,13.11099],[77.58946,13.11155],[77.58852,13.11122],[77.58725,13.11356],[77.5869,13.11498],[77.58629,13.11977],[77.58745,13.12069],[77.58792,13.1217],[77.58778,13.12667],[77.58807,13.12718],[77.58832,13.12927],[77.58789,13.1303],[77.5851,13.13163],[77.58325,13.13481],[77.58282,13.13846],[77.58212,13.14066],[77.58112,13.14232],[77.58006,13.14348],[77.57658,13.14366],[77.57251,13.14282],[77.57256,13.14167],[77.57119,13.14006],[77.56891,13.13628],[77.56839,13.13319],[77.56783,13.1272],[77.57064,13.12654],[77.57193,13.12591],[77.57175,13.12522],[77.57177,13.12345],[77.57202,13.12214],[77.57218,13.11694],[77.57271,13.11315],[77.57226,13.10806],[77.57268,13.10811],[77.57326,13.10793],[77.57352,13.10852],[77.5773,13.10731],[77.57872,13.10915],[77.58069,13.10788],[77.58253,13.10561],[77.5841,13.10402],[77.58908,13.10006],[77.59229,13.0972]]]},"properties":{"ward":2,"name":"Chowdeswari Ward","lights":2508,"roadKm":72,"perKm":34.8}},{"type":"Feature","geometry":{"type":"Polygon","coordinates":[[[77.56862,13.12705],[77.56675,13.12738],[77.56606,13.12733],[77.56318,13.12786],[77.56038,13.12003],[77.55825,13.1125],[77.55675,13.10944],[77.55486,13.10479],[77.55428,13.10049],[77.54948,13.10111],[77.54626,13.10127],[77.54429,13.10128],[77.54177,13.10068],[77.54051,13.09907],[77.53816,13.09458],[77.53672,13.09096],[77.54059,13.08633],[77.54332,13.08493],[77.54503,13.08479],[77.54513,13.08357],[77.54751,13.0836],[77.54717,13.08199],[77.54845,13.08169],[77.54894,13.08213],[77.55008,13.0822],[77.55069,13.08308],[77.55126,13.0835],[77.5521,13.08449],[77.55541,13.08605],[77.55855,13.08481],[77.55889,13.08499],[77.56005,13.08427],[77.56215,13.08627],[77.56233,13.08662],[77.56007,13.08795],[77.55849,13.08953],[77.5586,13.09366],[77.5593,13.09989],[77.56116,13.09895],[77.56503,13.09771],[77.56939,13.09813],[77.57021,13.09808],[77.57575,13.09911],[77.57868,13.10001],[77.58651,13.10203],[77.5832,13.1049],[77.58069,13.10788],[77.57872,13.10915],[77.5773,13.10733],[77.57352,13.10852],[77.57326,13.10793],[77.57268,13.10811],[77.57226,13.10806],[77.57271,13.11315],[77.57218,13.11694],[77.57202,13.12214],[77.57177,13.12345],[77.57175,13.12522],[77.57193,13.12591],[77.57064,13.12654],[77.56862,13.12705]]]},"properties":{"ward":3,"name":"Atturu","lights":4227,"roadKm":169,"perKm":25}},{"type":"Feature","geometry":{"type":"Polygon","coordinates":[[[77.59095,13.09842],[77.58651,13.10203],[77.57868,13.10001],[77.57575,13.09911],[77.57021,13.09808],[77.56939,13.09813],[77.56504,13.09771],[77.56909,13.09741],[77.56975,13.09724],[77.56906,13.09152],[77.56918,13.09113],[77.56896,13.08926],[77.57209,13.08885],[77.57329,13.089],[77.57703,13.08859],[77.58011,13.08783],[77.57984,13.08678],[77.57907,13.0852],[77.58449,13.08361],[77.58285,13.07828],[77.59002,13.07607],[77.59587,13.08982],[77.59631,13.09178],[77.59611,13.094],[77.5956,13.09581],[77.59522,13.09636],[77.59444,13.09517],[77.59095,13.09842]]]},"properties":{"ward":4,"name":"Yelahanka Satellite Town","lights":3626,"roadKm":86,"perKm":42.2}},{"type":"Feature","geometry":{"type":"Polygon","coordinates":[[[77.6465,13.08523],[77.64655,13.08694],[77.64199,13.08765],[77.64854,13.09934],[77.6491,13.1048],[77.63713,13.10675],[77.6394,13.11401],[77.63006,13.12503],[77.62066,13.13126],[77.61515,13.13117],[77.61437,13.12849],[77.61351,13.12676],[77.61141,13.12164],[77.61124,13.11865],[77.61094,13.11677],[77.61115,13.11368],[77.61046,13.11153],[77.61002,13.11067],[77.60974,13.11047],[77.60989,13.10831],[77.60924,13.10753],[77.60874,13.10745],[77.6089,13.10459],[77.60835,13.10458],[77.60851,13.10207],[77.6031,13.10219],[77.60231,13.10292],[77.6014,13.10312],[77.60015,13.10286],[77.59936,13.09984],[77.60134,13.09935],[77.60219,13.09935],[77.60237,13.09901],[77.60218,13.09862],[77.60254,13.09803],[77.60242,13.09764],[77.60102,13.09767],[77.60028,13.09708],[77.59968,13.09692],[77.60013,13.09624],[77.60063,13.09483],[77.60091,13.09303],[77.60129,13.092],[77.60284,13.08978],[77.60329,13.08871],[77.60344,13.0877],[77.60414,13.0868],[77.60418,13.08653],[77.60335,13.08641],[77.60287,13.08594],[77.60344,13.08516],[77.60755,13.08168],[77.60774,13.07962],[77.60763,13.07934],[77.60662,13.07844],[77.60601,13.07702],[77.60522,13.07624],[77.60441,13.07411],[77.60352,13.07015],[77.60343,13.06882],[77.60964,13.06667],[77.6099,13.06673],[77.61035,13.06804],[77.61305,13.06773],[77.61358,13.06736],[77.61436,13.06554],[77.61719,13.06573],[77.61764,13.06661],[77.61834,13.06673],[77.61904,13.06628],[77.61982,13.06615],[77.62056,13.06541],[77.62325,13.06538],[77.62483,13.06702],[77.62599,13.06708],[77.62666,13.07038],[77.62697,13.07039],[77.62783,13.07266],[77.62823,13.07264],[77.62848,13.07513],[77.62901,13.0752],[77.63095,13.07495],[77.63126,13.0767],[77.63366,13.07645],[77.63377,13.07704],[77.637,13.07536],[77.63786,13.07537],[77.63825,13.07521],[77.64071,13.07786],[77.64201,13.07778],[77.6446,13.08239],[77.64486,13.0825],[77.6465,13.08523]]]},"properties":{"ward":5,"name":"Jakkuru","lights":4351,"roadKm":349,"perKm":12.5}},{"type":"Feature","geometry":{"type":"Polygon","coordinates":[[[77.63825,13.07521],[77.63786,13.07537],[77.637,13.07536],[77.63377,13.07704],[77.63366,13.07645],[77.63126,13.0767],[77.63095,13.07495],[77.62901,13.0752],[77.62848,13.07513],[77.62823,13.07264],[77.62783,13.07266],[77.62697,13.07039],[77.62666,13.07038],[77.62599,13.06708],[77.62483,13.06702],[77.62325,13.06538],[77.62056,13.06541],[77.61982,13.06615],[77.61904,13.06628],[77.61834,13.06673],[77.61764,13.06661],[77.61719,13.06573],[77.61505,13.06568],[77.61439,13.06553],[77.61358,13.06736],[77.61327,13.06763],[77.61235,13.06785],[77.6103,13.06801],[77.60971,13.06647],[77.60922,13.06343],[77.60829,13.06353],[77.60794,13.06313],[77.60698,13.06279],[77.6038,13.06108],[77.60301,13.06028],[77.60018,13.06014],[77.59939,13.05897],[77.59885,13.05891],[77.59871,13.05789],[77.59786,13.05602],[77.59793,13.05585],[77.59944,13.05519],[77.59925,13.05479],[77.60224,13.05403],[77.60335,13.05359],[77.60431,13.05319],[77.60426,13.05266],[77.60703,13.0519],[77.60832,13.0509],[77.61023,13.05039],[77.61043,13.04972],[77.61177,13.04947],[77.61223,13.04791],[77.61156,13.04735],[77.61137,13.0469],[77.61207,13.04579],[77.61226,13.04439],[77.6129,13.04312],[77.61367,13.04214],[77.61462,13.04163],[77.61714,13.04093],[77.61839,13.04098],[77.61994,13.04028],[77.62013,13.04014],[77.61992,13.03917],[77.62055,13.03913],[77.62057,13.03893],[77.62137,13.03873],[77.62145,13.0393],[77.62182,13.03924],[77.62184,13.03861],[77.62251,13.03853],[77.62249,13.03835],[77.62348,13.03835],[77.62541,13.043],[77.62755,13.04552],[77.6278,13.04526],[77.62805,13.04445],[77.62849,13.04427],[77.6287,13.04399],[77.62811,13.04334],[77.6285,13.043],[77.62859,13.04229],[77.6293,13.04258],[77.62974,13.04222],[77.63031,13.04263],[77.63101,13.04254],[77.63131,13.04299],[77.63178,13.04293],[77.6325,13.04199],[77.63315,13.04179],[77.63327,13.04234],[77.63453,13.04218],[77.63514,13.04132],[77.63562,13.04112],[77.63585,13.04074],[77.63614,13.04073],[77.63674,13.0412],[77.63655,13.04207],[77.6367,13.04279],[77.63607,13.04418],[77.63604,13.04454],[77.63662,13.05112],[77.63701,13.05342],[77.6372,13.06011],[77.63663,13.06702],[77.63767,13.07342],[77.63792,13.07452],[77.63825,13.07521]]]},"properties":{"ward":6,"name":"Thanisandra","lights":5022,"roadKm":235,"perKm":21.4}},{"type":"Feature","geometry":{"type":"Polygon","coordinates":[[[77.60977,13.06666],[77.60343,13.06882],[77.60352,13.07015],[77.60441,13.07411],[77.60522,13.07624],[77.60601,13.07702],[77.60662,13.07844],[77.60763,13.07934],[77.60774,13.07962],[77.60755,13.08168],[77.60344,13.08516],[77.60287,13.08594],[77.60225,13.08303],[77.5972,13.08372],[77.59365,13.0847],[77.58839,13.07236],[77.5869,13.0705],[77.58128,13.06667],[77.58709,13.06235],[77.58793,13.05792],[77.58894,13.05774],[77.58878,13.05671],[77.58736,13.05686],[77.58719,13.05548],[77.58353,13.05701],[77.58318,13.05664],[77.58194,13.05427],[77.58236,13.0537],[77.58352,13.05316],[77.58373,13.05345],[77.58521,13.05244],[77.58459,13.05074],[77.58505,13.05042],[77.58502,13.04997],[77.58861,13.04877],[77.59117,13.0486],[77.59194,13.04837],[77.59215,13.04817],[77.59082,13.04552],[77.59059,13.04366],[77.58994,13.0416],[77.59269,13.04106],[77.59522,13.04127],[77.60707,13.04089],[77.60807,13.04059],[77.60903,13.03999],[77.60973,13.03924],[77.61023,13.03826],[77.61132,13.04],[77.61199,13.04254],[77.61367,13.04214],[77.61256,13.04364],[77.61226,13.04439],[77.61207,13.04579],[77.61137,13.0469],[77.61156,13.04735],[77.61223,13.04791],[77.61177,13.04947],[77.61043,13.04972],[77.61023,13.05039],[77.60832,13.0509],[77.60703,13.0519],[77.60426,13.05266],[77.60431,13.05319],[77.60335,13.05359],[77.60224,13.05403],[77.59925,13.05479],[77.59944,13.05519],[77.59793,13.05585],[77.59786,13.05602],[77.59856,13.05745],[77.59885,13.05891],[77.59939,13.05897],[77.60018,13.06014],[77.60301,13.06028],[77.6038,13.06108],[77.60698,13.06279],[77.60785,13.06308],[77.60829,13.06353],[77.60914,13.06343],[77.60937,13.06393],[77.60977,13.06666]]]},"properties":{"ward":7,"name":"Byatarayanapura","lights":2620,"roadKm":144,"perKm":18.2}},{"type":"Feature","geometry":{"type":"Polygon","coordinates":[[[77.5871,13.06225],[77.58128,13.06667],[77.57479,13.06223],[77.57302,13.06083],[77.57199,13.05944],[77.56765,13.05155],[77.56636,13.04968],[77.56432,13.04567],[77.56521,13.04633],[77.56658,13.04671],[77.57046,13.04712],[77.57848,13.04764],[77.57955,13.04728],[77.58225,13.04512],[77.58532,13.04321],[77.58828,13.04261],[77.59033,13.04283],[77.59059,13.04366],[77.59082,13.04552],[77.59215,13.04817],[77.59194,13.04837],[77.59117,13.0486],[77.58861,13.04877],[77.58502,13.04997],[77.58505,13.05042],[77.58459,13.05074],[77.58521,13.05244],[77.58373,13.05345],[77.58358,13.05312],[77.58236,13.0537],[77.58194,13.05427],[77.58318,13.05664],[77.58353,13.05701],[77.58719,13.05548],[77.58736,13.05686],[77.58878,13.05671],[77.58894,13.05774],[77.58793,13.05792],[77.5871,13.06225]]]},"properties":{"ward":8,"name":"Kodigehalli","lights":2365,"roadKm":84,"perKm":28.2}},{"type":"Feature","geometry":{"type":"Polygon","coordinates":[[[77.56503,13.09771],[77.56116,13.09895],[77.5593,13.09989],[77.5586,13.09366],[77.55849,13.08953],[77.56002,13.088],[77.56233,13.08662],[77.56183,13.08586],[77.56012,13.08432],[77.55894,13.08498],[77.55855,13.08481],[77.55805,13.08502],[77.55765,13.08421],[77.55819,13.08398],[77.55655,13.08267],[77.55681,13.08168],[77.55615,13.08115],[77.55344,13.08196],[77.55317,13.08031],[77.55304,13.08035],[77.55232,13.07894],[77.55256,13.07879],[77.55157,13.07727],[77.55342,13.07597],[77.55128,13.07142],[77.55518,13.06984],[77.55659,13.07262],[77.55693,13.07257],[77.55758,13.07219],[77.55824,13.07104],[77.55815,13.0706],[77.55865,13.07035],[77.55802,13.06894],[77.5603,13.06834],[77.56051,13.06875],[77.56126,13.06897],[77.56337,13.06895],[77.56363,13.06872],[77.56493,13.06576],[77.56542,13.06537],[77.56568,13.0645],[77.5663,13.06441],[77.56614,13.06396],[77.5681,13.06319],[77.56829,13.06308],[77.56822,13.06289],[77.56743,13.0629],[77.56645,13.06259],[77.56542,13.06149],[77.56527,13.06045],[77.56565,13.05892],[77.56533,13.05896],[77.56504,13.05931],[77.56526,13.05957],[77.5648,13.06017],[77.56449,13.06096],[77.56316,13.06215],[77.56173,13.06305],[77.5612,13.06139],[77.56132,13.06135],[77.56113,13.06058],[77.56041,13.06057],[77.56026,13.05977],[77.55974,13.05982],[77.55928,13.05966],[77.55928,13.05891],[77.56192,13.05919],[77.56338,13.05878],[77.56732,13.05537],[77.56921,13.05465],[77.57199,13.05944],[77.57302,13.06083],[77.57479,13.06223],[77.5869,13.0705],[77.58839,13.07236],[77.59002,13.07607],[77.58288,13.07824],[77.58449,13.08361],[77.57907,13.0852],[77.57984,13.08678],[77.58011,13.08783],[77.57703,13.08859],[77.57329,13.089],[77.57209,13.08885],[77.56896,13.08926],[77.56918,13.09113],[77.56906,13.09152],[77.56977,13.09722],[77.56909,13.09741],[77.56503,13.09771]]]},"properties":{"ward":9,"name":"Vidyaranyapura","lights":2903,"roadKm":130,"perKm":22.3}},{"type":"Feature","geometry":{"type":"Polygon","coordinates":[[[77.56925,13.05462],[77.56732,13.05537],[77.56338,13.05878],[77.56192,13.05919],[77.55928,13.05891],[77.55928,13.05966],[77.55974,13.05982],[77.56026,13.05977],[77.56041,13.06057],[77.56113,13.06058],[77.56132,13.06135],[77.5612,13.06139],[77.56173,13.06305],[77.56316,13.06215],[77.56449,13.06096],[77.5648,13.06017],[77.56526,13.05957],[77.56504,13.05931],[77.56557,13.05887],[77.56558,13.05942],[77.56532,13.05996],[77.56525,13.06068],[77.56542,13.06149],[77.56645,13.06259],[77.56743,13.0629],[77.56822,13.06289],[77.56829,13.06308],[77.56616,13.0639],[77.56631,13.06436],[77.56573,13.06444],[77.56542,13.06537],[77.56502,13.06559],[77.5637,13.06862],[77.56337,13.06895],[77.56126,13.06897],[77.56051,13.06875],[77.5603,13.06834],[77.558,13.06888],[77.55865,13.07035],[77.55815,13.0706],[77.55824,13.07104],[77.55758,13.07219],[77.55659,13.07262],[77.5545,13.06858],[77.55415,13.06869],[77.55317,13.06662],[77.55137,13.06734],[77.55039,13.06539],[77.55064,13.06507],[77.55045,13.06446],[77.55095,13.06346],[77.55083,13.06224],[77.55113,13.06216],[77.55112,13.06076],[77.55157,13.05962],[77.55146,13.05779],[77.55007,13.05748],[77.54806,13.05754],[77.54796,13.05566],[77.55091,13.05325],[77.55251,13.05103],[77.55447,13.04873],[77.55676,13.04497],[77.55707,13.04264],[77.55745,13.04274],[77.559,13.04169],[77.55935,13.04142],[77.55981,13.04054],[77.56061,13.04051],[77.56101,13.0401],[77.56432,13.04567],[77.56518,13.04754],[77.56636,13.04968],[77.56765,13.05155],[77.56925,13.05462]]]},"properties":{"ward":10,"name":"Dodda Bommasandra","lights":1735,"roadKm":51,"perKm":34}},{"type":"Feature","geometry":{"type":"Polygon","coordinates":[[[77.54332,13.08493],[77.54059,13.08633],[77.53672,13.09096],[77.53629,13.08988],[77.5354,13.08847],[77.53411,13.08739],[77.53116,13.08564],[77.52981,13.08535],[77.52934,13.08505],[77.52886,13.08467],[77.52865,13.08407],[77.52828,13.08383],[77.52845,13.08349],[77.52972,13.0825],[77.53079,13.08124],[77.53096,13.08033],[77.53136,13.0754],[77.53122,13.07387],[77.53139,13.07261],[77.53162,13.07214],[77.53138,13.07184],[77.53089,13.07174],[77.52979,13.07191],[77.52971,13.0708],[77.52992,13.06886],[77.53283,13.06578],[77.53407,13.06584],[77.53474,13.06392],[77.53512,13.06331],[77.53392,13.05994],[77.53541,13.05762],[77.53486,13.05747],[77.53515,13.05703],[77.53509,13.05575],[77.53539,13.05484],[77.53892,13.0543],[77.54235,13.05491],[77.54477,13.05497],[77.54672,13.05677],[77.54792,13.0557],[77.54806,13.05754],[77.55007,13.05748],[77.55146,13.05779],[77.55157,13.05962],[77.55112,13.06076],[77.55113,13.06216],[77.55083,13.06224],[77.55095,13.06346],[77.55045,13.06446],[77.55064,13.06507],[77.55039,13.06539],[77.55137,13.06734],[77.55311,13.06665],[77.55415,13.06869],[77.5545,13.06858],[77.55518,13.06984],[77.55128,13.07142],[77.55342,13.07597],[77.55157,13.07727],[77.55256,13.07879],[77.55232,13.07894],[77.55304,13.08035],[77.55317,13.0803],[77.55344,13.08196],[77.55615,13.08109],[77.55681,13.08168],[77.55655,13.08267],[77.55819,13.08398],[77.55765,13.08421],[77.55801,13.08503],[77.55541,13.08605],[77.55378,13.08536],[77.55287,13.08476],[77.55227,13.0846],[77.55069,13.08308],[77.55019,13.08226],[77.54883,13.08211],[77.54851,13.08172],[77.54717,13.08199],[77.54751,13.0836],[77.54513,13.08357],[77.54511,13.08477],[77.54332,13.08493]]]},"properties":{"ward":11,"name":"Kuvempu Nagar","lights":2039,"roadKm":95,"perKm":21.5}},{"type":"Feature","geometry":{"type":"Polygon","coordinates":[[[77.52514,13.08565],[77.52165,13.08701],[77.52065,13.08523],[77.51865,13.08251],[77.5173,13.08095],[77.51765,13.07864],[77.5175,13.07738],[77.51678,13.07496],[77.51246,13.07642],[77.50994,13.07703],[77.50803,13.07795],[77.50627,13.08002],[77.50593,13.08097],[77.50563,13.08122],[77.50471,13.08145],[77.50456,13.08144],[77.49867,13.07451],[77.49899,13.07284],[77.50274,13.06765],[77.50805,13.0594],[77.50933,13.05928],[77.51126,13.05881],[77.51148,13.0599],[77.51201,13.05979],[77.51416,13.06124],[77.51798,13.06028],[77.5196,13.05917],[77.52036,13.05917],[77.5197,13.05788],[77.5198,13.05743],[77.51936,13.05696],[77.51927,13.05658],[77.5198,13.05559],[77.51884,13.05378],[77.52005,13.05324],[77.51936,13.05008],[77.51859,13.04843],[77.5222,13.04589],[77.52394,13.04913],[77.5269,13.05119],[77.52837,13.05162],[77.52875,13.05188],[77.53047,13.05316],[77.53126,13.05445],[77.53352,13.05485],[77.53539,13.05484],[77.53509,13.05575],[77.53515,13.05703],[77.53486,13.05747],[77.53541,13.05762],[77.53392,13.05994],[77.53512,13.06331],[77.53474,13.06392],[77.53407,13.06584],[77.53275,13.06585],[77.53,13.0687],[77.52978,13.06966],[77.52979,13.07191],[77.53089,13.07174],[77.53138,13.07184],[77.53162,13.07214],[77.53139,13.07261],[77.53122,13.07387],[77.53136,13.0754],[77.53079,13.08124],[77.52972,13.0825],[77.52845,13.08349],[77.52828,13.08383],[77.52816,13.08373],[77.52783,13.08401],[77.52794,13.08445],[77.52774,13.08489],[77.5271,13.08502],[77.52611,13.08555],[77.52534,13.08552],[77.52514,13.08565]]]},"properties":{"ward":12,"name":"Shettihalli","lights":3193,"roadKm":144,"perKm":22.2}},{"type":"Feature","geometry":{"type":"Polygon","coordinates":[[[77.5188,13.0598],[77.51724,13.06052],[77.51544,13.06083],[77.51416,13.06124],[77.51201,13.05979],[77.51149,13.05998],[77.51126,13.05881],[77.50933,13.05928],[77.50805,13.0594],[77.51063,13.05518],[77.51204,13.05319],[77.51168,13.05136],[77.51135,13.05145],[77.51121,13.0509],[77.51185,13.05064],[77.51147,13.04925],[77.51175,13.04918],[77.5116,13.04866],[77.51448,13.04761],[77.51416,13.04679],[77.515,13.04654],[77.51531,13.04696],[77.51609,13.04699],[77.51707,13.04745],[77.5172,13.04736],[77.51831,13.04863],[77.51859,13.04843],[77.51936,13.05008],[77.52005,13.05324],[77.51884,13.05378],[77.5198,13.05559],[77.51927,13.05658],[77.51936,13.05696],[77.51978,13.05735],[77.5197,13.05788],[77.52036,13.05917],[77.5196,13.05917],[77.5188,13.0598]]]},"properties":{"ward":13,"name":"Mallasandra","lights":1613,"roadKm":40,"perKm":40.3}},{"type":"Feature","geometry":{"type":"Polygon","coordinates":[[[77.49726,13.07485],[77.49631,13.07506],[77.49505,13.07482],[77.494,13.07495],[77.4928,13.0748],[77.49262,13.07303],[77.49278,13.06962],[77.49266,13.06829],[77.49278,13.06443],[77.49308,13.06216],[77.49232,13.06078],[77.49098,13.05691],[77.49242,13.05455],[77.49242,13.0536],[77.4926,13.05353],[77.49255,13.05165],[77.49449,13.05126],[77.49424,13.04984],[77.50526,13.04588],[77.50729,13.04533],[77.50809,13.04721],[77.5077,13.04938],[77.5078,13.05057],[77.50887,13.05034],[77.50877,13.04942],[77.51041,13.04905],[77.51038,13.04886],[77.5116,13.04866],[77.51175,13.04918],[77.51147,13.04925],[77.51185,13.05064],[77.51121,13.0509],[77.51135,13.05145],[77.51168,13.05136],[77.51204,13.05319],[77.51063,13.05518],[77.50274,13.06765],[77.49899,13.07284],[77.49859,13.07452],[77.49726,13.07485]]]},"properties":{"ward":14,"name":"Bagalakunte","lights":3469,"roadKm":123,"perKm":28.2}},{"type":"Feature","geometry":{"type":"Polygon","coordinates":[[[77.51707,13.04745],[77.51609,13.04699],[77.51531,13.04696],[77.515,13.04654],[77.51416,13.04679],[77.51448,13.04761],[77.51181,13.04862],[77.51038,13.04886],[77.51041,13.04905],[77.50877,13.04942],[77.50887,13.05034],[77.5078,13.05057],[77.5077,13.04938],[77.50809,13.04721],[77.50731,13.04532],[77.50898,13.04469],[77.51145,13.04343],[77.51635,13.04177],[77.51838,13.03994],[77.5222,13.04589],[77.51831,13.04863],[77.5172,13.04736],[77.51707,13.04745]]]},"properties":{"ward":15,"name":"T Dasarahalli","lights":1364,"roadKm":29,"perKm":47}},{"type":"Feature","geometry":{"type":"Polygon","coordinates":[[[77.5488,13.05491],[77.54674,13.05683],[77.54515,13.05521],[77.54467,13.05495],[77.54235,13.05491],[77.53915,13.05431],[77.53468,13.05489],[77.5314,13.05451],[77.53047,13.05316],[77.52875,13.05188],[77.52837,13.05162],[77.5269,13.05119],[77.52394,13.04913],[77.5222,13.04589],[77.52759,13.0422],[77.54074,13.03249],[77.54199,13.03839],[77.54481,13.04098],[77.55469,13.04406],[77.55618,13.04398],[77.55693,13.04378],[77.55684,13.0447],[77.55653,13.04545],[77.55447,13.04873],[77.55251,13.05103],[77.55091,13.05325],[77.5488,13.05491]]]},"properties":{"ward":16,"name":"Jalahalli","lights":1899,"roadKm":36,"perKm":52.8}},{"type":"Feature","geometry":{"type":"Polygon","coordinates":[[[77.55708,13.04263],[77.55693,13.04378],[77.55618,13.04398],[77.55469,13.04406],[77.54481,13.04098],[77.54292,13.03924],[77.5443,13.03778],[77.54498,13.03667],[77.54896,13.02917],[77.55045,13.02905],[77.55071,13.02922],[77.55187,13.03102],[77.5536,13.03228],[77.55382,13.03224],[77.55415,13.03212],[77.55468,13.03132],[77.5551,13.02995],[77.55575,13.0288],[77.55629,13.02863],[77.55632,13.02839],[77.55737,13.02836],[77.55789,13.02811],[77.55769,13.0275],[77.55841,13.02727],[77.55992,13.03095],[77.55734,13.03478],[77.55756,13.036],[77.55734,13.03857],[77.55815,13.03858],[77.55935,13.03887],[77.56024,13.03935],[77.56101,13.0401],[77.56061,13.04051],[77.55981,13.04054],[77.55935,13.04142],[77.55745,13.04274],[77.55708,13.04263]]]},"properties":{"ward":17,"name":"J P Park","lights":1878,"roadKm":52,"perKm":36.1}},{"type":"Feature","geometry":{"type":"Polygon","coordinates":[[[77.57279,13.04193],[77.57318,13.04256],[77.57474,13.04243],[77.57498,13.04329],[77.57538,13.04322],[77.57549,13.04382],[77.57437,13.04422],[77.57586,13.04744],[77.57046,13.04712],[77.56593,13.04662],[77.56446,13.04584],[77.56213,13.042],[77.56596,13.03694],[77.56823,13.03452],[77.56987,13.03225],[77.57125,13.02848],[77.57764,13.02725],[77.5777,13.0269],[77.57994,13.02656],[77.57962,13.02724],[77.57962,13.0276],[77.57824,13.02985],[77.57765,13.0305],[77.57543,13.03468],[77.5744,13.03457],[77.57427,13.03499],[77.57383,13.03505],[77.57372,13.03524],[77.5717,13.03509],[77.57168,13.03744],[77.57259,13.03741],[77.57265,13.03829],[77.57243,13.03829],[77.57263,13.04013],[77.57207,13.04019],[77.57279,13.04193]]]},"properties":{"ward":18,"name":"Radhakrishna Temple Ward","lights":2217,"roadKm":54,"perKm":41.1}},{"type":"Feature","geometry":{"type":"Polygon","coordinates":[[[77.58311,13.04455],[77.57927,13.04742],[77.57818,13.04766],[77.57586,13.04744],[77.57437,13.04422],[77.57549,13.04382],[77.57538,13.04322],[77.57498,13.04329],[77.57474,13.04243],[77.57318,13.04256],[77.57283,13.04212],[77.57207,13.04019],[77.57263,13.04013],[77.57243,13.03829],[77.57265,13.03829],[77.57259,13.03741],[77.57168,13.03744],[77.5717,13.03509],[77.57372,13.03524],[77.57383,13.03505],[77.57427,13.03499],[77.5744,13.03457],[77.57543,13.03468],[77.57765,13.0305],[77.57821,13.02988],[77.57896,13.0298],[77.57897,13.0296],[77.58054,13.02973],[77.58057,13.02942],[77.58098,13.02941],[77.58099,13.03204],[77.58122,13.032],[77.58133,13.03294],[77.58085,13.0351],[77.5797,13.0352],[77.57971,13.03582],[77.57889,13.03572],[77.579,13.0369],[77.58181,13.03669],[77.58226,13.03811],[77.58266,13.04219],[77.58285,13.04217],[77.58311,13.04455]]]},"properties":{"ward":19,"name":"Sanjaya Nagar","lights":1720,"roadKm":44,"perKm":39.1}},{"type":"Feature","geometry":{"type":"Polygon","coordinates":[[[77.59033,13.04283],[77.58971,13.04286],[77.58848,13.0426],[77.5858,13.04307],[77.58501,13.04334],[77.58311,13.04455],[77.58285,13.04217],[77.58266,13.04219],[77.58226,13.03811],[77.5819,13.0367],[77.579,13.0369],[77.57889,13.03572],[77.57971,13.03582],[77.5797,13.0352],[77.58085,13.0351],[77.58133,13.03294],[77.58122,13.032],[77.58099,13.03204],[77.58098,13.02941],[77.58057,13.02942],[77.58054,13.02973],[77.57897,13.0296],[77.57896,13.0298],[77.57821,13.02988],[77.57962,13.0276],[77.57962,13.02724],[77.58,13.02653],[77.58089,13.02581],[77.58119,13.0253],[77.58268,13.02456],[77.58452,13.02294],[77.58471,13.02329],[77.58689,13.0226],[77.58705,13.02296],[77.58756,13.02277],[77.58804,13.02395],[77.58893,13.02353],[77.58899,13.02332],[77.58957,13.02324],[77.58942,13.02258],[77.59037,13.02259],[77.59027,13.02299],[77.59047,13.02378],[77.59145,13.02364],[77.59137,13.02375],[77.59185,13.02383],[77.59204,13.02505],[77.59477,13.02472],[77.59545,13.02842],[77.59187,13.0289],[77.59165,13.02778],[77.59063,13.02769],[77.59,13.02883],[77.59045,13.02929],[77.59084,13.02922],[77.59087,13.02964],[77.58849,13.02982],[77.58823,13.02872],[77.58619,13.02855],[77.58817,13.03318],[77.58916,13.03622],[77.58927,13.03827],[77.58964,13.04023],[77.59093,13.04002],[77.59118,13.04033],[77.59161,13.04051],[77.59198,13.04018],[77.59426,13.03983],[77.59635,13.03919],[77.59705,13.04062],[77.59726,13.04058],[77.59743,13.04121],[77.59522,13.04127],[77.59269,13.04106],[77.58995,13.0416],[77.59033,13.04283]]]},"properties":{"ward":20,"name":"Ganga Nagar","lights":1647,"roadKm":31,"perKm":53.1}},{"type":"Feature","geometry":{"type":"Polygon","coordinates":[[[77.5927,13.04008],[77.59188,13.04022],[77.59161,13.04051],[77.59074,13.04002],[77.58964,13.04023],[77.58927,13.03827],[77.58916,13.03622],[77.58817,13.03318],[77.58621,13.02859],[77.58741,13.02856],[77.58823,13.02872],[77.58849,13.02982],[77.59087,13.02964],[77.59084,13.02922],[77.59045,13.02929],[77.59,13.02883],[77.59063,13.02769],[77.59165,13.02778],[77.59187,13.0289],[77.59366,13.02851],[77.59439,13.0286],[77.5958,13.02836],[77.596,13.03009],[77.59649,13.03006],[77.59648,13.03041],[77.59556,13.03045],[77.59556,13.0317],[77.59577,13.03226],[77.59636,13.03253],[77.59748,13.03252],[77.5989,13.03327],[77.60038,13.03332],[77.60195,13.03439],[77.60214,13.03507],[77.60059,13.03503],[77.59711,13.03574],[77.597,13.03585],[77.59719,13.03602],[77.59745,13.03681],[77.5968,13.0374],[77.59623,13.03922],[77.59426,13.03983],[77.5927,13.04008]]]},"properties":{"ward":21,"name":"Hebbala","lights":1489,"roadKm":36,"perKm":41.4}},{"type":"Feature","geometry":{"type":"Polygon","coordinates":[[[77.60821,13.04052],[77.60652,13.04094],[77.59743,13.04121],[77.59726,13.04058],[77.59705,13.04062],[77.59694,13.04012],[77.59651,13.03964],[77.59635,13.03919],[77.59623,13.03922],[77.5968,13.0374],[77.59732,13.03701],[77.59749,13.03667],[77.59704,13.03585],[77.59711,13.03574],[77.60059,13.03503],[77.60221,13.03512],[77.60464,13.03482],[77.60463,13.03407],[77.60629,13.03402],[77.60637,13.0336],[77.60648,13.03289],[77.60479,13.03283],[77.60479,13.03218],[77.60015,13.03274],[77.60022,13.031],[77.59965,13.03009],[77.59937,13.02869],[77.59963,13.02804],[77.60436,13.02741],[77.60639,13.02681],[77.60747,13.02922],[77.60807,13.03016],[77.61023,13.03813],[77.60995,13.03889],[77.60948,13.03954],[77.60821,13.04052]]]},"properties":{"ward":22,"name":"Vishwanath Nagenahalli","lights":2886,"roadKm":51,"perKm":56.6}},{"type":"Feature","geometry":{"type":"Polygon","coordinates":[[[77.61367,13.04214],[77.61199,13.04254],[77.61132,13.04],[77.61026,13.03822],[77.61081,13.03597],[77.61136,13.03452],[77.61208,13.03338],[77.61572,13.02887],[77.61562,13.02877],[77.61614,13.02802],[77.61585,13.02761],[77.61366,13.02591],[77.61329,13.02536],[77.61255,13.02366],[77.61274,13.02047],[77.61374,13.02021],[77.61413,13.02072],[77.61448,13.02085],[77.61577,13.02046],[77.61728,13.02038],[77.61781,13.02111],[77.61903,13.02129],[77.61931,13.02214],[77.62328,13.02134],[77.62278,13.023],[77.62185,13.02478],[77.62106,13.02566],[77.61999,13.02622],[77.62063,13.02822],[77.62095,13.03018],[77.62212,13.03271],[77.6228,13.03459],[77.62076,13.03517],[77.62097,13.03536],[77.62083,13.03547],[77.62026,13.03474],[77.61991,13.03452],[77.61947,13.03452],[77.61978,13.03518],[77.61983,13.03762],[77.62122,13.03759],[77.62137,13.03873],[77.62057,13.03884],[77.62055,13.03913],[77.61992,13.03917],[77.62015,13.04014],[77.61937,13.04057],[77.61828,13.041],[77.61714,13.04093],[77.61603,13.04119],[77.61462,13.04163],[77.61367,13.04214]]]},"properties":{"ward":23,"name":"Nagavara","lights":768,"roadKm":65,"perKm":11.8}},{"type":"Feature","geometry":{"type":"Polygon","coordinates":[[[77.63668,13.04251],[77.63655,13.04207],[77.63671,13.0411],[77.63603,13.0407],[77.63579,13.0408],[77.63562,13.04112],[77.63522,13.04126],[77.63493,13.04179],[77.63434,13.04227],[77.63327,13.04234],[77.63315,13.04179],[77.6325,13.04199],[77.63176,13.04293],[77.63133,13.04301],[77.63101,13.04254],[77.63032,13.04263],[77.62974,13.04222],[77.62925,13.04258],[77.62863,13.04229],[77.6285,13.043],[77.62811,13.04334],[77.62865,13.04388],[77.62868,13.0441],[77.62805,13.04445],[77.6278,13.04526],[77.62755,13.04552],[77.62541,13.043],[77.62479,13.04176],[77.62354,13.03841],[77.62249,13.03835],[77.62251,13.03853],[77.62184,13.03861],[77.62182,13.03924],[77.62145,13.0393],[77.62122,13.03759],[77.61983,13.03762],[77.61978,13.03518],[77.61947,13.03452],[77.61982,13.03448],[77.62026,13.03474],[77.62083,13.03547],[77.62097,13.03536],[77.62076,13.03517],[77.6228,13.03459],[77.62212,13.03271],[77.62095,13.03018],[77.62063,13.02822],[77.61999,13.02622],[77.62106,13.02566],[77.62185,13.02478],[77.62278,13.023],[77.62328,13.02137],[77.62346,13.01971],[77.62333,13.0181],[77.62312,13.01713],[77.62198,13.01448],[77.62425,13.0139],[77.62519,13.01332],[77.62501,13.01287],[77.62564,13.01262],[77.62583,13.01257],[77.62748,13.01507],[77.62769,13.0156],[77.6286,13.02098],[77.62939,13.02103],[77.62988,13.02089],[77.62992,13.02196],[77.63069,13.02257],[77.63093,13.02305],[77.63147,13.02529],[77.63196,13.02658],[77.63301,13.02817],[77.63346,13.02869],[77.63614,13.02784],[77.63743,13.02799],[77.63796,13.03014],[77.63931,13.03145],[77.63986,13.0326],[77.64068,13.03359],[77.64108,13.03436],[77.64217,13.034],[77.64324,13.03406],[77.64324,13.03593],[77.64497,13.03585],[77.64449,13.03617],[77.64427,13.03667],[77.64388,13.03903],[77.64234,13.03904],[77.64153,13.03956],[77.64141,13.04132],[77.64178,13.04219],[77.64131,13.04264],[77.63933,13.04332],[77.63881,13.04335],[77.63783,13.04316],[77.63668,13.04251]]]},"properties":{"ward":24,"name":"HBR Layout","lights":1043,"roadKm":119,"perKm":8.8}},{"type":"Feature","geometry":{"type":"Polygon","coordinates":[[[77.64931,13.07853],[77.64887,13.0825],[77.6465,13.08523],[77.64374,13.08094],[77.64207,13.07777],[77.64071,13.07786],[77.6385,13.07552],[77.63792,13.07452],[77.63663,13.06702],[77.6372,13.06011],[77.63701,13.05342],[77.63662,13.05113],[77.63607,13.04418],[77.63667,13.04285],[77.63668,13.04251],[77.63783,13.04316],[77.63881,13.04335],[77.63933,13.04332],[77.64131,13.04264],[77.64172,13.04223],[77.64141,13.04132],[77.64148,13.03961],[77.64234,13.03904],[77.64388,13.03903],[77.64426,13.03671],[77.64449,13.03617],[77.64497,13.03585],[77.64324,13.03593],[77.6432,13.03406],[77.64219,13.034],[77.64104,13.03433],[77.64068,13.03359],[77.63988,13.03263],[77.63931,13.03145],[77.63796,13.03014],[77.63743,13.02799],[77.63619,13.02784],[77.63348,13.02872],[77.63265,13.02763],[77.63536,13.02667],[77.63979,13.02575],[77.65354,13.01975],[77.656,13.0189],[77.66152,13.01652],[77.6618,13.01635],[77.66204,13.01587],[77.66224,13.01328],[77.66549,13.01243],[77.66958,13.01178],[77.67573,13.0114],[77.67683,13.01147],[77.67711,13.01247],[77.67818,13.01358],[77.67511,13.01475],[77.67517,13.01545],[77.67564,13.01534],[77.67576,13.01588],[77.67589,13.01714],[77.6755,13.01725],[77.67565,13.01817],[77.67612,13.01922],[77.67454,13.01999],[77.67548,13.02055],[77.67548,13.02217],[77.67283,13.02244],[77.6727,13.02228],[77.67104,13.02394],[77.66882,13.02696],[77.66614,13.03015],[77.66539,13.03172],[77.66466,13.0324],[77.66357,13.03286],[77.66294,13.03546],[77.66261,13.03964],[77.66301,13.04503],[77.66407,13.04497],[77.66545,13.04548],[77.66627,13.04552],[77.66691,13.04531],[77.66704,13.04502],[77.66735,13.04486],[77.66769,13.04486],[77.66834,13.04529],[77.66897,13.04544],[77.66999,13.04901],[77.67147,13.0508],[77.67184,13.05109],[77.6723,13.05099],[77.67269,13.05145],[77.67174,13.05178],[77.6712,13.051],[77.66964,13.04982],[77.66735,13.04966],[77.66635,13.04976],[77.66449,13.05044],[77.66288,13.05048],[77.66302,13.05238],[77.6634,13.05297],[77.66373,13.05424],[77.66438,13.05556],[77.66423,13.05822],[77.66438,13.05879],[77.66476,13.05932],[77.66496,13.06119],[77.66532,13.06263],[77.66655,13.06429],[77.66684,13.06567],[77.66659,13.06737],[77.66469,13.06817],[77.66007,13.06884],[77.65881,13.0701],[77.65788,13.07277],[77.65647,13.07466],[77.65568,13.07512],[77.65554,13.07415],[77.65526,13.0738],[77.65564,13.07267],[77.65571,13.07106],[77.65546,13.07107],[77.65475,13.05903],[77.65485,13.05883],[77.65461,13.0587],[77.65432,13.05811],[77.65453,13.05767],[77.65453,13.05724],[77.65472,13.05708],[77.65452,13.05601],[77.65484,13.05598],[77.6547,13.05448],[77.65449,13.05428],[77.65484,13.05357],[77.65443,13.05264],[77.65447,13.05214],[77.65474,13.05155],[77.65461,13.05074],[77.655,13.04941],[77.65434,13.04782],[77.65398,13.04767],[77.65275,13.04764],[77.65176,13.04769],[77.6482,13.04905],[77.64698,13.04922],[77.64662,13.04965],[77.64655,13.05058],[77.64712,13.05128],[77.64728,13.05202],[77.64726,13.05308],[77.64687,13.0541],[77.64626,13.05502],[77.64615,13.05536],[77.64627,13.05572],[77.64721,13.05691],[77.64779,13.05811],[77.64838,13.05819],[77.64842,13.05995],[77.65086,13.05981],[77.65094,13.06003],[77.65073,13.06249],[77.65082,13.06498],[77.651,13.06513],[77.65099,13.06541],[77.65085,13.06541],[77.65085,13.06732],[77.65101,13.06884],[77.65093,13.06994],[77.65066,13.07056],[77.65046,13.07057],[77.65042,13.07195],[77.6502,13.07234],[77.65021,13.07366],[77.65091,13.07568],[77.65065,13.07652],[77.65021,13.07664],[77.64993,13.07701],[77.64931,13.07853]]]},"properties":{"ward":25,"name":"Horamavu","lights":4004,"roadKm":341,"perKm":11.7}},{"type":"Feature","geometry":{"type":"Polygon","coordinates":[[[77.68336,13.05192],[77.68276,13.05233],[77.67982,13.05323],[77.67796,13.05414],[77.67598,13.05238],[77.67475,13.05176],[77.67269,13.05145],[77.6723,13.05099],[77.67184,13.05109],[77.67074,13.05005],[77.66999,13.04901],[77.66897,13.04544],[77.66834,13.04529],[77.66769,13.04486],[77.66735,13.04486],[77.66704,13.04502],[77.66691,13.04531],[77.66627,13.04552],[77.66545,13.04548],[77.66407,13.04497],[77.66301,13.04503],[77.66261,13.03964],[77.66294,13.03546],[77.66357,13.03286],[77.66466,13.0324],[77.66539,13.03172],[77.66614,13.03015],[77.66882,13.02696],[77.67104,13.02394],[77.6727,13.02228],[77.67283,13.02244],[77.67548,13.02217],[77.67552,13.02055],[77.67454,13.01999],[77.67612,13.01922],[77.67565,13.01817],[77.6755,13.01725],[77.67589,13.01714],[77.67564,13.01534],[77.67517,13.01545],[77.67503,13.01479],[77.67818,13.01358],[77.67711,13.01247],[77.67683,13.01147],[77.67885,13.0117],[77.68068,13.01102],[77.68073,13.01121],[77.68192,13.01108],[77.68253,13.01134],[77.6827,13.01158],[77.68267,13.01409],[77.68506,13.01463],[77.68552,13.01539],[77.68569,13.01665],[77.68619,13.01657],[77.68631,13.01727],[77.68871,13.01739],[77.68864,13.01866],[77.69011,13.01868],[77.68996,13.0198],[77.69119,13.01979],[77.6911,13.02106],[77.69098,13.02107],[77.69101,13.02246],[77.69204,13.02245],[77.69204,13.0241],[77.69287,13.0242],[77.69345,13.02397],[77.69419,13.024],[77.69421,13.02659],[77.69434,13.02726],[77.69171,13.0276],[77.68876,13.02477],[77.68675,13.02308],[77.68168,13.02293],[77.68207,13.02622],[77.68251,13.0365],[77.68343,13.03816],[77.68409,13.04286],[77.68413,13.04687],[77.68384,13.05067],[77.68336,13.05192]]]},"properties":{"ward":26,"name":"Ramamurthy Nagar","lights":3042,"roadKm":144,"perKm":21.1}},{"type":"Feature","geometry":{"type":"Polygon","coordinates":[[[77.66229,13.01239],[77.66204,13.01587],[77.6617,13.01643],[77.656,13.0189],[77.65354,13.01975],[77.63993,13.02569],[77.63985,13.02488],[77.64032,13.0247],[77.64009,13.02181],[77.63955,13.02198],[77.63932,13.0146],[77.63955,13.01149],[77.64021,13.01145],[77.6419,13.0118],[77.64205,13.01067],[77.64186,13.00979],[77.64184,13.00826],[77.63907,13.00609],[77.63802,13.00549],[77.63908,13.00557],[77.64091,13.00606],[77.64546,13.00641],[77.6467,13.00806],[77.64777,13.00761],[77.6499,13.00742],[77.65067,13.00697],[77.65153,13.00675],[77.65125,13.00618],[77.65287,13.00585],[77.65453,13.00728],[77.65613,13.00907],[77.6575,13.01009],[77.65931,13.01117],[77.66229,13.01239]]]},"properties":{"ward":27,"name":"Banasavadi","lights":2727,"roadKm":101,"perKm":27}},{"type":"Feature","geometry":{"type":"Polygon","coordinates":[[[77.63853,13.01408],[77.63583,13.01446],[77.63535,13.01277],[77.63242,13.01298],[77.63233,13.01182],[77.63255,13.00968],[77.63237,13.00836],[77.63135,13.00759],[77.63128,13.00729],[77.6319,13.00603],[77.63179,13.00456],[77.63113,13.00333],[77.63023,13.00297],[77.63042,13.00155],[77.63381,13.0022],[77.63456,13.00255],[77.63773,13.00534],[77.63907,13.00609],[77.64184,13.00826],[77.64186,13.00979],[77.64205,13.01067],[77.64195,13.01171],[77.64164,13.01177],[77.64021,13.01145],[77.63955,13.01149],[77.63936,13.01403],[77.63853,13.01408]]]},"properties":{"ward":28,"name":"Kammanahalli","lights":1427,"roadKm":43,"perKm":33.2}},{"type":"Feature","geometry":{"type":"Polygon","coordinates":[[[77.63993,13.02569],[77.63536,13.02667],[77.63284,13.02766],[77.63261,13.0276],[77.63198,13.02662],[77.63147,13.02529],[77.63093,13.02305],[77.63069,13.02257],[77.62992,13.02196],[77.62988,13.02089],[77.62939,13.02103],[77.6286,13.02098],[77.62777,13.01584],[77.62748,13.01507],[77.62615,13.01308],[77.62746,13.01257],[77.63089,13.013],[77.63535,13.01277],[77.63576,13.01448],[77.63936,13.01403],[77.63955,13.02196],[77.64009,13.02181],[77.64032,13.0247],[77.63985,13.02488],[77.63993,13.02569]]]},"properties":{"ward":29,"name":"Kacharkanahalli","lights":1671,"roadKm":55,"perKm":30.4}},{"type":"Feature","geometry":{"type":"Polygon","coordinates":[[[77.62328,13.02134],[77.61938,13.0221],[77.61903,13.02129],[77.61896,13.02021],[77.61856,13.01836],[77.61784,13.01623],[77.61614,13.01216],[77.61532,13.01077],[77.61616,13.01032],[77.6187,13.00939],[77.61882,13.00914],[77.61915,13.009],[77.62018,13.0092],[77.62089,13.00975],[77.62066,13.01045],[77.62073,13.01168],[77.62278,13.01625],[77.62333,13.0181],[77.62346,13.01971],[77.62328,13.02134]]]},"properties":{"ward":30,"name":"Kadugondanahalli","lights":1561,"roadKm":32,"perKm":48.8}},{"type":"Feature","geometry":{"type":"Polygon","coordinates":[[[77.61236,13.02143],[77.61205,13.02153],[77.61158,13.02017],[77.61017,13.01863],[77.61088,13.01831],[77.61087,13.01813],[77.61289,13.01747],[77.61324,13.01602],[77.6134,13.01392],[77.61347,13.01038],[77.61319,13.00853],[77.61332,13.00861],[77.61392,13.00822],[77.61477,13.00956],[77.61582,13.00907],[77.61616,13.01032],[77.61532,13.01077],[77.61614,13.01216],[77.61784,13.01623],[77.6187,13.01891],[77.61903,13.02129],[77.61781,13.02111],[77.61728,13.02038],[77.61577,13.02046],[77.61448,13.02085],[77.61413,13.02072],[77.61374,13.02021],[77.61275,13.02039],[77.6127,13.02137],[77.61236,13.02143]]]},"properties":{"ward":31,"name":"Kushal Nagar","lights":993,"roadKm":28,"perKm":35.5}},{"type":"Feature","geometry":{"type":"Polygon","coordinates":[[[77.6149,13.02682],[77.61604,13.02777],[77.6161,13.02813],[77.61562,13.02877],[77.61572,13.02887],[77.61208,13.03338],[77.61136,13.03452],[77.61098,13.03543],[77.61026,13.0382],[77.60808,13.03022],[77.60747,13.02922],[77.60639,13.02681],[77.60436,13.02741],[77.59963,13.02804],[77.60001,13.0268],[77.60065,13.02634],[77.6004,13.02584],[77.60037,13.02456],[77.59991,13.02353],[77.60321,13.02179],[77.6065,13.02126],[77.60599,13.01974],[77.6065,13.01962],[77.60743,13.01977],[77.61012,13.01866],[77.61139,13.01988],[77.61203,13.02149],[77.6127,13.02142],[77.61255,13.02365],[77.61354,13.02578],[77.6149,13.02682]]]},"properties":{"ward":32,"name":"Kaval Bairasandra","lights":1881,"roadKm":50,"perKm":37.6}},{"type":"Feature","geometry":{"type":"Polygon","coordinates":[[[77.5927,13.01502],[77.59286,13.01582],[77.59461,13.01589],[77.59481,13.01663],[77.59505,13.01666],[77.595,13.0174],[77.59456,13.01766],[77.59474,13.01851],[77.59395,13.01874],[77.59437,13.0202],[77.59359,13.02042],[77.5945,13.0237],[77.59611,13.02327],[77.59623,13.02363],[77.59682,13.02346],[77.59711,13.02497],[77.598,13.02491],[77.5981,13.02546],[77.6004,13.02556],[77.60061,13.02648],[77.60001,13.0268],[77.59937,13.02851],[77.59965,13.03009],[77.60022,13.031],[77.60015,13.03274],[77.60479,13.03218],[77.60479,13.03283],[77.60649,13.03282],[77.60633,13.03396],[77.60465,13.03399],[77.60464,13.03482],[77.60221,13.03512],[77.60189,13.03429],[77.60038,13.03332],[77.5989,13.03327],[77.59748,13.03252],[77.59636,13.03253],[77.59577,13.03226],[77.59556,13.0317],[77.59556,13.03045],[77.59648,13.03041],[77.59649,13.03006],[77.596,13.03009],[77.59585,13.02849],[77.5958,13.02836],[77.59545,13.02842],[77.59477,13.02472],[77.59291,13.02494],[77.59229,13.01898],[77.5914,13.01589],[77.59144,13.0156],[77.5927,13.01502]]]},"properties":{"ward":33,"name":"Manorayanapalya","lights":1804,"roadKm":33,"perKm":54.7}},{"type":"Feature","geometry":{"type":"Polygon","coordinates":[[[77.59281,13.02391],[77.59291,13.02494],[77.59204,13.02505],[77.59191,13.02384],[77.59137,13.02375],[77.59145,13.02364],[77.59047,13.02378],[77.59027,13.02299],[77.59037,13.02259],[77.58943,13.0225],[77.58957,13.02324],[77.58899,13.02332],[77.589,13.02347],[77.58804,13.02395],[77.58756,13.02277],[77.58705,13.02296],[77.58689,13.0226],[77.58471,13.02329],[77.58397,13.0207],[77.58399,13.01452],[77.58657,13.01433],[77.58788,13.01373],[77.58907,13.01232],[77.59062,13.00999],[77.59296,13.01157],[77.59364,13.01185],[77.59418,13.01185],[77.59359,13.01278],[77.59364,13.01372],[77.59335,13.01433],[77.59275,13.01469],[77.59258,13.0151],[77.59141,13.01566],[77.59229,13.01898],[77.59281,13.02391]]]},"properties":{"ward":34,"name":"Gangenahalli","lights":1889,"roadKm":20,"perKm":94.5}},{"type":"Feature","geometry":{"type":"Polygon","coordinates":[[[77.58,13.02653],[77.5777,13.0269],[77.57769,13.02724],[77.57125,13.02848],[77.56987,13.03225],[77.56823,13.03452],[77.56596,13.03694],[77.56496,13.03824],[77.56389,13.03798],[77.56394,13.0363],[77.56334,13.03635],[77.56319,13.03562],[77.56424,13.03469],[77.56386,13.03197],[77.56298,13.03202],[77.56293,13.03081],[77.56223,13.03089],[77.56158,13.02869],[77.56194,13.02817],[77.56181,13.0265],[77.5626,13.0245],[77.56318,13.02163],[77.56242,13.01994],[77.56142,13.01869],[77.56057,13.01708],[77.56613,13.01393],[77.56906,13.01199],[77.56924,13.00551],[77.5736,13.0054],[77.57358,13.00632],[77.57308,13.00634],[77.57304,13.00702],[77.57166,13.00808],[77.57159,13.00838],[77.57309,13.00767],[77.57628,13.00774],[77.58328,13.00386],[77.58394,13.00329],[77.58435,12.99778],[77.58662,12.99749],[77.58772,12.99666],[77.58933,12.99581],[77.58975,12.99535],[77.59416,12.99549],[77.59616,12.99465],[77.59552,12.99811],[77.59322,13.00569],[77.59274,13.00671],[77.58907,13.01232],[77.58788,13.01373],[77.58657,13.01433],[77.58399,13.01452],[77.58392,13.02038],[77.58459,13.0229],[77.58268,13.02456],[77.58119,13.0253],[77.58089,13.02581],[77.58,13.02653]]]},"properties":{"ward":35,"name":"Aramane Nagara","lights":2670,"roadKm":57,"perKm":46.8}},{"type":"Feature","geometry":{"type":"Polygon","coordinates":[[[77.56396,13.0372],[77.56389,13.03798],[77.56496,13.03824],[77.56214,13.04198],[77.56105,13.04017],[77.56024,13.03935],[77.55888,13.0387],[77.55734,13.03857],[77.55756,13.03616],[77.55738,13.03468],[77.55993,13.03096],[77.55841,13.02727],[77.55966,13.02672],[77.55916,13.02507],[77.56012,13.02498],[77.55932,13.023],[77.56114,13.0225],[77.56157,13.0219],[77.56142,13.02122],[77.56277,13.02071],[77.56311,13.02132],[77.56319,13.022],[77.56243,13.0251],[77.56181,13.0265],[77.56195,13.02816],[77.56158,13.02869],[77.56222,13.03084],[77.56293,13.03081],[77.56298,13.03202],[77.56384,13.03191],[77.56424,13.03469],[77.56319,13.03562],[77.56333,13.0363],[77.56394,13.0363],[77.56396,13.0372]]]},"properties":{"ward":36,"name":"Mattikere","lights":2484,"roadKm":32,"perKm":77.6}},{"type":"Feature","geometry":{"type":"Polygon","coordinates":[[[77.55387,13.01916],[77.55433,13.01983],[77.5556,13.01993],[77.55841,13.02727],[77.55769,13.0275],[77.55789,13.02811],[77.55737,13.02836],[77.55632,13.02839],[77.55629,13.02863],[77.55575,13.0288],[77.5551,13.02995],[77.55468,13.03132],[77.55415,13.03212],[77.5536,13.03228],[77.55187,13.03102],[77.55071,13.02922],[77.55045,13.02905],[77.54896,13.02917],[77.54998,13.02669],[77.55387,13.01916]]]},"properties":{"ward":37,"name":"Yeshwanthpura","lights":990,"roadKm":25,"perKm":39.6}},{"type":"Feature","geometry":{"type":"Polygon","coordinates":[[[77.53593,13.03607],[77.52759,13.0422],[77.5222,13.04589],[77.51838,13.03994],[77.51825,13.03919],[77.51829,13.03614],[77.51785,13.03415],[77.51789,13.03304],[77.52151,13.02396],[77.52191,13.02357],[77.52381,13.02252],[77.52844,13.021],[77.53101,13.02661],[77.53787,13.02288],[77.53789,13.02394],[77.53839,13.02546],[77.53841,13.02613],[77.53915,13.0265],[77.53993,13.02884],[77.55158,13.02207],[77.55224,13.02105],[77.55314,13.01913],[77.554,13.01538],[77.5552,13.01548],[77.55582,13.01582],[77.55266,13.02129],[77.54998,13.02669],[77.54872,13.02959],[77.54498,13.03667],[77.5443,13.03778],[77.54335,13.03881],[77.54293,13.0392],[77.54191,13.03818],[77.54074,13.03249],[77.53593,13.03607]]]},"properties":{"ward":38,"name":"HMT Ward","lights":1845,"roadKm":74,"perKm":24.9}},{"type":"Feature","geometry":{"type":"Polygon","coordinates":[[[77.50731,13.04532],[77.50526,13.04588],[77.49441,13.04978],[77.49436,13.04661],[77.49474,13.04417],[77.49516,13.0427],[77.49676,13.04167],[77.49661,13.04081],[77.49627,13.04078],[77.49622,13.03945],[77.49746,13.03702],[77.49752,13.03538],[77.49724,13.03165],[77.49631,13.02823],[77.49712,13.02873],[77.50128,13.03034],[77.50368,13.03158],[77.50561,13.03129],[77.50831,13.0304],[77.51022,13.03],[77.51051,13.03197],[77.51537,13.03087],[77.51461,13.02645],[77.51971,13.02846],[77.51784,13.03333],[77.51785,13.03415],[77.51829,13.03614],[77.51825,13.03919],[77.51838,13.03994],[77.51635,13.04177],[77.51145,13.04343],[77.50898,13.04469],[77.50731,13.04532]]]},"properties":{"ward":39,"name":"Chokkasandra","lights":2088,"roadKm":75,"perKm":27.8}},{"type":"Feature","geometry":{"type":"Polygon","coordinates":[[[77.49255,13.05165],[77.49198,13.05176],[77.49177,13.05075],[77.49226,13.05057],[77.49207,13.04803],[77.49103,13.0451],[77.48908,13.04587],[77.48646,13.04654],[77.48627,13.04662],[77.48631,13.04682],[77.48182,13.04832],[77.48088,13.04839],[77.48074,13.04758],[77.47993,13.0475],[77.4797,13.04704],[77.47954,13.04619],[77.47973,13.04579],[77.48049,13.04529],[77.48124,13.04395],[77.48117,13.04352],[77.4809,13.04377],[77.48083,13.04333],[77.48151,13.04285],[77.48173,13.04185],[77.48215,13.0413],[77.48208,13.04116],[77.48115,13.04102],[77.48118,13.04045],[77.48065,13.03911],[77.48032,13.03879],[77.48018,13.03835],[77.47982,13.03835],[77.47976,13.03689],[77.47946,13.03628],[77.47917,13.03604],[77.47805,13.03577],[77.47701,13.03512],[77.47629,13.03416],[77.47561,13.03282],[77.47569,13.03229],[77.47622,13.03155],[77.47766,13.03],[77.47702,13.02805],[77.47692,13.02618],[77.47619,13.02432],[77.47623,13.02367],[77.47717,13.02252],[77.47716,13.02187],[77.4752,13.01644],[77.47402,13.01406],[77.47285,13.01305],[77.47192,13.01188],[77.47132,13.01014],[77.47025,13.00999],[77.47016,13.00966],[77.47015,13.00824],[77.47031,13.00803],[77.47272,13.00886],[77.47367,13.00808],[77.47366,13.00768],[77.47304,13.00703],[77.47295,13.0063],[77.47347,13.00434],[77.47339,13.00399],[77.47355,13.00396],[77.47312,13.00268],[77.47316,13.00236],[77.47369,13.00166],[77.47364,13.00101],[77.47326,13.00016],[77.47234,12.99952],[77.47209,12.99903],[77.47212,12.9985],[77.47294,12.99768],[77.47294,12.99748],[77.47231,12.99696],[77.47193,12.99611],[77.47102,12.99583],[77.4706,12.99514],[77.47014,12.9924],[77.46927,12.99101],[77.46911,12.99037],[77.46974,12.99007],[77.46737,12.98741],[77.46736,12.98688],[77.46777,12.98639],[77.47244,12.9845],[77.47403,12.98467],[77.47427,12.98442],[77.47783,12.98666],[77.47865,12.98746],[77.47863,12.99253],[77.47842,12.99267],[77.47869,12.99402],[77.47905,12.99418],[77.4803,12.9938],[77.48084,12.99462],[77.48114,12.99574],[77.48158,12.99605],[77.48378,12.99673],[77.48544,12.9975],[77.48715,12.99838],[77.48887,12.99979],[77.49007,13.00167],[77.49141,13.00307],[77.49174,13.00319],[77.49987,13.01202],[77.49982,13.01244],[77.49902,13.01392],[77.49766,13.01773],[77.49718,13.0179],[77.4967,13.01787],[77.49564,13.01829],[77.49509,13.0201],[77.49355,13.02115],[77.49371,13.02168],[77.49439,13.02224],[77.49509,13.02348],[77.49719,13.03138],[77.49752,13.03538],[77.49746,13.03702],[77.49622,13.03945],[77.49627,13.04078],[77.49661,13.04081],[77.49676,13.04167],[77.49516,13.0427],[77.49474,13.04417],[77.49436,13.04661],[77.49441,13.04976],[77.49424,13.04984],[77.49458,13.05124],[77.49255,13.05165]]]},"properties":{"ward":40,"name":"Dodda Bidarakallu","lights":3589,"roadKm":282,"perKm":12.7}},{"type":"Feature","geometry":{"type":"Polygon","coordinates":[[[77.51537,13.03087],[77.51051,13.03197],[77.51022,13.03],[77.50831,13.0304],[77.50561,13.03129],[77.50368,13.03158],[77.50128,13.03034],[77.49712,13.02873],[77.49631,13.02823],[77.49509,13.02348],[77.49439,13.02224],[77.49371,13.02168],[77.49355,13.02115],[77.49509,13.0201],[77.49564,13.01829],[77.49683,13.01784],[77.4976,13.01777],[77.49902,13.01392],[77.49982,13.01244],[77.49976,13.01191],[77.49747,13.00942],[77.50065,13.00807],[77.50113,13.00769],[77.50199,13.00733],[77.50245,13.00957],[77.50624,13.00993],[77.50698,13.01101],[77.50857,13.01175],[77.51043,13.01419],[77.51141,13.0162],[77.51394,13.01513],[77.51448,13.01528],[77.51488,13.01369],[77.51643,13.01314],[77.51641,13.01302],[77.52024,13.01248],[77.52117,13.01263],[77.52146,13.01241],[77.52283,13.01246],[77.52301,13.01303],[77.52216,13.01594],[77.52194,13.01827],[77.52284,13.01899],[77.52681,13.02152],[77.52381,13.02252],[77.52169,13.02375],[77.52138,13.0242],[77.51971,13.02846],[77.51461,13.02645],[77.51537,13.03087]]]},"properties":{"ward":41,"name":"Peenya Industrial Area","lights":2518,"roadKm":90,"perKm":28}},{"type":"Feature","geometry":{"type":"Polygon","coordinates":[[[77.53402,13.025],[77.53101,13.02661],[77.52844,13.021],[77.52681,13.02152],[77.52284,13.01899],[77.52193,13.01819],[77.52226,13.01543],[77.5239,13.01568],[77.52605,13.01548],[77.52641,13.01575],[77.5283,13.01544],[77.52675,13.01333],[77.52677,13.01183],[77.5276,13.01052],[77.5291,13.01218],[77.53065,13.01478],[77.53166,13.01792],[77.53256,13.02204],[77.53515,13.02167],[77.53975,13.01903],[77.54421,13.02635],[77.53993,13.02884],[77.53915,13.0265],[77.53841,13.02613],[77.53839,13.02546],[77.53789,13.02394],[77.53787,13.02288],[77.53402,13.025]]]},"properties":{"ward":42,"name":"Lakshmi Devi Nagar","lights":2354,"roadKm":36,"perKm":65.4}},{"type":"Feature","geometry":{"type":"Polygon","coordinates":[[[77.53807,13.02],[77.53515,13.02167],[77.53256,13.02204],[77.53166,13.01792],[77.53065,13.01478],[77.5291,13.01218],[77.5276,13.01052],[77.52804,13.00965],[77.52868,13.009],[77.53003,13.00887],[77.53036,13.00861],[77.53039,13.00797],[77.53002,13.0075],[77.52989,13.00579],[77.53156,13.00549],[77.53283,13.00622],[77.53361,13.00718],[77.53452,13.00772],[77.53495,13.00757],[77.53553,13.00709],[77.53621,13.00751],[77.53739,13.00652],[77.53786,13.00673],[77.53737,13.00696],[77.53767,13.00919],[77.53674,13.00932],[77.53747,13.00936],[77.53821,13.00973],[77.53862,13.01013],[77.53887,13.01],[77.53938,13.01131],[77.53986,13.01113],[77.54021,13.01228],[77.53989,13.01229],[77.53987,13.01248],[77.53862,13.01163],[77.53864,13.01151],[77.53788,13.01159],[77.53741,13.01236],[77.53873,13.01433],[77.53946,13.01635],[77.53962,13.01737],[77.53714,13.01763],[77.53789,13.01873],[77.53807,13.02]]]},"properties":{"ward":43,"name":"Nandini Layout","lights":2864,"roadKm":49,"perKm":58.4}},{"type":"Feature","geometry":{"type":"Polygon","coordinates":[[[77.55383,13.01591],[77.55358,13.01753],[77.55314,13.01913],[77.55224,13.02105],[77.55158,13.02207],[77.54421,13.02635],[77.5398,13.01903],[77.53807,13.02],[77.53789,13.01873],[77.53716,13.01767],[77.53962,13.01737],[77.53946,13.01635],[77.53873,13.01433],[77.53741,13.01236],[77.53788,13.01159],[77.53864,13.01151],[77.53862,13.01163],[77.53987,13.01253],[77.54078,13.01244],[77.54137,13.01259],[77.5428,13.01191],[77.54677,13.01307],[77.54643,13.0108],[77.54949,13.01006],[77.55066,13.01127],[77.55365,13.01273],[77.55403,13.01357],[77.55406,13.01495],[77.55383,13.01591]]]},"properties":{"ward":44,"name":"Marappana Palya","lights":1303,"roadKm":52,"perKm":25.1}},{"type":"Feature","geometry":{"type":"Polygon","coordinates":[[[77.56114,13.0225],[77.55932,13.023],[77.56012,13.02498],[77.55916,13.02507],[77.55968,13.02671],[77.55841,13.02727],[77.5556,13.01993],[77.55433,13.01983],[77.55386,13.01916],[77.5558,13.01585],[77.55567,13.01571],[77.55778,13.01326],[77.55856,13.0121],[77.55928,13.01047],[77.56074,13.00581],[77.56925,13.00547],[77.56906,13.01199],[77.56613,13.01393],[77.56057,13.01708],[77.5612,13.01834],[77.56242,13.01994],[77.56277,13.02071],[77.56142,13.02122],[77.56161,13.02185],[77.56114,13.0225]]]},"properties":{"ward":45,"name":"Malleswaram","lights":1673,"roadKm":34,"perKm":49.2}},{"type":"Feature","geometry":{"type":"Polygon","coordinates":[[[77.60046,13.02491],[77.6004,13.02552],[77.59816,13.02547],[77.59803,13.02492],[77.59715,13.02498],[77.59682,13.02346],[77.59623,13.02363],[77.59611,13.02327],[77.5945,13.0237],[77.59359,13.02042],[77.59435,13.02023],[77.59395,13.01874],[77.59474,13.01851],[77.59455,13.01769],[77.595,13.0174],[77.59505,13.01666],[77.59481,13.01663],[77.59461,13.01589],[77.59294,13.01585],[77.5927,13.01511],[77.59279,13.01465],[77.59335,13.01433],[77.59357,13.01397],[77.59359,13.01278],[77.59418,13.01185],[77.5937,13.01186],[77.59296,13.01157],[77.59064,13.00994],[77.59274,13.00671],[77.5932,13.00574],[77.59356,13.00618],[77.59424,13.00763],[77.59474,13.00922],[77.59496,13.0091],[77.5953,13.00998],[77.59575,13.0113],[77.5955,13.01145],[77.59581,13.01266],[77.59753,13.01545],[77.59764,13.01622],[77.59845,13.01791],[77.59948,13.01929],[77.60039,13.02142],[77.60096,13.023],[77.59991,13.02353],[77.60046,13.02491]]]},"properties":{"ward":46,"name":"Jayachamarajendra Nagar","lights":2280,"roadKm":29,"perKm":78.6}},{"type":"Feature","geometry":{"type":"Polygon","coordinates":[[[77.60783,13.01954],[77.60731,13.01978],[77.6067,13.01963],[77.60598,13.01972],[77.6065,13.02126],[77.60321,13.02179],[77.60244,13.02209],[77.60096,13.023],[77.59973,13.01977],[77.59845,13.01791],[77.59766,13.01628],[77.59763,13.01565],[77.59581,13.01266],[77.59545,13.01152],[77.60135,13.00866],[77.6025,13.01127],[77.60296,13.01325],[77.60362,13.0129],[77.60391,13.01244],[77.60497,13.01227],[77.60733,13.01124],[77.60947,13.01093],[77.61008,13.01192],[77.61001,13.01288],[77.60926,13.01463],[77.60921,13.01512],[77.60853,13.01512],[77.60847,13.01628],[77.60781,13.01633],[77.60763,13.01652],[77.60749,13.01728],[77.60783,13.01954]]]},"properties":{"ward":47,"name":"Devara Jeevanahalli","lights":1116,"roadKm":28,"perKm":39.9}},{"type":"Feature","geometry":{"type":"Polygon","coordinates":[[[77.61017,13.01863],[77.60787,13.01953],[77.60749,13.01728],[77.60763,13.01652],[77.60781,13.01633],[77.60847,13.01628],[77.60853,13.01512],[77.60912,13.01512],[77.60966,13.01391],[77.61001,13.01288],[77.6101,13.01204],[77.60947,13.01093],[77.61002,13.00967],[77.61069,13.00892],[77.61319,13.00853],[77.61347,13.01038],[77.6134,13.01392],[77.61324,13.01602],[77.61289,13.01747],[77.61087,13.01813],[77.61096,13.01828],[77.61017,13.01863]]]},"properties":{"ward":48,"name":"Muneshwara Nagar","lights":666,"roadKm":21,"perKm":31.7}},{"type":"Feature","geometry":{"type":"Polygon","coordinates":[[[77.62615,13.01308],[77.62583,13.01257],[77.62564,13.01262],[77.62501,13.01287],[77.62519,13.01332],[77.62425,13.0139],[77.62198,13.01448],[77.62073,13.01168],[77.62066,13.01045],[77.621,13.0095],[77.62158,13.00885],[77.6226,13.00826],[77.62271,13.00834],[77.63179,13.00456],[77.63194,13.00595],[77.63128,13.00729],[77.63135,13.00759],[77.63237,13.00836],[77.63255,13.00968],[77.6323,13.01207],[77.63242,13.01298],[77.63044,13.01298],[77.62746,13.01257],[77.62615,13.01308]]]},"properties":{"ward":49,"name":"Lingarajapura","lights":1312,"roadKm":36,"perKm":36.4}},{"type":"Feature","geometry":{"type":"Polygon","coordinates":[[[77.663,13.00575],[77.66259,13.00831],[77.66229,13.01239],[77.65931,13.01117],[77.6575,13.01009],[77.65613,13.00907],[77.65453,13.00728],[77.65287,13.00585],[77.6513,13.00612],[77.65154,13.00673],[77.65067,13.00697],[77.6499,13.00742],[77.64777,13.00761],[77.6467,13.00806],[77.64596,13.00723],[77.64552,13.00642],[77.64091,13.00606],[77.63773,13.00534],[77.63632,13.00389],[77.63854,13.00263],[77.64096,12.99844],[77.64262,12.99598],[77.64133,12.99585],[77.6412,12.99543],[77.64066,12.99583],[77.64041,12.99508],[77.63796,12.99547],[77.63781,12.99436],[77.63807,12.99424],[77.63794,12.9936],[77.63748,12.99361],[77.63716,12.99272],[77.64411,12.9915],[77.64715,12.99078],[77.64797,12.98995],[77.64832,12.9893],[77.6485,12.98839],[77.64826,12.98708],[77.66413,12.99456],[77.66279,12.99683],[77.66404,12.99752],[77.6636,12.99835],[77.663,13.00575]]]},"properties":{"ward":50,"name":"Benniganahalli","lights":2103,"roadKm":64,"perKm":32.9}},{"type":"Feature","geometry":{"type":"Polygon","coordinates":[[[77.67683,13.01147],[77.67573,13.0114],[77.66958,13.01178],[77.66549,13.01243],[77.66224,13.01328],[77.66259,13.00831],[77.66318,13.00453],[77.6636,12.99835],[77.66404,12.99752],[77.6671,12.9991],[77.67036,13.00017],[77.67238,13.00054],[77.67711,13.00074],[77.67689,13.00296],[77.67715,13.00378],[77.67713,13.00499],[77.67566,13.00527],[77.67565,13.00541],[77.67516,13.00541],[77.67483,13.00642],[77.67446,13.00682],[77.67461,13.00723],[77.67449,13.00778],[77.67478,13.00869],[77.67584,13.00811],[77.67606,13.00839],[77.67613,13.00912],[77.67679,13.01088],[77.67697,13.01074],[77.67706,13.00933],[77.67748,13.00903],[77.67888,13.00956],[77.67956,13.00944],[77.6807,13.01027],[77.68068,13.01102],[77.67885,13.0117],[77.67683,13.01147]]]},"properties":{"ward":51,"name":"Vijnanapura","lights":1847,"roadKm":55,"perKm":33.6}},{"type":"Feature","geometry":{"type":"Polygon","coordinates":[[[77.69573,13.00835],[77.69685,13.00949],[77.69744,13.0092],[77.69773,13.00943],[77.6982,13.00914],[77.70072,13.01029],[77.70218,13.0106],[77.70249,13.01035],[77.70261,13.0134],[77.70541,13.01338],[77.70595,13.01305],[77.70704,13.01332],[77.70734,13.01368],[77.70785,13.01388],[77.70939,13.01399],[77.71072,13.01435],[77.71074,13.01474],[77.71124,13.01514],[77.7112,13.0158],[77.71137,13.01614],[77.71157,13.0161],[77.71182,13.01659],[77.71152,13.01718],[77.71182,13.01816],[77.71365,13.01944],[77.71407,13.02041],[77.71442,13.02037],[77.71321,13.02229],[77.71342,13.02242],[77.71209,13.02416],[77.71163,13.0275],[77.71145,13.0276],[77.71103,13.02896],[77.7094,13.02767],[77.70788,13.02744],[77.70654,13.02859],[77.70533,13.02871],[77.70388,13.02824],[77.70227,13.02734],[77.70149,13.02717],[77.70147,13.02862],[77.69891,13.02846],[77.69598,13.02784],[77.69436,13.02726],[77.69421,13.02659],[77.69419,13.024],[77.69345,13.02397],[77.69287,13.0242],[77.69204,13.0241],[77.69204,13.02245],[77.69101,13.02246],[77.69098,13.02107],[77.6911,13.02106],[77.69119,13.01979],[77.68996,13.0198],[77.69011,13.01868],[77.68864,13.01866],[77.68871,13.01739],[77.68631,13.01727],[77.68619,13.01657],[77.68569,13.01665],[77.68552,13.01539],[77.68506,13.01463],[77.68267,13.01409],[77.6827,13.01158],[77.68253,13.01134],[77.68192,13.01108],[77.68073,13.01121],[77.68068,13.01102],[77.68211,13.00995],[77.68511,13.00515],[77.68977,13.00758],[77.69262,13.0082],[77.69573,13.00835]]]},"properties":{"ward":52,"name":"K R Puram","lights":2453,"roadKm":83,"perKm":29.6}},{"type":"Feature","geometry":{"type":"Polygon","coordinates":[[[77.72899,13.02061],[77.72857,13.02153],[77.72858,13.0224],[77.72831,13.02289],[77.72537,13.02672],[77.72517,13.02878],[77.72547,13.0311],[77.72543,13.03273],[77.72442,13.03599],[77.72387,13.03638],[77.72298,13.03639],[77.71987,13.03452],[77.71643,13.03315],[77.71399,13.03258],[77.71327,13.03226],[77.71254,13.03097],[77.71103,13.02896],[77.71145,13.0276],[77.71163,13.0275],[77.71209,13.02416],[77.71342,13.02242],[77.71321,13.02229],[77.71442,13.02037],[77.71407,13.02041],[77.71365,13.01944],[77.71182,13.01816],[77.71152,13.01718],[77.71182,13.01659],[77.71157,13.0161],[77.71137,13.01614],[77.7112,13.0158],[77.71124,13.01514],[77.71074,13.01474],[77.71072,13.01435],[77.70939,13.01399],[77.70785,13.01388],[77.70734,13.01368],[77.70704,13.01332],[77.70595,13.01305],[77.70541,13.01338],[77.70261,13.0134],[77.70249,13.01035],[77.70224,13.01057],[77.70196,13.01059],[77.70072,13.01029],[77.6982,13.00914],[77.69773,13.00943],[77.69744,13.0092],[77.69685,13.00949],[77.69573,13.00835],[77.6966,13.00801],[77.69887,13.0066],[77.69997,13.00617],[77.69977,13.00556],[77.69981,13.00467],[77.69951,13.00241],[77.69897,12.99978],[77.70432,12.99951],[77.70607,12.99928],[77.70659,13.00179],[77.70706,13.00315],[77.70722,13.00429],[77.71096,13.00432],[77.71353,13.00461],[77.71555,13.00446],[77.71819,13.00453],[77.71891,13.00606],[77.71932,13.00883],[77.71922,13.01002],[77.72009,13.01003],[77.72063,13.01062],[77.72091,13.01174],[77.72477,13.01257],[77.72803,13.01211],[77.728,13.0146],[77.72834,13.01579],[77.72992,13.01854],[77.72994,13.01995],[77.72899,13.02061]]]},"properties":{"ward":53,"name":"Basavanapura","lights":2213,"roadKm":126,"perKm":17.6}},{"type":"Feature","geometry":{"type":"MultiPolygon","coordinates":[[[[77.73583,13.01279],[77.73388,13.01199],[77.73289,13.01211],[77.72841,13.01205],[77.72477,13.01257],[77.72091,13.01174],[77.72063,13.01062],[77.72013,13.01003],[77.71926,13.01008],[77.71932,13.00883],[77.71895,13.00613],[77.71819,13.00453],[77.71555,13.00446],[77.71353,13.00461],[77.71096,13.00432],[77.70724,13.00428],[77.70607,12.99928],[77.70857,12.99865],[77.70848,12.99762],[77.70772,12.99698],[77.7079,12.99681],[77.70755,12.9965],[77.70524,12.99602],[77.70496,12.99526],[77.70479,12.99302],[77.71004,12.99282],[77.71165,12.99252],[77.71111,12.99074],[77.71355,12.99015],[77.71579,12.99215],[77.71942,12.99212],[77.72169,12.99085],[77.72473,12.98994],[77.72589,12.98927],[77.73155,12.98814],[77.73167,12.98651],[77.73226,12.9857],[77.73349,12.98558],[77.73352,12.98493],[77.73707,12.98493],[77.73706,12.98508],[77.73845,12.98515],[77.73849,12.98634],[77.74041,12.98701],[77.74059,12.9874],[77.73967,12.98758],[77.73677,12.9875],[77.73346,12.98787],[77.73262,12.99335],[77.73131,12.99546],[77.73123,12.99647],[77.74144,12.99856],[77.74319,12.99865],[77.74756,12.99823],[77.75202,12.99738],[77.75338,12.99798],[77.75369,12.999],[77.75375,13.00005],[77.75421,13.0016],[77.75591,13.00117],[77.75685,13.00125],[77.75741,13.00111],[77.75718,13.00235],[77.75795,13.00273],[77.75947,13.00265],[77.76003,13.00532],[77.75927,13.00603],[77.7595,13.00707],[77.75939,13.00771],[77.75862,13.00797],[77.75812,13.00857],[77.7572,13.00891],[77.75649,13.00975],[77.75594,13.01006],[77.75519,13.01028],[77.75487,13.00922],[77.75454,13.00881],[77.75422,13.00895],[77.75396,13.00942],[77.75256,13.01061],[77.75187,13.01087],[77.74857,13.01043],[77.74719,13.01055],[77.74711,13.00898],[77.74634,13.00883],[77.74136,13.00872],[77.74059,13.00894],[77.74015,13.00933],[77.73668,13.00958],[77.73601,13.0098],[77.73609,13.01159],[77.73583,13.01279]]],[[[77.69296,13.02997],[77.69028,13.03267],[77.6882,13.03441],[77.68527,13.03485],[77.68239,13.03472],[77.68207,13.02622],[77.68168,13.02293],[77.68675,13.02308],[77.68876,13.02477],[77.69171,13.0276],[77.69434,13.02726],[77.69296,13.02997]]],[[[77.67475,13.05176],[77.67598,13.05238],[77.67796,13.05414],[77.67788,13.05637],[77.67834,13.05821],[77.67865,13.06124],[77.67867,13.06297],[77.67835,13.06433],[77.6767,13.06538],[77.67649,13.06641],[77.67611,13.06679],[77.67407,13.06692],[77.6707,13.0675],[77.66982,13.06751],[77.66837,13.06714],[77.66686,13.06569],[77.66655,13.06429],[77.66532,13.06263],[77.66496,13.06119],[77.66476,13.05932],[77.66438,13.05879],[77.66423,13.05822],[77.66438,13.05556],[77.66373,13.05424],[77.6634,13.05297],[77.66302,13.05238],[77.66288,13.05048],[77.66449,13.05044],[77.66635,13.04976],[77.66735,13.04966],[77.66964,13.04982],[77.6712,13.051],[77.67174,13.05178],[77.67269,13.05145],[77.67475,13.05176]]],[[[77.65564,13.07267],[77.65526,13.0738],[77.65554,13.07415],[77.65569,13.07541],[77.65525,13.07573],[77.65477,13.07677],[77.65408,13.07937],[77.65362,13.08317],[77.65346,13.08339],[77.65252,13.0834],[77.65014,13.08326],[77.64882,13.08292],[77.64931,13.07853],[77.64993,13.07701],[77.65021,13.07664],[77.65065,13.07652],[77.65091,13.07568],[77.65021,13.07366],[77.6502,13.07234],[77.65039,13.07201],[77.65046,13.07057],[77.65066,13.07056],[77.65093,13.06994],[77.65085,13.06541],[77.65099,13.06541],[77.651,13.06513],[77.65082,13.06498],[77.65073,13.06249],[77.65094,13.06003],[77.65092,13.05985],[77.64842,13.05995],[77.64838,13.05819],[77.64779,13.05811],[77.64721,13.05691],[77.64627,13.05572],[77.64615,13.05536],[77.64626,13.05502],[77.64687,13.0541],[77.64724,13.05312],[77.64728,13.05202],[77.64712,13.05128],[77.64655,13.05058],[77.64662,13.04965],[77.64698,13.04922],[77.6482,13.04905],[77.65176,13.04769],[77.65398,13.04767],[77.65434,13.04782],[77.655,13.04941],[77.65461,13.05074],[77.65474,13.05155],[77.65447,13.05214],[77.65443,13.05264],[77.65484,13.05357],[77.65449,13.05428],[77.6547,13.05448],[77.65484,13.05598],[77.65452,13.05595],[77.65472,13.05708],[77.65453,13.05724],[77.65452,13.05774],[77.65432,13.05811],[77.65461,13.0587],[77.65482,13.05874],[77.65545,13.07107],[77.65571,13.07106],[77.65564,13.07267]]]]},"properties":{"ward":54,"name":"Hudi","lights":3478,"roadKm":197,"perKm":17.7}},{"type":"Feature","geometry":{"type":"Polygon","coordinates":[[[77.67707,13.00032],[77.68059,13.00043],[77.68115,13.0003],[77.68394,12.99595],[77.68743,12.9912],[77.68801,12.99152],[77.68868,12.99231],[77.69066,12.99729],[77.69517,12.99547],[77.69753,12.99507],[77.70128,12.994],[77.70155,12.99688],[77.70261,12.99724],[77.70358,12.99787],[77.70389,12.99846],[77.70402,12.99953],[77.69897,12.99978],[77.69951,13.00241],[77.69981,13.00467],[77.69977,13.00556],[77.69997,13.00617],[77.69887,13.0066],[77.6966,13.00801],[77.69573,13.00835],[77.69405,13.00833],[77.69067,13.00781],[77.6891,13.00728],[77.68511,13.00515],[77.68211,13.00995],[77.68077,13.01098],[77.6807,13.01027],[77.67963,13.00947],[77.67888,13.00956],[77.67748,13.00903],[77.67706,13.00933],[77.67697,13.01074],[77.67683,13.0109],[77.67613,13.00912],[77.67606,13.00839],[77.67584,13.00811],[77.67478,13.00869],[77.67449,13.00778],[77.67461,13.00729],[77.67444,13.00688],[77.67483,13.00642],[77.67516,13.00541],[77.67565,13.00541],[77.67566,13.00527],[77.67713,13.00499],[77.67715,13.00378],[77.6769,13.00322],[77.6769,13.00271],[77.67711,13.00074],[77.67755,13.00076],[77.67665,13.00027],[77.67707,13.00032]]]},"properties":{"ward":55,"name":"Devasandra","lights":890,"roadKm":45,"perKm":19.8}},{"type":"Feature","geometry":{"type":"Polygon","coordinates":[[[77.6772,13.00056],[77.67755,13.00076],[77.67238,13.00054],[77.66956,12.99997],[77.66663,12.9989],[77.66279,12.99683],[77.66556,12.99235],[77.66657,12.99135],[77.66832,12.99022],[77.66755,12.98942],[77.66742,12.98855],[77.66745,12.98609],[77.66793,12.98563],[77.66948,12.98619],[77.671,12.98605],[77.67117,12.98622],[77.67176,12.98595],[77.67373,12.9867],[77.67448,12.98662],[77.67414,12.98692],[77.67466,12.98693],[77.676,12.98748],[77.67585,12.99012],[77.67568,12.99012],[77.67579,12.99106],[77.67548,12.99123],[77.67556,12.99151],[77.67628,12.9913],[77.67663,12.99257],[77.67591,12.99265],[77.67581,12.99327],[77.67712,12.99508],[77.6791,12.99473],[77.68296,12.99503],[77.68314,12.99589],[77.68367,12.99638],[77.68115,13.0003],[77.68059,13.00043],[77.67665,13.00027],[77.6772,13.00056]]]},"properties":{"ward":56,"name":"A Narayanapura","lights":2994,"roadKm":52,"perKm":57.6}},{"type":"Feature","geometry":{"type":"Polygon","coordinates":[[[77.67448,12.98662],[77.67373,12.9867],[77.67176,12.98595],[77.67117,12.98622],[77.671,12.98605],[77.66935,12.98617],[77.66796,12.98561],[77.66773,12.98596],[77.66747,12.98603],[77.66742,12.98855],[77.66755,12.98942],[77.66832,12.99022],[77.66607,12.99179],[77.66521,12.9928],[77.66413,12.99456],[77.64804,12.98699],[77.64812,12.9862],[77.64842,12.98538],[77.64969,12.98307],[77.65101,12.9812],[77.65308,12.97909],[77.65367,12.97939],[77.65351,12.97965],[77.65829,12.98128],[77.65843,12.98144],[77.65869,12.9832],[77.65979,12.98395],[77.66051,12.9841],[77.66168,12.98334],[77.66225,12.98323],[77.66301,12.98329],[77.66362,12.98384],[77.66415,12.98386],[77.66441,12.98352],[77.66416,12.98284],[77.66462,12.98255],[77.66527,12.98264],[77.66574,12.98215],[77.6662,12.98216],[77.66627,12.98235],[77.6691,12.98208],[77.66916,12.98123],[77.66891,12.98056],[77.66991,12.98039],[77.6699,12.98019],[77.67023,12.98006],[77.67026,12.97974],[77.67065,12.97975],[77.67099,12.97927],[77.67091,12.97904],[77.67018,12.97935],[77.66995,12.9793],[77.66976,12.97816],[77.67029,12.97789],[77.66954,12.97633],[77.66921,12.97526],[77.67459,12.97347],[77.6781,12.97274],[77.6793,12.97627],[77.67938,12.97848],[77.68037,12.98285],[77.67981,12.98363],[77.67863,12.98414],[77.67448,12.98662]]]},"properties":{"ward":57,"name":"C V Raman Nagar","lights":1639,"roadKm":67,"perKm":24.5}},{"type":"Feature","geometry":{"type":"Polygon","coordinates":[[[77.66416,12.98284],[77.66441,12.98352],[77.66415,12.98386],[77.66362,12.98384],[77.66301,12.98329],[77.66225,12.98323],[77.66168,12.98334],[77.66051,12.9841],[77.65979,12.98395],[77.65869,12.9832],[77.65843,12.98144],[77.65829,12.98128],[77.65351,12.97965],[77.65367,12.97939],[77.65308,12.97909],[77.65101,12.9812],[77.64969,12.98307],[77.64842,12.98538],[77.64812,12.9862],[77.64804,12.98699],[77.64502,12.98577],[77.64663,12.97873],[77.64696,12.97282],[77.64773,12.96885],[77.6495,12.96865],[77.65247,12.96795],[77.65872,12.96718],[77.65811,12.96822],[77.65729,12.9683],[77.65768,12.97079],[77.65869,12.97133],[77.65857,12.97154],[77.66143,12.97161],[77.66165,12.97199],[77.66304,12.97155],[77.66515,12.97181],[77.66599,12.97152],[77.66623,12.97159],[77.66643,12.97183],[77.66655,12.97247],[77.66699,12.97264],[77.66698,12.97286],[77.66668,12.97313],[77.66692,12.97434],[77.66664,12.97446],[77.66651,12.97533],[77.66748,12.97558],[77.66914,12.97529],[77.67029,12.97789],[77.66976,12.97816],[77.66995,12.9793],[77.67018,12.97935],[77.67091,12.97904],[77.67099,12.97927],[77.67065,12.97975],[77.67026,12.97974],[77.67023,12.98006],[77.66957,12.98054],[77.66891,12.98056],[77.66916,12.98123],[77.6691,12.98208],[77.66627,12.98235],[77.6662,12.98216],[77.66574,12.98215],[77.66548,12.98255],[77.66462,12.98255],[77.66416,12.98284]]]},"properties":{"ward":58,"name":"New Tippasandara","lights":2127,"roadKm":68,"perKm":31.3}},{"type":"Feature","geometry":{"type":"Polygon","coordinates":[[[77.63179,13.00456],[77.62271,13.00833],[77.62043,13.00557],[77.61947,13.00361],[77.61971,13.0032],[77.62065,13.0025],[77.62065,13.00208],[77.62032,13.00124],[77.62025,13.00017],[77.62007,13.00008],[77.62438,12.99623],[77.62606,12.99526],[77.62912,12.99451],[77.62906,12.99427],[77.63698,12.99275],[77.63716,12.99272],[77.63748,12.99361],[77.63794,12.9936],[77.63807,12.99424],[77.63781,12.99436],[77.63796,12.99547],[77.64041,12.99508],[77.64066,12.99583],[77.6412,12.99543],[77.6413,12.99584],[77.64262,12.99598],[77.64096,12.99844],[77.63854,13.00263],[77.63632,13.00389],[77.63456,13.00255],[77.63381,13.0022],[77.63042,13.00155],[77.63023,13.00297],[77.63113,13.00333],[77.63179,13.00456]]]},"properties":{"ward":59,"name":"Maruthi Seva Nagar","lights":1747,"roadKm":45,"perKm":38.8}},{"type":"Feature","geometry":{"type":"Polygon","coordinates":[[[77.61899,13.00904],[77.6187,13.00939],[77.61616,13.01032],[77.61582,13.00907],[77.61477,13.00956],[77.61392,13.00822],[77.61332,13.00861],[77.61319,13.00853],[77.6126,13.0071],[77.61239,13.00616],[77.612,13.00192],[77.61208,13.00165],[77.61458,13.00218],[77.61643,13.00202],[77.61806,13.00147],[77.62006,13.00008],[77.62019,13.00014],[77.62065,13.00262],[77.61971,13.0032],[77.61947,13.00361],[77.62043,13.00557],[77.6226,13.00826],[77.62158,13.00885],[77.62094,13.00967],[77.62018,13.0092],[77.61931,13.00897],[77.61899,13.00904]]]},"properties":{"ward":60,"name":"Sagayarapuram","lights":1017,"roadKm":26,"perKm":39.1}},{"type":"Feature","geometry":{"type":"Polygon","coordinates":[[[77.60443,13.01228],[77.60378,13.01249],[77.60362,13.0129],[77.60296,13.01325],[77.6025,13.01127],[77.60135,13.00866],[77.60527,13.00671],[77.60494,13.00598],[77.60461,13.00608],[77.6041,13.00503],[77.60374,13.00424],[77.60379,13.00346],[77.60244,13.00146],[77.60149,13.0015],[77.60156,13.00082],[77.60183,12.99984],[77.6046,12.9987],[77.60507,12.99785],[77.60626,12.99783],[77.60655,12.99813],[77.60673,12.99952],[77.60868,12.99893],[77.61055,13.00086],[77.61208,13.00165],[77.612,13.00192],[77.61239,13.00616],[77.6126,13.0071],[77.61319,13.00853],[77.61056,13.009],[77.61002,13.00967],[77.60947,13.01093],[77.60742,13.01123],[77.6049,13.01228],[77.60443,13.01228]]]},"properties":{"ward":61,"name":"S K Garden","lights":803,"roadKm":26,"perKm":30.9}},{"type":"Feature","geometry":{"type":"Polygon","coordinates":[[[77.60134,13.00864],[77.59575,13.0113],[77.59496,13.0091],[77.59474,13.00922],[77.59424,13.00763],[77.59326,13.00567],[77.59659,13.00318],[77.59907,13.00186],[77.59942,13.00116],[77.60109,13.00155],[77.60234,13.0014],[77.60379,13.00346],[77.60374,13.00424],[77.6041,13.00503],[77.60459,13.00606],[77.60494,13.00598],[77.60527,13.00671],[77.60134,13.00864]]]},"properties":{"ward":62,"name":"Ramaswamy Palya","lights":1418,"roadKm":24,"perKm":59.1}},{"type":"Feature","geometry":{"type":"Polygon","coordinates":[[[77.59326,13.00567],[77.59576,12.99724],[77.59616,12.99465],[77.59416,12.99549],[77.59174,12.99543],[77.59174,12.99525],[77.5933,12.99483],[77.59569,12.99357],[77.59732,12.99148],[77.59949,12.99057],[77.59829,12.98683],[77.59715,12.98446],[77.59759,12.98413],[77.59817,12.98402],[77.60165,12.98465],[77.60181,12.98495],[77.60217,12.98912],[77.60301,12.98828],[77.60317,12.98841],[77.6032,12.98945],[77.60282,12.9895],[77.60289,12.98996],[77.6053,12.99018],[77.60489,12.99143],[77.60383,12.99278],[77.60284,12.99255],[77.60187,12.99257],[77.59653,12.99448],[77.6006,12.99574],[77.60356,12.99502],[77.6055,12.99425],[77.60868,12.99893],[77.60673,12.99952],[77.60642,12.99788],[77.60501,12.99787],[77.6046,12.9987],[77.60183,12.99984],[77.6015,13.00141],[77.60086,13.00153],[77.59942,13.00116],[77.59907,13.00186],[77.59659,13.00318],[77.59326,13.00567]]]},"properties":{"ward":63,"name":"Jayamahal","lights":2728,"roadKm":34,"perKm":80.2}},{"type":"Feature","geometry":{"type":"Polygon","coordinates":[[[77.58417,12.99934],[77.58406,13.00292],[77.58394,13.00329],[77.58328,13.00386],[77.57883,13.00634],[77.57862,13.00572],[77.57855,13.00372],[77.57683,13.00374],[77.57682,13.00278],[77.57221,13.00287],[77.57225,13.00186],[77.57253,13.00187],[77.57257,13.00101],[77.57372,13.00102],[77.57391,12.99892],[77.57688,12.99895],[77.57815,12.99926],[77.57841,12.99909],[77.57829,12.99723],[77.57941,12.99714],[77.57942,12.99735],[77.58086,12.99727],[77.58287,12.99921],[77.58417,12.99934]]]},"properties":{"ward":64,"name":"Rajamahal Guttahalli","lights":1951,"roadKm":24,"perKm":81.3}},{"type":"Feature","geometry":{"type":"Polygon","coordinates":[[[77.57883,13.00634],[77.57628,13.00774],[77.57309,13.00767],[77.57159,13.00838],[77.57161,13.00811],[77.57201,13.00793],[77.57304,13.00702],[77.57308,13.00634],[77.57358,13.00632],[77.5736,13.0054],[77.56074,13.00581],[77.56144,13.00398],[77.56006,12.99895],[77.56162,12.99854],[77.56408,12.99818],[77.56427,12.99875],[77.56443,12.99878],[77.56616,12.99669],[77.56675,12.99687],[77.5714,12.99683],[77.57129,13.00335],[77.57211,13.00339],[77.57221,13.00287],[77.57682,13.00278],[77.57683,13.00374],[77.57855,13.00372],[77.5786,13.00562],[77.57883,13.00634]]]},"properties":{"ward":65,"name":"Kadu Malleshwar Ward","lights":1278,"roadKm":32,"perKm":39.9}},{"type":"Feature","geometry":{"type":"Polygon","coordinates":[[[77.56087,13.00179],[77.56141,13.00395],[77.55881,13.0116],[77.55778,13.01326],[77.5556,13.01567],[77.55401,13.01533],[77.55404,13.01403],[77.55444,13.01272],[77.55444,13.00772],[77.55405,13.00522],[77.55321,13.00186],[77.56051,13.00054],[77.56087,13.00179]]]},"properties":{"ward":66,"name":"Subramanya Nagar","lights":1983,"roadKm":28,"perKm":70.8}},{"type":"Feature","geometry":{"type":"Polygon","coordinates":[[[77.55445,13.01003],[77.55445,13.01265],[77.55406,13.01397],[77.55365,13.01273],[77.55066,13.01127],[77.54949,13.01006],[77.54727,13.01056],[77.54675,13.008],[77.54314,13.00862],[77.54296,13.00777],[77.54337,13.00766],[77.54251,13.00559],[77.54111,13.00609],[77.54066,13.00237],[77.54113,13.00035],[77.54111,12.99934],[77.54279,12.99836],[77.54528,12.99746],[77.55039,12.99764],[77.553,12.99818],[77.5527,12.99967],[77.55438,13.00698],[77.55445,13.01003]]]},"properties":{"ward":67,"name":"Nagapura","lights":2535,"roadKm":47,"perKm":53.9}},{"type":"Feature","geometry":{"type":"Polygon","coordinates":[[[77.54672,13.01263],[77.54681,13.01306],[77.5428,13.01191],[77.54137,13.01259],[77.54078,13.01244],[77.53995,13.01251],[77.53989,13.01229],[77.54021,13.01228],[77.53986,13.01113],[77.53938,13.01131],[77.53887,13.01],[77.53862,13.01013],[77.53821,13.00973],[77.53747,13.00936],[77.53674,13.00932],[77.53767,13.00919],[77.53737,13.00696],[77.53786,13.00673],[77.53746,13.0065],[77.53614,13.00753],[77.53571,13.00709],[77.53536,13.00714],[77.53458,13.00774],[77.53341,13.00694],[77.53307,13.00646],[77.53333,13.0063],[77.53258,13.0053],[77.53584,13.00264],[77.53611,13.00283],[77.5366,13.00122],[77.53946,13.00189],[77.54067,13.00243],[77.54111,13.00609],[77.54175,13.00597],[77.54242,13.00561],[77.54269,13.00586],[77.54337,13.00766],[77.54296,13.00777],[77.54314,13.00862],[77.54675,13.008],[77.54727,13.01056],[77.54643,13.01077],[77.54672,13.01263]]]},"properties":{"ward":68,"name":"Mahalakshimpuram","lights":2380,"roadKm":33,"perKm":72.1}},{"type":"Feature","geometry":{"type":"Polygon","coordinates":[[[77.52775,13.01559],[77.52641,13.01575],[77.52605,13.01548],[77.5239,13.01568],[77.52226,13.01543],[77.52301,13.01303],[77.52283,13.01246],[77.5215,13.01238],[77.52124,13.01266],[77.52042,13.01248],[77.51858,13.01271],[77.51904,13.01065],[77.51824,13.0091],[77.51728,13.00827],[77.51746,13.00711],[77.51731,13.00657],[77.51766,13.00601],[77.5177,13.00398],[77.51822,13.00287],[77.51819,13.00253],[77.51794,13.00229],[77.51988,13.00235],[77.52016,13.00339],[77.52098,13.00328],[77.52101,13.00357],[77.52134,13.00353],[77.52129,13.00308],[77.52365,13.00244],[77.52344,13.00165],[77.52406,13.00172],[77.52628,13.00071],[77.52616,13.00044],[77.52785,12.99969],[77.52785,13.00142],[77.52866,13.00184],[77.52921,13.00237],[77.52897,13.00346],[77.52958,13.00416],[77.52953,13.0049],[77.5299,13.00579],[77.53002,13.0075],[77.53039,13.00797],[77.53041,13.00823],[77.5302,13.00882],[77.52876,13.00895],[77.5282,13.00949],[77.52677,13.01183],[77.52672,13.01311],[77.52684,13.01346],[77.5283,13.01544],[77.52775,13.01559]]]},"properties":{"ward":69,"name":"Laggere","lights":3579,"roadKm":55,"perKm":65.1}},{"type":"Feature","geometry":{"type":"Polygon","coordinates":[[[77.51858,13.01271],[77.51641,13.01302],[77.51643,13.01314],[77.51488,13.01369],[77.51448,13.01528],[77.51394,13.01513],[77.51141,13.0162],[77.51043,13.01419],[77.50857,13.01175],[77.50698,13.01101],[77.506,13.00962],[77.50498,13.00463],[77.50719,13.00421],[77.50637,13.00006],[77.50613,12.9998],[77.50598,12.99892],[77.51005,12.99756],[77.51032,12.99858],[77.51273,12.99797],[77.51327,13.00009],[77.51394,13.00019],[77.51444,13.00057],[77.51482,13.00058],[77.51507,13.00037],[77.51507,12.99977],[77.51604,12.99899],[77.51684,12.99897],[77.51706,12.99874],[77.51739,12.99879],[77.51769,12.99863],[77.51741,12.99843],[77.51738,12.99737],[77.51806,12.99733],[77.51859,12.99761],[77.51879,12.99783],[77.51897,12.99881],[77.51931,12.99877],[77.51942,12.9992],[77.51904,13.00006],[77.51885,13.00002],[77.51826,13.00032],[77.51787,13.00122],[77.51785,13.00212],[77.51824,13.00266],[77.5177,13.00398],[77.51766,13.00601],[77.51731,13.00657],[77.51746,13.00711],[77.51728,13.00827],[77.51824,13.0091],[77.51904,13.01065],[77.51858,13.01271]]]},"properties":{"ward":70,"name":"Rajagopal Nagar","lights":2210,"roadKm":67,"perKm":33}},{"type":"Feature","geometry":{"type":"Polygon","coordinates":[[[77.50613,13.00988],[77.50245,13.00957],[77.50199,13.00733],[77.50113,13.00769],[77.50065,13.00807],[77.49747,13.00942],[77.49174,13.00319],[77.49288,13.00286],[77.49386,13.00235],[77.49559,13.00208],[77.49504,13.00023],[77.49794,12.99921],[77.49913,12.99903],[77.49907,12.9988],[77.49984,12.99853],[77.49979,12.99802],[77.50082,12.99731],[77.50014,12.99608],[77.50026,12.99603],[77.49926,12.99254],[77.49934,12.98891],[77.5001,12.98898],[77.50282,12.99002],[77.50396,12.99021],[77.5045,12.99018],[77.50568,12.98972],[77.50465,12.99141],[77.50444,12.99428],[77.5042,12.99432],[77.50401,12.99495],[77.50402,12.9952],[77.5047,12.99522],[77.50505,12.99551],[77.50611,12.99972],[77.50637,13.00006],[77.5071,13.00353],[77.50719,13.00421],[77.50498,13.00457],[77.50613,13.00988]]]},"properties":{"ward":71,"name":"Hegganahalli","lights":1895,"roadKm":56,"perKm":33.8}},{"type":"Feature","geometry":{"type":"Polygon","coordinates":[[[77.49934,12.98891],[77.49926,12.99254],[77.50027,12.99599],[77.50014,12.99608],[77.50082,12.99731],[77.49979,12.99802],[77.49987,12.99849],[77.49907,12.9988],[77.49913,12.99903],[77.49794,12.99921],[77.49504,13.00023],[77.49559,13.00208],[77.49386,13.00235],[77.49288,13.00286],[77.49174,13.00319],[77.49141,13.00307],[77.49007,13.00167],[77.48887,12.99979],[77.48715,12.99838],[77.48378,12.99673],[77.48158,12.99605],[77.48114,12.99574],[77.48084,12.99462],[77.4803,12.9938],[77.47905,12.99418],[77.47869,12.99402],[77.47842,12.99267],[77.47863,12.99253],[77.47865,12.98746],[77.47783,12.98666],[77.47427,12.98442],[77.47403,12.98467],[77.47255,12.98447],[77.47207,12.98309],[77.47301,12.98273],[77.47249,12.98182],[77.47317,12.98152],[77.4743,12.9756],[77.47433,12.9745],[77.47382,12.97292],[77.47409,12.97146],[77.47599,12.97129],[77.47874,12.97141],[77.48128,12.97117],[77.48353,12.97019],[77.48428,12.96965],[77.48548,12.96799],[77.48592,12.96679],[77.48631,12.96377],[77.48623,12.96323],[77.4886,12.96228],[77.48993,12.96204],[77.49005,12.96299],[77.49179,12.96259],[77.49197,12.96212],[77.49208,12.96252],[77.49292,12.96286],[77.49492,12.96233],[77.49523,12.9624],[77.49581,12.96371],[77.49634,12.96435],[77.49676,12.96447],[77.49678,12.96481],[77.49632,12.96544],[77.49682,12.96707],[77.49671,12.96768],[77.49722,12.96821],[77.49837,12.96869],[77.49881,12.96946],[77.49806,12.96977],[77.49847,12.9702],[77.49814,12.97026],[77.49708,12.97021],[77.49641,12.97],[77.49304,12.97048],[77.49317,12.97373],[77.49283,12.97885],[77.49309,12.98085],[77.49502,12.98669],[77.49574,12.98821],[77.49819,12.98886],[77.49934,12.98891]]]},"properties":{"ward":72,"name":"Herohalli","lights":3561,"roadKm":184,"perKm":19.4}},{"type":"Feature","geometry":{"type":"Polygon","coordinates":[[[77.52134,13.00353],[77.52101,13.00357],[77.52098,13.00328],[77.52016,13.00339],[77.51988,13.00235],[77.51786,13.00221],[77.51799,13.0008],[77.51841,13.0002],[77.51907,13.00003],[77.51942,12.9992],[77.51936,12.99881],[77.51902,12.99884],[77.51881,12.99852],[77.51879,12.99783],[77.51829,12.99737],[77.51738,12.99737],[77.51741,12.99843],[77.51744,12.99858],[77.51768,12.99854],[77.5176,12.99873],[77.51706,12.99874],[77.51687,12.99895],[77.51604,12.99899],[77.51507,12.99977],[77.51499,13.00051],[77.51444,13.00057],[77.51394,13.00019],[77.51332,13.00013],[77.51273,12.99797],[77.51032,12.99858],[77.51005,12.99756],[77.50598,12.99892],[77.50505,12.99551],[77.50476,12.99524],[77.50405,12.99525],[77.50403,12.99467],[77.5042,12.99432],[77.50444,12.99428],[77.50465,12.99141],[77.50572,12.98964],[77.50686,12.98922],[77.50851,12.98891],[77.50942,12.98812],[77.51017,12.98813],[77.51086,12.98837],[77.51224,12.98797],[77.51176,12.98641],[77.5108,12.98481],[77.51078,12.98363],[77.51105,12.98266],[77.51095,12.98046],[77.51001,12.97659],[77.50882,12.97366],[77.50671,12.97047],[77.50494,12.96611],[77.50483,12.96498],[77.50511,12.96347],[77.50439,12.96047],[77.50452,12.96041],[77.50525,12.96037],[77.51005,12.96106],[77.51143,12.96112],[77.51548,12.95961],[77.51594,12.96055],[77.51608,12.96175],[77.51637,12.96187],[77.51748,12.96179],[77.51781,12.96202],[77.51754,12.96366],[77.51819,12.96425],[77.51847,12.96543],[77.51745,12.96609],[77.51741,12.96644],[77.5181,12.967],[77.51818,12.96769],[77.51764,12.96824],[77.51754,12.9686],[77.5177,12.96942],[77.51819,12.96997],[77.51849,12.97061],[77.51838,12.97127],[77.518,12.97202],[77.51825,12.97277],[77.51803,12.9731],[77.51751,12.97326],[77.51749,12.97376],[77.51792,12.97503],[77.51861,12.97563],[77.51855,12.97638],[77.5189,12.97849],[77.51957,12.97957],[77.51886,12.98064],[77.51834,12.98243],[77.51936,12.98465],[77.51974,12.98516],[77.51981,12.98621],[77.52033,12.98693],[77.52005,12.98779],[77.52084,12.99028],[77.52172,12.9921],[77.5223,12.9923],[77.52287,12.99301],[77.52309,12.99413],[77.52362,12.99542],[77.52462,12.99643],[77.52491,12.9976],[77.5251,12.99783],[77.52615,12.99774],[77.52621,12.99809],[77.52596,12.99856],[77.52819,12.99916],[77.52782,12.99952],[77.52785,12.99969],[77.52617,13.00044],[77.52628,13.00071],[77.52406,13.00172],[77.52344,13.00165],[77.52365,13.00244],[77.52129,13.00308],[77.52134,13.00353]]]},"properties":{"ward":73,"name":"Kottegepalya","lights":5009,"roadKm":139,"perKm":36}},{"type":"Feature","geometry":{"type":"Polygon","coordinates":[[[77.52948,12.99775],[77.52819,12.99916],[77.52594,12.99859],[77.52617,12.99824],[77.52619,12.9978],[77.5251,12.99783],[77.52491,12.9976],[77.52462,12.99643],[77.52392,12.99581],[77.52523,12.99501],[77.52517,12.99491],[77.52682,12.99442],[77.52676,12.99415],[77.52901,12.99333],[77.53029,12.99316],[77.53025,12.99276],[77.53844,12.99165],[77.53979,12.99525],[77.53805,12.99528],[77.53567,12.99565],[77.53552,12.99561],[77.53541,12.9949],[77.53427,12.99507],[77.53343,12.99529],[77.53348,12.99584],[77.53235,12.99616],[77.53256,12.99683],[77.53181,12.9972],[77.53216,12.99772],[77.53135,12.99812],[77.52987,12.99794],[77.52948,12.99775]]]},"properties":{"ward":74,"name":"Shakthi Ganapathi Nagar","lights":1174,"roadKm":28,"perKm":41.9}},{"type":"Feature","geometry":{"type":"Polygon","coordinates":[[[77.54067,13.00243],[77.53946,13.00189],[77.5366,13.00122],[77.53611,13.00283],[77.5359,13.00258],[77.53258,13.0053],[77.53333,13.0063],[77.53313,13.00643],[77.53156,13.00549],[77.52997,13.00576],[77.52956,13.00501],[77.5296,13.0042],[77.52897,13.00346],[77.52921,13.00237],[77.52905,13.00212],[77.52783,13.00132],[77.52783,12.99958],[77.52948,12.99775],[77.52987,12.99794],[77.53135,12.99812],[77.53216,12.99772],[77.53181,12.9972],[77.53256,12.99683],[77.53235,12.99617],[77.53348,12.99584],[77.53343,12.99529],[77.53541,12.9949],[77.53552,12.99561],[77.53567,12.99565],[77.53805,12.99528],[77.53979,12.99525],[77.54111,12.99934],[77.54113,13.00035],[77.54067,13.00243]]]},"properties":{"ward":75,"name":"Shankar Matt","lights":2119,"roadKm":40,"perKm":53}},{"type":"Feature","geometry":{"type":"Polygon","coordinates":[[[77.56051,13.00054],[77.55331,13.00185],[77.55285,13.0005],[77.5527,12.99935],[77.55306,12.99829],[77.5554,12.99866],[77.55639,12.99863],[77.56011,12.99737],[77.56015,12.99715],[77.55942,12.99604],[77.55914,12.99509],[77.56036,12.99458],[77.56009,12.99392],[77.56839,12.99338],[77.5671,12.99491],[77.56605,12.99663],[77.56616,12.99669],[77.56443,12.99878],[77.56427,12.99875],[77.56408,12.99818],[77.56162,12.99854],[77.56006,12.99895],[77.56051,13.00054]]]},"properties":{"ward":76,"name":"Gayithri Nagar","lights":1457,"roadKm":28,"perKm":52}},{"type":"Feature","geometry":{"type":"Polygon","coordinates":[[[77.57221,13.00287],[77.57211,13.00339],[77.57136,13.00335],[77.5714,12.99683],[77.56864,12.99678],[77.56863,12.99607],[77.5696,12.99327],[77.57291,12.99357],[77.5739,12.99386],[77.57416,12.99277],[77.5755,12.992],[77.57877,12.99503],[77.58086,12.99727],[77.57942,12.99735],[77.57941,12.99714],[77.57829,12.99723],[77.57841,12.99909],[77.5781,12.99927],[77.57688,12.99895],[77.57391,12.99892],[77.57381,13.00102],[77.57257,13.00101],[77.57256,13.00187],[77.57225,13.00186],[77.57221,13.00287]]]},"properties":{"ward":77,"name":"Dattatreya Temple","lights":1854,"roadKm":25,"perKm":74.2}},{"type":"Feature","geometry":{"type":"Polygon","coordinates":[[[77.62006,13.00008],[77.61832,13.00133],[77.61673,13.00196],[77.61458,13.00218],[77.61257,13.00183],[77.61055,13.00086],[77.60938,12.99979],[77.6055,12.99425],[77.60356,12.99502],[77.6006,12.99574],[77.59657,12.99455],[77.60187,12.99257],[77.60284,12.99255],[77.60383,12.99278],[77.60489,12.99143],[77.6053,12.99018],[77.60646,12.99019],[77.60711,12.99036],[77.60729,12.99348],[77.6074,12.99359],[77.60857,12.99349],[77.61105,12.99181],[77.6128,12.99121],[77.6137,12.99073],[77.61672,12.98901],[77.61838,12.98768],[77.61933,12.98728],[77.61953,12.99011],[77.6193,12.99168],[77.61753,12.99512],[77.61671,12.99573],[77.61789,12.99834],[77.6191,12.99892],[77.61945,12.99942],[77.62017,12.99996],[77.62006,13.00008]]]},"properties":{"ward":78,"name":"Pulikeshinagar","lights":2278,"roadKm":41,"perKm":55.6}},{"type":"Feature","geometry":{"type":"Polygon","coordinates":[[[77.62912,12.99451],[77.62684,12.99498],[77.62498,12.99582],[77.62017,12.99996],[77.61945,12.99942],[77.61893,12.99879],[77.61798,12.99837],[77.61694,12.99646],[77.61671,12.99573],[77.61753,12.99512],[77.6193,12.99168],[77.61953,12.99011],[77.61933,12.98728],[77.62223,12.98769],[77.62253,12.98754],[77.62245,12.98388],[77.62302,12.98175],[77.62671,12.98209],[77.62932,12.98161],[77.63071,12.98157],[77.63149,12.98166],[77.63247,12.98225],[77.63698,12.98279],[77.64224,12.98467],[77.64826,12.98708],[77.6485,12.98839],[77.64832,12.9893],[77.64797,12.98995],[77.64715,12.99078],[77.64411,12.9915],[77.64022,12.99211],[77.62906,12.99427],[77.62912,12.99451]]]},"properties":{"ward":79,"name":"Sarvagna Nagar","lights":1008,"roadKm":52,"perKm":19.4}},{"type":"Feature","geometry":{"type":"Polygon","coordinates":[[[77.64694,12.97326],[77.64663,12.97873],[77.64502,12.98577],[77.6373,12.98287],[77.63247,12.98225],[77.63149,12.98166],[77.63005,12.98153],[77.62671,12.98209],[77.62443,12.98187],[77.62434,12.9809],[77.6255,12.98078],[77.62553,12.98031],[77.62591,12.98026],[77.62574,12.97949],[77.6264,12.97944],[77.62629,12.97869],[77.62828,12.97825],[77.63021,12.97709],[77.63174,12.9764],[77.63264,12.9752],[77.63299,12.97378],[77.63353,12.97482],[77.63338,12.97592],[77.63559,12.97539],[77.63566,12.97597],[77.64095,12.97606],[77.64127,12.97028],[77.64746,12.97043],[77.64694,12.97326]]]},"properties":{"ward":80,"name":"Hoysala Nagar","lights":2955,"roadKm":51,"perKm":57.9}},{"type":"Feature","geometry":{"type":"Polygon","coordinates":[[[77.68849,12.99207],[77.68801,12.99152],[77.68743,12.9912],[77.68367,12.99638],[77.68314,12.99589],[77.683,12.99511],[77.68213,12.99501],[77.68199,12.99487],[77.6791,12.99473],[77.67712,12.99508],[77.67581,12.99327],[77.67588,12.99269],[77.67663,12.99257],[77.67628,12.9913],[77.67556,12.99151],[77.67548,12.99123],[77.67579,12.99106],[77.67568,12.99012],[77.67585,12.99012],[77.676,12.98748],[77.67466,12.98693],[77.67414,12.98692],[77.67863,12.98414],[77.67981,12.98366],[77.6804,12.98275],[77.67938,12.97848],[77.67931,12.9763],[77.67812,12.97281],[77.67459,12.97347],[77.6688,12.97542],[77.66753,12.97558],[77.66653,12.97538],[77.66661,12.97448],[77.66692,12.97434],[77.66668,12.97315],[77.66699,12.97273],[77.66655,12.97247],[77.66643,12.97183],[77.66604,12.97137],[77.66591,12.97077],[77.66541,12.96818],[77.66557,12.96811],[77.66555,12.96593],[77.66658,12.96528],[77.66693,12.9663],[77.66853,12.96591],[77.66867,12.96487],[77.67026,12.96507],[77.67029,12.96611],[77.66976,12.96615],[77.67003,12.96766],[77.67275,12.967],[77.67348,12.9673],[77.67356,12.96462],[77.67567,12.96482],[77.67735,12.96464],[77.67853,12.96514],[77.6804,12.96433],[77.68215,12.96411],[77.68163,12.96166],[77.68897,12.96224],[77.68856,12.96695],[77.68814,12.96717],[77.68793,12.96907],[77.68665,12.96926],[77.68627,12.96978],[77.6864,12.97001],[77.68606,12.97004],[77.68685,12.97316],[77.68574,12.97409],[77.68549,12.9747],[77.68411,12.97575],[77.68409,12.9762],[77.68473,12.97759],[77.68693,12.97948],[77.6887,12.97851],[77.69032,12.98187],[77.69181,12.98176],[77.69316,12.98198],[77.69346,12.98149],[77.69428,12.98152],[77.69509,12.98116],[77.69564,12.98271],[77.69589,12.98678],[77.69584,12.99019],[77.69358,12.99037],[77.69082,12.99161],[77.68977,12.99167],[77.68849,12.99207]]]},"properties":{"ward":81,"name":"Vijnana Nagar","lights":2261,"roadKm":106,"perKm":21.3}},{"type":"Feature","geometry":{"type":"Polygon","coordinates":[[[77.74473,12.98634],[77.74059,12.9874],[77.74041,12.98701],[77.73849,12.98634],[77.73845,12.98515],[77.73706,12.98508],[77.73707,12.98493],[77.73352,12.98493],[77.73343,12.98562],[77.73226,12.9857],[77.73167,12.98649],[77.73161,12.98813],[77.72589,12.98927],[77.72473,12.98994],[77.72169,12.99085],[77.71942,12.99212],[77.71579,12.99215],[77.71355,12.99015],[77.71111,12.99074],[77.71165,12.99252],[77.71004,12.99282],[77.70479,12.99302],[77.70496,12.99526],[77.70524,12.99602],[77.70712,12.99635],[77.70767,12.99659],[77.70789,12.99679],[77.70783,12.99711],[77.70848,12.99762],[77.70857,12.99865],[77.70607,12.99928],[77.70435,12.99951],[77.70402,12.99953],[77.70389,12.99846],[77.70358,12.99787],[77.70261,12.99724],[77.70155,12.99688],[77.70128,12.994],[77.69753,12.99507],[77.69517,12.99547],[77.69066,12.99729],[77.68855,12.99214],[77.68877,12.99191],[77.68925,12.99178],[77.69082,12.99161],[77.69358,12.99037],[77.69584,12.99019],[77.69584,12.98473],[77.69564,12.98271],[77.69544,12.98208],[77.69734,12.98171],[77.69975,12.9807],[77.7004,12.98223],[77.70109,12.98248],[77.70044,12.98282],[77.70069,12.98372],[77.70029,12.98397],[77.69983,12.98462],[77.70233,12.98479],[77.70422,12.98717],[77.70581,12.98708],[77.70573,12.9881],[77.70708,12.98791],[77.70802,12.98501],[77.70808,12.98424],[77.70839,12.98371],[77.71116,12.98433],[77.712,12.98402],[77.71289,12.98341],[77.71388,12.98227],[77.71496,12.98208],[77.7154,12.98183],[77.7153,12.98149],[77.71483,12.9814],[77.71416,12.97784],[77.71676,12.97738],[77.73402,12.97596],[77.73514,12.97628],[77.7355,12.97663],[77.7362,12.97796],[77.73892,12.97721],[77.74117,12.97605],[77.74213,12.97914],[77.74388,12.98268],[77.74359,12.98377],[77.74473,12.98634]]]},"properties":{"ward":82,"name":"Garudachar Playa","lights":3663,"roadKm":70,"perKm":52.3}},{"type":"Feature","geometry":{"type":"Polygon","coordinates":[[[77.7785,12.97708],[77.77802,12.97898],[77.77755,12.97937],[77.77719,12.98041],[77.77615,12.98149],[77.7759,12.98235],[77.77658,12.98487],[77.77568,12.98651],[77.77572,12.98776],[77.77595,12.98811],[77.77594,12.98907],[77.77559,12.9899],[77.77538,12.99202],[77.77591,12.99334],[77.77524,12.99443],[77.77522,12.99531],[77.77507,12.9956],[77.77429,12.99609],[77.77433,12.99752],[77.77474,12.99786],[77.77489,12.9982],[77.77458,12.99989],[77.77479,13.0008],[77.77465,13.00106],[77.7737,13.00121],[77.77347,13.00183],[77.77273,13.00187],[77.77236,13.00235],[77.77241,13.00277],[77.77274,13.00298],[77.7734,13.0031],[77.77463,13.00287],[77.77524,13.00327],[77.77548,13.00368],[77.77553,13.00492],[77.77577,13.0056],[77.77552,13.00599],[77.77472,13.00609],[77.77425,13.00637],[77.77354,13.00608],[77.77329,13.00632],[77.77337,13.00784],[77.77314,13.00838],[77.77306,13.00925],[77.77335,13.00958],[77.77314,13.01008],[77.77391,13.01056],[77.77363,13.01124],[77.77378,13.01248],[77.77426,13.01323],[77.77411,13.01346],[77.77323,13.01345],[77.77293,13.01375],[77.77288,13.01517],[77.77303,13.01551],[77.77145,13.01611],[77.76945,13.01383],[77.76925,13.01335],[77.76922,13.01297],[77.76953,13.01221],[77.76954,13.01123],[77.76902,13.00822],[77.76946,13.00701],[77.76966,13.00591],[77.76926,13.00398],[77.76894,13.00325],[77.76862,13.00298],[77.76471,13.00388],[77.76211,13.00483],[77.76158,13.00519],[77.76058,13.00502],[77.76003,13.00532],[77.75947,13.00265],[77.75795,13.00273],[77.75718,13.00235],[77.75741,13.00111],[77.75685,13.00125],[77.75591,13.00117],[77.75421,13.0016],[77.75375,13.00005],[77.75369,12.999],[77.75338,12.99798],[77.75202,12.99738],[77.74756,12.99823],[77.74319,12.99865],[77.74144,12.99856],[77.73123,12.99647],[77.73131,12.99546],[77.73262,12.99335],[77.73346,12.98787],[77.73677,12.9875],[77.73967,12.98758],[77.74473,12.98634],[77.74359,12.98377],[77.74388,12.98268],[77.74213,12.97914],[77.74122,12.97603],[77.74336,12.97541],[77.74435,12.97575],[77.74524,12.97568],[77.74612,12.97524],[77.74644,12.97462],[77.74854,12.97427],[77.75048,12.97502],[77.75046,12.97485],[77.75393,12.97454],[77.7552,12.97674],[77.75692,12.97673],[77.75763,12.98042],[77.76565,12.98032],[77.76532,12.97897],[77.76535,12.9783],[77.7785,12.97708]]]},"properties":{"ward":83,"name":"Kadugodi","lights":3377,"roadKm":101,"perKm":33.4}},{"type":"Feature","geometry":{"type":"Polygon","coordinates":[[[77.7785,12.97708],[77.76535,12.9783],[77.76532,12.97897],[77.76565,12.98032],[77.75763,12.98042],[77.75692,12.97673],[77.7552,12.97674],[77.75393,12.97454],[77.75046,12.97485],[77.75048,12.97502],[77.74926,12.97469],[77.74854,12.97427],[77.74645,12.97461],[77.74612,12.97524],[77.74524,12.97568],[77.74435,12.97575],[77.74336,12.97541],[77.74122,12.97603],[77.73892,12.97721],[77.7362,12.97796],[77.7355,12.97663],[77.73461,12.97605],[77.73331,12.97597],[77.72699,12.97655],[77.72659,12.97108],[77.72555,12.97121],[77.7243,12.96803],[77.72785,12.96749],[77.72746,12.96558],[77.72705,12.96189],[77.72637,12.9613],[77.72461,12.9612],[77.72466,12.96087],[77.72405,12.96067],[77.72417,12.95767],[77.7237,12.95396],[77.72373,12.95305],[77.72448,12.95005],[77.72511,12.94654],[77.72547,12.94712],[77.72765,12.94723],[77.72859,12.94781],[77.73032,12.94795],[77.73265,12.94778],[77.73254,12.94858],[77.73275,12.94858],[77.73274,12.94881],[77.73302,12.94884],[77.73313,12.9494],[77.73391,12.94957],[77.73419,12.94924],[77.73419,12.94947],[77.73472,12.94962],[77.73698,12.95104],[77.73753,12.95112],[77.738,12.95208],[77.73838,12.95231],[77.73923,12.95213],[77.73965,12.95264],[77.7403,12.95292],[77.74178,12.95306],[77.74264,12.95358],[77.7432,12.95415],[77.74313,12.95431],[77.74335,12.95485],[77.74424,12.95648],[77.74485,12.9567],[77.74548,12.95725],[77.7455,12.95711],[77.74666,12.95875],[77.74821,12.95836],[77.74805,12.95589],[77.74949,12.95581],[77.74977,12.95677],[77.75577,12.95861],[77.75687,12.95912],[77.75697,12.95902],[77.75741,12.95918],[77.75902,12.95995],[77.76567,12.96252],[77.76764,12.96349],[77.76795,12.96305],[77.77031,12.96269],[77.77128,12.96419],[77.77257,12.96495],[77.77333,12.96588],[77.77638,12.96758],[77.77752,12.96803],[77.77881,12.96758],[77.77898,12.96738],[77.77914,12.9665],[77.78019,12.96631],[77.78079,12.96642],[77.78181,12.96603],[77.78315,12.96652],[77.78396,12.96663],[77.78381,12.96779],[77.78394,12.96783],[77.78386,12.96826],[77.78403,12.96841],[77.78393,12.96899],[77.78358,12.97012],[77.78307,12.97043],[77.78299,12.97064],[77.7832,12.97088],[77.78137,12.97074],[77.78054,12.97002],[77.77878,12.97012],[77.77848,12.97051],[77.77843,12.97085],[77.77896,12.9721],[77.77897,12.97254],[77.77866,12.97281],[77.77809,12.97289],[77.77783,12.97342],[77.77713,12.97361],[77.77655,12.97437],[77.77599,12.97461],[77.77616,12.97525],[77.7765,12.97564],[77.77644,12.97595],[77.77684,12.97652],[77.77714,12.97657],[77.77745,12.97621],[77.7779,12.97624],[77.7785,12.97708]]]},"properties":{"ward":84,"name":"Hagadur","lights":2845,"roadKm":154,"perKm":18.5}},{"type":"Feature","geometry":{"type":"Polygon","coordinates":[[[77.70107,12.95892],[77.70142,12.95894],[77.70163,12.95948],[77.70401,12.96005],[77.70448,12.95682],[77.71452,12.95596],[77.71463,12.95455],[77.71488,12.95441],[77.71502,12.95408],[77.71579,12.9475],[77.7172,12.94358],[77.71844,12.94462],[77.71946,12.94516],[77.72126,12.94539],[77.723,12.94635],[77.725,12.9464],[77.72511,12.94654],[77.72502,12.94746],[77.72373,12.95305],[77.7237,12.95396],[77.72417,12.95767],[77.72405,12.96067],[77.72458,12.96085],[77.72457,12.96118],[77.72637,12.9613],[77.72705,12.96189],[77.72746,12.96558],[77.72785,12.96749],[77.7243,12.96803],[77.72555,12.97121],[77.72659,12.97108],[77.72699,12.97655],[77.71676,12.97738],[77.71416,12.97784],[77.71483,12.9814],[77.7153,12.98149],[77.7154,12.98183],[77.71496,12.98208],[77.71388,12.98227],[77.71289,12.98341],[77.712,12.98402],[77.71116,12.98433],[77.70839,12.98371],[77.70808,12.98424],[77.70802,12.98501],[77.70708,12.98791],[77.70617,12.9881],[77.7058,12.9881],[77.70581,12.98708],[77.70422,12.98717],[77.70233,12.98479],[77.69983,12.98462],[77.70029,12.98397],[77.70064,12.9838],[77.70044,12.98282],[77.70109,12.98248],[77.7004,12.98223],[77.69975,12.9807],[77.69734,12.98171],[77.69544,12.98208],[77.69509,12.98116],[77.69428,12.98152],[77.69346,12.98149],[77.69316,12.98198],[77.69181,12.98176],[77.69032,12.98187],[77.6887,12.97851],[77.68693,12.97948],[77.68473,12.97759],[77.68409,12.9762],[77.68411,12.97575],[77.68549,12.9747],[77.68592,12.97393],[77.68685,12.97316],[77.68606,12.97004],[77.6864,12.97001],[77.68627,12.96978],[77.68665,12.96926],[77.68793,12.96907],[77.68814,12.96717],[77.68856,12.96695],[77.68897,12.96224],[77.68954,12.96211],[77.68979,12.96119],[77.6899,12.95556],[77.694,12.95621],[77.69382,12.95737],[77.6944,12.95801],[77.69592,12.95828],[77.69596,12.95883],[77.69499,12.95897],[77.69499,12.96009],[77.69339,12.95985],[77.69324,12.96097],[77.69436,12.96116],[77.69556,12.96162],[77.69801,12.96299],[77.69974,12.96338],[77.70109,12.9643],[77.70192,12.96519],[77.70107,12.95892]]]},"properties":{"ward":85,"name":"Dodda Nekkundi","lights":3997,"roadKm":155,"perKm":25.8}},{"type":"Feature","geometry":{"type":"Polygon","coordinates":[[[77.68549,12.94121],[77.68681,12.94174],[77.68803,12.94191],[77.68867,12.94101],[77.68971,12.94152],[77.69476,12.94511],[77.69556,12.94532],[77.69705,12.9449],[77.69796,12.9448],[77.69903,12.94836],[77.70001,12.95357],[77.70106,12.95691],[77.70448,12.95682],[77.70401,12.96005],[77.70163,12.95948],[77.70142,12.95894],[77.70107,12.95892],[77.70192,12.96519],[77.70109,12.9643],[77.69974,12.96338],[77.69801,12.96299],[77.69556,12.96162],[77.69436,12.96116],[77.69324,12.96097],[77.69339,12.95985],[77.69499,12.96009],[77.69499,12.95897],[77.69589,12.9589],[77.69597,12.95836],[77.6954,12.9581],[77.6944,12.95801],[77.69382,12.95737],[77.69404,12.95622],[77.68959,12.95551],[77.68771,12.95506],[77.68777,12.95483],[77.68939,12.95313],[77.68946,12.95043],[77.68932,12.94997],[77.68882,12.94939],[77.68738,12.94902],[77.68062,12.94853],[77.68011,12.94825],[77.67821,12.94827],[77.67534,12.94877],[77.67303,12.94806],[77.67291,12.94739],[77.67304,12.94648],[77.67766,12.94473],[77.67998,12.94406],[77.68032,12.94414],[77.68054,12.94375],[77.68146,12.94353],[77.68286,12.9426],[77.68549,12.94121]]]},"properties":{"ward":86,"name":"Marathahalli","lights":1461,"roadKm":53,"perKm":27.6}},{"type":"Feature","geometry":{"type":"Polygon","coordinates":[[[77.66604,12.97151],[77.66525,12.97181],[77.66304,12.97155],[77.66161,12.97198],[77.66132,12.9716],[77.65857,12.97154],[77.65869,12.97133],[77.65768,12.97079],[77.65729,12.9683],[77.65811,12.96822],[77.65872,12.96718],[77.66155,12.96682],[77.66198,12.96626],[77.66164,12.96555],[77.66125,12.96557],[77.66113,12.96514],[77.66071,12.96523],[77.66053,12.96499],[77.66086,12.96491],[77.6611,12.96422],[77.66184,12.96431],[77.66177,12.96283],[77.66154,12.96219],[77.66098,12.96221],[77.66084,12.96162],[77.65999,12.96173],[77.6598,12.96108],[77.66021,12.9609],[77.65982,12.96019],[77.65969,12.95916],[77.66128,12.9593],[77.66357,12.95893],[77.66304,12.95691],[77.66339,12.95583],[77.66102,12.95571],[77.66088,12.95549],[77.66192,12.95546],[77.66192,12.95501],[77.66249,12.95497],[77.66241,12.95426],[77.66105,12.95435],[77.66103,12.95289],[77.65842,12.95293],[77.65255,12.95253],[77.65225,12.95178],[77.65111,12.95111],[77.64945,12.94931],[77.64911,12.94828],[77.64911,12.94789],[77.64936,12.94747],[77.64982,12.94732],[77.65461,12.94772],[77.65608,12.94737],[77.65996,12.94759],[77.66261,12.9466],[77.66259,12.94464],[77.66271,12.94445],[77.6641,12.94445],[77.6643,12.94453],[77.66469,12.94584],[77.66662,12.94602],[77.6666,12.94644],[77.66841,12.94655],[77.66836,12.94699],[77.67093,12.94711],[77.67093,12.94806],[77.67315,12.94819],[77.67529,12.94876],[77.67821,12.94827],[77.68011,12.94825],[77.68062,12.94853],[77.68738,12.94902],[77.68847,12.94924],[77.68902,12.94956],[77.68938,12.95009],[77.68948,12.95055],[77.68941,12.95304],[77.6892,12.95346],[77.68767,12.95503],[77.6899,12.95556],[77.68977,12.9611],[77.68954,12.96211],[77.68797,12.96216],[77.68163,12.96166],[77.68215,12.96411],[77.6804,12.96433],[77.67853,12.96514],[77.67735,12.96464],[77.67567,12.96482],[77.67356,12.96462],[77.67348,12.9673],[77.67275,12.967],[77.67003,12.96766],[77.66976,12.96615],[77.67029,12.96611],[77.67026,12.96507],[77.66867,12.96487],[77.66853,12.96591],[77.66693,12.9663],[77.66659,12.96536],[77.66555,12.96593],[77.66549,12.96618],[77.66557,12.96811],[77.66541,12.96818],[77.66604,12.97151]]]},"properties":{"ward":87,"name":"HAL Airport","lights":2455,"roadKm":41,"perKm":59.9}},{"type":"Feature","geometry":{"type":"Polygon","coordinates":[[[77.65872,12.96718],[77.65247,12.96795],[77.6495,12.96865],[77.64773,12.96885],[77.64746,12.97043],[77.64127,12.97028],[77.64169,12.96064],[77.65042,12.95965],[77.65528,12.95937],[77.65564,12.96024],[77.65591,12.96171],[77.65671,12.96308],[77.65937,12.96329],[77.65939,12.96301],[77.66029,12.96283],[77.65999,12.96173],[77.66084,12.96162],[77.66097,12.9622],[77.66154,12.96219],[77.66177,12.96283],[77.66184,12.96431],[77.6611,12.96422],[77.66086,12.96491],[77.66053,12.96499],[77.66071,12.96523],[77.66113,12.96514],[77.66125,12.96557],[77.66164,12.96555],[77.66198,12.96626],[77.66162,12.96683],[77.65872,12.96718]]]},"properties":{"ward":88,"name":"Jeevanbhima Nagar","lights":1618,"roadKm":47,"perKm":34.4}},{"type":"Feature","geometry":{"type":"Polygon","coordinates":[[[77.63284,12.97435],[77.63264,12.9752],[77.63174,12.9764],[77.63021,12.97709],[77.62851,12.97814],[77.62724,12.97743],[77.62668,12.97621],[77.62535,12.97508],[77.62897,12.9692],[77.63398,12.97084],[77.63813,12.97251],[77.64112,12.97266],[77.64095,12.97606],[77.63573,12.97597],[77.63559,12.97539],[77.63338,12.97592],[77.63353,12.97482],[77.63299,12.97378],[77.63284,12.97435]]]},"properties":{"ward":89,"name":"Jogupalya","lights":2501,"roadKm":30,"perKm":83.4}},{"type":"Feature","geometry":{"type":"Polygon","coordinates":[[[77.61827,12.98776],[77.61725,12.98863],[77.61409,12.9841],[77.61297,12.98294],[77.6143,12.98254],[77.61533,12.9826],[77.61553,12.9825],[77.6156,12.98204],[77.6156,12.98119],[77.61479,12.97929],[77.61542,12.97895],[77.61545,12.97862],[77.61433,12.97541],[77.61393,12.97378],[77.61917,12.97258],[77.61997,12.97275],[77.6213,12.97271],[77.62575,12.97535],[77.62692,12.97654],[77.62721,12.97739],[77.62851,12.97814],[77.62751,12.97851],[77.62629,12.97869],[77.62643,12.9794],[77.62574,12.97949],[77.62591,12.98026],[77.62553,12.98031],[77.62557,12.98078],[77.62434,12.98094],[77.62448,12.98184],[77.62295,12.98181],[77.62245,12.98388],[77.62246,12.98764],[77.61914,12.98728],[77.61827,12.98776]]]},"properties":{"ward":90,"name":"Halsoor","lights":2576,"roadKm":34,"perKm":75.8}},{"type":"Feature","geometry":{"type":"Polygon","coordinates":[[[77.61725,12.98863],[77.61305,12.99108],[77.61105,12.99181],[77.60986,12.99262],[77.60962,12.99209],[77.60834,12.98644],[77.60728,12.98679],[77.60616,12.98681],[77.60557,12.98535],[77.6054,12.98545],[77.60174,12.98467],[77.60341,12.98415],[77.60504,12.98411],[77.60657,12.98374],[77.60685,12.98421],[77.60724,12.98414],[77.61065,12.98305],[77.61098,12.98361],[77.61236,12.98312],[77.61276,12.98272],[77.61409,12.9841],[77.61725,12.98863]]]},"properties":{"ward":91,"name":"Bharathi Nagar","lights":1659,"roadKm":30,"perKm":55.3}},{"type":"Feature","geometry":{"type":"Polygon","coordinates":[[[77.60979,12.99268],[77.60863,12.99346],[77.6074,12.99359],[77.60724,12.99335],[77.60711,12.99036],[77.60646,12.99019],[77.60445,12.99016],[77.60289,12.98996],[77.60283,12.98956],[77.6032,12.98945],[77.60317,12.98841],[77.60307,12.98833],[77.60217,12.98912],[77.60174,12.98467],[77.60533,12.98552],[77.60557,12.98535],[77.60608,12.98678],[77.60728,12.98679],[77.60834,12.98644],[77.60979,12.99268]]]},"properties":{"ward":92,"name":"Shivaji Nagar","lights":1631,"roadKm":22,"perKm":74.1}},{"type":"Feature","geometry":{"type":"Polygon","coordinates":[[[77.58417,12.99934],[77.58328,12.99935],[77.5825,12.99897],[77.57877,12.99503],[77.57712,12.99361],[77.57789,12.99212],[77.57755,12.99174],[77.5798,12.99095],[77.57591,12.98514],[77.57535,12.98463],[77.57463,12.98426],[77.57471,12.98401],[77.5773,12.98357],[77.57673,12.98297],[77.57654,12.98208],[77.57682,12.98122],[77.5774,12.98066],[77.58036,12.98023],[77.58131,12.97995],[77.58437,12.97803],[77.58767,12.98329],[77.58882,12.98633],[77.58901,12.98649],[77.58954,12.98597],[77.59282,12.98975],[77.59715,12.98446],[77.59829,12.98683],[77.59949,12.99057],[77.59732,12.99148],[77.59569,12.99357],[77.5933,12.99483],[77.59174,12.99525],[77.59174,12.99543],[77.58975,12.99535],[77.58933,12.99581],[77.58772,12.99666],[77.58662,12.99749],[77.58435,12.99778],[77.58417,12.99934]]]},"properties":{"ward":93,"name":"Vasanth Nagar","lights":1595,"roadKm":47,"perKm":33.9}},{"type":"Feature","geometry":{"type":"Polygon","coordinates":[[[77.57532,12.992],[77.57416,12.99277],[77.5739,12.99386],[77.57291,12.99357],[77.57148,12.99342],[77.57164,12.99096],[77.57223,12.98806],[77.57231,12.98586],[77.57142,12.98337],[77.57004,12.98142],[77.57098,12.98033],[77.571,12.97588],[77.57064,12.97473],[77.56965,12.97459],[77.56912,12.97321],[77.56964,12.97302],[77.57167,12.97297],[77.57232,12.97253],[77.57293,12.97384],[77.57438,12.97347],[77.57487,12.97315],[77.57542,12.97391],[77.57754,12.97328],[77.57829,12.97426],[77.58101,12.97305],[77.5844,12.97801],[77.58131,12.97995],[77.58036,12.98023],[77.5774,12.98066],[77.57682,12.98122],[77.57654,12.98208],[77.57673,12.98297],[77.5773,12.98357],[77.57471,12.98401],[77.57463,12.98426],[77.57562,12.98483],[77.57632,12.9857],[77.5798,12.99095],[77.57755,12.99174],[77.57789,12.99212],[77.57712,12.99361],[77.5755,12.992],[77.57532,12.992]]]},"properties":{"ward":94,"name":"Gandhinagar","lights":1909,"roadKm":38,"perKm":50.2}},{"type":"Feature","geometry":{"type":"Polygon","coordinates":[[[77.56855,12.99678],[77.56675,12.99687],[77.56605,12.99663],[77.5671,12.99491],[77.56839,12.99338],[77.56776,12.99341],[77.56793,12.98858],[77.56779,12.98842],[77.5679,12.9884],[77.56816,12.98245],[77.56624,12.98188],[77.56458,12.9819],[77.56436,12.98044],[77.56436,12.97932],[77.56482,12.97792],[77.56437,12.97588],[77.56581,12.97479],[77.56614,12.97428],[77.5669,12.9715],[77.56665,12.97059],[77.5671,12.97022],[77.5672,12.96931],[77.56739,12.96897],[77.5677,12.96884],[77.56804,12.96885],[77.56819,12.97082],[77.56965,12.97459],[77.57064,12.97473],[77.571,12.97588],[77.57098,12.98033],[77.57004,12.98142],[77.57142,12.98337],[77.57231,12.98586],[77.57223,12.98806],[77.57164,12.99096],[77.57148,12.99342],[77.5696,12.99327],[77.56863,12.99607],[77.56855,12.99678]]]},"properties":{"ward":95,"name":"Subhash Nagar","lights":1191,"roadKm":27,"perKm":44.1}},{"type":"Feature","geometry":{"type":"Polygon","coordinates":[[[77.56779,12.98842],[77.56507,12.98854],[77.56504,12.98832],[77.56396,12.98839],[77.56394,12.98818],[77.56148,12.98828],[77.56181,12.98721],[77.56106,12.987],[77.56076,12.98661],[77.56101,12.98594],[77.56099,12.98491],[77.56142,12.98379],[77.56159,12.98196],[77.56115,12.98189],[77.56096,12.98102],[77.56065,12.98041],[77.55926,12.97987],[77.55975,12.97907],[77.56042,12.97733],[77.56027,12.97666],[77.56118,12.9766],[77.56129,12.97569],[77.56293,12.97564],[77.56446,12.97594],[77.56484,12.97786],[77.56436,12.97932],[77.56443,12.98176],[77.56472,12.98193],[77.56624,12.98188],[77.56816,12.98245],[77.5679,12.9884],[77.56779,12.98842]]]},"properties":{"ward":96,"name":"Okalipuram","lights":1433,"roadKm":21,"perKm":68.2}},{"type":"Feature","geometry":{"type":"Polygon","coordinates":[[[77.56272,12.99375],[77.56009,12.99392],[77.56002,12.99373],[77.56014,12.9925],[77.56156,12.99034],[77.56105,12.99024],[77.56117,12.98873],[77.56145,12.98828],[77.56394,12.98818],[77.56396,12.98837],[77.56504,12.98832],[77.56507,12.98854],[77.56791,12.98848],[77.56776,12.99341],[77.56272,12.99375]]]},"properties":{"ward":97,"name":"Dayananda Nagar","lights":1162,"roadKm":20,"perKm":58.1}},{"type":"Feature","geometry":{"type":"Polygon","coordinates":[[[77.56009,12.99392],[77.56037,12.99456],[77.55914,12.99509],[77.55939,12.99596],[77.56015,12.99715],[77.56011,12.99737],[77.55639,12.99863],[77.5554,12.99866],[77.55309,12.9982],[77.55355,12.99727],[77.55433,12.99641],[77.5558,12.99382],[77.55784,12.99101],[77.55969,12.98797],[77.56004,12.98679],[77.56024,12.9835],[77.56077,12.98287],[77.56157,12.98261],[77.56142,12.98379],[77.56099,12.98491],[77.56101,12.98594],[77.56076,12.98661],[77.56099,12.98694],[77.56182,12.98727],[77.56119,12.98869],[77.56102,12.98981],[77.56105,12.99024],[77.56161,12.99026],[77.56014,12.9925],[77.56,12.99327],[77.56009,12.99392]]]},"properties":{"ward":98,"name":"Prakash Nagar","lights":904,"roadKm":20,"perKm":45.2}},{"type":"Feature","geometry":{"type":"Polygon","coordinates":[[[77.54514,12.99749],[77.54279,12.99836],[77.54111,12.99934],[77.54037,12.99687],[77.54072,12.99691],[77.54114,12.99734],[77.54147,12.99721],[77.54283,12.99638],[77.54282,12.99519],[77.54578,12.99449],[77.54575,12.99338],[77.55107,12.9935],[77.55108,12.99248],[77.55072,12.9901],[77.55611,12.98996],[77.55784,12.99101],[77.5558,12.99382],[77.55433,12.99641],[77.55355,12.99727],[77.55309,12.9982],[77.55019,12.99762],[77.54689,12.99743],[77.54514,12.99749]]]},"properties":{"ward":99,"name":"Rajaji Nagar","lights":1367,"roadKm":27,"perKm":50.6}},{"type":"Feature","geometry":{"type":"Polygon","coordinates":[[[77.54147,12.99721],[77.5411,12.99731],[77.54072,12.99691],[77.54037,12.99687],[77.5382,12.99101],[77.53746,12.98797],[77.53891,12.98746],[77.54183,12.98588],[77.54519,12.98501],[77.5456,12.98909],[77.54603,12.99137],[77.54569,12.99373],[77.54578,12.99449],[77.54282,12.99519],[77.54283,12.99638],[77.54147,12.99721]]]},"properties":{"ward":100,"name":"Basaveshwara Nagar","lights":1155,"roadKm":26,"perKm":44.4}},{"type":"Feature","geometry":{"type":"Polygon","coordinates":[[[77.53839,12.99158],[77.53165,12.99257],[77.53133,12.98998],[77.53049,12.98819],[77.52913,12.98622],[77.52912,12.9854],[77.52873,12.98383],[77.52948,12.98375],[77.53041,12.98333],[77.53116,12.98222],[77.53305,12.98195],[77.53671,12.98072],[77.53713,12.98167],[77.53726,12.98252],[77.537,12.98357],[77.53744,12.98788],[77.53839,12.99158]]]},"properties":{"ward":101,"name":"Kamakshipalya","lights":1561,"roadKm":28,"perKm":55.8}},{"type":"Feature","geometry":{"type":"Polygon","coordinates":[[[77.53165,12.99257],[77.53025,12.99276],[77.53029,12.99316],[77.52901,12.99333],[77.52676,12.99415],[77.52682,12.99442],[77.52517,12.99491],[77.52523,12.99501],[77.52385,12.99575],[77.52309,12.99413],[77.52291,12.99308],[77.5223,12.9923],[77.52172,12.9921],[77.52084,12.99028],[77.52007,12.98786],[77.52009,12.98747],[77.52044,12.98689],[77.52267,12.98582],[77.52367,12.98502],[77.52536,12.98545],[77.52593,12.98593],[77.52645,12.98587],[77.52867,12.98384],[77.52912,12.9854],[77.5291,12.98616],[77.53059,12.98833],[77.53133,12.98998],[77.53165,12.99257]]]},"properties":{"ward":102,"name":"Vrisabhavathi Nagar","lights":1163,"roadKm":40,"perKm":29.1}},{"type":"Feature","geometry":{"type":"Polygon","coordinates":[[[77.52362,12.98503],[77.52267,12.98582],[77.52033,12.98693],[77.51981,12.98621],[77.51974,12.98516],[77.51936,12.98465],[77.51834,12.98243],[77.51886,12.98064],[77.51957,12.97957],[77.5189,12.97849],[77.51855,12.97643],[77.51862,12.97569],[77.51834,12.97533],[77.52052,12.97453],[77.52051,12.97434],[77.52218,12.974],[77.52236,12.97427],[77.52543,12.97334],[77.52553,12.97377],[77.52708,12.9735],[77.52858,12.97352],[77.52854,12.97281],[77.52878,12.97288],[77.52901,12.97631],[77.53191,12.9761],[77.53195,12.97651],[77.53143,12.97661],[77.53204,12.97993],[77.5323,12.97984],[77.53273,12.98144],[77.53305,12.98137],[77.53319,12.9819],[77.53157,12.98207],[77.53105,12.98229],[77.53041,12.98333],[77.52952,12.98374],[77.52847,12.98396],[77.52737,12.98512],[77.5262,12.98596],[77.52593,12.98593],[77.52536,12.98545],[77.52362,12.98503]]]},"properties":{"ward":103,"name":"Kaveripura","lights":1971,"roadKm":48,"perKm":41.1}},{"type":"Feature","geometry":{"type":"Polygon","coordinates":[[[77.53411,12.98166],[77.53319,12.9819],[77.53305,12.98137],[77.53273,12.98144],[77.5323,12.97984],[77.53204,12.97993],[77.53143,12.97661],[77.53195,12.97651],[77.53191,12.9761],[77.53276,12.97591],[77.53245,12.97472],[77.53543,12.97409],[77.53865,12.97291],[77.53959,12.97326],[77.54221,12.97381],[77.54207,12.97462],[77.54236,12.97692],[77.54058,12.97715],[77.5408,12.97894],[77.53611,12.98098],[77.53411,12.98166]]]},"properties":{"ward":104,"name":"Govindaraja Nagar","lights":1067,"roadKm":26,"perKm":41}},{"type":"Feature","geometry":{"type":"Polygon","coordinates":[[[77.54243,12.98568],[77.53825,12.98775],[77.53744,12.98788],[77.537,12.98357],[77.53726,12.98252],[77.53713,12.98167],[77.53678,12.98079],[77.5408,12.97894],[77.54058,12.97715],[77.54236,12.97692],[77.54207,12.97462],[77.54221,12.97381],[77.54426,12.97416],[77.54766,12.97425],[77.54836,12.97506],[77.5469,12.9766],[77.54559,12.97761],[77.54403,12.97824],[77.54426,12.97923],[77.54434,12.9808],[77.54277,12.98085],[77.54286,12.98166],[77.54257,12.98329],[77.54203,12.98317],[77.5418,12.98474],[77.54183,12.98519],[77.54238,12.98512],[77.54243,12.98568]]]},"properties":{"ward":105,"name":"Agrahara Dasarahalli","lights":1381,"roadKm":28,"perKm":49.3}},{"type":"Feature","geometry":{"type":"Polygon","coordinates":[[[77.54519,12.98501],[77.54245,12.98567],[77.54238,12.98512],[77.54183,12.98519],[77.54203,12.98317],[77.54257,12.98329],[77.54286,12.98166],[77.54277,12.98085],[77.54434,12.9808],[77.54426,12.97923],[77.54403,12.97824],[77.54559,12.97761],[77.5469,12.9766],[77.54958,12.97395],[77.55008,12.97373],[77.55097,12.97391],[77.55294,12.97538],[77.55449,12.97556],[77.55514,12.97695],[77.55453,12.97732],[77.55525,12.98012],[77.55379,12.97998],[77.55388,12.98061],[77.5537,12.98064],[77.54907,12.98084],[77.54905,12.9843],[77.54519,12.98501]]]},"properties":{"ward":106,"name":"Dr. Raj Kumar Ward","lights":1475,"roadKm":30,"perKm":49.2}},{"type":"Feature","geometry":{"type":"Polygon","coordinates":[[[77.55438,12.99],[77.55072,12.9901],[77.55108,12.99248],[77.55107,12.9935],[77.54581,12.99338],[77.54603,12.99137],[77.5456,12.98909],[77.5452,12.9851],[77.54905,12.9843],[77.54911,12.98497],[77.55159,12.98453],[77.55411,12.98437],[77.55438,12.99]]]},"properties":{"ward":107,"name":"Shivanagara","lights":1035,"roadKm":28,"perKm":37}},{"type":"Feature","geometry":{"type":"Polygon","coordinates":[[[77.56159,12.98261],[77.56077,12.98287],[77.56024,12.9835],[77.56004,12.98679],[77.55982,12.98766],[77.55784,12.99101],[77.55611,12.98996],[77.55438,12.99],[77.55411,12.98437],[77.55159,12.98453],[77.54911,12.98497],[77.549,12.98092],[77.55384,12.98063],[77.55379,12.97998],[77.55525,12.98012],[77.55456,12.97738],[77.55517,12.97701],[77.55553,12.97749],[77.55666,12.97822],[77.55808,12.9788],[77.55894,12.9789],[77.55926,12.97987],[77.56065,12.98041],[77.56096,12.98102],[77.56111,12.98184],[77.56159,12.98196],[77.56159,12.98261]]]},"properties":{"ward":108,"name":"Sriramamandir","lights":2032,"roadKm":33,"perKm":61.6}},{"type":"Feature","geometry":{"type":"Polygon","coordinates":[[[77.57949,12.97371],[77.57829,12.97426],[77.57754,12.97328],[77.57544,12.97396],[77.57487,12.97315],[77.57438,12.97347],[77.57293,12.97384],[77.57232,12.97253],[77.57167,12.97297],[77.57029,12.97299],[77.57022,12.97011],[77.5719,12.96992],[77.57801,12.96674],[77.57865,12.96799],[77.58128,12.96654],[77.58224,12.96832],[77.58295,12.97017],[77.5828,12.97038],[77.58277,12.97204],[77.58142,12.97286],[77.57949,12.97371]]]},"properties":{"ward":109,"name":"Chickpete","lights":1030,"roadKm":38,"perKm":27.1}},{"type":"Feature","geometry":{"type":"Polygon","coordinates":[[[77.59551,12.98637],[77.59282,12.98975],[77.58954,12.98597],[77.58901,12.98649],[77.58882,12.98633],[77.58801,12.98447],[77.58818,12.98443],[77.58699,12.98207],[77.58289,12.97567],[77.58104,12.97308],[77.58277,12.97204],[77.5844,12.97039],[77.58435,12.9687],[77.5852,12.96781],[77.58724,12.96685],[77.58662,12.96593],[77.58662,12.96573],[77.58956,12.96304],[77.5905,12.96266],[77.5936,12.9622],[77.59466,12.96232],[77.5946,12.96219],[77.59529,12.96268],[77.59626,12.96364],[77.59679,12.96458],[77.59677,12.96486],[77.59616,12.96501],[77.59575,12.96535],[77.59503,12.96657],[77.59498,12.96775],[77.59399,12.97188],[77.5941,12.97222],[77.59512,12.9735],[77.5992,12.97662],[77.59736,12.9808],[77.59749,12.98095],[77.61426,12.97541],[77.61501,12.97714],[77.61545,12.97862],[77.61533,12.97906],[77.61479,12.97929],[77.6156,12.98119],[77.6156,12.98204],[77.61542,12.9826],[77.6143,12.98254],[77.61297,12.98294],[77.61276,12.98272],[77.61236,12.98312],[77.61098,12.98361],[77.61065,12.98305],[77.60724,12.98414],[77.60685,12.98421],[77.60664,12.98376],[77.60504,12.98411],[77.60341,12.98415],[77.60174,12.98467],[77.59787,12.98401],[77.59715,12.98446],[77.59551,12.98637]]]},"properties":{"ward":110,"name":"Sampangiram Nagar","lights":2018,"roadKm":58,"perKm":34.8}},{"type":"Feature","geometry":{"type":"Polygon","coordinates":[[[77.59752,12.98094],[77.59736,12.9808],[77.5992,12.97662],[77.59512,12.9735],[77.594,12.97191],[77.59498,12.96775],[77.59503,12.96657],[77.59598,12.96511],[77.59677,12.96486],[77.59679,12.96458],[77.59643,12.96388],[77.59506,12.96253],[77.59523,12.96237],[77.59732,12.96208],[77.59908,12.96154],[77.60244,12.95977],[77.60297,12.96126],[77.60259,12.96137],[77.60305,12.96285],[77.60327,12.9628],[77.60362,12.96393],[77.60448,12.96361],[77.60468,12.96475],[77.60469,12.96589],[77.60883,12.96663],[77.61098,12.96358],[77.61248,12.96174],[77.61233,12.96022],[77.61293,12.96021],[77.61367,12.96057],[77.61376,12.96154],[77.61623,12.96163],[77.61895,12.9625],[77.61761,12.96538],[77.61974,12.96554],[77.62049,12.9667],[77.6199,12.96844],[77.61948,12.9726],[77.6141,12.97371],[77.61391,12.97388],[77.61432,12.97538],[77.59752,12.98094]]]},"properties":{"ward":111,"name":"Shantala Nagar","lights":1547,"roadKm":61,"perKm":25.4}},{"type":"Feature","geometry":{"type":"Polygon","coordinates":[[[77.64127,12.97028],[77.64112,12.97266],[77.63813,12.97251],[77.63398,12.97084],[77.62897,12.9692],[77.62893,12.96814],[77.63102,12.96812],[77.63311,12.96849],[77.63357,12.96616],[77.6339,12.96537],[77.63355,12.96536],[77.63358,12.96467],[77.63429,12.96469],[77.63416,12.96376],[77.63427,12.96308],[77.63442,12.96305],[77.63429,12.96178],[77.63477,12.96143],[77.63479,12.96093],[77.6364,12.95629],[77.63622,12.95625],[77.6367,12.95534],[77.63979,12.9516],[77.6411,12.95387],[77.64133,12.9547],[77.6434,12.9547],[77.64382,12.95626],[77.64338,12.95785],[77.64377,12.95798],[77.64305,12.95851],[77.6424,12.96056],[77.64169,12.96064],[77.64127,12.97028]]]},"properties":{"ward":112,"name":"Domlur","lights":1971,"roadKm":51,"perKm":38.6}},{"type":"Feature","geometry":{"type":"Polygon","coordinates":[[[77.66014,12.96235],[77.66029,12.96283],[77.65939,12.96301],[77.65937,12.96329],[77.65671,12.96308],[77.65604,12.96205],[77.65554,12.95991],[77.65533,12.95941],[77.65518,12.95937],[77.65042,12.95965],[77.6424,12.96056],[77.64305,12.95851],[77.64377,12.95798],[77.64338,12.95785],[77.64382,12.95626],[77.6434,12.9547],[77.64139,12.9547],[77.64077,12.95327],[77.64174,12.95351],[77.64236,12.95396],[77.64427,12.95334],[77.64464,12.9512],[77.64535,12.94955],[77.64656,12.94786],[77.64782,12.94717],[77.64908,12.946],[77.64942,12.94739],[77.6491,12.94794],[77.64933,12.9491],[77.6511,12.95111],[77.65225,12.95178],[77.65253,12.95251],[77.65842,12.95293],[77.661,12.95287],[77.66105,12.95435],[77.66241,12.95426],[77.66249,12.95497],[77.66192,12.95501],[77.66192,12.95546],[77.66087,12.95545],[77.66089,12.95557],[77.66104,12.95571],[77.66341,12.95576],[77.66304,12.95683],[77.66359,12.95889],[77.66129,12.9593],[77.65972,12.9591],[77.65984,12.96029],[77.66021,12.9609],[77.6598,12.96108],[77.66014,12.96235]]]},"properties":{"ward":113,"name":"Konena Agrahara","lights":2373,"roadKm":47,"perKm":50.5}},{"type":"Feature","geometry":{"type":"Polygon","coordinates":[[[77.62616,12.97376],[77.62535,12.97508],[77.62156,12.97279],[77.61948,12.9726],[77.6199,12.96844],[77.62049,12.9667],[77.61974,12.96554],[77.61761,12.96538],[77.61895,12.9625],[77.61623,12.96163],[77.61376,12.96154],[77.61367,12.96057],[77.61325,12.9603],[77.61233,12.9602],[77.61213,12.95844],[77.61659,12.95797],[77.61677,12.95709],[77.61778,12.95694],[77.61771,12.95721],[77.61901,12.95732],[77.619,12.95681],[77.61918,12.95667],[77.62107,12.95657],[77.62095,12.95596],[77.62325,12.95482],[77.62424,12.95417],[77.62516,12.95324],[77.62587,12.95221],[77.62726,12.94949],[77.62705,12.94932],[77.62767,12.94859],[77.6295,12.94551],[77.63319,12.93754],[77.63575,12.93512],[77.63578,12.93501],[77.63448,12.93461],[77.63381,12.93354],[77.6334,12.93172],[77.63397,12.93109],[77.63398,12.93054],[77.63558,12.92894],[77.63651,12.92852],[77.63694,12.92858],[77.63798,12.93012],[77.63833,12.93027],[77.64029,12.92921],[77.64212,12.92905],[77.64128,12.92612],[77.63987,12.9261],[77.63932,12.9259],[77.63919,12.92415],[77.64128,12.92339],[77.64543,12.92447],[77.64932,12.92469],[77.65173,12.92424],[77.65151,12.92268],[77.65157,12.9212],[77.65358,12.92097],[77.65371,12.92067],[77.65487,12.92058],[77.66051,12.91653],[77.66221,12.91831],[77.66281,12.92031],[77.66284,12.92122],[77.66122,12.9217],[77.6625,12.92569],[77.66359,12.92811],[77.66226,12.92959],[77.66144,12.93005],[77.65914,12.92976],[77.65522,12.93512],[77.66054,12.93823],[77.66045,12.93835],[77.65907,12.93833],[77.65901,12.93791],[77.65821,12.93795],[77.65817,12.93877],[77.6577,12.93885],[77.65733,12.93948],[77.6565,12.9401],[77.65472,12.94022],[77.65395,12.94053],[77.65,12.94252],[77.64802,12.94374],[77.64747,12.94425],[77.64747,12.9448],[77.64242,12.949],[77.63979,12.9516],[77.6367,12.95534],[77.63622,12.95625],[77.6364,12.95629],[77.63479,12.96093],[77.63477,12.96143],[77.63429,12.96178],[77.63429,12.96285],[77.63442,12.96305],[77.63427,12.96308],[77.63416,12.96376],[77.63429,12.96459],[77.63358,12.96467],[77.63355,12.96536],[77.6339,12.96537],[77.63357,12.96616],[77.63311,12.96849],[77.63102,12.96812],[77.62893,12.96814],[77.62897,12.9692],[77.62616,12.97376]]]},"properties":{"ward":114,"name":"Agaram","lights":1109,"roadKm":35,"perKm":31.7}},{"type":"Feature","geometry":{"type":"Polygon","coordinates":[[[77.6189,12.9495],[77.62001,12.94871],[77.62146,12.9516],[77.62166,12.95162],[77.62347,12.95079],[77.62576,12.95026],[77.62699,12.94937],[77.62726,12.94949],[77.62587,12.95221],[77.62491,12.95354],[77.62325,12.95482],[77.62101,12.9559],[77.62107,12.95657],[77.61918,12.95667],[77.619,12.95681],[77.61901,12.95732],[77.61771,12.95721],[77.61778,12.95694],[77.61684,12.95709],[77.61662,12.95797],[77.61213,12.95844],[77.61184,12.95613],[77.61134,12.95485],[77.61139,12.95454],[77.61235,12.95405],[77.61338,12.95395],[77.61331,12.95369],[77.61372,12.95359],[77.61417,12.95505],[77.61763,12.95365],[77.61797,12.95267],[77.61852,12.9523],[77.61889,12.95227],[77.6189,12.95162],[77.62001,12.9518],[77.61892,12.9498],[77.61903,12.94972],[77.6189,12.9495]]]},"properties":{"ward":115,"name":"Vannarpet","lights":962,"roadKm":30,"perKm":32.1}},{"type":"Feature","geometry":{"type":"Polygon","coordinates":[[[77.6142,12.95504],[77.61372,12.95359],[77.61331,12.95369],[77.61338,12.95395],[77.61245,12.95416],[77.61255,12.95366],[77.61208,12.95243],[77.61144,12.95163],[77.60989,12.95174],[77.60953,12.94998],[77.60753,12.95039],[77.60743,12.94979],[77.6058,12.94998],[77.60588,12.94971],[77.6111,12.94893],[77.61147,12.94898],[77.6117,12.94924],[77.61249,12.9493],[77.6171,12.94924],[77.61702,12.94914],[77.61934,12.94743],[77.62001,12.94871],[77.61911,12.94924],[77.61918,12.94935],[77.6189,12.9495],[77.61903,12.94972],[77.61892,12.9498],[77.62001,12.9518],[77.6189,12.95162],[77.61889,12.95227],[77.61852,12.9523],[77.61797,12.95267],[77.6178,12.95292],[77.61776,12.95356],[77.6142,12.95504]]]},"properties":{"ward":116,"name":"Nilasandra","lights":987,"roadKm":30,"perKm":32.9}},{"type":"Feature","geometry":{"type":"Polygon","coordinates":[[[77.60953,12.94998],[77.60989,12.95174],[77.61144,12.95163],[77.61161,12.95194],[77.61195,12.95212],[77.61253,12.95359],[77.61244,12.95398],[77.61164,12.95431],[77.61131,12.95475],[77.61184,12.95613],[77.61248,12.96174],[77.61098,12.96358],[77.60883,12.96663],[77.60469,12.96589],[77.60468,12.96475],[77.60448,12.96361],[77.60362,12.96396],[77.60327,12.9628],[77.60305,12.96285],[77.60259,12.96137],[77.60297,12.96126],[77.60244,12.95977],[77.59996,12.96118],[77.59848,12.96175],[77.59499,12.96248],[77.59462,12.96222],[77.59228,12.95611],[77.60036,12.94976],[77.60336,12.95051],[77.60743,12.94979],[77.60753,12.95039],[77.60953,12.94998]]]},"properties":{"ward":117,"name":"Shanthi Nagar","lights":1137,"roadKm":43,"perKm":26.4}},{"type":"Feature","geometry":{"type":"Polygon","coordinates":[[[77.587,12.96536],[77.58677,12.96559],[77.5852,12.96379],[77.58216,12.95777],[77.58017,12.95891],[77.57912,12.95903],[77.57847,12.95875],[77.57768,12.95882],[77.57744,12.95625],[77.57917,12.95537],[77.58088,12.95493],[77.58305,12.95469],[77.58542,12.95405],[77.58623,12.95766],[77.58681,12.95908],[77.59119,12.95773],[77.59168,12.95714],[77.59201,12.95625],[77.59228,12.95611],[77.59466,12.96232],[77.59328,12.96223],[77.58996,12.96279],[77.587,12.96536]]]},"properties":{"ward":118,"name":"Sudham Nagara","lights":1435,"roadKm":30,"perKm":47.8}},{"type":"Feature","geometry":{"type":"Polygon","coordinates":[[[77.58677,12.96559],[77.58662,12.96593],[77.58733,12.9668],[77.58527,12.96777],[77.58435,12.9687],[77.5844,12.97039],[77.58277,12.97204],[77.5828,12.97038],[77.58295,12.97017],[77.58224,12.96832],[77.58128,12.96654],[77.57865,12.96799],[77.57617,12.96263],[77.5751,12.96112],[77.57362,12.9573],[77.57744,12.95625],[77.57768,12.95882],[77.57847,12.95875],[77.57912,12.95903],[77.58017,12.95891],[77.58216,12.95777],[77.5852,12.96379],[77.58677,12.96559]]]},"properties":{"ward":119,"name":"Dharmaraya Swamy Temple","lights":1731,"roadKm":41,"perKm":42.2}},{"type":"Feature","geometry":{"type":"Polygon","coordinates":[[[77.56673,12.97046],[77.56665,12.97067],[77.5669,12.9715],[77.56614,12.97428],[77.56581,12.97479],[77.56437,12.97588],[77.5627,12.97563],[77.56261,12.97226],[77.56156,12.97233],[77.56151,12.97198],[77.5611,12.97214],[77.5609,12.97206],[77.56079,12.97005],[77.56034,12.96851],[77.56112,12.9677],[77.56206,12.96724],[77.56308,12.96737],[77.56392,12.96801],[77.56422,12.96842],[77.56507,12.96814],[77.56557,12.96749],[77.56553,12.96674],[77.56631,12.96673],[77.56645,12.96715],[77.56776,12.96697],[77.56776,12.96722],[77.56793,12.96722],[77.56787,12.96822],[77.56804,12.96821],[77.57042,12.9679],[77.57385,12.96641],[77.57481,12.96831],[77.57171,12.97],[77.57022,12.97011],[77.57029,12.97299],[77.56912,12.97321],[77.56819,12.97082],[77.56804,12.96885],[77.56739,12.96897],[77.56708,12.96966],[77.5671,12.97022],[77.56673,12.97046]]]},"properties":{"ward":120,"name":"Cottonpete","lights":972,"roadKm":26,"perKm":37.4}},{"type":"Feature","geometry":{"type":"Polygon","coordinates":[[[77.56042,12.97733],[77.55975,12.97907],[77.55926,12.97987],[77.55894,12.9789],[77.55808,12.9788],[77.55687,12.97833],[77.5553,12.97728],[77.55449,12.97556],[77.5587,12.97577],[77.55844,12.97474],[77.55793,12.97379],[77.55794,12.97288],[77.55738,12.97025],[77.55717,12.9703],[77.55712,12.96947],[77.5552,12.96913],[77.55462,12.9674],[77.55538,12.9671],[77.55604,12.96706],[77.55735,12.9663],[77.55736,12.96588],[77.55838,12.96527],[77.55881,12.96476],[77.55986,12.96652],[77.56057,12.96603],[77.56115,12.96499],[77.56177,12.96468],[77.56435,12.96839],[77.56422,12.96842],[77.56392,12.96801],[77.56308,12.96737],[77.56206,12.96724],[77.56112,12.9677],[77.56034,12.96851],[77.56079,12.97005],[77.5609,12.97206],[77.5611,12.97214],[77.56151,12.97198],[77.56156,12.97233],[77.56261,12.97226],[77.5627,12.97563],[77.56129,12.97569],[77.56118,12.97658],[77.56027,12.97666],[77.56042,12.97733]]]},"properties":{"ward":121,"name":"Binnipete","lights":698,"roadKm":27,"perKm":25.9}},{"type":"Feature","geometry":{"type":"Polygon","coordinates":[[[77.55755,12.97106],[77.55794,12.97288],[77.55793,12.97379],[77.55844,12.97474],[77.5587,12.97577],[77.5545,12.97556],[77.55303,12.97155],[77.55156,12.96995],[77.55243,12.9695],[77.55456,12.96894],[77.55599,12.96935],[77.55712,12.96947],[77.55717,12.9703],[77.55738,12.97025],[77.55755,12.97106]]]},"properties":{"ward":122,"name":"Kempapura Agrahara","lights":637,"roadKm":16,"perKm":39.8}},{"type":"Feature","geometry":{"type":"Polygon","coordinates":[[[77.55389,12.97401],[77.5545,12.97556],[77.55294,12.97538],[77.55089,12.97386],[77.55036,12.97371],[77.54965,12.9739],[77.54838,12.97504],[77.54759,12.97423],[77.54426,12.97416],[77.53959,12.97326],[77.5387,12.97294],[77.53821,12.97261],[77.53784,12.97209],[77.54727,12.96899],[77.54743,12.96959],[77.54869,12.96953],[77.54841,12.9687],[77.54943,12.96825],[77.5503,12.96942],[77.55156,12.96995],[77.55294,12.97143],[77.55389,12.97401]]]},"properties":{"ward":123,"name":"Vijayanagar","lights":1636,"roadKm":27,"perKm":60.6}},{"type":"Feature","geometry":{"type":"Polygon","coordinates":[[[77.54626,12.96929],[77.53784,12.97209],[77.53666,12.96879],[77.53879,12.96817],[77.53819,12.96507],[77.54113,12.96426],[77.54354,12.96436],[77.54382,12.96403],[77.54473,12.96438],[77.54637,12.9644],[77.54826,12.96504],[77.55001,12.96636],[77.55144,12.96794],[77.55227,12.96831],[77.55456,12.96894],[77.55243,12.9695],[77.55163,12.96991],[77.5503,12.96942],[77.54943,12.96825],[77.54841,12.9687],[77.54869,12.96953],[77.54743,12.96959],[77.54727,12.96899],[77.54626,12.96929]]]},"properties":{"ward":124,"name":"Hosahalli","lights":1328,"roadKm":33,"perKm":40.2}},{"type":"Feature","geometry":{"type":"Polygon","coordinates":[[[77.52854,12.97281],[77.52781,12.97043],[77.52878,12.96983],[77.5289,12.97008],[77.53078,12.96968],[77.53057,12.96868],[77.53173,12.96846],[77.53259,12.96856],[77.53618,12.96753],[77.53788,12.97218],[77.53865,12.97291],[77.53543,12.97409],[77.53245,12.97472],[77.53282,12.9759],[77.53117,12.97621],[77.52901,12.97631],[77.52878,12.97288],[77.52854,12.97281]]]},"properties":{"ward":125,"name":"Marenahalli","lights":660,"roadKm":23,"perKm":28.7}},{"type":"Feature","geometry":{"type":"Polygon","coordinates":[[[77.52818,12.97186],[77.52702,12.97201],[77.5266,12.97066],[77.52645,12.97055],[77.52522,12.97079],[77.52495,12.97066],[77.52464,12.96988],[77.52448,12.96883],[77.5237,12.96718],[77.52325,12.96558],[77.52369,12.96351],[77.52326,12.96248],[77.52323,12.96206],[77.52341,12.96176],[77.52401,12.96168],[77.52632,12.96223],[77.52631,12.962],[77.52678,12.96196],[77.52664,12.96267],[77.52678,12.96354],[77.52646,12.9646],[77.52939,12.96493],[77.53047,12.96467],[77.53329,12.9647],[77.53469,12.96434],[77.53615,12.96747],[77.53259,12.96856],[77.53173,12.96846],[77.53057,12.96868],[77.53078,12.96968],[77.5289,12.97008],[77.52878,12.96983],[77.52781,12.97043],[77.52818,12.97186]]]},"properties":{"ward":126,"name":"Maruthi Mandir ward","lights":1850,"roadKm":26,"perKm":71.2}},{"type":"Feature","geometry":{"type":"Polygon","coordinates":[[[77.52218,12.974],[77.52051,12.97434],[77.52052,12.97453],[77.51822,12.97528],[77.51779,12.97479],[77.51749,12.97376],[77.51751,12.97326],[77.51811,12.97305],[77.51823,12.97284],[77.518,12.97202],[77.51838,12.97127],[77.51849,12.97065],[77.51819,12.96997],[77.51763,12.96931],[77.51755,12.96842],[77.51818,12.96769],[77.5181,12.967],[77.5174,12.96629],[77.51757,12.96592],[77.51843,12.9655],[77.51844,12.96501],[77.51819,12.96425],[77.51754,12.96369],[77.51922,12.96348],[77.51927,12.96362],[77.52015,12.96333],[77.52037,12.96377],[77.52048,12.96373],[77.52046,12.96348],[77.52076,12.96341],[77.52081,12.96317],[77.52067,12.96182],[77.52203,12.96179],[77.52324,12.96231],[77.52369,12.96351],[77.52325,12.96558],[77.5237,12.96718],[77.52448,12.96883],[77.52464,12.96988],[77.52495,12.97066],[77.52522,12.97079],[77.52656,12.97059],[77.52702,12.97201],[77.52813,12.97185],[77.52852,12.97262],[77.52858,12.97352],[77.52641,12.97355],[77.5256,12.97376],[77.52543,12.97334],[77.52236,12.97427],[77.52218,12.974]]]},"properties":{"ward":127,"name":"Mudalapalya","lights":1989,"roadKm":37,"perKm":53.8}},{"type":"Feature","geometry":{"type":"Polygon","coordinates":[[[77.52083,12.96337],[77.52046,12.96348],[77.52037,12.96377],[77.52022,12.96333],[77.51927,12.96362],[77.51922,12.96348],[77.51754,12.96366],[77.51778,12.96197],[77.51739,12.96178],[77.51609,12.96176],[77.5159,12.96042],[77.51501,12.95899],[77.51459,12.95775],[77.51326,12.95819],[77.51227,12.95911],[77.51199,12.95927],[77.51178,12.95919],[77.51207,12.9584],[77.51187,12.95717],[77.51208,12.95646],[77.51178,12.95565],[77.51229,12.9548],[77.51132,12.95337],[77.51129,12.95265],[77.51156,12.9517],[77.51118,12.95077],[77.51112,12.95016],[77.51191,12.94939],[77.51244,12.94989],[77.51391,12.94983],[77.51514,12.95067],[77.51722,12.95413],[77.51799,12.95499],[77.5195,12.95448],[77.51998,12.95287],[77.52028,12.95237],[77.52054,12.95243],[77.52107,12.95213],[77.52091,12.95146],[77.52208,12.94977],[77.52193,12.94924],[77.52339,12.94945],[77.52451,12.94934],[77.52455,12.94948],[77.52406,12.94964],[77.52414,12.95207],[77.52546,12.95214],[77.52555,12.95301],[77.52733,12.9527],[77.5286,12.95687],[77.52746,12.95773],[77.52504,12.95887],[77.51941,12.95961],[77.51936,12.9597],[77.52032,12.96047],[77.52067,12.96182],[77.52083,12.96337]]]},"properties":{"ward":128,"name":"Nagarabhavi","lights":2613,"roadKm":45,"perKm":58.1}},{"type":"Feature","geometry":{"type":"Polygon","coordinates":[[[77.50557,12.98972],[77.5045,12.99018],[77.50396,12.99021],[77.50282,12.99002],[77.49986,12.98892],[77.49819,12.98886],[77.49574,12.98821],[77.49502,12.98669],[77.49309,12.98085],[77.49283,12.97885],[77.49317,12.97373],[77.49304,12.97049],[77.49641,12.97],[77.49708,12.97021],[77.49814,12.97026],[77.49847,12.9702],[77.49806,12.96977],[77.49881,12.96946],[77.49837,12.96869],[77.49722,12.96821],[77.49671,12.96768],[77.49679,12.96692],[77.49632,12.96544],[77.49678,12.96481],[77.4968,12.96453],[77.49634,12.96435],[77.49581,12.96371],[77.49523,12.9624],[77.49492,12.96233],[77.49292,12.96286],[77.49208,12.96252],[77.49197,12.96212],[77.49179,12.96259],[77.49005,12.96299],[77.48993,12.96204],[77.4886,12.96228],[77.48623,12.96323],[77.48609,12.96315],[77.48552,12.95786],[77.48505,12.9564],[77.48502,12.95542],[77.48567,12.95504],[77.48562,12.95324],[77.48555,12.95298],[77.48509,12.95264],[77.48508,12.95211],[77.48467,12.95158],[77.486,12.9512],[77.48866,12.94941],[77.48864,12.94899],[77.49028,12.94749],[77.49285,12.94764],[77.49675,12.94732],[77.49659,12.94697],[77.49808,12.94684],[77.49961,12.94639],[77.49921,12.94468],[77.5001,12.94431],[77.4999,12.94339],[77.49937,12.94359],[77.49764,12.94101],[77.49717,12.94001],[77.49938,12.93838],[77.49959,12.9379],[77.49908,12.93573],[77.49994,12.93545],[77.4991,12.93075],[77.49857,12.93083],[77.49859,12.92771],[77.49914,12.92522],[77.50044,12.92633],[77.5023,12.92754],[77.50352,12.92898],[77.50552,12.92978],[77.50646,12.9313],[77.50832,12.93254],[77.51062,12.93455],[77.51166,12.93516],[77.51393,12.93582],[77.51297,12.93743],[77.51283,12.93822],[77.51367,12.93849],[77.51402,12.9388],[77.51474,12.93988],[77.51459,12.94066],[77.51481,12.94192],[77.51573,12.94222],[77.51625,12.94394],[77.51643,12.94409],[77.51699,12.94409],[77.51713,12.94439],[77.51688,12.94491],[77.51622,12.94547],[77.5151,12.94687],[77.51303,12.94783],[77.51283,12.94866],[77.51192,12.9493],[77.51112,12.95016],[77.51118,12.95077],[77.51156,12.9517],[77.51129,12.95265],[77.51132,12.95337],[77.51228,12.95474],[77.51178,12.95571],[77.51206,12.9564],[77.51187,12.95717],[77.51207,12.95846],[77.51177,12.95898],[77.51179,12.95922],[77.51227,12.95911],[77.51326,12.95819],[77.51447,12.9577],[77.51466,12.95784],[77.51501,12.95899],[77.51548,12.95961],[77.51143,12.96112],[77.51005,12.96106],[77.50525,12.96037],[77.50439,12.96047],[77.50511,12.96347],[77.50483,12.96498],[77.50494,12.96611],[77.50671,12.97047],[77.50882,12.97366],[77.51001,12.97659],[77.51095,12.98046],[77.51105,12.98266],[77.51078,12.98363],[77.5108,12.98481],[77.51176,12.98641],[77.51224,12.98797],[77.51086,12.98837],[77.51017,12.98813],[77.50942,12.98812],[77.50851,12.98891],[77.50686,12.98922],[77.50557,12.98972]]]},"properties":{"ward":129,"name":"Jnana Bharathi ward","lights":5476,"roadKm":233,"perKm":23.5}},{"type":"Feature","geometry":{"type":"Polygon","coordinates":[[[77.47511,12.97146],[77.47409,12.97146],[77.474,12.97015],[77.47345,12.96956],[77.47289,12.96953],[77.47272,12.96917],[77.47184,12.96836],[77.47159,12.96671],[77.47142,12.96654],[77.47158,12.96611],[77.47221,12.96009],[77.47227,12.95842],[77.47192,12.95482],[77.47149,12.95241],[77.47273,12.95157],[77.47187,12.95055],[77.4712,12.95049],[77.4711,12.94964],[77.47231,12.94955],[77.47495,12.949],[77.47615,12.94858],[77.47447,12.94346],[77.47318,12.94196],[77.47253,12.94065],[77.47292,12.94032],[77.47419,12.94],[77.47493,12.93961],[77.4769,12.93798],[77.4792,12.93691],[77.48091,12.93717],[77.48207,12.93776],[77.48456,12.93754],[77.48343,12.93235],[77.48376,12.93079],[77.48397,12.93061],[77.48323,12.92939],[77.48252,12.92761],[77.48238,12.92765],[77.48207,12.92735],[77.48185,12.9261],[77.48124,12.92532],[77.48105,12.92436],[77.48113,12.92398],[77.4814,12.92376],[77.48228,12.92345],[77.4829,12.92529],[77.48511,12.92463],[77.48791,12.9326],[77.48814,12.93274],[77.48862,12.93272],[77.49044,12.93227],[77.49136,12.93336],[77.49118,12.93156],[77.49064,12.9302],[77.49047,12.92814],[77.49002,12.92657],[77.48944,12.92531],[77.48913,12.92352],[77.48851,12.92289],[77.4882,12.92202],[77.48811,12.92147],[77.48832,12.92104],[77.49566,12.92433],[77.49894,12.926],[77.49852,12.92866],[77.49857,12.93083],[77.4991,12.93075],[77.49994,12.93545],[77.49908,12.93573],[77.49959,12.9379],[77.49938,12.93838],[77.49717,12.94001],[77.49764,12.94101],[77.49937,12.94359],[77.4999,12.94339],[77.5001,12.94431],[77.4992,12.94466],[77.49961,12.94639],[77.49808,12.94684],[77.49659,12.94697],[77.49675,12.94732],[77.49285,12.94764],[77.49028,12.94749],[77.48864,12.94899],[77.48866,12.94941],[77.486,12.9512],[77.48467,12.95158],[77.48508,12.95203],[77.48506,12.95256],[77.4855,12.9529],[77.48562,12.95324],[77.48567,12.95504],[77.48502,12.95542],[77.48505,12.9564],[77.48552,12.95786],[77.48609,12.96315],[77.48623,12.96323],[77.48631,12.96377],[77.48592,12.96679],[77.48548,12.96799],[77.48428,12.96965],[77.48353,12.97019],[77.48128,12.97117],[77.47874,12.97141],[77.47599,12.97129],[77.47511,12.97146]]]},"properties":{"ward":130,"name":"Ullalu","lights":4874,"roadKm":235,"perKm":20.7}},{"type":"Feature","geometry":{"type":"Polygon","coordinates":[[[77.52414,12.95207],[77.52406,12.94964],[77.52455,12.94948],[77.52452,12.94937],[77.52283,12.94942],[77.52193,12.94924],[77.52208,12.94976],[77.52091,12.95146],[77.5211,12.95205],[77.52063,12.9524],[77.52035,12.95241],[77.51998,12.95287],[77.5195,12.95448],[77.51799,12.95499],[77.51722,12.95413],[77.51514,12.95067],[77.51391,12.94983],[77.51244,12.94989],[77.51191,12.94939],[77.51286,12.9486],[77.51296,12.94788],[77.51503,12.94693],[77.51711,12.9445],[77.517,12.94409],[77.51643,12.94409],[77.51625,12.94394],[77.51573,12.94222],[77.51481,12.94192],[77.5146,12.9407],[77.51478,12.94008],[77.51457,12.9396],[77.5138,12.93857],[77.51283,12.93822],[77.51297,12.93743],[77.51389,12.9359],[77.51666,12.93633],[77.51908,12.9365],[77.52064,12.93713],[77.52161,12.9381],[77.52295,12.93901],[77.52349,12.93959],[77.52447,12.94072],[77.52659,12.94391],[77.5281,12.94536],[77.52647,12.94588],[77.52676,12.94929],[77.52733,12.9527],[77.52556,12.95301],[77.52546,12.95214],[77.52414,12.95207]]]},"properties":{"ward":131,"name":"Nayandahalli","lights":1573,"roadKm":40,"perKm":39.3}},{"type":"Feature","geometry":{"type":"Polygon","coordinates":[[[77.53469,12.96434],[77.53329,12.9647],[77.53056,12.96465],[77.52948,12.96492],[77.52646,12.9646],[77.52676,12.96357],[77.52664,12.96267],[77.52679,12.96206],[77.52631,12.962],[77.52632,12.96223],[77.52401,12.96168],[77.52341,12.96176],[77.52324,12.96231],[77.52203,12.96179],[77.52077,12.96181],[77.52032,12.96047],[77.51938,12.95974],[77.51941,12.95961],[77.52504,12.95887],[77.52746,12.95773],[77.5286,12.95683],[77.52742,12.95316],[77.52676,12.94929],[77.52644,12.94591],[77.52716,12.94733],[77.52995,12.95122],[77.53135,12.95202],[77.53459,12.95307],[77.53587,12.95405],[77.5348,12.95516],[77.53433,12.95701],[77.53308,12.96001],[77.53323,12.9609],[77.53469,12.96434]]]},"properties":{"ward":132,"name":"Attiguppe","lights":2327,"roadKm":46,"perKm":50.6}},{"type":"Feature","geometry":{"type":"Polygon","coordinates":[[[77.54113,12.96426],[77.53819,12.96507],[77.53879,12.96817],[77.53666,12.96879],[77.53306,12.96034],[77.53345,12.95889],[77.53433,12.95701],[77.5348,12.95516],[77.53669,12.95317],[77.53739,12.95107],[77.53771,12.95056],[77.53946,12.9513],[77.54121,12.95249],[77.54168,12.95303],[77.54079,12.95329],[77.54078,12.954],[77.53883,12.95421],[77.53928,12.95804],[77.54023,12.95912],[77.54382,12.96403],[77.54354,12.96436],[77.54113,12.96426]]]},"properties":{"ward":133,"name":"Hampi Nagar","lights":1581,"roadKm":38,"perKm":41.6}},{"type":"Feature","geometry":{"type":"Polygon","coordinates":[[[77.54574,12.96141],[77.54518,12.96226],[77.54557,12.96264],[77.54474,12.96312],[77.54382,12.96403],[77.54023,12.95912],[77.53928,12.95804],[77.53883,12.95421],[77.54078,12.954],[77.54075,12.95335],[77.54168,12.95303],[77.54248,12.95364],[77.54379,12.95415],[77.54527,12.95541],[77.54634,12.95606],[77.54841,12.95661],[77.54574,12.96141]]]},"properties":{"ward":134,"name":"Bapuji Nagar","lights":997,"roadKm":23,"perKm":43.3}},{"type":"Feature","geometry":{"type":"Polygon","coordinates":[[[77.55529,12.96446],[77.55513,12.96463],[77.5515,12.96584],[77.55168,12.96632],[77.55076,12.96656],[77.55072,12.96622],[77.55006,12.96641],[77.54802,12.96494],[77.54637,12.9644],[77.54473,12.96438],[77.54382,12.96403],[77.54441,12.96331],[77.54551,12.96272],[77.5455,12.96246],[77.54526,12.9623],[77.54574,12.96141],[77.5487,12.96086],[77.54924,12.96224],[77.54959,12.96206],[77.54974,12.96238],[77.55055,12.96213],[77.55114,12.96406],[77.55152,12.96441],[77.55278,12.96445],[77.55465,12.96422],[77.55529,12.96446]]]},"properties":{"ward":135,"name":"Padarayanapura","lights":865,"roadKm":13,"perKm":66.5}},{"type":"Feature","geometry":{"type":"Polygon","coordinates":[[[77.55664,12.96405],[77.55529,12.96446],[77.55465,12.96422],[77.55163,12.96444],[77.55114,12.96406],[77.55059,12.96222],[77.54974,12.96238],[77.54959,12.96206],[77.54924,12.96224],[77.5487,12.96086],[77.54574,12.96141],[77.54836,12.95669],[77.55112,12.95708],[77.55473,12.95823],[77.55532,12.95873],[77.55594,12.95964],[77.55715,12.96057],[77.55545,12.96301],[77.55634,12.96281],[77.55664,12.96405]]]},"properties":{"ward":136,"name":"Jagajivanaramnagar","lights":950,"roadKm":20,"perKm":47.5}},{"type":"Feature","geometry":{"type":"Polygon","coordinates":[[[77.56178,12.96466],[77.56115,12.96499],[77.56057,12.96603],[77.55986,12.96652],[77.55888,12.96475],[77.55838,12.96527],[77.55736,12.96588],[77.55735,12.9663],[77.55604,12.96706],[77.55538,12.9671],[77.55462,12.9674],[77.5552,12.96913],[77.5517,12.96809],[77.551,12.96754],[77.55006,12.96641],[77.55072,12.96622],[77.55076,12.96656],[77.55168,12.96632],[77.5515,12.96584],[77.55664,12.96405],[77.55634,12.96281],[77.55545,12.96301],[77.55715,12.96057],[77.55936,12.96153],[77.56178,12.96466]]]},"properties":{"ward":137,"name":"Rayapuram","lights":952,"roadKm":16,"perKm":59.5}},{"type":"Feature","geometry":{"type":"Polygon","coordinates":[[[77.56552,12.96685],[77.56558,12.96742],[77.56507,12.96814],[77.56435,12.96839],[77.56211,12.96508],[77.55909,12.9613],[77.56087,12.96163],[77.56249,12.96169],[77.56834,12.96372],[77.56804,12.96821],[77.56787,12.96822],[77.56793,12.96722],[77.56776,12.96722],[77.56776,12.96697],[77.56645,12.96715],[77.56641,12.96671],[77.56553,12.96674],[77.56552,12.96685]]]},"properties":{"ward":138,"name":"Chalavadipalya","lights":656,"roadKm":14,"perKm":46.9}},{"type":"Feature","geometry":{"type":"Polygon","coordinates":[[[77.57801,12.96674],[77.57485,12.96838],[77.57388,12.96645],[77.57042,12.9679],[77.56809,12.96821],[77.56834,12.96372],[77.56516,12.96264],[77.56525,12.9609],[77.56659,12.96077],[77.56685,12.96068],[77.56687,12.96042],[77.57171,12.96057],[77.57449,12.95981],[77.57546,12.96176],[77.57617,12.96263],[77.57801,12.96674]]]},"properties":{"ward":139,"name":"K R Market","lights":1098,"roadKm":26,"perKm":42.2}},{"type":"Feature","geometry":{"type":"Polygon","coordinates":[[[77.56516,12.96264],[77.56249,12.96169],[77.56012,12.96153],[77.5577,12.96091],[77.55609,12.95979],[77.55538,12.9588],[77.55456,12.95814],[77.55528,12.95587],[77.55563,12.95705],[77.55576,12.95837],[77.55858,12.95935],[77.55923,12.95941],[77.55927,12.95694],[77.55732,12.95532],[77.55696,12.95394],[77.55659,12.95325],[77.55851,12.95285],[77.55857,12.95321],[77.55992,12.95367],[77.56169,12.95332],[77.56336,12.95393],[77.56335,12.95687],[77.5635,12.95703],[77.57362,12.9573],[77.57456,12.95978],[77.57171,12.96057],[77.56687,12.96042],[77.56685,12.96068],[77.56659,12.96077],[77.56525,12.9609],[77.56516,12.96264]]]},"properties":{"ward":140,"name":"Chamrajapet","lights":2137,"roadKm":34,"perKm":62.9}},{"type":"Feature","geometry":{"type":"Polygon","coordinates":[[[77.5545,12.95811],[77.55112,12.95708],[77.54841,12.95661],[77.54959,12.95473],[77.54933,12.95474],[77.54915,12.95235],[77.55145,12.95225],[77.55279,12.95056],[77.55346,12.95086],[77.5544,12.95027],[77.55458,12.94976],[77.55474,12.94968],[77.55499,12.95056],[77.55632,12.95026],[77.55676,12.94999],[77.55808,12.95019],[77.55809,12.95039],[77.55717,12.95114],[77.55572,12.9516],[77.55599,12.95239],[77.55688,12.95374],[77.55732,12.95532],[77.55927,12.95694],[77.55923,12.95941],[77.55858,12.95935],[77.55576,12.95837],[77.55563,12.95705],[77.55528,12.95587],[77.5545,12.95811]]]},"properties":{"ward":141,"name":"Azad Nagar","lights":1284,"roadKm":26,"perKm":49.4}},{"type":"Feature","geometry":{"type":"Polygon","coordinates":[[[77.57375,12.94454],[77.57373,12.95319],[77.56986,12.95326],[77.5698,12.95402],[77.56752,12.95397],[77.56748,12.95511],[77.56567,12.95498],[77.56443,12.95528],[77.56459,12.95631],[77.56495,12.95629],[77.56496,12.95703],[77.56339,12.95701],[77.56341,12.95395],[77.56281,12.9538],[77.56224,12.95342],[77.56169,12.95339],[77.56179,12.95174],[77.5622,12.95092],[77.56224,12.95029],[77.56214,12.94993],[77.56157,12.94938],[77.56215,12.94891],[77.56276,12.94908],[77.56424,12.94848],[77.56427,12.9419],[77.56509,12.94173],[77.56491,12.94088],[77.56395,12.93921],[77.56592,12.93933],[77.5659,12.93974],[77.56611,12.94017],[77.56666,12.94022],[77.56677,12.9413],[77.56776,12.94261],[77.56799,12.94361],[77.57377,12.94369],[77.57375,12.94454]]]},"properties":{"ward":142,"name":"Sunkenahalli","lights":1621,"roadKm":50,"perKm":32.4}},{"type":"Feature","geometry":{"type":"Polygon","coordinates":[[[77.57362,12.9573],[77.56496,12.95703],[77.56495,12.95629],[77.56459,12.95631],[77.56443,12.95528],[77.56567,12.95498],[77.56748,12.95511],[77.56752,12.95397],[77.5698,12.95402],[77.56986,12.95326],[77.57373,12.95319],[77.57375,12.94454],[77.5772,12.94444],[77.57757,12.9442],[77.57774,12.94367],[77.57844,12.94361],[77.58521,12.94369],[77.58538,12.94487],[77.58601,12.94547],[77.58775,12.94617],[77.58971,12.9463],[77.59092,12.94738],[77.59227,12.94806],[77.59344,12.94892],[77.59275,12.95015],[77.59178,12.95104],[77.5871,12.95275],[77.58549,12.95401],[77.58305,12.95469],[77.58088,12.95493],[77.57917,12.95537],[77.57744,12.95625],[77.57362,12.9573]]]},"properties":{"ward":143,"name":"Vishveshwara Puram","lights":1563,"roadKm":52,"perKm":30.1}},{"type":"Feature","geometry":{"type":"Polygon","coordinates":[[[77.59714,12.94404],[77.59694,12.94483],[77.59654,12.94535],[77.59555,12.94593],[77.59434,12.94711],[77.59344,12.94892],[77.59227,12.94806],[77.59092,12.94738],[77.58971,12.9463],[77.5879,12.9462],[77.58704,12.94595],[77.58705,12.94376],[77.58901,12.94376],[77.58914,12.94314],[77.58934,12.94289],[77.58959,12.94285],[77.5901,12.94309],[77.59122,12.94248],[77.59121,12.94217],[77.59344,12.94152],[77.59255,12.94049],[77.59263,12.93798],[77.59346,12.93913],[77.59422,12.93952],[77.59764,12.93999],[77.59714,12.94404]]]},"properties":{"ward":144,"name":"Siddapura","lights":1225,"roadKm":15,"perKm":81.7}},{"type":"Feature","geometry":{"type":"Polygon","coordinates":[[[77.59228,12.95611],[77.59201,12.95625],[77.59168,12.95714],[77.59119,12.95773],[77.58681,12.95908],[77.58623,12.95766],[77.58542,12.95405],[77.58701,12.9528],[77.59166,12.95112],[77.59219,12.9507],[77.59284,12.95005],[77.59457,12.94681],[77.59555,12.94593],[77.59654,12.94535],[77.59694,12.94483],[77.59725,12.9432],[77.60267,12.94216],[77.60289,12.94369],[77.60261,12.94524],[77.60248,12.94759],[77.60342,12.95044],[77.60036,12.94976],[77.59228,12.95611]]]},"properties":{"ward":145,"name":"Hombegowda Nagara","lights":1820,"roadKm":36,"perKm":50.6}},{"type":"Feature","geometry":{"type":"Polygon","coordinates":[[[77.6058,12.94998],[77.60576,12.9501],[77.60342,12.95044],[77.60248,12.94759],[77.60261,12.94524],[77.60289,12.94369],[77.60267,12.94216],[77.59725,12.9432],[77.5976,12.94021],[77.59788,12.9394],[77.59874,12.93816],[77.59985,12.93743],[77.60641,12.93647],[77.60805,12.93586],[77.61005,12.93453],[77.6138,12.93167],[77.60814,12.94224],[77.6058,12.94998]]]},"properties":{"ward":146,"name":"Lakkasandra","lights":1150,"roadKm":29,"perKm":39.7}},{"type":"Feature","geometry":{"type":"Polygon","coordinates":[[[77.61875,12.94357],[77.61929,12.94533],[77.61874,12.9457],[77.6186,12.94601],[77.61934,12.94743],[77.61702,12.94914],[77.6171,12.94924],[77.61175,12.9493],[77.61147,12.94898],[77.6111,12.94893],[77.60588,12.94971],[77.60814,12.94224],[77.6123,12.93436],[77.61568,12.93606],[77.61703,12.93636],[77.61846,12.94099],[77.61731,12.94112],[77.61755,12.94356],[77.61826,12.94345],[77.61874,12.94347],[77.61875,12.94357]]]},"properties":{"ward":147,"name":"Adugodi","lights":1645,"roadKm":31,"perKm":53.1}},{"type":"Feature","geometry":{"type":"Polygon","coordinates":[[[77.62705,12.94932],[77.62584,12.95023],[77.62347,12.95079],[77.6215,12.95169],[77.6186,12.94595],[77.61874,12.9457],[77.62178,12.94339],[77.6251,12.94024],[77.6266,12.93769],[77.62873,12.93533],[77.63275,12.93135],[77.63325,12.92979],[77.63349,12.92984],[77.63404,12.93092],[77.6334,12.93172],[77.63381,12.93354],[77.63442,12.93457],[77.63574,12.93499],[77.63575,12.93512],[77.63319,12.93754],[77.6295,12.94551],[77.62767,12.94859],[77.62705,12.94932]]]},"properties":{"ward":148,"name":"Ejipura","lights":1555,"roadKm":48,"perKm":32.4}},{"type":"Feature","geometry":{"type":"Polygon","coordinates":[[[77.77028,12.96105],[77.77049,12.96194],[77.77031,12.96269],[77.76795,12.96305],[77.76764,12.96349],[77.76567,12.96252],[77.75763,12.95941],[77.75741,12.95918],[77.75697,12.95902],[77.75687,12.95912],[77.75577,12.95861],[77.74977,12.95677],[77.7495,12.95581],[77.74807,12.95588],[77.74821,12.95836],[77.74666,12.95875],[77.74551,12.95703],[77.7454,12.95718],[77.74485,12.9567],[77.74424,12.95648],[77.7431,12.95408],[77.74256,12.95353],[77.7417,12.95304],[77.74018,12.95288],[77.73957,12.95258],[77.7392,12.95207],[77.73837,12.95229],[77.73805,12.95208],[77.73753,12.95112],[77.73698,12.95104],[77.73541,12.95017],[77.7348,12.94967],[77.73419,12.94947],[77.73419,12.94924],[77.73399,12.94958],[77.73313,12.9494],[77.73302,12.94884],[77.73274,12.94881],[77.73275,12.94858],[77.73254,12.94858],[77.73265,12.94778],[77.73032,12.94795],[77.72859,12.94781],[77.72765,12.94723],[77.72547,12.94712],[77.725,12.9464],[77.723,12.94635],[77.72126,12.94539],[77.71946,12.94516],[77.71844,12.94462],[77.7172,12.94358],[77.71579,12.9475],[77.71502,12.95408],[77.71488,12.95441],[77.71463,12.95455],[77.71452,12.95596],[77.70448,12.95682],[77.70665,12.94138],[77.70263,12.9431],[77.6994,12.94421],[77.69937,12.94312],[77.69746,12.93367],[77.7013,12.93325],[77.70313,12.93273],[77.70461,12.93203],[77.70579,12.93131],[77.70753,12.92976],[77.70811,12.92877],[77.71034,12.92632],[77.71083,12.92558],[77.70779,12.92193],[77.70558,12.92015],[77.70367,12.91781],[77.7075,12.9154],[77.70942,12.91439],[77.70923,12.90873],[77.71537,12.91008],[77.71652,12.9093],[77.71948,12.91094],[77.72703,12.90817],[77.72827,12.91556],[77.74485,12.91632],[77.74525,12.91839],[77.74622,12.9198],[77.74856,12.9214],[77.75067,12.92146],[77.75117,12.92158],[77.75154,12.92198],[77.7518,12.92234],[77.75255,12.92536],[77.75708,12.92652],[77.76212,12.9283],[77.76468,12.9288],[77.76568,12.93201],[77.7656,12.93322],[77.76634,12.93495],[77.76632,12.93537],[77.76549,12.93703],[77.76531,12.9421],[77.76557,12.94659],[77.76446,12.95539],[77.7643,12.95795],[77.76546,12.95898],[77.76535,12.96065],[77.76556,12.96077],[77.76731,12.96029],[77.76905,12.96032],[77.77028,12.96105]]]},"properties":{"ward":149,"name":"Varthuru","lights":2952,"roadKm":202,"perKm":14.6}},{"type":"Feature","geometry":{"type":"Polygon","coordinates":[[[77.70448,12.95682],[77.70106,12.95691],[77.70001,12.95357],[77.69903,12.94836],[77.69796,12.9448],[77.69705,12.9449],[77.69556,12.94532],[77.69476,12.94511],[77.68971,12.94152],[77.68867,12.94101],[77.68803,12.94191],[77.68681,12.94174],[77.68549,12.94121],[77.68286,12.9426],[77.68146,12.94353],[77.68054,12.94375],[77.68032,12.94414],[77.67998,12.94406],[77.67766,12.94473],[77.67534,12.94569],[77.67378,12.94612],[77.67304,12.94648],[77.67291,12.94739],[77.67315,12.94819],[77.67093,12.94806],[77.67093,12.94711],[77.66836,12.94699],[77.66841,12.94655],[77.66664,12.94644],[77.66662,12.94602],[77.66474,12.94588],[77.66419,12.94446],[77.66271,12.94445],[77.66259,12.94464],[77.66261,12.94657],[77.65996,12.94759],[77.65608,12.94737],[77.65461,12.94772],[77.64982,12.94732],[77.64942,12.94741],[77.64908,12.946],[77.64782,12.94717],[77.64656,12.94786],[77.64535,12.94955],[77.64478,12.95071],[77.64421,12.95339],[77.64236,12.95396],[77.64179,12.95354],[77.64077,12.95327],[77.63979,12.9516],[77.64242,12.949],[77.64747,12.9448],[77.64747,12.94425],[77.64802,12.94374],[77.65,12.94252],[77.65395,12.94053],[77.65472,12.94022],[77.6565,12.9401],[77.65733,12.93948],[77.6577,12.93885],[77.65807,12.93878],[77.65821,12.93795],[77.65901,12.93791],[77.65907,12.93833],[77.66054,12.93828],[77.66054,12.93814],[77.65809,12.93669],[77.65522,12.93512],[77.65914,12.92976],[77.66144,12.93005],[77.66226,12.92959],[77.66359,12.92811],[77.66485,12.92798],[77.6653,12.92855],[77.66609,12.9307],[77.66703,12.93106],[77.66927,12.93095],[77.66928,12.92728],[77.66811,12.92433],[77.66707,12.92281],[77.66486,12.92067],[77.66314,12.91807],[77.66272,12.91804],[77.662,12.91602],[77.66123,12.9159],[77.66093,12.91398],[77.66017,12.91152],[77.65703,12.91145],[77.65478,12.90348],[77.65505,12.90276],[77.65639,12.9012],[77.65706,12.90074],[77.65718,12.90043],[77.65702,12.89971],[77.65682,12.8995],[77.65661,12.89975],[77.65586,12.89956],[77.65584,12.89819],[77.65537,12.89837],[77.65465,12.89826],[77.65519,12.89613],[77.6572,12.89409],[77.66075,12.89469],[77.66267,12.8945],[77.66344,12.89427],[77.66472,12.89435],[77.6696,12.8937],[77.67397,12.89283],[77.67639,12.89279],[77.68636,12.90583],[77.68876,12.90815],[77.7016,12.90474],[77.70778,12.90374],[77.70923,12.90873],[77.70942,12.91439],[77.7075,12.9154],[77.70367,12.91781],[77.70558,12.92015],[77.70779,12.92193],[77.71083,12.92558],[77.71034,12.92632],[77.70811,12.92877],[77.70753,12.92976],[77.70579,12.93131],[77.70461,12.93203],[77.70313,12.93273],[77.7013,12.93325],[77.69746,12.93367],[77.69937,12.94312],[77.6994,12.94421],[77.70263,12.9431],[77.70665,12.94138],[77.70448,12.95682]]]},"properties":{"ward":150,"name":"Bellanduru","lights":4984,"roadKm":249,"perKm":20}},{"type":"Feature","geometry":{"type":"Polygon","coordinates":[[[77.62112,12.94395],[77.61929,12.94533],[77.61874,12.94347],[77.61755,12.94356],[77.61731,12.94112],[77.61849,12.94104],[77.61703,12.93636],[77.61568,12.93606],[77.6123,12.93436],[77.61506,12.9295],[77.62022,12.92116],[77.62287,12.92264],[77.62401,12.92307],[77.62902,12.9242],[77.63669,12.92532],[77.63726,12.9252],[77.63919,12.92415],[77.63932,12.9259],[77.63981,12.92609],[77.64128,12.92612],[77.64212,12.92905],[77.64029,12.92921],[77.63833,12.93027],[77.63798,12.93012],[77.63694,12.92858],[77.63664,12.9285],[77.63558,12.92894],[77.63388,12.93061],[77.63349,12.92984],[77.63325,12.92979],[77.63275,12.93135],[77.62692,12.93729],[77.62612,12.93839],[77.6251,12.94024],[77.62112,12.94395]]]},"properties":{"ward":151,"name":"Koramangala","lights":2447,"roadKm":71,"perKm":34.5}},{"type":"Feature","geometry":{"type":"Polygon","coordinates":[[[77.6138,12.93167],[77.61005,12.93453],[77.60805,12.93586],[77.60641,12.93647],[77.60159,12.93713],[77.60072,12.93172],[77.60049,12.92663],[77.60096,12.92663],[77.60328,12.92799],[77.60494,12.92804],[77.60477,12.92742],[77.60442,12.92754],[77.60437,12.92743],[77.60477,12.92722],[77.60449,12.92632],[77.60504,12.92601],[77.60488,12.92518],[77.60578,12.92532],[77.60638,12.92565],[77.60695,12.92549],[77.60698,12.92505],[77.60836,12.92483],[77.6091,12.92505],[77.61016,12.92492],[77.61181,12.92423],[77.61338,12.92386],[77.61399,12.92347],[77.61461,12.92351],[77.61467,12.92377],[77.6158,12.92327],[77.61627,12.92464],[77.61655,12.92477],[77.61713,12.92384],[77.61823,12.92442],[77.6138,12.93167]]]},"properties":{"ward":152,"name":"Suddagunte Palya","lights":1645,"roadKm":38,"perKm":43.3}},{"type":"Feature","geometry":{"type":"Polygon","coordinates":[[[77.5871,12.94516],[77.58704,12.94595],[77.58573,12.94525],[77.58534,12.94476],[77.58521,12.94369],[77.57774,12.94362],[77.57761,12.94414],[77.57713,12.94446],[77.57375,12.94454],[77.5738,12.94069],[77.57766,12.94059],[77.57768,12.93967],[77.5801,12.93676],[77.5856,12.93658],[77.5878,12.93522],[77.58893,12.93578],[77.59005,12.93558],[77.59017,12.93635],[77.59063,12.93614],[77.59107,12.93661],[77.5927,12.93618],[77.59253,12.92858],[77.60052,12.92835],[77.60074,12.93193],[77.60159,12.93713],[77.59985,12.93743],[77.59908,12.93786],[77.59837,12.93862],[77.59764,12.93999],[77.59422,12.93952],[77.59346,12.93913],[77.59263,12.93798],[77.59255,12.94049],[77.59344,12.94152],[77.59121,12.94217],[77.59126,12.94246],[77.5901,12.94309],[77.58959,12.94285],[77.58934,12.94289],[77.58915,12.94308],[77.58901,12.94376],[77.58705,12.94376],[77.5871,12.94516]]]},"properties":{"ward":153,"name":"Jayanagar","lights":1940,"roadKm":47,"perKm":41.3}},{"type":"Feature","geometry":{"type":"Polygon","coordinates":[[[77.5738,12.94063],[77.57377,12.94369],[77.56793,12.94358],[77.56781,12.94269],[77.56677,12.9413],[77.56666,12.94022],[77.56603,12.94007],[77.56592,12.93933],[77.56449,12.93928],[77.5645,12.93745],[77.56404,12.93665],[77.56386,12.9367],[77.56266,12.93338],[77.56284,12.93304],[77.564,12.93243],[77.56369,12.93051],[77.56667,12.92996],[77.56738,12.93185],[77.56779,12.93249],[77.56813,12.93374],[77.56921,12.93357],[77.56929,12.93384],[77.57152,12.93342],[77.57173,12.93496],[77.57383,12.93476],[77.5738,12.94063]]]},"properties":{"ward":154,"name":"Basavanagudi","lights":2099,"roadKm":38,"perKm":55.2}},{"type":"Feature","geometry":{"type":"Polygon","coordinates":[[[77.56169,12.95332],[77.55992,12.95367],[77.55852,12.9532],[77.55851,12.95285],[77.55659,12.95325],[77.55599,12.95239],[77.55572,12.9516],[77.55717,12.95114],[77.55809,12.95039],[77.55808,12.95019],[77.55684,12.94997],[77.55575,12.95037],[77.55516,12.94747],[77.5575,12.94445],[77.55701,12.94442],[77.55652,12.94172],[77.55872,12.94157],[77.56428,12.94182],[77.56424,12.94848],[77.56276,12.94908],[77.56215,12.94891],[77.56158,12.94932],[77.56214,12.94993],[77.56224,12.95029],[77.5622,12.95092],[77.56179,12.95174],[77.56169,12.95332]]]},"properties":{"ward":155,"name":"Hanumanth Nagar","lights":1571,"roadKm":30,"perKm":52.4}},{"type":"Feature","geometry":{"type":"Polygon","coordinates":[[[77.55157,12.95211],[77.55145,12.95225],[77.5496,12.95228],[77.54941,12.95118],[77.55004,12.95085],[77.55008,12.95029],[77.5498,12.94882],[77.54985,12.94834],[77.54958,12.94789],[77.54965,12.94765],[77.54952,12.94741],[77.54965,12.94738],[77.54966,12.94685],[77.54947,12.94504],[77.55226,12.94465],[77.55219,12.94352],[77.55292,12.94332],[77.55214,12.93895],[77.5531,12.9386],[77.55541,12.93838],[77.55557,12.93962],[77.55757,12.93944],[77.5579,12.94164],[77.55652,12.94172],[77.55701,12.94442],[77.5575,12.94445],[77.55516,12.94747],[77.55575,12.95037],[77.55499,12.95056],[77.55474,12.94968],[77.55458,12.94976],[77.55446,12.9502],[77.55346,12.95086],[77.55279,12.95056],[77.55157,12.95211]]]},"properties":{"ward":156,"name":"Srinagar","lights":1302,"roadKm":29,"perKm":44.9}},{"type":"Feature","geometry":{"type":"Polygon","coordinates":[[[77.5488,12.9451],[77.54948,12.94501],[77.54971,12.94736],[77.54952,12.94741],[77.54985,12.94844],[77.55008,12.95029],[77.55004,12.95085],[77.54943,12.95117],[77.5496,12.95228],[77.54921,12.95232],[77.54933,12.95474],[77.54959,12.95473],[77.54841,12.95661],[77.54634,12.95606],[77.54527,12.95541],[77.54358,12.95401],[77.54214,12.95346],[77.54121,12.95249],[77.53903,12.95105],[77.53841,12.95086],[77.53822,12.95],[77.53739,12.94947],[77.53737,12.9488],[77.53799,12.94791],[77.53757,12.94695],[77.53754,12.94655],[77.53894,12.9464],[77.54011,12.94671],[77.54534,12.94532],[77.54553,12.9458],[77.54581,12.94575],[77.546,12.94598],[77.54697,12.94594],[77.54694,12.94572],[77.54884,12.94543],[77.5488,12.9451]]]},"properties":{"ward":157,"name":"Gali Anjenaya Temple ward","lights":1225,"roadKm":34,"perKm":36}},{"type":"Feature","geometry":{"type":"Polygon","coordinates":[[[77.53762,12.95057],[77.53675,12.95306],[77.53587,12.95405],[77.53459,12.95307],[77.53135,12.95202],[77.52995,12.95122],[77.52716,12.94733],[77.52644,12.94591],[77.52797,12.94549],[77.52969,12.94453],[77.5338,12.93773],[77.53434,12.93649],[77.53933,12.93364],[77.54063,12.93762],[77.53936,12.93791],[77.53897,12.93966],[77.53866,12.94352],[77.54492,12.94319],[77.54803,12.9424],[77.55,12.94217],[77.55032,12.9429],[77.55008,12.94299],[77.54981,12.94342],[77.54948,12.94497],[77.5488,12.9451],[77.54884,12.94543],[77.54694,12.94572],[77.54697,12.94594],[77.546,12.94598],[77.54581,12.94575],[77.54553,12.9458],[77.54534,12.94532],[77.54011,12.94671],[77.53894,12.9464],[77.53755,12.94646],[77.53757,12.94695],[77.53799,12.94796],[77.53747,12.94859],[77.53732,12.94926],[77.53747,12.94954],[77.53822,12.95],[77.53841,12.95086],[77.53762,12.95057]]]},"properties":{"ward":158,"name":"Deepanjali Nagar","lights":1819,"roadKm":50,"perKm":36.4}},{"type":"Feature","geometry":{"type":"Polygon","coordinates":[[[77.46211,12.89759],[77.46395,12.89852],[77.46557,12.89991],[77.46869,12.90185],[77.4697,12.90283],[77.47074,12.9047],[77.47125,12.9052],[77.47346,12.90673],[77.47409,12.907],[77.47526,12.90715],[77.47895,12.90923],[77.4818,12.91026],[77.48426,12.91035],[77.48509,12.91275],[77.48573,12.91327],[77.48744,12.91529],[77.4895,12.91651],[77.49073,12.91795],[77.49147,12.91917],[77.49269,12.92018],[77.49355,12.92149],[77.49588,12.92281],[77.49715,12.92333],[77.49759,12.92371],[77.49914,12.92522],[77.49901,12.92605],[77.49566,12.92433],[77.48832,12.92104],[77.48811,12.92147],[77.4882,12.92202],[77.48851,12.92289],[77.48913,12.92352],[77.48944,12.92531],[77.49002,12.92657],[77.49047,12.92814],[77.49064,12.9302],[77.49118,12.93156],[77.49136,12.93336],[77.49044,12.93227],[77.48862,12.93272],[77.48814,12.93274],[77.48791,12.9326],[77.48511,12.92463],[77.4829,12.92529],[77.48228,12.92345],[77.48116,12.92389],[77.48127,12.92363],[77.48093,12.92297],[77.47895,12.92375],[77.47879,12.9234],[77.47941,12.9232],[77.47919,12.92202],[77.47854,12.92257],[77.47786,12.92356],[77.47614,12.9241],[77.4748,12.92436],[77.47434,12.92257],[77.47354,12.92279],[77.47272,12.92344],[77.47241,12.92343],[77.47052,12.91759],[77.46606,12.91019],[77.46544,12.90926],[77.46515,12.90909],[77.46476,12.90825],[77.46465,12.90676],[77.46438,12.90609],[77.46384,12.90532],[77.46332,12.90505],[77.46152,12.9049],[77.4601,12.90384],[77.46022,12.90045],[77.46211,12.89759]]]},"properties":{"ward":159,"name":"Kengeri","lights":4712,"roadKm":99,"perKm":47.6}},{"type":"Feature","geometry":{"type":"Polygon","coordinates":[[[77.53434,12.93649],[77.5338,12.93773],[77.52998,12.94412],[77.52946,12.94474],[77.52813,12.94538],[77.52659,12.94391],[77.52447,12.94072],[77.52349,12.93959],[77.52295,12.93901],[77.52161,12.9381],[77.52064,12.93713],[77.51908,12.9365],[77.51666,12.93633],[77.51432,12.93596],[77.51166,12.93516],[77.51062,12.93455],[77.50922,12.93337],[77.50903,12.93318],[77.50994,12.933],[77.51094,12.93248],[77.51097,12.9289],[77.50985,12.92891],[77.50983,12.9291],[77.50893,12.92913],[77.50761,12.92901],[77.50545,12.92972],[77.5036,12.92902],[77.50265,12.92791],[77.50358,12.927],[77.5044,12.92655],[77.50514,12.9254],[77.50536,12.92528],[77.50781,12.92483],[77.51039,12.92478],[77.51053,12.92448],[77.51044,12.92383],[77.51149,12.92372],[77.51175,12.92221],[77.51163,12.92069],[77.51189,12.92049],[77.51185,12.91992],[77.51154,12.91973],[77.51145,12.9193],[77.51154,12.9182],[77.5122,12.91706],[77.51242,12.9163],[77.51341,12.91612],[77.51339,12.9143],[77.51096,12.91429],[77.5105,12.91228],[77.5098,12.91144],[77.50928,12.90986],[77.51062,12.90923],[77.51091,12.90878],[77.51106,12.90811],[77.51038,12.90725],[77.51045,12.90696],[77.51075,12.90673],[77.51209,12.90666],[77.51223,12.9063],[77.51221,12.90402],[77.5109,12.90392],[77.51112,12.90289],[77.51097,12.90249],[77.51136,12.90215],[77.5138,12.90206],[77.51405,12.90176],[77.51394,12.90151],[77.51323,12.90119],[77.51238,12.90023],[77.51358,12.89875],[77.51326,12.89811],[77.51393,12.89723],[77.51396,12.89648],[77.5143,12.89561],[77.51422,12.89525],[77.51388,12.8951],[77.51415,12.89425],[77.51384,12.89302],[77.51493,12.89295],[77.5153,12.89251],[77.5158,12.8924],[77.51589,12.89259],[77.51573,12.89328],[77.51592,12.89377],[77.5168,12.89362],[77.51724,12.89311],[77.51856,12.89339],[77.51895,12.8928],[77.51974,12.89297],[77.52098,12.89353],[77.52112,12.89373],[77.52114,12.89484],[77.52089,12.89603],[77.52056,12.89676],[77.52121,12.89767],[77.5225,12.89733],[77.52303,12.89766],[77.52341,12.89763],[77.52476,12.89724],[77.52498,12.89669],[77.52476,12.89617],[77.52442,12.89585],[77.52478,12.89544],[77.52531,12.89538],[77.52578,12.89583],[77.52618,12.89543],[77.52664,12.8953],[77.52909,12.89519],[77.53111,12.89455],[77.53128,12.89523],[77.53253,12.89766],[77.53285,12.89806],[77.5333,12.89838],[77.53362,12.89841],[77.53412,12.89896],[77.53457,12.89908],[77.53442,12.90056],[77.53449,12.90327],[77.53405,12.90344],[77.5341,12.90471],[77.53216,12.90503],[77.53159,12.90446],[77.5311,12.90428],[77.52981,12.90491],[77.52888,12.90508],[77.52591,12.90408],[77.52569,12.90429],[77.52556,12.90557],[77.5245,12.90647],[77.52456,12.90669],[77.52684,12.90667],[77.52736,12.91022],[77.52847,12.91382],[77.52811,12.91387],[77.5292,12.9196],[77.52865,12.9205],[77.52848,12.92111],[77.52826,12.92121],[77.52823,12.92151],[77.52834,12.9216],[77.53043,12.9208],[77.53111,12.92069],[77.53421,12.92051],[77.5376,12.92053],[77.53889,12.9202],[77.53943,12.92187],[77.53969,12.92189],[77.53999,12.9222],[77.54029,12.92329],[77.54029,12.92426],[77.5389,12.92482],[77.53774,12.92352],[77.537,12.92344],[77.53668,12.92418],[77.53675,12.92655],[77.53527,12.92713],[77.535,12.92737],[77.53515,12.92947],[77.53485,12.92928],[77.53483,12.92959],[77.53433,12.93033],[77.53409,12.9328],[77.53277,12.9355],[77.53362,12.93542],[77.53374,12.93604],[77.53434,12.93649]]]},"properties":{"ward":160,"name":"Rajarajeshwari Nagar","lights":5870,"roadKm":223,"perKm":26.3}},{"type":"Feature","geometry":{"type":"Polygon","coordinates":[[[77.53933,12.93364],[77.53438,12.93645],[77.53374,12.93604],[77.53362,12.93542],[77.53277,12.9355],[77.53409,12.9328],[77.53433,12.93033],[77.53483,12.92959],[77.53484,12.92929],[77.53515,12.92947],[77.535,12.92737],[77.53527,12.92713],[77.53661,12.92666],[77.53681,12.92642],[77.53668,12.92418],[77.53688,12.92355],[77.5371,12.92339],[77.53762,12.92344],[77.53894,12.92481],[77.53967,12.92458],[77.54037,12.92415],[77.53999,12.9222],[77.53973,12.92192],[77.5395,12.92191],[77.53861,12.91942],[77.53886,12.91874],[77.53839,12.91827],[77.53848,12.91804],[77.53929,12.9176],[77.54202,12.91886],[77.54276,12.92016],[77.54347,12.92189],[77.54345,12.92309],[77.54434,12.92604],[77.54484,12.92588],[77.54539,12.92721],[77.54583,12.92736],[77.54624,12.92808],[77.54242,12.9314],[77.53933,12.93364]]]},"properties":{"ward":161,"name":"Hosakerehalli","lights":1906,"roadKm":46,"perKm":41.4}},{"type":"Feature","geometry":{"type":"Polygon","coordinates":[[[77.55223,12.94411],[77.55226,12.94465],[77.54948,12.94501],[77.54985,12.94332],[77.5503,12.94292],[77.55002,12.94227],[77.54985,12.9422],[77.54803,12.9424],[77.54492,12.94319],[77.53866,12.94352],[77.53897,12.93966],[77.53935,12.93796],[77.54063,12.93762],[77.53933,12.93364],[77.54242,12.9314],[77.54556,12.92863],[77.54806,12.93152],[77.54922,12.93319],[77.55076,12.93456],[77.55099,12.93576],[77.55054,12.93597],[77.55069,12.93627],[77.55102,12.93609],[77.55154,12.93729],[77.55216,12.93715],[77.55247,12.93881],[77.55213,12.93898],[77.55292,12.94332],[77.55219,12.94352],[77.55223,12.94411]]]},"properties":{"ward":162,"name":"Girinagar","lights":2138,"roadKm":55,"perKm":38.9}},{"type":"Feature","geometry":{"type":"Polygon","coordinates":[[[77.55425,12.93084],[77.55616,12.93251],[77.55764,12.93345],[77.55725,12.93585],[77.55602,12.93609],[77.55679,12.93814],[77.5572,12.93797],[77.55731,12.93814],[77.55757,12.93944],[77.55557,12.93962],[77.55541,12.93838],[77.5531,12.9386],[77.55248,12.9388],[77.55216,12.93715],[77.55154,12.93729],[77.55102,12.93609],[77.55069,12.93627],[77.55054,12.93597],[77.55099,12.93576],[77.55076,12.93456],[77.54922,12.93319],[77.54806,12.93152],[77.54556,12.92863],[77.54912,12.92586],[77.5511,12.92475],[77.55332,12.92393],[77.55342,12.92609],[77.55467,12.92751],[77.55456,12.92857],[77.55491,12.92976],[77.55407,12.93006],[77.55417,12.93049],[77.55382,12.93061],[77.55425,12.93084]]]},"properties":{"ward":163,"name":"Katriguppe","lights":1421,"roadKm":38,"perKm":37.4}},{"type":"Feature","geometry":{"type":"Polygon","coordinates":[[[77.5643,12.9418],[77.5579,12.94164],[77.55731,12.93814],[77.5572,12.93797],[77.55679,12.93814],[77.55602,12.93609],[77.55725,12.93585],[77.55764,12.93345],[77.55616,12.93251],[77.55477,12.9312],[77.55382,12.93061],[77.55417,12.93049],[77.55407,12.93006],[77.55491,12.92976],[77.55456,12.92857],[77.55467,12.92751],[77.55342,12.92609],[77.55332,12.92393],[77.55435,12.9236],[77.55522,12.92556],[77.55619,12.92638],[77.55848,12.9279],[77.55925,12.92825],[77.56024,12.92948],[77.56144,12.93033],[77.56225,12.93065],[77.56361,12.9304],[77.56369,12.93051],[77.564,12.93243],[77.56284,12.93304],[77.56266,12.93338],[77.56386,12.9367],[77.56404,12.93665],[77.5645,12.93745],[77.56449,12.93928],[77.56403,12.93926],[77.56491,12.94088],[77.56509,12.94168],[77.56503,12.94179],[77.5643,12.9418]]]},"properties":{"ward":164,"name":"Vidyapeeta ward","lights":1758,"roadKm":42,"perKm":41.9}},{"type":"Feature","geometry":{"type":"Polygon","coordinates":[[[77.56369,12.93051],[77.56367,12.9304],[77.56261,12.93066],[77.56201,12.93062],[77.56024,12.92948],[77.55925,12.92825],[77.55848,12.9279],[77.55619,12.92638],[77.55522,12.92556],[77.55494,12.92518],[77.55439,12.92359],[77.55912,12.92208],[77.56153,12.92163],[77.56226,12.92025],[77.56333,12.91955],[77.56365,12.91917],[77.56422,12.91826],[77.56484,12.91674],[77.56547,12.9174],[77.56603,12.91877],[77.5687,12.91815],[77.57048,12.92466],[77.57053,12.92533],[77.57005,12.92609],[77.56954,12.92645],[77.5707,12.92646],[77.57114,12.92981],[77.56667,12.92996],[77.56369,12.93051]]]},"properties":{"ward":165,"name":"Ganesh Mandir ward","lights":1660,"roadKm":45,"perKm":36.9}},{"type":"Feature","geometry":{"type":"Polygon","coordinates":[[[77.57903,12.93084],[77.57618,12.9309],[77.57636,12.93035],[77.57526,12.9303],[77.57505,12.92924],[77.57114,12.92981],[77.5707,12.92646],[77.56954,12.92645],[77.57005,12.92609],[77.57053,12.92533],[77.56973,12.92161],[77.56867,12.91802],[77.56878,12.91718],[77.56965,12.91554],[77.56999,12.91567],[77.57039,12.91637],[77.57128,12.91659],[77.57255,12.9166],[77.57365,12.91692],[77.57362,12.91801],[77.57429,12.9199],[77.57441,12.92071],[77.57422,12.92091],[77.57357,12.92104],[77.5736,12.92356],[77.57965,12.92344],[77.57966,12.93083],[77.57903,12.93084]]]},"properties":{"ward":166,"name":"Karisandra","lights":1910,"roadKm":31,"perKm":61.6}},{"type":"Feature","geometry":{"type":"Polygon","coordinates":[[[77.5849,12.93665],[77.58018,12.93675],[77.57974,12.93711],[77.57768,12.93967],[77.57775,12.94059],[77.5738,12.94063],[77.57383,12.93476],[77.57173,12.93496],[77.57152,12.93342],[77.56932,12.93383],[77.56921,12.93357],[77.56816,12.93374],[77.56779,12.93249],[77.56733,12.93173],[77.56667,12.92996],[77.57101,12.92982],[77.57505,12.92924],[77.57526,12.9303],[77.57636,12.93035],[77.57618,12.9309],[77.57961,12.93083],[77.57958,12.93306],[77.58483,12.93294],[77.5849,12.93665]]]},"properties":{"ward":167,"name":"Yediyur","lights":1650,"roadKm":41,"perKm":40.2}},{"type":"Feature","geometry":{"type":"Polygon","coordinates":[[[77.58392,12.93295],[77.57965,12.93306],[77.57974,12.92343],[77.58596,12.92335],[77.58584,12.91714],[77.59329,12.9169],[77.59331,12.91894],[77.59263,12.91898],[77.59297,12.92015],[77.59327,12.92048],[77.59346,12.92324],[77.59705,12.92314],[77.59716,12.92694],[77.58972,12.92706],[77.58893,12.92774],[77.58775,12.92794],[77.5872,12.92862],[77.58383,12.92871],[77.58392,12.93295]]]},"properties":{"ward":168,"name":"Pattabhiram Nagar","lights":1970,"roadKm":43,"perKm":45.8}},{"type":"Feature","geometry":{"type":"Polygon","coordinates":[[[77.59539,12.92846],[77.59253,12.92858],[77.5927,12.93618],[77.59174,12.93634],[77.59111,12.93667],[77.59063,12.93614],[77.59017,12.93635],[77.59005,12.93558],[77.58902,12.9358],[77.58784,12.93522],[77.58593,12.93648],[77.5849,12.93665],[77.58483,12.93294],[77.58392,12.93295],[77.58383,12.92871],[77.58716,12.92863],[77.58775,12.92794],[77.58893,12.92774],[77.58972,12.92706],[77.59535,12.92699],[77.59539,12.92846]]]},"properties":{"ward":169,"name":"Byrasandra","lights":2100,"roadKm":26,"perKm":80.8}},{"type":"Feature","geometry":{"type":"Polygon","coordinates":[[[77.60052,12.92835],[77.59539,12.92846],[77.59535,12.92699],[77.59716,12.92694],[77.59705,12.92314],[77.59346,12.92324],[77.59336,12.92053],[77.59297,12.92015],[77.59265,12.91905],[77.59332,12.91898],[77.59329,12.9169],[77.60532,12.91664],[77.60539,12.91825],[77.60513,12.91959],[77.6048,12.91951],[77.60457,12.92079],[77.60392,12.92141],[77.60251,12.92143],[77.6023,12.92107],[77.60015,12.92092],[77.60052,12.92835]]]},"properties":{"ward":170,"name":"Jayanagar East","lights":1390,"roadKm":29,"perKm":47.9}},{"type":"Feature","geometry":{"type":"Polygon","coordinates":[[[77.60492,12.92797],[77.60418,12.92808],[77.60328,12.92799],[77.60103,12.92666],[77.60049,12.92663],[77.60015,12.92092],[77.6023,12.92107],[77.60251,12.92143],[77.60392,12.92141],[77.60475,12.92057],[77.6048,12.91951],[77.60513,12.91959],[77.60539,12.91825],[77.60532,12.91664],[77.60724,12.91659],[77.60813,12.91983],[77.60808,12.92013],[77.60863,12.92131],[77.6089,12.92242],[77.60882,12.92312],[77.60853,12.92364],[77.60876,12.92384],[77.60857,12.92487],[77.60698,12.92505],[77.60701,12.92541],[77.60628,12.92566],[77.60584,12.92536],[77.60497,12.92518],[77.60501,12.92591],[77.60449,12.92632],[77.60475,12.92713],[77.60437,12.92743],[77.60442,12.92754],[77.60477,12.92742],[77.60492,12.92797]]]},"properties":{"ward":171,"name":"Gurappanapalya","lights":1440,"roadKm":24,"perKm":60}},{"type":"Feature","geometry":{"type":"Polygon","coordinates":[[[77.61399,12.92347],[77.61338,12.92386],[77.61181,12.92423],[77.61024,12.92491],[77.6091,12.92505],[77.60864,12.92488],[77.60876,12.92384],[77.60857,12.92355],[77.60882,12.92312],[77.6089,12.92242],[77.60863,12.92131],[77.60803,12.91996],[77.60814,12.9199],[77.60728,12.91659],[77.61471,12.91644],[77.61696,12.91622],[77.61936,12.91626],[77.62274,12.91731],[77.61823,12.92442],[77.61713,12.92384],[77.61657,12.92479],[77.61627,12.92464],[77.61582,12.92331],[77.61467,12.92377],[77.61461,12.92351],[77.61399,12.92347]]]},"properties":{"ward":172,"name":"Madivala","lights":1418,"roadKm":41,"perKm":34.6}},{"type":"Feature","geometry":{"type":"Polygon","coordinates":[[[77.63919,12.92415],[77.63726,12.9252],[77.63669,12.92532],[77.62912,12.9242],[77.62401,12.92307],[77.62287,12.92264],[77.62022,12.92116],[77.62273,12.91734],[77.62558,12.91765],[77.62864,12.91679],[77.63813,12.91595],[77.63847,12.92034],[77.63884,12.92153],[77.63997,12.92384],[77.63919,12.92415]]]},"properties":{"ward":173,"name":"Jakkasandra","lights":1386,"roadKm":34,"perKm":40.8}},{"type":"Feature","geometry":{"type":"Polygon","coordinates":[[[77.65466,12.89799],[77.65465,12.89826],[77.65537,12.89837],[77.65584,12.89819],[77.65586,12.89956],[77.65661,12.89975],[77.65682,12.8995],[77.65702,12.89971],[77.65718,12.90043],[77.65706,12.90074],[77.65639,12.9012],[77.65505,12.90276],[77.65478,12.90348],[77.65703,12.91145],[77.66017,12.91152],[77.66093,12.91398],[77.66123,12.9159],[77.662,12.91602],[77.66272,12.91804],[77.66314,12.91807],[77.66486,12.92067],[77.66707,12.92281],[77.66811,12.92433],[77.66931,12.92723],[77.66927,12.93095],[77.66703,12.93106],[77.66628,12.93081],[77.66585,12.93022],[77.6653,12.92855],[77.66499,12.92804],[77.66396,12.92798],[77.66359,12.92811],[77.6625,12.92569],[77.66121,12.92173],[77.66284,12.92122],[77.66281,12.92031],[77.66221,12.91831],[77.66051,12.91653],[77.65487,12.92058],[77.6537,12.92068],[77.65366,12.92093],[77.65346,12.92098],[77.65157,12.9212],[77.65152,12.92284],[77.65175,12.92418],[77.64932,12.92469],[77.64521,12.92446],[77.64144,12.92339],[77.63997,12.92384],[77.63884,12.92153],[77.63847,12.92034],[77.6382,12.91594],[77.62853,12.9168],[77.62558,12.91765],[77.62458,12.91764],[77.62281,12.91731],[77.62446,12.91427],[77.631,12.90364],[77.63225,12.90396],[77.63256,12.90439],[77.63253,12.90662],[77.63326,12.90665],[77.63512,12.90731],[77.63912,12.90571],[77.64197,12.90532],[77.6469,12.90421],[77.64751,12.90392],[77.64879,12.90382],[77.64852,12.9022],[77.64858,12.90084],[77.64885,12.8995],[77.64914,12.89974],[77.65116,12.89892],[77.65163,12.89828],[77.65329,12.89799],[77.65466,12.89799]]]},"properties":{"ward":174,"name":"HSR Layout","lights":4737,"roadKm":141,"perKm":33.6}},{"type":"Feature","geometry":{"type":"Polygon","coordinates":[[[77.631,12.90364],[77.62446,12.91427],[77.62277,12.91725],[77.62233,12.91617],[77.62237,12.91441],[77.62114,12.91377],[77.62165,12.91325],[77.62167,12.91299],[77.62106,12.91265],[77.62133,12.91229],[77.62109,12.91088],[77.62082,12.91068],[77.62061,12.91013],[77.62055,12.9091],[77.62065,12.90849],[77.62093,12.90873],[77.62144,12.90862],[77.62142,12.90843],[77.62213,12.90839],[77.62221,12.90739],[77.62286,12.90744],[77.62286,12.90692],[77.62188,12.9067],[77.62161,12.90466],[77.62052,12.90484],[77.61962,12.90291],[77.61951,12.90234],[77.61923,12.90243],[77.61862,12.90087],[77.61995,12.90076],[77.61971,12.89826],[77.61894,12.89801],[77.61811,12.89797],[77.61776,12.89603],[77.61718,12.89597],[77.6172,12.89441],[77.61645,12.89447],[77.61656,12.89546],[77.61548,12.89549],[77.61548,12.89489],[77.61464,12.8949],[77.61423,12.89262],[77.61507,12.89245],[77.61436,12.89119],[77.61357,12.89062],[77.61334,12.89023],[77.61281,12.89038],[77.61246,12.88855],[77.6125,12.88692],[77.6143,12.88692],[77.61526,12.88673],[77.61531,12.88761],[77.61599,12.88748],[77.61588,12.88651],[77.61735,12.88621],[77.61742,12.88648],[77.61862,12.88625],[77.61925,12.88813],[77.6199,12.88884],[77.62019,12.88974],[77.62011,12.89139],[77.61963,12.89157],[77.62028,12.89484],[77.62083,12.89628],[77.62118,12.89669],[77.62215,12.89961],[77.62353,12.90155],[77.6242,12.90299],[77.62667,12.90371],[77.62726,12.90342],[77.62748,12.90436],[77.62836,12.90406],[77.6294,12.90393],[77.6293,12.90359],[77.63114,12.90342],[77.631,12.90364]]]},"properties":{"ward":175,"name":"Bommanahalli","lights":2243,"roadKm":49,"perKm":45.8}},{"type":"Feature","geometry":{"type":"Polygon","coordinates":[[[77.62274,12.91731],[77.62021,12.91643],[77.61891,12.91625],[77.60007,12.91671],[77.59992,12.91639],[77.59996,12.91229],[77.60029,12.90851],[77.60404,12.90871],[77.60389,12.90581],[77.60618,12.90563],[77.60865,12.90583],[77.60939,12.90548],[77.60935,12.90502],[77.61272,12.90449],[77.61322,12.9059],[77.61389,12.90675],[77.61526,12.90958],[77.61647,12.9154],[77.61679,12.91484],[77.61912,12.91276],[77.6196,12.91255],[77.62108,12.91259],[77.62167,12.91299],[77.62165,12.91325],[77.62114,12.91377],[77.62235,12.91437],[77.62233,12.91617],[77.62274,12.91731]]]},"properties":{"ward":176,"name":"BTM Layout","lights":2450,"roadKm":64,"perKm":38.3}},{"type":"Feature","geometry":{"type":"Polygon","coordinates":[[[77.59329,12.9169],[77.58584,12.91714],[77.5857,12.91057],[77.59332,12.91023],[77.59317,12.90747],[77.59362,12.9074],[77.59342,12.90532],[77.59376,12.90486],[77.59403,12.90271],[77.59667,12.90249],[77.59938,12.9012],[77.59948,12.90125],[77.59909,12.90234],[77.59895,12.90362],[77.59943,12.90387],[77.60146,12.90334],[77.6019,12.90524],[77.60169,12.90589],[77.60048,12.90742],[77.60034,12.90801],[77.59996,12.91229],[77.59993,12.91656],[77.6001,12.91675],[77.59329,12.9169]]]},"properties":{"ward":177,"name":"J P Nagar","lights":1660,"roadKm":48,"perKm":34.6}},{"type":"Feature","geometry":{"type":"Polygon","coordinates":[[[77.5857,12.91057],[77.58313,12.91051],[77.57768,12.91092],[77.5729,12.91147],[77.57299,12.90847],[77.57326,12.90649],[77.57541,12.90647],[77.57548,12.90505],[77.57701,12.90386],[77.57725,12.9039],[77.57705,12.9043],[77.57689,12.90555],[77.57873,12.90555],[77.5787,12.90499],[77.57964,12.90477],[77.57962,12.90456],[77.58033,12.90442],[77.58045,12.90412],[77.58173,12.90381],[77.58171,12.9056],[77.58496,12.90517],[77.58498,12.90464],[77.58576,12.90462],[77.58647,12.90463],[77.58648,12.90574],[77.58829,12.90573],[77.58829,12.9053],[77.58858,12.90519],[77.58854,12.90497],[77.59009,12.90481],[77.59028,12.90572],[77.59175,12.90563],[77.59175,12.90541],[77.59342,12.90532],[77.59362,12.9074],[77.59317,12.90747],[77.59332,12.91023],[77.5857,12.91057]]]},"properties":{"ward":178,"name":"Sarakki","lights":1910,"roadKm":39,"perKm":49}},{"type":"Feature","geometry":{"type":"Polygon","coordinates":[[[77.57613,12.92351],[77.5736,12.92356],[77.57357,12.92112],[77.57434,12.92085],[77.5744,12.9205],[77.57362,12.91801],[77.57366,12.91536],[77.57297,12.91238],[77.5729,12.91147],[77.57768,12.91092],[77.58313,12.91051],[77.5857,12.91057],[77.58596,12.92335],[77.57613,12.92351]]]},"properties":{"ward":179,"name":"Shakambari Nagar","lights":1625,"roadKm":41,"perKm":39.6}},{"type":"Feature","geometry":{"type":"Polygon","coordinates":[[[77.5687,12.91815],[77.56603,12.91877],[77.56547,12.9174],[77.5649,12.91678],[77.56499,12.91637],[77.5661,12.91374],[77.57078,12.90796],[77.57209,12.90666],[77.57326,12.90649],[77.57294,12.90917],[77.57289,12.91163],[77.57367,12.91554],[77.57365,12.91692],[77.57255,12.9166],[77.57128,12.91659],[77.57039,12.91637],[77.56999,12.91567],[77.56965,12.91554],[77.56878,12.91718],[77.5687,12.91815]]]},"properties":{"ward":180,"name":"Banashankari Temple ward","lights":1522,"roadKm":28,"perKm":54.4}},{"type":"Feature","geometry":{"type":"Polygon","coordinates":[[[77.55986,12.89548],[77.56123,12.89929],[77.56011,12.90025],[77.56014,12.9005],[77.57021,12.90867],[77.5661,12.91374],[77.56439,12.91792],[77.56342,12.91945],[77.56271,12.91839],[77.56199,12.91655],[77.56109,12.91525],[77.55975,12.91374],[77.55894,12.91355],[77.55886,12.91272],[77.55829,12.91074],[77.55852,12.90977],[77.55852,12.90865],[77.55804,12.90776],[77.55946,12.90664],[77.55684,12.90443],[77.55619,12.90225],[77.5567,12.90213],[77.55572,12.89889],[77.55569,12.89804],[77.55529,12.89775],[77.55579,12.89741],[77.55492,12.89637],[77.5553,12.89608],[77.55817,12.89491],[77.55843,12.89523],[77.55895,12.89517],[77.55914,12.89428],[77.55963,12.8942],[77.55986,12.89548]]]},"properties":{"ward":181,"name":"Kumaraswamy Layout","lights":1915,"roadKm":60,"perKm":31.9}},{"type":"Feature","geometry":{"type":"Polygon","coordinates":[[[77.56342,12.91945],[77.5623,12.9202],[77.56161,12.92161],[77.55912,12.92208],[77.55628,12.92298],[77.55565,12.921],[77.55423,12.92099],[77.5531,12.92032],[77.55262,12.91965],[77.5522,12.91977],[77.55198,12.91889],[77.55196,12.91788],[77.55162,12.91717],[77.55074,12.91622],[77.55049,12.91535],[77.55229,12.91497],[77.55353,12.91443],[77.55226,12.91185],[77.55415,12.91138],[77.55487,12.91159],[77.55581,12.91151],[77.5558,12.91138],[77.55496,12.9097],[77.55468,12.90954],[77.55463,12.90909],[77.55357,12.90633],[77.55165,12.90712],[77.54926,12.90779],[77.5484,12.9055],[77.54825,12.9034],[77.54897,12.90396],[77.54906,12.90425],[77.5503,12.904],[77.55054,12.90414],[77.55031,12.90435],[77.55038,12.90446],[77.55063,12.90445],[77.55138,12.90386],[77.55189,12.90383],[77.55215,12.90398],[77.5537,12.90334],[77.55499,12.9034],[77.55632,12.90305],[77.55684,12.90443],[77.55946,12.90664],[77.55804,12.90776],[77.55852,12.90865],[77.55852,12.90977],[77.55829,12.91074],[77.55886,12.91272],[77.55896,12.91358],[77.55975,12.91374],[77.56109,12.91525],[77.56199,12.91655],[77.56271,12.91839],[77.56342,12.91945]]]},"properties":{"ward":182,"name":"Padmanabha Nagar","lights":1805,"roadKm":53,"perKm":34.1}},{"type":"Feature","geometry":{"type":"Polygon","coordinates":[[[77.55332,12.92393],[77.55117,12.92471],[77.54912,12.92586],[77.54624,12.92808],[77.54583,12.92736],[77.54539,12.92721],[77.54484,12.92588],[77.54434,12.92604],[77.54345,12.92309],[77.54347,12.92189],[77.54197,12.91851],[77.54331,12.91762],[77.54472,12.91754],[77.5448,12.9183],[77.54673,12.91805],[77.54678,12.91825],[77.54703,12.91828],[77.5486,12.91807],[77.5484,12.91722],[77.54814,12.91713],[77.54803,12.91647],[77.55061,12.91583],[77.55074,12.91622],[77.55162,12.91717],[77.55196,12.91788],[77.55214,12.91977],[77.55258,12.91963],[77.55296,12.92019],[77.55351,12.92062],[77.55439,12.92102],[77.55565,12.921],[77.55578,12.92138],[77.55628,12.92298],[77.55332,12.92393]]]},"properties":{"ward":183,"name":"Chikkalsandra","lights":2050,"roadKm":39,"perKm":52.6}},{"type":"Feature","geometry":{"type":"Polygon","coordinates":[[[77.53897,12.92019],[77.53762,12.92047],[77.53111,12.92069],[77.53043,12.9208],[77.52838,12.92159],[77.52821,12.92147],[77.52818,12.92127],[77.52848,12.92111],[77.52865,12.9205],[77.52917,12.91966],[77.52811,12.91387],[77.52847,12.91382],[77.52736,12.91022],[77.52684,12.90667],[77.52456,12.90669],[77.5245,12.90647],[77.52556,12.90557],[77.52569,12.90429],[77.52583,12.90413],[77.52652,12.90423],[77.52888,12.90508],[77.52981,12.90491],[77.5311,12.90428],[77.53159,12.90446],[77.53215,12.90503],[77.5341,12.90471],[77.53405,12.90344],[77.53449,12.90327],[77.53442,12.90056],[77.53457,12.89908],[77.53412,12.89896],[77.53362,12.89841],[77.5333,12.89838],[77.53285,12.89806],[77.53253,12.89766],[77.53128,12.89523],[77.53123,12.89467],[77.53111,12.89455],[77.53066,12.8946],[77.52916,12.89519],[77.52664,12.8953],[77.52618,12.89543],[77.52578,12.89583],[77.52531,12.89538],[77.52478,12.89544],[77.52442,12.89585],[77.52476,12.89617],[77.52498,12.89669],[77.52476,12.89724],[77.52341,12.89763],[77.52297,12.89764],[77.52254,12.89733],[77.52115,12.89767],[77.52057,12.89686],[77.52114,12.89484],[77.52106,12.89358],[77.51974,12.89297],[77.51903,12.89284],[77.51885,12.89284],[77.51856,12.89339],[77.51774,12.89321],[77.52129,12.88551],[77.52431,12.8856],[77.52818,12.88595],[77.52886,12.88629],[77.53141,12.88702],[77.53239,12.88716],[77.53338,12.88618],[77.53796,12.88323],[77.53914,12.88129],[77.54087,12.8813],[77.54139,12.88107],[77.54438,12.88109],[77.54598,12.88471],[77.54993,12.88887],[77.54924,12.88971],[77.5485,12.89114],[77.54844,12.89205],[77.54806,12.89307],[77.54811,12.89447],[77.54946,12.89795],[77.55015,12.90047],[77.55062,12.90064],[77.55045,12.90119],[77.55054,12.90169],[77.551,12.90116],[77.55134,12.90042],[77.55168,12.90031],[77.55164,12.90087],[77.55114,12.90139],[77.55111,12.90205],[77.55275,12.90198],[77.55322,12.90347],[77.55265,12.90388],[77.55223,12.90398],[77.55189,12.90383],[77.55138,12.90386],[77.55074,12.90439],[77.55038,12.90446],[77.55031,12.90435],[77.55054,12.90414],[77.5503,12.904],[77.54906,12.90425],[77.54897,12.90396],[77.54833,12.90343],[77.54822,12.90438],[77.5484,12.9055],[77.54976,12.90895],[77.54959,12.90937],[77.54922,12.90915],[77.54708,12.90975],[77.5471,12.91085],[77.54568,12.91036],[77.5454,12.91043],[77.54458,12.91006],[77.54441,12.91013],[77.54468,12.91172],[77.54499,12.91167],[77.5451,12.91235],[77.54583,12.91221],[77.54595,12.91262],[77.54637,12.91249],[77.54657,12.91316],[77.54703,12.91493],[77.54531,12.91541],[77.54532,12.91597],[77.54575,12.91588],[77.546,12.91625],[77.54638,12.91686],[77.54673,12.91805],[77.5448,12.9183],[77.54472,12.91754],[77.54331,12.91762],[77.54197,12.91849],[77.54192,12.91889],[77.53967,12.9177],[77.53914,12.91763],[77.53838,12.91813],[77.5384,12.91835],[77.53886,12.91874],[77.53861,12.91937],[77.53897,12.92019]]]},"properties":{"ward":184,"name":"Uttarahalli","lights":5158,"roadKm":215,"perKm":24}},{"type":"Feature","geometry":{"type":"Polygon","coordinates":[[[77.57251,12.90657],[77.57175,12.9069],[77.57023,12.90869],[77.56014,12.9005],[77.56011,12.90025],[77.56123,12.89929],[77.55992,12.89578],[77.55948,12.89349],[77.56098,12.89324],[77.56103,12.89366],[77.56128,12.8936],[77.56142,12.89392],[77.56181,12.89385],[77.56194,12.89421],[77.56241,12.89425],[77.56579,12.89389],[77.56809,12.89383],[77.56868,12.89438],[77.5719,12.8981],[77.57275,12.89932],[77.57314,12.90042],[77.57348,12.90205],[77.57323,12.90376],[77.57335,12.90592],[77.57326,12.90649],[77.57251,12.90657]]]},"properties":{"ward":185,"name":"Yelchenahalli","lights":3260,"roadKm":51,"perKm":63.9}},{"type":"Feature","geometry":{"type":"Polygon","coordinates":[[[77.5858,12.90277],[77.58576,12.90462],[77.58498,12.90464],[77.58496,12.90517],[77.58171,12.9056],[77.58173,12.90381],[77.58045,12.90412],[77.58033,12.90435],[77.57962,12.90456],[77.57964,12.90477],[77.5787,12.90499],[77.57873,12.90555],[77.57689,12.90555],[77.57705,12.9043],[77.57725,12.9039],[77.57701,12.90386],[77.57548,12.90505],[77.57549,12.90647],[77.57326,12.90649],[77.57338,12.90558],[77.57323,12.90376],[77.57346,12.90184],[77.57285,12.89954],[77.57118,12.89716],[77.56836,12.89408],[77.5687,12.89399],[77.57179,12.89423],[77.57189,12.89452],[77.57275,12.89466],[77.57324,12.89397],[77.5734,12.89404],[77.57326,12.89429],[77.57464,12.89473],[77.57891,12.8972],[77.57927,12.89734],[77.57939,12.89687],[77.58098,12.89786],[77.58271,12.89785],[77.58267,12.89861],[77.58307,12.89872],[77.58383,12.89863],[77.58362,12.90192],[77.5858,12.90277]]]},"properties":{"ward":186,"name":"Jaraganahalli","lights":1422,"roadKm":37,"perKm":38.4}},{"type":"Feature","geometry":{"type":"Polygon","coordinates":[[[77.59398,12.89123],[77.59812,12.89058],[77.59882,12.89242],[77.59947,12.89523],[77.60073,12.89933],[77.60146,12.90334],[77.59951,12.90386],[77.59902,12.9037],[77.59892,12.90329],[77.59941,12.9012],[77.59667,12.90249],[77.59403,12.90271],[77.59376,12.90486],[77.59342,12.90532],[77.59175,12.90541],[77.59175,12.90563],[77.59028,12.90572],[77.59009,12.90481],[77.58854,12.90497],[77.58858,12.90519],[77.58829,12.90525],[77.58829,12.90573],[77.58648,12.90574],[77.58647,12.90463],[77.58576,12.90462],[77.5858,12.90277],[77.58362,12.90192],[77.58383,12.89863],[77.58273,12.89867],[77.58271,12.89785],[77.58098,12.89786],[77.57939,12.89687],[77.58019,12.8947],[77.58084,12.89211],[77.58176,12.89213],[77.58198,12.8912],[77.58253,12.89053],[77.583,12.89033],[77.58624,12.88934],[77.58802,12.88909],[77.58828,12.89155],[77.58862,12.89174],[77.58985,12.89121],[77.59033,12.89221],[77.59254,12.89143],[77.59398,12.89123]]]},"properties":{"ward":187,"name":"Puttenahalli","lights":1587,"roadKm":65,"perKm":24.4}},{"type":"Feature","geometry":{"type":"Polygon","coordinates":[[[77.6196,12.91255],[77.61856,12.91316],[77.61679,12.91484],[77.6165,12.91543],[77.61526,12.90958],[77.61389,12.90675],[77.61322,12.9059],[77.61272,12.90449],[77.60935,12.90502],[77.60946,12.90544],[77.60853,12.90585],[77.60618,12.90563],[77.60398,12.90579],[77.60387,12.90599],[77.60404,12.90871],[77.60029,12.90851],[77.60048,12.90742],[77.60178,12.90575],[77.60188,12.90508],[77.60112,12.90191],[77.60073,12.89933],[77.59947,12.89523],[77.59882,12.89242],[77.59812,12.89058],[77.59953,12.89035],[77.59989,12.89008],[77.60315,12.88879],[77.6032,12.88935],[77.60349,12.88943],[77.60382,12.88981],[77.60749,12.88846],[77.60845,12.88831],[77.60843,12.88675],[77.61051,12.88685],[77.61011,12.88454],[77.61247,12.88395],[77.61223,12.8869],[77.6125,12.88692],[77.61257,12.88925],[77.61281,12.89038],[77.61334,12.89023],[77.61357,12.89062],[77.61436,12.89119],[77.61508,12.89238],[77.61423,12.89262],[77.61464,12.8949],[77.61548,12.89489],[77.61548,12.89549],[77.61656,12.89546],[77.61645,12.89447],[77.6172,12.89441],[77.61718,12.89597],[77.61776,12.89603],[77.61807,12.8979],[77.61966,12.89826],[77.61995,12.90076],[77.61862,12.90087],[77.61923,12.90243],[77.61951,12.90234],[77.61962,12.90291],[77.62052,12.90484],[77.62161,12.90466],[77.62183,12.90671],[77.62286,12.90683],[77.62286,12.90744],[77.62221,12.90739],[77.62215,12.90838],[77.62142,12.90843],[77.62144,12.90862],[77.62093,12.90873],[77.62065,12.90849],[77.62061,12.91013],[77.62113,12.91105],[77.62116,12.91188],[77.62133,12.91224],[77.62108,12.91259],[77.6196,12.91255]]]},"properties":{"ward":188,"name":"Bilekhalli","lights":3290,"roadKm":72,"perKm":45.7}},{"type":"Feature","geometry":{"type":"Polygon","coordinates":[[[77.63616,12.89524],[77.63237,12.90141],[77.63309,12.9009],[77.63498,12.90009],[77.635,12.90156],[77.63451,12.90152],[77.63456,12.90225],[77.6348,12.90226],[77.63486,12.90295],[77.63495,12.90537],[77.63484,12.9054],[77.6349,12.9061],[77.63478,12.9061],[77.63508,12.90724],[77.63524,12.90727],[77.63512,12.90731],[77.63326,12.90665],[77.63259,12.90662],[77.63256,12.90439],[77.63233,12.904],[77.63172,12.90373],[77.631,12.90364],[77.63114,12.90342],[77.6293,12.90359],[77.6294,12.90393],[77.62836,12.90406],[77.62748,12.90436],[77.62726,12.90342],[77.62667,12.90371],[77.6242,12.90299],[77.62353,12.90155],[77.62215,12.89961],[77.62118,12.89669],[77.62083,12.89628],[77.62028,12.89484],[77.61963,12.89157],[77.62007,12.89146],[77.62016,12.89113],[77.62019,12.88974],[77.6199,12.88884],[77.62131,12.88865],[77.62159,12.88883],[77.62377,12.88854],[77.62561,12.88855],[77.6256,12.8884],[77.62866,12.88808],[77.62869,12.8901],[77.62929,12.8908],[77.62949,12.89169],[77.62995,12.89204],[77.63023,12.89264],[77.6303,12.89314],[77.62952,12.8932],[77.62961,12.89425],[77.63219,12.89372],[77.63276,12.89381],[77.63345,12.8952],[77.63433,12.89485],[77.63616,12.89524]]]},"properties":{"ward":189,"name":"Hongasandra","lights":1729,"roadKm":61,"perKm":28.3}},{"type":"Feature","geometry":{"type":"Polygon","coordinates":[[[77.65466,12.89799],[77.65329,12.89799],[77.65163,12.89828],[77.65116,12.89892],[77.64921,12.89974],[77.64885,12.8995],[77.64858,12.90084],[77.64852,12.9022],[77.64879,12.90382],[77.648,12.90384],[77.64197,12.90532],[77.63912,12.90571],[77.63524,12.90727],[77.63508,12.90724],[77.63478,12.9061],[77.6349,12.9061],[77.63484,12.9054],[77.63495,12.90537],[77.63486,12.90295],[77.6348,12.90226],[77.63456,12.90225],[77.63451,12.90152],[77.635,12.90156],[77.63498,12.90009],[77.63309,12.9009],[77.63237,12.90141],[77.63616,12.89524],[77.63433,12.89485],[77.63345,12.8952],[77.63276,12.89381],[77.63219,12.89372],[77.62961,12.89425],[77.62952,12.8932],[77.6303,12.89314],[77.63025,12.89277],[77.63181,12.89266],[77.63436,12.89214],[77.63419,12.89049],[77.63429,12.88985],[77.63315,12.88931],[77.63144,12.88915],[77.63244,12.88615],[77.63475,12.88629],[77.63475,12.88665],[77.63516,12.8867],[77.63498,12.88763],[77.63527,12.8878],[77.63654,12.88659],[77.63717,12.88617],[77.63843,12.88569],[77.63811,12.88506],[77.63896,12.88479],[77.63973,12.88673],[77.64116,12.88712],[77.6411,12.88733],[77.64352,12.88819],[77.64378,12.89063],[77.6487,12.88982],[77.64917,12.89124],[77.64996,12.89265],[77.65052,12.89326],[77.65219,12.89446],[77.65304,12.89464],[77.65402,12.89458],[77.65527,12.89398],[77.65638,12.89375],[77.65699,12.89382],[77.65724,12.89405],[77.65519,12.89613],[77.65466,12.89799]]]},"properties":{"ward":190,"name":"Mangammanapalya","lights":1487,"roadKm":83,"perKm":17.9}},{"type":"Feature","geometry":{"type":"Polygon","coordinates":[[[77.6414,12.87163],[77.6408,12.86982],[77.64215,12.86959],[77.6441,12.87014],[77.64417,12.87052],[77.64658,12.87024],[77.64704,12.8713],[77.64706,12.87185],[77.6478,12.87187],[77.64832,12.87238],[77.6517,12.87226],[77.65384,12.86961],[77.65597,12.86973],[77.6559,12.86905],[77.65627,12.86894],[77.65681,12.86898],[77.65683,12.86955],[77.65734,12.86955],[77.65734,12.86907],[77.6579,12.86909],[77.65793,12.87038],[77.65782,12.87039],[77.65802,12.8714],[77.65872,12.87187],[77.66528,12.868],[77.66576,12.86737],[77.66634,12.86612],[77.66802,12.86641],[77.67265,12.86832],[77.67291,12.86856],[77.6729,12.86917],[77.67334,12.86988],[77.67544,12.87267],[77.67429,12.87633],[77.67199,12.88083],[77.67436,12.88044],[77.6748,12.88419],[77.67186,12.88469],[77.67334,12.89292],[77.66825,12.89389],[77.66472,12.89435],[77.66348,12.89428],[77.66267,12.8945],[77.66075,12.89469],[77.65724,12.89405],[77.65699,12.89382],[77.65638,12.89375],[77.65527,12.89398],[77.65402,12.89458],[77.65304,12.89464],[77.65186,12.89429],[77.65028,12.89306],[77.64917,12.89124],[77.6487,12.88982],[77.64386,12.89063],[77.64352,12.88819],[77.6411,12.88733],[77.64116,12.88712],[77.63981,12.88674],[77.63896,12.88479],[77.63811,12.88506],[77.63733,12.88246],[77.63718,12.87991],[77.63971,12.87632],[77.64035,12.87441],[77.64095,12.87425],[77.6414,12.87163]]]},"properties":{"ward":191,"name":"Singasandra","lights":3075,"roadKm":179,"perKm":17.2}},{"type":"Feature","geometry":{"type":"Polygon","coordinates":[[[77.63315,12.88931],[77.63431,12.8898],[77.63419,12.89049],[77.63435,12.89211],[77.63181,12.89266],[77.63025,12.89277],[77.62995,12.89204],[77.62952,12.89175],[77.62934,12.89086],[77.62869,12.8901],[77.62868,12.88814],[77.62809,12.88806],[77.62676,12.88839],[77.6256,12.8884],[77.62561,12.88855],[77.62377,12.88854],[77.62159,12.88883],[77.62131,12.88865],[77.6199,12.88884],[77.6195,12.88845],[77.61881,12.88699],[77.61828,12.88485],[77.61792,12.88474],[77.61776,12.88402],[77.61765,12.88175],[77.61898,12.88112],[77.61902,12.88076],[77.61863,12.8795],[77.61812,12.87935],[77.61807,12.87896],[77.61848,12.87887],[77.61831,12.87859],[77.61824,12.87781],[77.6178,12.87715],[77.61791,12.8764],[77.61777,12.87601],[77.61539,12.87623],[77.6152,12.8726],[77.61456,12.87144],[77.6145,12.87099],[77.61478,12.87062],[77.61443,12.86973],[77.61336,12.86793],[77.61141,12.86823],[77.6088,12.86835],[77.60904,12.87043],[77.60694,12.87101],[77.60657,12.87012],[77.60516,12.86808],[77.60492,12.86719],[77.60461,12.86687],[77.60437,12.86504],[77.60399,12.86482],[77.60267,12.86672],[77.5999,12.86682],[77.59995,12.86748],[77.59805,12.86759],[77.59776,12.869],[77.59731,12.86939],[77.59693,12.87026],[77.59624,12.87272],[77.59586,12.87294],[77.59355,12.87332],[77.59327,12.87369],[77.58896,12.86985],[77.58763,12.86927],[77.58618,12.86726],[77.58925,12.86342],[77.59047,12.86349],[77.59163,12.86203],[77.59326,12.86137],[77.59481,12.86102],[77.59389,12.85949],[77.59339,12.85906],[77.59307,12.85168],[77.59113,12.85205],[77.5902,12.85037],[77.58807,12.84758],[77.58625,12.84549],[77.58498,12.84478],[77.58351,12.84029],[77.58301,12.83807],[77.58294,12.83665],[77.58566,12.8343],[77.58605,12.83415],[77.58681,12.83401],[77.58743,12.83409],[77.58823,12.83452],[77.58923,12.83533],[77.59039,12.83558],[77.59092,12.83553],[77.59182,12.83494],[77.59174,12.83709],[77.59289,12.84328],[77.59358,12.84816],[77.59522,12.8493],[77.59596,12.84949],[77.60091,12.84898],[77.60215,12.84916],[77.60516,12.84868],[77.6072,12.84889],[77.60926,12.84877],[77.61083,12.84808],[77.61146,12.84695],[77.61174,12.84697],[77.61287,12.84963],[77.6133,12.85116],[77.61367,12.85259],[77.61366,12.8544],[77.61382,12.85499],[77.61595,12.85605],[77.61665,12.85655],[77.61732,12.85761],[77.61736,12.85826],[77.6177,12.85891],[77.61902,12.85909],[77.6227,12.85897],[77.62516,12.85881],[77.62835,12.85832],[77.62872,12.85845],[77.6307,12.86106],[77.63168,12.86181],[77.6327,12.86207],[77.63445,12.86218],[77.63503,12.86302],[77.63595,12.86363],[77.63756,12.86364],[77.63839,12.86383],[77.63897,12.86439],[77.63954,12.86587],[77.6401,12.86614],[77.64165,12.86566],[77.64181,12.86531],[77.64197,12.86408],[77.64198,12.86132],[77.64275,12.85359],[77.64328,12.85139],[77.64376,12.85198],[77.64415,12.85203],[77.6444,12.85235],[77.64517,12.85382],[77.64635,12.85396],[77.64681,12.85341],[77.64687,12.85314],[77.64742,12.85352],[77.64796,12.85314],[77.64805,12.85281],[77.649,12.8541],[77.64945,12.85433],[77.64972,12.85425],[77.65038,12.85327],[77.65098,12.85318],[77.65129,12.85348],[77.65132,12.85407],[77.65106,12.85524],[77.65166,12.85593],[77.65771,12.85746],[77.66003,12.85919],[77.66172,12.86017],[77.66394,12.86247],[77.66634,12.86612],[77.66576,12.86737],[77.66528,12.868],[77.66461,12.8685],[77.66247,12.86956],[77.6618,12.87016],[77.65872,12.87187],[77.65802,12.8714],[77.65783,12.87045],[77.65793,12.87038],[77.6579,12.86909],[77.65734,12.86907],[77.65734,12.86955],[77.65683,12.86955],[77.65681,12.86898],[77.65596,12.86899],[77.65597,12.86973],[77.65384,12.86961],[77.6517,12.87226],[77.64832,12.87238],[77.6478,12.87187],[77.64706,12.87185],[77.64704,12.8713],[77.64658,12.87024],[77.64417,12.87052],[77.6441,12.87014],[77.64215,12.86959],[77.6408,12.86982],[77.64141,12.87147],[77.64095,12.87425],[77.64037,12.87436],[77.63971,12.87632],[77.63719,12.87986],[77.63733,12.88238],[77.63811,12.88506],[77.63843,12.88569],[77.63717,12.88617],[77.63654,12.88659],[77.63533,12.88779],[77.63498,12.88768],[77.63516,12.8867],[77.63475,12.88665],[77.63475,12.88629],[77.63244,12.88615],[77.63144,12.88915],[77.63315,12.88931]]]},"properties":{"ward":192,"name":"Begur","lights":3427,"roadKm":280,"perKm":12.2}},{"type":"Feature","geometry":{"type":"Polygon","coordinates":[[[77.59995,12.8673],[77.5999,12.86682],[77.60267,12.86672],[77.60392,12.86481],[77.60419,12.86492],[77.6045,12.86541],[77.60461,12.86687],[77.60492,12.86719],[77.60516,12.86808],[77.60657,12.87012],[77.60694,12.87101],[77.60904,12.87043],[77.6088,12.86835],[77.61141,12.86823],[77.61336,12.86793],[77.61443,12.86973],[77.61478,12.87062],[77.6145,12.87099],[77.61456,12.87144],[77.6152,12.8726],[77.61539,12.87623],[77.61777,12.87601],[77.61791,12.8764],[77.6178,12.87715],[77.61824,12.87781],[77.61831,12.87859],[77.61848,12.87887],[77.61807,12.87896],[77.61812,12.87929],[77.61863,12.8795],[77.61902,12.88076],[77.61898,12.88112],[77.61764,12.8817],[77.61788,12.8847],[77.61824,12.88474],[77.61862,12.88622],[77.61742,12.88648],[77.61735,12.88621],[77.61588,12.88651],[77.61599,12.88748],[77.61531,12.88761],[77.61526,12.88683],[77.61223,12.8869],[77.61247,12.88395],[77.61011,12.88454],[77.61051,12.88685],[77.60843,12.88675],[77.60845,12.88831],[77.60749,12.88846],[77.60382,12.88981],[77.60355,12.88949],[77.60323,12.8894],[77.60316,12.88883],[77.59989,12.89008],[77.59953,12.89035],[77.59254,12.89143],[77.59033,12.89221],[77.58985,12.89121],[77.58862,12.89174],[77.58828,12.89155],[77.58802,12.88909],[77.5907,12.88866],[77.59168,12.88834],[77.59159,12.88582],[77.59121,12.88417],[77.59059,12.88275],[77.59073,12.88109],[77.59043,12.87958],[77.58969,12.87763],[77.58966,12.87686],[77.58685,12.87492],[77.58614,12.87428],[77.58614,12.87401],[77.58721,12.87308],[77.58875,12.8726],[77.58895,12.8699],[77.59327,12.87369],[77.59355,12.87332],[77.59437,12.87307],[77.59598,12.87291],[77.5963,12.87263],[77.59725,12.86947],[77.59776,12.869],[77.59805,12.86759],[77.59995,12.86748],[77.59995,12.8673]]]},"properties":{"ward":193,"name":"Arakere","lights":4163,"roadKm":155,"perKm":26.9}},{"type":"Feature","geometry":{"type":"Polygon","coordinates":[[[77.58969,12.8772],[77.58974,12.87784],[77.59043,12.87958],[77.59072,12.88138],[77.58552,12.87857],[77.58551,12.87703],[77.58414,12.87702],[77.58251,12.87733],[77.58168,12.87534],[77.57961,12.87495],[77.57747,12.87626],[77.57734,12.87662],[77.57622,12.87636],[77.57497,12.87657],[77.57468,12.87645],[77.57449,12.87609],[77.57417,12.87602],[77.57306,12.87628],[77.57195,12.87712],[77.571,12.87726],[77.57089,12.87689],[77.57043,12.87186],[77.57054,12.86996],[77.56953,12.86648],[77.56995,12.86617],[77.5724,12.86604],[77.57213,12.86082],[77.58204,12.86006],[77.58049,12.85446],[77.57818,12.84705],[77.57616,12.84348],[77.57461,12.83912],[77.58061,12.83786],[77.58225,12.83718],[77.58294,12.83665],[77.58301,12.83807],[77.58351,12.84029],[77.58498,12.84478],[77.58625,12.84549],[77.58807,12.84758],[77.5902,12.85037],[77.59113,12.85205],[77.59307,12.85168],[77.59339,12.85906],[77.59389,12.85949],[77.59481,12.86102],[77.59326,12.86137],[77.59163,12.86203],[77.59047,12.86349],[77.58925,12.86342],[77.58618,12.86726],[77.58763,12.86927],[77.58896,12.86985],[77.58875,12.8726],[77.58721,12.87308],[77.58614,12.87401],[77.58614,12.87428],[77.58966,12.87686],[77.58969,12.8772]]]},"properties":{"ward":194,"name":"Gottigere","lights":3978,"roadKm":176,"perKm":22.6}},{"type":"Feature","geometry":{"type":"Polygon","coordinates":[[[77.57939,12.89687],[77.57927,12.89734],[77.57891,12.8972],[77.57464,12.89473],[77.57326,12.89429],[77.57335,12.89412],[77.57324,12.89397],[77.57275,12.89466],[77.57189,12.89452],[77.5719,12.89314],[77.57208,12.89214],[77.57156,12.89027],[77.57048,12.89027],[77.56943,12.89005],[77.56958,12.88889],[77.56866,12.88886],[77.56881,12.88661],[77.56715,12.88664],[77.56709,12.88622],[77.56666,12.88625],[77.56693,12.88557],[77.57045,12.88527],[77.56994,12.88368],[77.57206,12.88333],[77.57201,12.88305],[77.57296,12.88301],[77.57286,12.88221],[77.57569,12.88191],[77.57624,12.88068],[77.57652,12.87959],[77.57659,12.87837],[77.57729,12.87692],[77.57734,12.87639],[77.57961,12.87495],[77.58181,12.87543],[77.58205,12.87646],[77.58251,12.87733],[77.58414,12.87702],[77.58551,12.87703],[77.58552,12.87857],[77.59059,12.8814],[77.59059,12.88275],[77.59121,12.88417],[77.59159,12.88582],[77.59175,12.88828],[77.5907,12.88866],[77.58624,12.88934],[77.58253,12.89053],[77.58192,12.89132],[77.58186,12.89213],[77.58089,12.89211],[77.58019,12.8947],[77.57939,12.89687]]]},"properties":{"ward":195,"name":"Konankunte","lights":3857,"roadKm":94,"perKm":41}},{"type":"Feature","geometry":{"type":"Polygon","coordinates":[[[77.58204,12.86006],[77.57219,12.86077],[77.5724,12.86604],[77.56995,12.86617],[77.56953,12.86648],[77.57054,12.86996],[77.57043,12.87186],[77.57068,12.87385],[77.57066,12.87547],[77.571,12.87726],[77.57195,12.87712],[77.57299,12.87633],[77.57417,12.87602],[77.57449,12.87609],[77.5748,12.87653],[77.57647,12.87638],[77.57734,12.87662],[77.57729,12.87692],[77.57659,12.87837],[77.57652,12.87959],[77.57569,12.88191],[77.57286,12.88221],[77.57296,12.88301],[77.57201,12.88305],[77.57206,12.88333],[77.56994,12.88368],[77.57045,12.88527],[77.56693,12.88557],[77.56673,12.88394],[77.56608,12.88255],[77.56311,12.8831],[77.56275,12.88254],[77.56266,12.88199],[77.56299,12.88177],[77.56308,12.88126],[77.56365,12.88128],[77.56555,12.88045],[77.56611,12.88036],[77.56604,12.87905],[77.56732,12.87882],[77.5675,12.87917],[77.56775,12.87919],[77.56766,12.87898],[77.568,12.87868],[77.56796,12.87839],[77.56725,12.87663],[77.56681,12.87653],[77.56385,12.87751],[77.56295,12.87752],[77.56246,12.87738],[77.56161,12.87662],[77.56117,12.87611],[77.56081,12.87533],[77.56043,12.87531],[77.55906,12.87615],[77.55565,12.8759],[77.55472,12.87706],[77.55437,12.87712],[77.55207,12.87718],[77.55114,12.87658],[77.55126,12.87598],[77.55086,12.87569],[77.55107,12.87513],[77.55101,12.87418],[77.5512,12.87347],[77.55083,12.87265],[77.54981,12.8713],[77.54984,12.87021],[77.55029,12.86969],[77.55056,12.869],[77.55055,12.86803],[77.55032,12.86765],[77.54972,12.86719],[77.54847,12.86683],[77.54841,12.86606],[77.54806,12.86512],[77.54807,12.86494],[77.54858,12.86458],[77.5486,12.86418],[77.54827,12.86392],[77.54819,12.86364],[77.54653,12.86265],[77.54632,12.86223],[77.54633,12.86134],[77.54523,12.85944],[77.54535,12.85871],[77.54623,12.85755],[77.54614,12.8565],[77.54674,12.85553],[77.54597,12.85435],[77.54597,12.85301],[77.54551,12.85249],[77.54531,12.85161],[77.54492,12.85116],[77.54503,12.85087],[77.54572,12.85021],[77.54575,12.84991],[77.54521,12.849],[77.54567,12.84857],[77.54601,12.84851],[77.55077,12.84919],[77.55316,12.84889],[77.55415,12.84812],[77.55676,12.84502],[77.557,12.84434],[77.55698,12.84221],[77.55719,12.84184],[77.55747,12.84172],[77.55983,12.84166],[77.56279,12.83981],[77.56348,12.83974],[77.56588,12.84032],[77.56765,12.84031],[77.57004,12.84016],[77.57461,12.83912],[77.57616,12.84348],[77.57818,12.84705],[77.58049,12.85446],[77.58204,12.86006]]]},"properties":{"ward":196,"name":"Anjanapura","lights":3771,"roadKm":234,"perKm":16.1}},{"type":"Feature","geometry":{"type":"MultiPolygon","coordinates":[[[[77.55322,12.90347],[77.55275,12.90198],[77.55111,12.90205],[77.55114,12.90139],[77.55164,12.90087],[77.55168,12.90031],[77.55134,12.90042],[77.551,12.90116],[77.55054,12.90169],[77.55045,12.90119],[77.55062,12.90064],[77.55015,12.90047],[77.54946,12.89795],[77.54811,12.89447],[77.54806,12.89307],[77.54844,12.89205],[77.5485,12.89114],[77.54924,12.88971],[77.54993,12.88887],[77.54757,12.88636],[77.54959,12.88525],[77.55005,12.88463],[77.55012,12.88406],[77.54983,12.8828],[77.55073,12.88114],[77.55077,12.87864],[77.55132,12.87679],[77.55207,12.87718],[77.55468,12.87712],[77.55565,12.8759],[77.55906,12.87615],[77.56043,12.87531],[77.56072,12.87531],[77.56161,12.87662],[77.56246,12.87738],[77.56295,12.87752],[77.56385,12.87751],[77.56681,12.87653],[77.56725,12.87663],[77.56796,12.87839],[77.568,12.87868],[77.5677,12.87897],[77.56775,12.87919],[77.56753,12.87926],[77.56732,12.87882],[77.56604,12.87905],[77.56611,12.88036],[77.56555,12.88045],[77.56365,12.88128],[77.56308,12.88126],[77.56299,12.88177],[77.56266,12.88199],[77.56275,12.88254],[77.56311,12.8831],[77.56339,12.88311],[77.56608,12.88255],[77.56673,12.88394],[77.56692,12.88488],[77.56693,12.88557],[77.56658,12.88625],[77.56709,12.88622],[77.56715,12.88664],[77.56881,12.88661],[77.56866,12.88886],[77.56958,12.88889],[77.56943,12.89005],[77.57048,12.89027],[77.57156,12.89027],[77.57208,12.89214],[77.57179,12.89423],[77.56842,12.89407],[77.56813,12.89381],[77.56579,12.89389],[77.56241,12.89425],[77.56194,12.89421],[77.56181,12.89385],[77.5615,12.89389],[77.56128,12.8936],[77.56103,12.89366],[77.56098,12.89324],[77.55948,12.89349],[77.55963,12.8942],[77.55914,12.89428],[77.55895,12.89517],[77.55852,12.89525],[77.55823,12.89489],[77.5553,12.89608],[77.55492,12.89637],[77.55579,12.89741],[77.55529,12.89775],[77.55569,12.89804],[77.55572,12.89889],[77.5567,12.90213],[77.55619,12.90225],[77.55636,12.90299],[77.55508,12.9034],[77.55424,12.90332],[77.55322,12.90347]]],[[[77.54741,12.91821],[77.54679,12.91833],[77.54638,12.91686],[77.546,12.91625],[77.54575,12.91588],[77.54532,12.91597],[77.54531,12.91541],[77.54703,12.91493],[77.54637,12.91249],[77.54595,12.91262],[77.54583,12.91221],[77.5451,12.91235],[77.54499,12.91167],[77.54468,12.91172],[77.54438,12.91022],[77.54458,12.91006],[77.5454,12.91043],[77.54568,12.91036],[77.5471,12.91085],[77.54708,12.90975],[77.54922,12.90915],[77.54959,12.90937],[77.54977,12.90903],[77.54926,12.90779],[77.55165,12.90712],[77.55357,12.90633],[77.55463,12.90909],[77.55468,12.90954],[77.55496,12.9097],[77.5559,12.91154],[77.55495,12.91159],[77.5542,12.91137],[77.55229,12.91181],[77.55353,12.91443],[77.55229,12.91497],[77.55049,12.91535],[77.55061,12.91583],[77.54808,12.91646],[77.54811,12.91705],[77.54819,12.91724],[77.5484,12.91722],[77.5486,12.91807],[77.54741,12.91821]]]]},"properties":{"ward":197,"name":"Vasanthpura","lights":4605,"roadKm":143,"perKm":32.2}},{"type":"Feature","geometry":{"type":"MultiPolygon","coordinates":[[[[77.49854,12.92574],[77.49854,12.92574],[77.49853,12.92574],[77.49854,12.92574]]],[[[77.50781,12.92483],[77.50579,12.92514],[77.50514,12.9254],[77.5044,12.92655],[77.504,12.9267],[77.50259,12.92784],[77.50001,12.92599],[77.49715,12.92333],[77.49588,12.92281],[77.49355,12.92149],[77.49269,12.92018],[77.49147,12.91917],[77.49073,12.91795],[77.4895,12.91651],[77.48744,12.91529],[77.48573,12.91327],[77.48509,12.91275],[77.48426,12.91035],[77.4818,12.91026],[77.47895,12.90923],[77.47526,12.90715],[77.47409,12.907],[77.47346,12.90673],[77.47125,12.9052],[77.47074,12.9047],[77.4697,12.90283],[77.46869,12.90185],[77.46557,12.89991],[77.46395,12.89852],[77.46211,12.89759],[77.46246,12.89686],[77.46547,12.89238],[77.46839,12.88849],[77.46913,12.89124],[77.47035,12.8942],[77.47245,12.89685],[77.47287,12.89682],[77.47381,12.89624],[77.47539,12.89478],[77.47543,12.89432],[77.47566,12.89411],[77.47623,12.89413],[77.47639,12.8944],[77.47673,12.89445],[77.47794,12.89289],[77.47896,12.89219],[77.47911,12.89193],[77.47918,12.88999],[77.47931,12.88979],[77.48,12.88974],[77.48104,12.89019],[77.48179,12.88944],[77.48207,12.88904],[77.48223,12.88805],[77.48281,12.88653],[77.48278,12.8861],[77.48245,12.88587],[77.48088,12.88611],[77.48046,12.88603],[77.47889,12.88635],[77.47864,12.88607],[77.4789,12.88537],[77.47888,12.88457],[77.47847,12.88425],[77.47822,12.88376],[77.47599,12.88167],[77.47598,12.88065],[77.47647,12.87992],[77.47709,12.87938],[77.47837,12.879],[77.48085,12.87878],[77.48143,12.87861],[77.48168,12.87832],[77.48176,12.87814],[77.48154,12.87791],[77.48146,12.87705],[77.48313,12.87631],[77.48285,12.87587],[77.48208,12.87534],[77.48201,12.87499],[77.48272,12.87403],[77.48289,12.87331],[77.48236,12.8723],[77.48348,12.87233],[77.4841,12.87192],[77.48464,12.87183],[77.48576,12.87194],[77.48708,12.87177],[77.48945,12.87268],[77.49012,12.87279],[77.49053,12.87279],[77.4921,12.87225],[77.49247,12.87236],[77.49368,12.87333],[77.49505,12.8734],[77.49539,12.87356],[77.49611,12.87514],[77.4988,12.87519],[77.4998,12.87543],[77.5007,12.87596],[77.50166,12.876],[77.50469,12.8811],[77.50624,12.87984],[77.50749,12.87932],[77.50832,12.87819],[77.50884,12.87644],[77.5092,12.87582],[77.51297,12.87079],[77.51363,12.87037],[77.5145,12.87053],[77.52232,12.87423],[77.52498,12.8747],[77.52602,12.87477],[77.5263,12.8746],[77.52625,12.87326],[77.52637,12.87289],[77.52699,12.87232],[77.52835,12.87174],[77.52908,12.87059],[77.52924,12.8701],[77.52917,12.86768],[77.52995,12.8672],[77.52599,12.86319],[77.52692,12.86015],[77.52766,12.86029],[77.52906,12.85994],[77.52806,12.85832],[77.52816,12.85816],[77.52884,12.85765],[77.53049,12.85708],[77.53051,12.85851],[77.53189,12.86125],[77.53197,12.86133],[77.53201,12.86056],[77.53241,12.85999],[77.53266,12.85982],[77.53337,12.85994],[77.53398,12.86131],[77.5348,12.86261],[77.53494,12.86273],[77.53584,12.8626],[77.53569,12.86394],[77.53589,12.86421],[77.5359,12.86459],[77.53627,12.86471],[77.53683,12.86451],[77.53731,12.86454],[77.53744,12.86606],[77.53785,12.86601],[77.53791,12.86705],[77.53853,12.86704],[77.53883,12.86729],[77.53908,12.86801],[77.53955,12.86805],[77.5396,12.8683],[77.53927,12.86846],[77.53939,12.86894],[77.54059,12.86887],[77.54068,12.86946],[77.54113,12.86938],[77.54116,12.869],[77.54135,12.86912],[77.54352,12.86896],[77.54351,12.86798],[77.54376,12.86748],[77.54543,12.86683],[77.54549,12.86738],[77.54733,12.86664],[77.54927,12.867],[77.54988,12.86728],[77.55048,12.86784],[77.55056,12.869],[77.55029,12.86969],[77.54984,12.87021],[77.54981,12.87125],[77.55083,12.87265],[77.5512,12.87347],[77.55101,12.87418],[77.55107,12.87513],[77.55086,12.87569],[77.55122,12.87591],[77.55114,12.87657],[77.55133,12.87676],[77.55077,12.87864],[77.55073,12.88114],[77.54983,12.8828],[77.55012,12.88406],[77.55005,12.88463],[77.54959,12.88525],[77.54757,12.88636],[77.54601,12.88477],[77.54438,12.88109],[77.54139,12.88107],[77.54076,12.88132],[77.53914,12.88129],[77.53796,12.88323],[77.53338,12.88618],[77.53239,12.88716],[77.53141,12.88702],[77.52886,12.88629],[77.52818,12.88595],[77.52431,12.8856],[77.52129,12.88551],[77.51774,12.89321],[77.51724,12.89311],[77.5168,12.89362],[77.51589,12.89376],[77.51573,12.89328],[77.51589,12.89259],[77.5158,12.8924],[77.51534,12.89247],[77.5148,12.89298],[77.51384,12.89302],[77.51415,12.89425],[77.51387,12.89504],[77.51427,12.8953],[77.51431,12.89552],[77.51398,12.89643],[77.51393,12.89723],[77.51328,12.89805],[77.51355,12.89886],[77.51238,12.90023],[77.51323,12.90119],[77.51394,12.90151],[77.51405,12.90171],[77.51387,12.90204],[77.51136,12.90215],[77.51097,12.90249],[77.51112,12.90289],[77.5109,12.90392],[77.51221,12.90402],[77.51216,12.90663],[77.51081,12.9067],[77.51045,12.90696],[77.51038,12.90725],[77.51106,12.90811],[77.51087,12.90888],[77.51062,12.90923],[77.50935,12.90979],[77.5098,12.91144],[77.5105,12.91228],[77.51096,12.91429],[77.51339,12.9143],[77.51341,12.91612],[77.51242,12.91622],[77.5122,12.91706],[77.51157,12.91811],[77.51145,12.9193],[77.51154,12.91973],[77.51185,12.91992],[77.51189,12.92044],[77.5117,12.92068],[77.51175,12.92221],[77.51149,12.92372],[77.51052,12.92379],[77.51043,12.92479],[77.50781,12.92483]]],[[[77.51096,12.92955],[77.51094,12.93248],[77.50994,12.933],[77.50903,12.93318],[77.50646,12.9313],[77.50545,12.92972],[77.50761,12.92901],[77.50983,12.9291],[77.50985,12.92891],[77.51097,12.9289],[77.51096,12.92955]]]]},"properties":{"ward":198,"name":"Hemmigepura","lights":6802,"roadKm":453,"perKm":15}}]}
