{"type":"FeatureCollection","features":[{"type":"Feature","geometry":{"type":"Polygon","coordinates":[[[77.62131,12.9515],[77.61855,12.94621],[77.61779,12.94348],[77.61753,12.94356],[77.61751,12.94341],[77.61596,12.94373],[77.61547,12.94301],[77.61454,12.94294],[77.61388,12.94255],[77.61361,12.94186],[77.61436,12.94127],[77.61533,12.94016],[77.61657,12.9395],[77.61795,12.9392],[77.61728,12.9364],[77.61689,12.93641],[77.61691,12.9367],[77.61475,12.93728],[77.61418,12.93726],[77.61275,12.93756],[77.6128,12.93788],[77.61193,12.9381],[77.61128,12.93803],[77.61069,12.93828],[77.6101,12.93822],[77.61268,12.9334],[77.61382,12.93167],[77.61004,12.93472],[77.60797,12.93598],[77.60642,12.93658],[77.60155,12.93728],[77.60184,12.93857],[77.59986,12.93905],[77.59983,12.93948],[77.59968,12.93946],[77.59963,12.93962],[77.59964,12.94017],[77.59907,12.94035],[77.59929,12.94139],[77.59842,12.94149],[77.59857,12.94287],[77.59725,12.94325],[77.59712,12.94418],[77.59806,12.94565],[77.59826,12.94558],[77.59861,12.94646],[77.59933,12.94619],[77.60026,12.94884],[77.60173,12.94837],[77.60202,12.94854],[77.60251,12.94839],[77.60337,12.95053],[77.61117,12.9494],[77.6113,12.94982],[77.61252,12.95005],[77.61515,12.95091],[77.61746,12.95083],[77.61826,12.952],[77.61866,12.9522],[77.61878,12.95208],[77.61979,12.95209],[77.62131,12.9515]]]},"properties":{"stationId":"ps-adugodi","stationName":"Adugodi Police Station"}},{"type":"Feature","geometry":{"type":"Polygon","coordinates":[[[77.61046,13.07899],[77.60971,13.07909],[77.61133,13.07771],[77.61089,13.07652],[77.61224,13.07594],[77.61252,13.0696],[77.61316,13.06966],[77.61329,13.06768],[77.61879,13.06807],[77.6188,13.06823],[77.61944,13.06828],[77.61955,13.06782],[77.61934,13.06629],[77.61981,13.06618],[77.62057,13.06537],[77.62053,13.0628],[77.6203,13.0608],[77.61952,13.06061],[77.61919,13.05911],[77.61887,13.05888],[77.61875,13.05831],[77.61835,13.05793],[77.61819,13.05705],[77.61889,13.0568],[77.61966,13.05582],[77.61966,13.05555],[77.61879,13.05426],[77.61638,13.0545],[77.6162,13.05298],[77.61598,13.05266],[77.61601,13.05163],[77.61776,13.05155],[77.61783,13.05143],[77.61838,13.04975],[77.61825,13.04809],[77.61753,13.04799],[77.61624,13.04822],[77.61531,13.04817],[77.61444,13.04847],[77.61234,13.04799],[77.61232,13.04759],[77.61188,13.04699],[77.61182,13.04666],[77.61229,13.0458],[77.61259,13.04434],[77.61373,13.04276],[77.61368,13.04198],[77.61198,13.04242],[77.61136,13.03999],[77.61028,13.03821],[77.61004,13.03883],[77.60944,13.03965],[77.60823,13.04053],[77.60737,13.04085],[77.59542,13.04127],[77.59267,13.04106],[77.59002,13.04161],[77.59033,13.04262],[77.59124,13.04417],[77.59142,13.04562],[77.59284,13.04907],[77.59384,13.05273],[77.59344,13.06642],[77.59286,13.07383],[77.59336,13.08081],[77.59366,13.08267],[77.59472,13.08279],[77.59476,13.08174],[77.60174,13.08127],[77.602,13.08181],[77.60286,13.08584],[77.61046,13.07899]]]},"properties":{"stationId":"ps-amruthahally","stationName":"Amruthahally Police Station"}},{"type":"Feature","geometry":{"type":"MultiPolygon","coordinates":[[[[77.72055,12.78227],[77.72261,12.78174],[77.72755,12.78247],[77.72825,12.78234],[77.73074,12.78151],[77.73295,12.78023],[77.73398,12.77988],[77.73503,12.7791],[77.73513,12.77475],[77.73482,12.77266],[77.73492,12.77175],[77.73533,12.77014],[77.73577,12.76914],[77.73633,12.76845],[77.73646,12.76718],[77.73633,12.76705],[77.73607,12.76479],[77.73494,12.7619],[77.73467,12.76152],[77.73502,12.7607],[77.73451,12.7583],[77.73424,12.75598],[77.73844,12.75328],[77.7406,12.75228],[77.74049,12.75206],[77.74024,12.75213],[77.74042,12.75201],[77.74024,12.75131],[77.74036,12.75045],[77.73988,12.75022],[77.73915,12.7502],[77.73847,12.74973],[77.73721,12.74868],[77.73629,12.74717],[77.73562,12.74513],[77.73567,12.74453],[77.73625,12.74423],[77.73536,12.74333],[77.73492,12.74207],[77.73499,12.74191],[77.73441,12.73972],[77.73282,12.73797],[77.73177,12.73564],[77.73119,12.73483],[77.73171,12.73409],[77.73239,12.7305],[77.73322,12.73029],[77.73315,12.72827],[77.73385,12.72831],[77.73627,12.7279],[77.73661,12.72802],[77.73686,12.72883],[77.74023,12.72955],[77.74172,12.72943],[77.74419,12.7285],[77.74575,12.72845],[77.7459,12.72951],[77.7529,12.72964],[77.75425,12.72983],[77.76097,12.72965],[77.7611,12.72726],[77.76218,12.72671],[77.76517,12.72596],[77.76719,12.72584],[77.77222,12.72456],[77.77338,12.72436],[77.77355,12.7244],[77.7736,12.72481],[77.77441,12.72451],[77.77434,12.72413],[77.7734,12.72292],[77.77281,12.7217],[77.7707,12.71826],[77.76967,12.71311],[77.76882,12.71322],[77.76884,12.71353],[77.76622,12.71295],[77.76605,12.71257],[77.76583,12.7108],[77.76602,12.7089],[77.7645,12.70229],[77.76504,12.70256],[77.76256,12.69693],[77.76091,12.69709],[77.76092,12.69683],[77.76069,12.69685],[77.76067,12.69705],[77.76011,12.69726],[77.75755,12.69766],[77.75413,12.69733],[77.75149,12.69797],[77.74736,12.69955],[77.74512,12.70013],[77.74428,12.70013],[77.74117,12.70082],[77.74092,12.7007],[77.74085,12.70098],[77.74092,12.70069],[77.73763,12.69843],[77.73684,12.6965],[77.73637,12.6959],[77.73576,12.69381],[77.73574,12.69325],[77.73602,12.69181],[77.73752,12.68919],[77.74009,12.68679],[77.74099,12.68547],[77.74168,12.68217],[77.7408,12.67762],[77.74098,12.67381],[77.7387,12.67213],[77.73643,12.67244],[77.73534,12.67229],[77.73472,12.67249],[77.7323,12.67256],[77.73225,12.67242],[77.73005,12.67289],[77.72565,12.6708],[77.72518,12.67093],[77.72474,12.67079],[77.72472,12.67136],[77.72433,12.67152],[77.72405,12.67304],[77.72342,12.67398],[77.7232,12.67896],[77.72281,12.67909],[77.72286,12.67949],[77.72319,12.6794],[77.71991,12.68043],[77.71784,12.68166],[77.71389,12.68272],[77.71204,12.68339],[77.71177,12.68138],[77.71198,12.67998],[77.71193,12.67681],[77.71207,12.67527],[77.71225,12.67511],[77.7123,12.67471],[77.71221,12.67343],[77.71171,12.67068],[77.71128,12.66933],[77.71086,12.66639],[77.70823,12.66571],[77.70818,12.66549],[77.70757,12.66507],[77.70662,12.66344],[77.70639,12.6634],[77.70499,12.66173],[77.70444,12.66166],[77.7027,12.66081],[77.70108,12.66058],[77.69662,12.66074],[77.69501,12.66052],[77.69201,12.66044],[77.68973,12.65845],[77.68475,12.65997],[77.67986,12.65999],[77.67886,12.66016],[77.67843,12.66053],[77.679,12.66188],[77.67629,12.66338],[77.67697,12.66585],[77.67723,12.66756],[77.67706,12.66912],[77.67741,12.67219],[77.67555,12.6736],[77.6763,12.67568],[77.67705,12.67928],[77.67598,12.67938],[77.67225,12.68082],[77.67012,12.68132],[77.66818,12.68205],[77.66326,12.68327],[77.65561,12.68187],[77.65643,12.68218],[77.65497,12.68174],[77.6527,12.68062],[77.64602,12.67852],[77.61885,12.67359],[77.59805,12.66808],[77.59656,12.66493],[77.59552,12.65782],[77.59403,12.66716],[77.59964,12.6783],[77.6037,12.69295],[77.6132,12.70339],[77.61462,12.71123],[77.60301,12.71535],[77.59415,12.72038],[77.59476,12.72079],[77.59519,12.72053],[77.59863,12.72278],[77.59861,12.72333],[77.60884,12.73006],[77.61329,12.73402],[77.61526,12.73438],[77.61994,12.73483],[77.62014,12.73485],[77.62014,12.73451],[77.62294,12.73541],[77.62756,12.73543],[77.62895,12.73511],[77.63061,12.73499],[77.63159,12.73541],[77.63215,12.73546],[77.63229,12.73527],[77.63373,12.7353],[77.63422,12.735],[77.63504,12.7349],[77.63576,12.73587],[77.63686,12.73671],[77.63719,12.73655],[77.63732,12.73667],[77.63937,12.7364],[77.64086,12.73789],[77.64108,12.73791],[77.64372,12.73748],[77.64527,12.73654],[77.6481,12.73709],[77.65004,12.73803],[77.65193,12.7394],[77.65293,12.73935],[77.65298,12.74102],[77.65325,12.74199],[77.6543,12.742],[77.6543,12.7419],[77.6584,12.74136],[77.6591,12.74295],[77.65877,12.74367],[77.65848,12.74538],[77.65816,12.74549],[77.65804,12.74699],[77.65741,12.74697],[77.65731,12.74819],[77.65715,12.7482],[77.65716,12.74839],[77.65675,12.74842],[77.65665,12.74872],[77.65649,12.7487],[77.65634,12.74935],[77.65612,12.74948],[77.65594,12.75035],[77.6563,12.75077],[77.65622,12.75123],[77.65439,12.75108],[77.65401,12.75254],[77.65365,12.75317],[77.65371,12.75329],[77.65539,12.75347],[77.65749,12.75321],[77.658,12.75337],[77.65838,12.75294],[77.66068,12.75345],[77.66717,12.75405],[77.66759,12.75496],[77.66741,12.75724],[77.6672,12.75786],[77.66693,12.76339],[77.66647,12.76876],[77.67125,12.76818],[77.67351,12.76823],[77.67465,12.76848],[77.67472,12.76911],[77.67492,12.76928],[77.67611,12.76922],[77.67618,12.76945],[77.67708,12.76995],[77.67749,12.76998],[77.67755,12.76623],[77.68517,12.76656],[77.68662,12.76613],[77.68667,12.76796],[77.68746,12.77012],[77.6894,12.77862],[77.69278,12.77866],[77.69438,12.77813],[77.69431,12.77759],[77.69483,12.7775],[77.69475,12.77766],[77.69602,12.77738],[77.69638,12.7775],[77.69882,12.77713],[77.70076,12.77614],[77.70232,12.77436],[77.70411,12.7742],[77.70853,12.77585],[77.71038,12.77974],[77.71056,12.7813],[77.71199,12.78382],[77.71222,12.7849],[77.7174,12.78309],[77.72055,12.78227]]],[[[77.61457,12.81732],[77.6147,12.81718],[77.61467,12.81664],[77.61447,12.81622],[77.61457,12.81732]]]]},"properties":{"stationId":"ps-anekal","stationName":"Anekal Police Station"}},{"type":"Feature","geometry":{"type":"Polygon","coordinates":[[[77.51853,12.97732],[77.51836,12.97664],[77.51844,12.97572],[77.5177,12.97511],[77.5173,12.97336],[77.51735,12.97299],[77.51811,12.97259],[77.51787,12.97182],[77.51827,12.97042],[77.51733,12.9693],[77.51736,12.96839],[77.51794,12.9676],[77.51797,12.96724],[77.5174,12.96658],[77.51729,12.96623],[77.51746,12.96583],[77.51811,12.9655],[77.51824,12.96504],[77.51798,12.9644],[77.51739,12.96375],[77.5176,12.96206],[77.51592,12.96204],[77.51563,12.96038],[77.51522,12.95972],[77.51147,12.9611],[77.51007,12.96106],[77.5048,12.96035],[77.50177,12.96103],[77.50151,12.96094],[77.49862,12.96183],[77.49685,12.96219],[77.49524,12.96244],[77.49518,12.9622],[77.49312,12.96283],[77.49241,12.96271],[77.49217,12.96256],[77.49209,12.96224],[77.4918,12.96213],[77.49156,12.96225],[77.49155,12.9627],[77.49224,12.96299],[77.4897,12.96377],[77.48968,12.96359],[77.48885,12.96379],[77.4892,12.96539],[77.48905,12.96559],[77.48772,12.96611],[77.48597,12.96655],[77.48264,12.96716],[77.48124,12.96794],[77.48231,12.97088],[77.48338,12.97307],[77.48368,12.9731],[77.4878,12.97154],[77.48756,12.9731],[77.48782,12.97457],[77.48744,12.97644],[77.48785,12.97637],[77.48863,12.97755],[77.4901,12.97867],[77.49343,12.97885],[77.49332,12.97995],[77.49571,12.97923],[77.49693,12.98171],[77.50203,12.97984],[77.50272,12.98234],[77.50458,12.98213],[77.50536,12.98364],[77.50606,12.98296],[77.50667,12.9828],[77.50704,12.98287],[77.50744,12.98334],[77.50801,12.98449],[77.50828,12.98448],[77.509,12.98402],[77.50973,12.9842],[77.51081,12.9848],[77.51073,12.98401],[77.51106,12.98272],[77.51099,12.98104],[77.51356,12.98037],[77.51603,12.98008],[77.51563,12.97941],[77.51679,12.97924],[77.51674,12.97879],[77.5188,12.97832],[77.51853,12.97732]]]},"properties":{"stationId":"ps-annapoorneshwarinagar","stationName":"Annapoorneshwari Nagar Police Station"}},{"type":"Feature","geometry":{"type":"Polygon","coordinates":[[[77.61295,12.97409],[77.61206,12.96964],[77.61263,12.9691],[77.6144,12.9685],[77.61445,12.96833],[77.61439,12.96771],[77.614,12.96696],[77.61398,12.96654],[77.61448,12.96502],[77.61489,12.96242],[77.61427,12.95505],[77.61776,12.95362],[77.61785,12.95292],[77.61866,12.9522],[77.61826,12.952],[77.61746,12.95083],[77.61515,12.95091],[77.61252,12.95005],[77.61138,12.94986],[77.61123,12.94944],[77.60718,12.94988],[77.60344,12.95051],[77.60366,12.95146],[77.60291,12.95175],[77.60279,12.95213],[77.60291,12.95245],[77.60056,12.9536],[77.60073,12.95417],[77.59925,12.95465],[77.59954,12.95539],[77.5999,12.95527],[77.60017,12.95617],[77.59936,12.95643],[77.5995,12.95712],[77.59478,12.95786],[77.59316,12.95838],[77.59452,12.96202],[77.59626,12.96361],[77.59686,12.9647],[77.59705,12.96539],[77.59937,12.96734],[77.6039,12.97051],[77.60686,12.97194],[77.60799,12.97532],[77.61295,12.97409]]]},"properties":{"stationId":"ps-ashokanagara","stationName":"Ashoknagar Police Station"}},{"type":"Feature","geometry":{"type":"Polygon","coordinates":[[[77.80031,12.8074],[77.80003,12.80544],[77.80399,12.8048],[77.8041,12.80388],[77.80401,12.80302],[77.8045,12.80303],[77.80534,12.80031],[77.80623,12.79993],[77.80718,12.79987],[77.80738,12.79968],[77.80732,12.79946],[77.80744,12.79944],[77.80764,12.79845],[77.80909,12.79715],[77.80829,12.79532],[77.8073,12.79456],[77.80692,12.79452],[77.80664,12.79428],[77.80686,12.79393],[77.80668,12.79381],[77.80623,12.79445],[77.80582,12.79455],[77.80475,12.79415],[77.80439,12.79415],[77.80393,12.79435],[77.80268,12.79616],[77.80194,12.79638],[77.80147,12.79635],[77.80124,12.79615],[77.8008,12.795],[77.80043,12.7945],[77.79996,12.79479],[77.79979,12.79589],[77.7994,12.79579],[77.79788,12.79356],[77.79679,12.79367],[77.79605,12.79221],[77.7947,12.79175],[77.79453,12.79059],[77.79267,12.78726],[77.79221,12.78668],[77.79083,12.78345],[77.79056,12.78333],[77.78919,12.78173],[77.78937,12.78145],[77.78833,12.77975],[77.78818,12.77987],[77.78809,12.77943],[77.78733,12.77885],[77.787,12.77887],[77.7861,12.77765],[77.78523,12.77735],[77.78533,12.77722],[77.78497,12.77701],[77.78401,12.77439],[77.78337,12.7738],[77.78235,12.77329],[77.77894,12.76786],[77.77961,12.76799],[77.78009,12.76776],[77.78065,12.76695],[77.7811,12.76581],[77.78277,12.76505],[77.78295,12.76412],[77.78365,12.76368],[77.78538,12.76206],[77.78748,12.76122],[77.7913,12.76026],[77.79434,12.75922],[77.79516,12.75919],[77.79442,12.75627],[77.79411,12.75375],[77.79245,12.74796],[77.79182,12.74787],[77.79075,12.74726],[77.78418,12.74188],[77.78394,12.74195],[77.78385,12.7416],[77.78355,12.74202],[77.78085,12.742],[77.78047,12.74215],[77.77921,12.74186],[77.77887,12.74141],[77.77687,12.74051],[77.77514,12.74047],[77.77334,12.74064],[77.76959,12.74027],[77.76484,12.73788],[77.76301,12.73647],[77.76266,12.73491],[77.76097,12.72965],[77.75425,12.72983],[77.75294,12.72964],[77.7459,12.72951],[77.74575,12.72845],[77.74419,12.7285],[77.7418,12.72941],[77.74025,12.72955],[77.73686,12.72883],[77.73661,12.72802],[77.73627,12.7279],[77.73315,12.72827],[77.73327,12.73026],[77.73239,12.7305],[77.73171,12.73409],[77.73119,12.73483],[77.73177,12.73564],[77.73282,12.73797],[77.73441,12.73972],[77.73499,12.74191],[77.73492,12.74207],[77.73536,12.74333],[77.7362,12.74418],[77.73567,12.74453],[77.73562,12.74513],[77.73629,12.74717],[77.73721,12.74868],[77.73847,12.74973],[77.73915,12.7502],[77.7398,12.75022],[77.74036,12.75045],[77.74024,12.75131],[77.74042,12.75201],[77.74024,12.75213],[77.74049,12.75206],[77.7406,12.75228],[77.73844,12.75328],[77.73424,12.75598],[77.73451,12.7583],[77.73502,12.7607],[77.73466,12.76151],[77.73494,12.7619],[77.73607,12.76479],[77.73633,12.76705],[77.73647,12.76711],[77.73633,12.76845],[77.73614,12.76852],[77.73577,12.76914],[77.73533,12.77014],[77.73489,12.77206],[77.73483,12.7726],[77.73513,12.77475],[77.73503,12.7791],[77.73398,12.77988],[77.73304,12.78019],[77.73074,12.78151],[77.72827,12.78233],[77.72761,12.78247],[77.72269,12.78173],[77.71745,12.78307],[77.71229,12.78484],[77.71213,12.78478],[77.71199,12.78382],[77.7106,12.78136],[77.71039,12.78056],[77.71051,12.78011],[77.71039,12.77976],[77.70853,12.77585],[77.7045,12.77428],[77.70232,12.77436],[77.70076,12.77614],[77.69871,12.77715],[77.69924,12.77978],[77.69759,12.78048],[77.69752,12.78084],[77.69778,12.78205],[77.69703,12.78247],[77.69548,12.78433],[77.69341,12.78583],[77.69311,12.78626],[77.69315,12.78681],[77.69259,12.78847],[77.69186,12.78881],[77.69028,12.78863],[77.68958,12.78829],[77.68954,12.78864],[77.68918,12.78857],[77.68682,12.78696],[77.68581,12.79056],[77.6857,12.79051],[77.68559,12.79074],[77.68908,12.79229],[77.68898,12.79375],[77.6895,12.80118],[77.68929,12.80441],[77.68964,12.80601],[77.67928,12.81173],[77.67623,12.81454],[77.67034,12.81601],[77.67088,12.81826],[77.67072,12.82022],[77.67085,12.82093],[77.67078,12.82212],[77.6705,12.82386],[77.67009,12.82391],[77.67011,12.82464],[77.66996,12.82464],[77.66987,12.82487],[77.66859,12.82502],[77.66811,12.82526],[77.66808,12.82544],[77.66445,12.8262],[77.6637,12.82627],[77.66372,12.8257],[77.66246,12.82614],[77.66276,12.8287],[77.66182,12.83479],[77.66482,12.83657],[77.66503,12.8365],[77.66762,12.83313],[77.66931,12.83299],[77.67042,12.83753],[77.67141,12.83734],[77.67166,12.83711],[77.67229,12.83985],[77.67211,12.84022],[77.67403,12.84228],[77.67516,12.84236],[77.67841,12.83801],[77.67922,12.8361],[77.68081,12.83697],[77.68306,12.83676],[77.68362,12.83788],[77.68726,12.84275],[77.68739,12.84253],[77.68688,12.84119],[77.69049,12.83923],[77.69735,12.83752],[77.70055,12.83455],[77.70537,12.83046],[77.71079,12.83025],[77.71285,12.82997],[77.71292,12.83047],[77.71328,12.8306],[77.71428,12.83055],[77.71614,12.82986],[77.71636,12.82961],[77.71767,12.82936],[77.71812,12.82913],[77.719,12.82911],[77.71991,12.82879],[77.72024,12.82896],[77.72009,12.82845],[77.72021,12.82825],[77.72075,12.82816],[77.72084,12.82801],[77.72166,12.82798],[77.72171,12.8277],[77.72221,12.82763],[77.7263,12.82805],[77.72706,12.82705],[77.72754,12.82694],[77.72765,12.82643],[77.72815,12.82637],[77.72833,12.82598],[77.72811,12.82588],[77.72773,12.82361],[77.72706,12.81831],[77.73042,12.81927],[77.73152,12.8182],[77.73204,12.81489],[77.73556,12.81602],[77.73873,12.81787],[77.73948,12.81792],[77.74211,12.81747],[77.7455,12.81637],[77.74587,12.81759],[77.74627,12.81814],[77.74803,12.818],[77.74829,12.81801],[77.74844,12.81826],[77.74941,12.8177],[77.75025,12.81749],[77.75058,12.8172],[77.75067,12.81688],[77.75203,12.81675],[77.75238,12.81745],[77.75253,12.81729],[77.75275,12.81734],[77.75314,12.81706],[77.75301,12.81664],[77.75479,12.81571],[77.75541,12.81561],[77.75535,12.8153],[77.75491,12.81535],[77.75491,12.81497],[77.75607,12.81465],[77.75587,12.81418],[77.75571,12.8142],[77.75707,12.81258],[77.75745,12.81252],[77.75782,12.81297],[77.75851,12.81276],[77.75944,12.81224],[77.76026,12.81139],[77.76085,12.81107],[77.76133,12.81059],[77.76147,12.81071],[77.76179,12.81045],[77.76369,12.81027],[77.76614,12.80925],[77.76686,12.81039],[77.76685,12.81065],[77.76798,12.81135],[77.76882,12.81355],[77.76955,12.81372],[77.77149,12.8163],[77.77396,12.8158],[77.7739,12.8152],[77.77756,12.81408],[77.7819,12.81294],[77.78504,12.81271],[77.7871,12.81202],[77.78766,12.81312],[77.788,12.81434],[77.78837,12.81495],[77.78893,12.81538],[77.78938,12.81616],[77.79094,12.81966],[77.79203,12.81972],[77.792,12.81961],[77.79433,12.8189],[77.79388,12.81506],[77.79339,12.81341],[77.79264,12.81355],[77.79163,12.81108],[77.79226,12.81074],[77.79252,12.8108],[77.79445,12.80958],[77.79418,12.80962],[77.79429,12.80942],[77.79745,12.80876],[77.7999,12.80748],[77.80031,12.8074]]]},"properties":{"stationId":"ps-attibele","stationName":"Attibele Police Station"}},{"type":"Feature","geometry":{"type":"Polygon","coordinates":[[[77.74585,13.11048],[77.74941,13.11045],[77.74939,13.11],[77.75334,13.10928],[77.75492,13.10931],[77.75918,13.10893],[77.76407,13.10902],[77.76391,13.10916],[77.76407,13.10929],[77.7647,13.10879],[77.7656,13.10875],[77.76659,13.10793],[77.76548,13.10497],[77.76452,13.10453],[77.76457,13.1036],[77.76417,13.10287],[77.76494,13.10158],[77.76474,13.10052],[77.76476,13.09841],[77.76548,13.09759],[77.76577,13.09699],[77.76517,13.09481],[77.76494,13.09482],[77.76691,13.08841],[77.76556,13.08148],[77.76016,13.08143],[77.76091,13.07776],[77.75919,13.07759],[77.75895,13.07742],[77.75938,13.07574],[77.75842,13.07502],[77.75835,13.07374],[77.76026,13.07294],[77.76013,13.07271],[77.76286,13.07079],[77.76385,13.06904],[77.76563,13.06685],[77.76618,13.06574],[77.76672,13.06513],[77.76688,13.06462],[77.76725,13.06462],[77.76795,13.06289],[77.76785,13.0628],[77.76799,13.05697],[77.76833,13.05664],[77.76842,13.05632],[77.76921,13.05668],[77.77006,13.05595],[77.76995,13.0549],[77.77053,13.05424],[77.77015,13.05429],[77.77053,13.05035],[77.77044,13.04949],[77.77008,13.0484],[77.77197,13.0484],[77.77293,13.04861],[77.77339,13.04784],[77.77501,13.04829],[77.77601,13.04832],[77.77618,13.04821],[77.77625,13.04764],[77.77661,13.04775],[77.77437,13.04703],[77.7738,13.04706],[77.77466,13.04626],[77.77476,13.04557],[77.77628,13.04335],[77.77729,13.04115],[77.77767,13.03994],[77.77772,13.03846],[77.7777,13.03829],[77.77747,13.03824],[77.77408,13.0385],[77.77067,13.03815],[77.76809,13.03811],[77.76379,13.03895],[77.76304,13.03893],[77.75992,13.03869],[77.75976,13.03807],[77.75704,13.03831],[77.75626,13.03825],[77.755,13.03782],[77.75459,13.03721],[77.75302,13.03736],[77.7523,13.03804],[77.74757,13.0381],[77.74503,13.0377],[77.74333,13.03685],[77.74146,13.03219],[77.74268,13.03136],[77.74369,13.0312],[77.7434,13.03064],[77.74336,13.03018],[77.74276,13.02999],[77.74173,13.03048],[77.74147,13.02991],[77.7404,13.03005],[77.73903,13.02703],[77.74009,13.02647],[77.74044,13.02538],[77.7396,13.02351],[77.74316,13.0223],[77.74335,13.0225],[77.74625,13.02198],[77.74662,13.01862],[77.74557,13.01691],[77.74525,13.01538],[77.74629,13.01514],[77.74507,13.01192],[77.74465,13.01149],[77.74452,13.01087],[77.7433,13.01091],[77.74193,13.0114],[77.74059,13.01098],[77.74057,13.01078],[77.73711,13.01223],[77.73293,13.01354],[77.73246,13.01252],[77.73199,13.01257],[77.7316,13.01203],[77.73103,13.01223],[77.73191,13.01418],[77.73002,13.01604],[77.72616,13.01765],[77.72327,13.02003],[77.72094,13.02046],[77.72054,13.02257],[77.72095,13.02556],[77.7208,13.02659],[77.72037,13.02638],[77.72016,13.02735],[77.71776,13.02969],[77.7162,13.03156],[77.71407,13.03318],[77.71307,13.03418],[77.71238,13.03443],[77.71151,13.03447],[77.71087,13.03476],[77.71052,13.03553],[77.71053,13.03725],[77.70973,13.03703],[77.70902,13.03725],[77.70889,13.03628],[77.70609,13.03567],[77.70512,13.03498],[77.70416,13.03471],[77.70182,13.03517],[77.70134,13.03542],[77.69864,13.03532],[77.6969,13.03558],[77.69323,13.03685],[77.69285,13.03735],[77.69263,13.0363],[77.69331,13.035],[77.69289,13.03231],[77.69085,13.0326],[77.68688,13.03348],[77.6851,13.03338],[77.68438,13.03482],[77.68399,13.0372],[77.68481,13.04187],[77.68505,13.04511],[77.68284,13.04604],[77.68066,13.04585],[77.68011,13.04597],[77.68004,13.04612],[77.68007,13.04876],[77.68033,13.05015],[77.68097,13.05179],[77.67994,13.05241],[77.67838,13.05235],[77.67908,13.05536],[77.67938,13.05568],[77.67921,13.05737],[77.67896,13.05782],[77.67944,13.05858],[77.67929,13.06045],[77.67951,13.06195],[77.67899,13.06286],[77.6787,13.0648],[77.67736,13.0651],[77.67735,13.06576],[77.67709,13.0665],[77.67736,13.06677],[77.67742,13.06708],[77.67718,13.0678],[77.6778,13.06782],[77.67876,13.06702],[77.679,13.06768],[77.67895,13.06837],[77.67909,13.06883],[77.67874,13.06961],[77.67888,13.06994],[77.67877,13.07178],[77.6779,13.07265],[77.67762,13.07337],[77.67843,13.07374],[77.6785,13.07446],[77.67787,13.07502],[77.67705,13.07735],[77.67735,13.07765],[77.67845,13.07803],[77.67924,13.07976],[77.6805,13.08148],[77.68032,13.0815],[77.68166,13.08526],[77.68201,13.08712],[77.68035,13.087],[77.67964,13.08708],[77.67959,13.08728],[77.67884,13.08748],[77.67677,13.08757],[77.67744,13.09194],[77.67778,13.09289],[77.67777,13.09345],[77.68026,13.09581],[77.67955,13.10022],[77.69436,13.10235],[77.696,13.10242],[77.70107,13.10306],[77.70183,13.1004],[77.70394,13.09944],[77.70753,13.09809],[77.71126,13.09803],[77.71315,13.09853],[77.71547,13.09775],[77.72022,13.09998],[77.72171,13.10358],[77.72163,13.10657],[77.72258,13.11192],[77.72848,13.11309],[77.73211,13.11432],[77.73631,13.11452],[77.73719,13.11211],[77.74454,13.1113],[77.74585,13.11048]]]},"properties":{"stationId":"ps-avalahally","stationName":"Avalahally Police Station"}},{"type":"Feature","geometry":{"type":"Polygon","coordinates":[[[77.49968,13.07186],[77.50325,13.06676],[77.50643,13.0618],[77.51037,13.0635],[77.51042,13.06462],[77.51099,13.06584],[77.5111,13.06787],[77.51179,13.06819],[77.51177,13.06927],[77.51572,13.06757],[77.5172,13.06958],[77.51791,13.06923],[77.51859,13.06837],[77.51835,13.06768],[77.52028,13.0658],[77.51984,13.06484],[77.52001,13.06315],[77.52022,13.06264],[77.5202,13.06145],[77.52045,13.06092],[77.52009,13.05988],[77.52038,13.05919],[77.51972,13.05787],[77.51978,13.05738],[77.51934,13.05693],[77.51988,13.05563],[77.52043,13.0552],[77.51931,13.04994],[77.51865,13.04839],[77.5222,13.04591],[77.51906,13.04108],[77.51844,13.03989],[77.51628,13.04179],[77.51162,13.04341],[77.50842,13.04506],[77.50499,13.04604],[77.49444,13.04973],[77.49227,13.05076],[77.49247,13.05157],[77.49234,13.05462],[77.49101,13.05688],[77.49142,13.05846],[77.49271,13.06208],[77.49298,13.06212],[77.49259,13.0655],[77.49276,13.06574],[77.49311,13.07209],[77.49968,13.07186]]]},"properties":{"stationId":"ps-bagalgunte","stationName":"Bagalgunte Police Station"}},{"type":"Feature","geometry":{"type":"Polygon","coordinates":[[[77.72898,13.18523],[77.72364,13.17741],[77.73023,13.17331],[77.72977,13.17205],[77.72732,13.1692],[77.72803,13.16831],[77.72708,13.16634],[77.72592,13.16236],[77.726,13.15815],[77.72721,13.15546],[77.72931,13.15402],[77.72849,13.15234],[77.72845,13.14876],[77.72557,13.14914],[77.72506,13.14769],[77.72467,13.14751],[77.72449,13.14709],[77.72427,13.14573],[77.72349,13.14558],[77.72329,13.14527],[77.72253,13.14481],[77.72239,13.14457],[77.72247,13.14374],[77.72183,13.14355],[77.72101,13.14285],[77.72013,13.14267],[77.7205,13.13997],[77.72059,13.13616],[77.7259,13.1352],[77.72475,13.12833],[77.72517,13.12508],[77.72541,13.1139],[77.72487,13.11239],[77.72265,13.11199],[77.72164,13.10659],[77.72171,13.10358],[77.72022,13.09998],[77.71547,13.09775],[77.71315,13.09853],[77.71126,13.09803],[77.70753,13.09809],[77.70186,13.10035],[77.70107,13.10306],[77.696,13.10242],[77.69436,13.10235],[77.67961,13.10022],[77.6757,13.10013],[77.67362,13.10083],[77.67322,13.0998],[77.67131,13.09807],[77.6698,13.09707],[77.66716,13.09582],[77.66411,13.09581],[77.66385,13.09546],[77.66356,13.09404],[77.66386,13.09161],[77.66311,13.08912],[77.66116,13.088],[77.65713,13.08878],[77.65598,13.08878],[77.65499,13.08846],[77.65505,13.08787],[77.65464,13.0862],[77.65586,13.08601],[77.65575,13.08437],[77.65506,13.08395],[77.65431,13.08409],[77.65342,13.08175],[77.65341,13.08136],[77.64976,13.08072],[77.6496,13.08132],[77.64669,13.08513],[77.64654,13.08626],[77.64619,13.08632],[77.64641,13.08828],[77.64903,13.08797],[77.64963,13.08945],[77.6501,13.09019],[77.64541,13.09249],[77.64493,13.09332],[77.64452,13.0935],[77.64455,13.09441],[77.64013,13.0961],[77.64108,13.09895],[77.63927,13.09938],[77.63933,13.09991],[77.63529,13.10054],[77.63468,13.10268],[77.63359,13.10879],[77.63389,13.11078],[77.63446,13.11232],[77.63414,13.11771],[77.63378,13.1186],[77.63042,13.12229],[77.63049,13.12602],[77.63239,13.12934],[77.63558,13.13704],[77.63705,13.1394],[77.63726,13.14089],[77.63725,13.14335],[77.63757,13.14657],[77.6401,13.14605],[77.6411,13.14609],[77.64125,13.14831],[77.64263,13.14846],[77.64458,13.14896],[77.64477,13.15134],[77.64522,13.15349],[77.65054,13.15199],[77.65085,13.15304],[77.65038,13.15414],[77.65043,13.15464],[77.65574,13.15384],[77.65696,13.15391],[77.65567,13.15568],[77.65488,13.15648],[77.65887,13.15652],[77.66005,13.16352],[77.66188,13.16348],[77.6619,13.16652],[77.66682,13.16593],[77.6671,13.16732],[77.66792,13.16715],[77.66893,13.16735],[77.67023,13.16689],[77.6718,13.16664],[77.67139,13.16758],[77.67179,13.17313],[77.67262,13.17538],[77.67516,13.17563],[77.67565,13.17716],[77.67632,13.18059],[77.67644,13.18272],[77.6759,13.18608],[77.67518,13.18756],[77.67899,13.18721],[77.68043,13.18754],[77.6939,13.18748],[77.69392,13.18793],[77.70502,13.18778],[77.70747,13.18757],[77.71191,13.18773],[77.72555,13.18586],[77.72898,13.18523]]]},"properties":{"stationId":"ps-bagalur","stationName":"Bagalur Police Station"}},{"type":"Feature","geometry":{"type":"Polygon","coordinates":[[[77.57522,12.93464],[77.57535,12.9336],[77.57569,12.93297],[77.57568,12.93217],[77.57635,12.93048],[77.57684,12.92847],[77.57705,12.92716],[77.57703,12.92471],[77.57696,12.92425],[77.57472,12.92182],[77.57423,12.91974],[77.57354,12.9179],[77.57353,12.91698],[77.57289,12.91663],[77.5711,12.91654],[77.5704,12.91634],[77.56998,12.91565],[77.56891,12.91539],[77.56741,12.9139],[77.56719,12.91383],[77.56213,12.91531],[77.56149,12.91584],[77.56139,12.91571],[77.56043,12.91563],[77.55901,12.91564],[77.55895,12.91489],[77.5572,12.91492],[77.55717,12.91521],[77.55672,12.91519],[77.55545,12.91559],[77.5549,12.91453],[77.55259,12.91509],[77.55283,12.91538],[77.55228,12.91569],[77.55269,12.91597],[77.55259,12.91694],[77.55273,12.91774],[77.55198,12.91797],[77.55189,12.91872],[77.55211,12.91972],[77.55265,12.91972],[77.55285,12.92011],[77.55336,12.92055],[77.55435,12.92102],[77.55414,12.92128],[77.55379,12.92137],[77.5543,12.92365],[77.5587,12.92219],[77.56015,12.92189],[77.56053,12.92344],[77.5609,12.92608],[77.56235,12.92832],[77.5628,12.92952],[77.56372,12.92928],[77.56391,12.92978],[77.56354,12.92994],[77.56369,12.9305],[77.56668,12.92995],[77.56738,12.93185],[77.56775,12.93238],[77.56842,12.93506],[77.57045,12.93477],[77.57067,12.93496],[77.57382,12.93477],[77.57382,12.93517],[77.57522,12.93464]]]},"properties":{"stationId":"ps-banashankari","stationName":"Banashankari Police Station"}},{"type":"Feature","geometry":{"type":"Polygon","coordinates":[[[77.65563,13.01906],[77.65506,13.01804],[77.65495,13.01685],[77.65418,13.01492],[77.65439,13.01488],[77.65417,13.01403],[77.65459,13.01399],[77.65444,13.01311],[77.65414,13.01313],[77.65411,13.01289],[77.65239,13.01241],[77.65135,13.01235],[77.64973,13.01321],[77.64643,13.01133],[77.648,13.00905],[77.64795,13.00819],[77.64917,13.00622],[77.64925,13.00595],[77.64894,13.00507],[77.64832,13.00516],[77.64157,12.99746],[77.64268,12.99586],[77.6413,12.99581],[77.6412,12.99546],[77.64067,12.99573],[77.64047,12.99495],[77.63794,12.99519],[77.6379,12.99424],[77.63806,12.9942],[77.63796,12.99382],[77.63789,12.99364],[77.63747,12.99367],[77.63739,12.99301],[77.63189,12.99405],[77.63203,12.995],[77.63261,12.9952],[77.63326,12.99818],[77.63259,12.99833],[77.63267,12.99873],[77.63224,12.99881],[77.63202,12.99835],[77.62873,12.99915],[77.6299,13.00125],[77.62947,13.00352],[77.63015,13.00533],[77.62188,13.00872],[77.62093,13.00971],[77.62075,13.01016],[77.62064,13.01099],[77.62085,13.01194],[77.62269,13.01602],[77.62313,13.01602],[77.62517,13.01504],[77.62698,13.01448],[77.62827,13.01478],[77.62877,13.01523],[77.62956,13.01699],[77.62982,13.01801],[77.63005,13.01987],[77.62988,13.02203],[77.63054,13.02245],[77.63093,13.02311],[77.63155,13.02564],[77.632,13.02685],[77.63262,13.02782],[77.63582,13.02663],[77.63965,13.02588],[77.65275,13.02017],[77.65563,13.01906]]]},"properties":{"stationId":"ps-banaswadi","stationName":"Banaswadi Police Station"}},{"type":"Feature","geometry":{"type":"Polygon","coordinates":[[[77.65071,12.90189],[77.65103,12.90205],[77.65192,12.90142],[77.65232,12.90178],[77.6532,12.90202],[77.65594,12.90164],[77.65859,12.90149],[77.65925,12.90235],[77.66028,12.9032],[77.66101,12.90316],[77.66198,12.90363],[77.66073,12.90239],[77.65984,12.90045],[77.65938,12.89995],[77.65913,12.89938],[77.65871,12.89919],[77.65839,12.89863],[77.65825,12.89788],[77.65839,12.89685],[77.65712,12.89413],[77.65679,12.89387],[77.65573,12.89383],[77.65422,12.89448],[77.65281,12.89458],[77.65086,12.89355],[77.6502,12.89301],[77.64911,12.89106],[77.64981,12.88983],[77.64967,12.88931],[77.64825,12.8899],[77.64394,12.89059],[77.6399,12.88913],[77.62922,12.90638],[77.63291,12.90675],[77.63497,12.90733],[77.63548,12.90722],[77.63899,12.90581],[77.63914,12.90553],[77.641,12.90425],[77.64669,12.90065],[77.64742,12.89956],[77.64848,12.89948],[77.64908,12.89977],[77.65016,12.89938],[77.65054,12.90169],[77.65071,12.90189]]]},"properties":{"stationId":"ps-bandepalya","stationName":"Bandepalya Police Station"}},{"type":"Feature","geometry":{"type":"Polygon","coordinates":[[[77.58,12.94879],[77.58011,12.94834],[77.58003,12.93677],[77.57539,12.93679],[77.5754,12.93523],[77.57522,12.93464],[77.57382,12.93517],[77.57382,12.93477],[77.57067,12.93496],[77.57045,12.93477],[77.56842,12.93506],[77.56797,12.93304],[77.56611,12.93344],[77.56625,12.9339],[77.56606,12.93501],[77.56592,12.93976],[77.56617,12.94018],[77.56649,12.94019],[77.56669,12.94142],[77.56761,12.94251],[77.56777,12.94299],[77.56759,12.94818],[77.57941,12.94838],[77.57985,12.94849],[77.58,12.94879]]]},"properties":{"stationId":"ps-basavanagudi","stationName":"Basavanagudi Police Station"}},{"type":"Feature","geometry":{"type":"Polygon","coordinates":[[[77.55013,12.99774],[77.55026,12.99775],[77.55105,12.99409],[77.55097,12.99139],[77.5491,12.98494],[77.54908,12.98442],[77.54477,12.98507],[77.5446,12.98294],[77.54356,12.98309],[77.54268,12.98289],[77.54224,12.98576],[77.53813,12.98778],[77.53442,12.98838],[77.53304,12.9891],[77.53353,12.9896],[77.53272,12.99005],[77.53283,12.99064],[77.53144,12.99082],[77.52716,12.99187],[77.52585,12.99201],[77.52576,12.99183],[77.52479,12.99213],[77.52488,12.99232],[77.5243,12.99255],[77.52414,12.99286],[77.5233,12.99291],[77.52298,12.9931],[77.52305,12.9941],[77.52347,12.99488],[77.52363,12.99557],[77.52459,12.99644],[77.52506,12.99795],[77.526,12.99796],[77.52597,12.99857],[77.52583,12.99868],[77.53949,13.00195],[77.54067,13.00245],[77.54116,13.00053],[77.54121,12.99946],[77.54315,12.99838],[77.54492,12.99765],[77.54568,12.99753],[77.55013,12.99774]]]},"properties":{"stationId":"ps-basaveshwaranagar","stationName":"Basaveshwara Nagar Police Station"}},{"type":"Feature","geometry":{"type":"Polygon","coordinates":[[[77.63673,12.89417],[77.64723,12.87722],[77.64935,12.87472],[77.64908,12.87487],[77.64506,12.87389],[77.64291,12.87372],[77.64153,12.87421],[77.64022,12.87443],[77.63969,12.8761],[77.63847,12.87797],[77.63779,12.8788],[77.63645,12.8793],[77.63616,12.87798],[77.63576,12.87765],[77.63415,12.8671],[77.63038,12.86653],[77.62709,12.86524],[77.62177,12.862],[77.61467,12.85675],[77.61196,12.85558],[77.6098,12.85506],[77.61308,12.86099],[77.61558,12.8631],[77.61967,12.8659],[77.62067,12.86711],[77.62143,12.86874],[77.6218,12.86932],[77.62216,12.86948],[77.62211,12.86987],[77.62169,12.87045],[77.62165,12.87089],[77.62182,12.87178],[77.62213,12.87246],[77.6224,12.87264],[77.62253,12.87344],[77.62172,12.87349],[77.6224,12.87459],[77.62253,12.87586],[77.62075,12.87612],[77.61801,12.8769],[77.6183,12.87741],[77.61822,12.87786],[77.61804,12.8778],[77.61809,12.87894],[77.61859,12.88061],[77.61744,12.881],[77.61824,12.8847],[77.61595,12.88519],[77.61528,12.88671],[77.61511,12.88681],[77.61421,12.88698],[77.6123,12.88701],[77.61224,12.88713],[77.61185,12.88861],[77.61177,12.89015],[77.61204,12.89163],[77.6123,12.89164],[77.6125,12.89187],[77.61297,12.89356],[77.61335,12.89346],[77.61347,12.89361],[77.616,12.89291],[77.61607,12.89321],[77.6198,12.89266],[77.61962,12.89155],[77.62012,12.89145],[77.62019,12.89064],[77.62016,12.88964],[77.61995,12.88893],[77.62196,12.88861],[77.62199,12.88878],[77.62366,12.88856],[77.6255,12.88857],[77.6259,12.89218],[77.62574,12.89456],[77.62914,12.89437],[77.63173,12.89375],[77.63277,12.89381],[77.6351,12.89322],[77.6352,12.89416],[77.63673,12.89417]]]},"properties":{"stationId":"ps-begur","stationName":"Begur Police Station"}},{"type":"Feature","geometry":{"type":"Polygon","coordinates":[[[77.70774,12.92974],[77.70509,12.91831],[77.70498,12.91677],[77.70874,12.87741],[77.70864,12.87731],[77.70839,12.87843],[77.70796,12.88356],[77.70753,12.88397],[77.70514,12.88491],[77.7032,12.88529],[77.6971,12.8838],[77.69477,12.88276],[77.69244,12.882],[77.69221,12.88138],[77.68756,12.88236],[77.68785,12.88332],[77.68578,12.88421],[77.68596,12.8855],[77.68531,12.88744],[77.6856,12.88761],[77.68518,12.88807],[77.68464,12.88775],[77.68457,12.88969],[77.6829,12.89086],[77.68307,12.89144],[77.68291,12.89153],[77.68297,12.89166],[77.68232,12.89202],[77.67832,12.89304],[77.67831,12.8939],[77.67811,12.89418],[77.6748,12.89566],[77.67379,12.89301],[77.67293,12.88843],[77.66889,12.89007],[77.66677,12.892],[77.66333,12.89298],[77.66313,12.89333],[77.66328,12.89407],[77.66317,12.89432],[77.66026,12.8947],[77.65709,12.89406],[77.65839,12.89685],[77.65825,12.89801],[77.65864,12.89913],[77.65907,12.8993],[77.65938,12.89995],[77.65984,12.90045],[77.66068,12.90233],[77.66198,12.90363],[77.66101,12.90316],[77.66028,12.9032],[77.65892,12.90201],[77.65867,12.90149],[77.65594,12.90164],[77.6532,12.90202],[77.65232,12.90178],[77.65192,12.90142],[77.65103,12.90205],[77.65071,12.90189],[77.65051,12.9037],[77.65095,12.90429],[77.65134,12.90536],[77.6517,12.90721],[77.65315,12.90698],[77.65321,12.90745],[77.65359,12.90741],[77.65409,12.9114],[77.65407,12.91213],[77.6537,12.91215],[77.65396,12.91411],[77.65449,12.91607],[77.65504,12.92049],[77.65369,12.92069],[77.65371,12.9212],[77.65248,12.92136],[77.65246,12.92118],[77.65166,12.92127],[77.65161,12.923],[77.65188,12.92418],[77.65139,12.92428],[77.65212,12.92654],[77.65286,12.92777],[77.65413,12.92926],[77.65506,12.92895],[77.66062,12.92955],[77.66106,12.92929],[77.66241,12.92898],[77.66362,12.92796],[77.66475,12.92795],[77.66544,12.92804],[77.66598,12.93079],[77.6727,12.93085],[77.67408,12.93118],[77.67522,12.9318],[77.67619,12.93194],[77.67692,12.93114],[77.67796,12.93058],[77.67843,12.93048],[77.68062,12.93082],[77.68082,12.93062],[77.68154,12.92809],[77.68109,12.92785],[77.68109,12.92747],[77.6814,12.92481],[77.68182,12.9238],[77.68052,12.92163],[77.68027,12.92011],[77.68093,12.91995],[77.6823,12.92001],[77.68284,12.91956],[77.68565,12.91869],[77.68932,12.91705],[77.68943,12.91667],[77.68928,12.91542],[77.68943,12.91541],[77.69652,12.91611],[77.69693,12.91912],[77.69667,12.91944],[77.69475,12.91953],[77.69477,12.92189],[77.69534,12.92194],[77.6948,12.92508],[77.69467,12.92899],[77.69503,12.93129],[77.69535,12.93169],[77.69644,12.93214],[77.69696,12.93207],[77.69997,12.93109],[77.7012,12.93116],[77.70187,12.93094],[77.70247,12.93104],[77.70429,12.93001],[77.70689,12.9296],[77.70774,12.92974]]]},"properties":{"stationId":"ps-bellanduru","stationName":"Bellanduru Police Station"}},{"type":"Feature","geometry":{"type":"Polygon","coordinates":[[[77.60713,12.99638],[77.61447,12.99161],[77.61642,12.9909],[77.61805,12.98975],[77.61729,12.98861],[77.61844,12.9878],[77.61922,12.9874],[77.62035,12.9874],[77.61909,12.98553],[77.61719,12.98349],[77.61571,12.98254],[77.61432,12.98252],[77.61286,12.98285],[77.61224,12.98437],[77.61068,12.98455],[77.60994,12.98556],[77.60904,12.98577],[77.60823,12.9865],[77.60714,12.98682],[77.6071,12.99029],[77.60384,12.99004],[77.60411,12.99216],[77.60274,12.99185],[77.60083,12.99207],[77.59877,12.99271],[77.59824,12.99321],[77.59599,12.99409],[77.59576,12.99431],[77.59603,12.99474],[77.59728,12.99469],[77.60068,12.9957],[77.60314,12.99511],[77.60551,12.99429],[77.60699,12.99647],[77.60713,12.99638]]]},"properties":{"stationId":"ps-bharathinagar","stationName":"Bharathi Nagar Police Station"}},{"type":"Feature","geometry":{"type":"Polygon","coordinates":[[[77.62509,12.91292],[77.63673,12.89417],[77.63526,12.89417],[77.6351,12.89322],[77.63277,12.89381],[77.6318,12.89373],[77.62914,12.89437],[77.62579,12.89457],[77.6257,12.89409],[77.6259,12.89218],[77.62556,12.88856],[77.62367,12.88856],[77.62199,12.88878],[77.62196,12.88861],[77.6199,12.88887],[77.62016,12.88964],[77.62019,12.89064],[77.62012,12.89145],[77.61962,12.89155],[77.6198,12.89266],[77.61607,12.89321],[77.61605,12.89289],[77.61347,12.89361],[77.61369,12.89475],[77.61337,12.89521],[77.61286,12.89517],[77.6123,12.89769],[77.61204,12.89776],[77.61204,12.89844],[77.61243,12.89956],[77.61237,12.89992],[77.6118,12.9],[77.61181,12.9021],[77.61133,12.90226],[77.61133,12.90265],[77.60901,12.90311],[77.60931,12.90503],[77.61264,12.90461],[77.613,12.90549],[77.61397,12.90684],[77.61407,12.90734],[77.61469,12.90841],[77.61487,12.90847],[77.61531,12.90962],[77.61597,12.91236],[77.61633,12.91479],[77.61654,12.91528],[77.61673,12.91483],[77.61836,12.91332],[77.61957,12.91254],[77.62186,12.91288],[77.62352,12.91272],[77.62391,12.91293],[77.62509,12.91292]]]},"properties":{"stationId":"ps-bommanahalli","stationName":"Bommanahalli Police Station"}},{"type":"Feature","geometry":{"type":"Polygon","coordinates":[[[77.49771,13.0174],[77.49912,13.01394],[77.49976,13.01353],[77.49968,13.01293],[77.49988,13.01194],[77.49785,13.01162],[77.49788,13.01075],[77.49826,13.01077],[77.4984,13.00959],[77.49988,13.00941],[77.49991,13.00928],[77.49922,13.00857],[77.4984,13.00905],[77.49797,13.00769],[77.49757,13.00386],[77.4953,13.00451],[77.49429,13.00175],[77.49391,13.00186],[77.49356,13.00099],[77.49515,13.00078],[77.49506,13.0005],[77.49545,13.00028],[77.4954,13.00014],[77.4979,12.99921],[77.4976,12.99866],[77.49907,12.99807],[77.49914,12.9982],[77.49962,12.99809],[77.50136,12.99699],[77.50103,12.99634],[77.50142,12.99615],[77.50128,12.99584],[77.50054,12.99594],[77.5003,12.99511],[77.50006,12.99516],[77.4999,12.99471],[77.4993,12.99259],[77.49937,12.99074],[77.49839,12.99051],[77.49733,12.98982],[77.49736,12.98874],[77.49845,12.98896],[77.49993,12.98892],[77.50123,12.98942],[77.50114,12.98845],[77.5017,12.98825],[77.50171,12.98786],[77.50109,12.98638],[77.50088,12.98465],[77.5016,12.9844],[77.50137,12.98341],[77.50148,12.98305],[77.50275,12.98242],[77.50203,12.97984],[77.49693,12.98171],[77.49571,12.97923],[77.49339,12.97995],[77.49328,12.97993],[77.49342,12.97888],[77.49331,12.97883],[77.4901,12.97867],[77.48863,12.97755],[77.48785,12.97637],[77.48744,12.97644],[77.48782,12.97457],[77.48756,12.9731],[77.4878,12.97154],[77.48348,12.97314],[77.48231,12.97088],[77.48124,12.96794],[77.47342,12.9696],[77.4737,12.97077],[77.47102,12.97108],[77.47091,12.9757],[77.47036,12.98303],[77.47063,12.9849],[77.47182,12.98897],[77.47152,12.98913],[77.47187,12.98975],[77.47204,12.99113],[77.47244,12.99165],[77.4735,12.99724],[77.4742,13.00671],[77.47527,13.01217],[77.47574,13.01616],[77.47679,13.01615],[77.47733,13.01725],[77.47951,13.01801],[77.48198,13.01862],[77.48231,13.01893],[77.48283,13.01894],[77.48342,13.01859],[77.48501,13.01851],[77.48568,13.01906],[77.48578,13.02026],[77.48871,13.02024],[77.48877,13.01977],[77.48971,13.01986],[77.48999,13.01994],[77.49002,13.02022],[77.49139,13.02097],[77.49209,13.02114],[77.49217,13.02074],[77.49289,13.02072],[77.49374,13.02092],[77.49399,13.02033],[77.49444,13.02017],[77.49459,13.02034],[77.4949,13.02023],[77.49531,13.01964],[77.49593,13.01805],[77.49693,13.01773],[77.49758,13.01771],[77.49771,13.0174]]]},"properties":{"stationId":"ps-byadarahalli","stationName":"Byadarahalli Police Station"}},{"type":"Feature","geometry":{"type":"Polygon","coordinates":[[[77.64894,13.00507],[77.65286,13.00449],[77.65423,13.00448],[77.65662,13.0038],[77.65766,13.00325],[77.65958,13.00193],[77.66087,13.00032],[77.66267,12.99735],[77.66279,12.99676],[77.665,12.99315],[77.66626,12.99158],[77.66691,12.99105],[77.68719,12.97943],[77.68475,12.97759],[77.68438,12.97684],[77.684,12.97657],[77.68189,12.97756],[77.67935,12.97791],[77.6793,12.97616],[77.67813,12.97267],[77.67478,12.97335],[77.67034,12.97475],[77.66712,12.97126],[77.66591,12.97144],[77.66541,12.97175],[77.66301,12.9715],[77.66163,12.97195],[77.66155,12.97157],[77.6603,12.9715],[77.65887,12.97102],[77.65678,12.97444],[77.65458,12.97711],[77.65085,12.98112],[77.64842,12.98519],[77.64811,12.98606],[77.64805,12.98677],[77.64793,12.98685],[77.64245,12.98474],[77.64333,12.9916],[77.63734,12.99268],[77.63747,12.99367],[77.63789,12.99364],[77.63806,12.9942],[77.6379,12.99424],[77.63794,12.99519],[77.64047,12.99495],[77.64066,12.99568],[77.6412,12.99546],[77.6413,12.99581],[77.64271,12.99582],[77.64157,12.99746],[77.64832,13.00516],[77.64894,13.00507]]]},"properties":{"stationId":"ps-byappanahalli","stationName":"Byappanahalli Police Station"}},{"type":"Feature","geometry":{"type":"Polygon","coordinates":[[[77.54807,12.95718],[77.54834,12.95669],[77.55056,12.95705],[77.5521,12.95752],[77.55212,12.95735],[77.55174,12.95226],[77.55148,12.95198],[77.55121,12.95213],[77.5509,12.95206],[77.5495,12.95228],[77.54933,12.9514],[77.55003,12.95091],[77.55007,12.95019],[77.54977,12.94826],[77.54957,12.94788],[77.54982,12.94772],[77.54977,12.94738],[77.54906,12.94752],[77.54891,12.94574],[77.54824,12.94586],[77.54813,12.94523],[77.54711,12.94539],[77.54702,12.94483],[77.54636,12.94495],[77.5461,12.94405],[77.54527,12.94421],[77.5449,12.94318],[77.53948,12.9435],[77.53679,12.9434],[77.53603,12.94243],[77.53554,12.94103],[77.53439,12.94087],[77.53412,12.94065],[77.53393,12.94009],[77.53399,12.93912],[77.53374,12.93869],[77.53337,12.93836],[77.53316,12.93867],[77.53219,12.93856],[77.53198,12.93782],[77.53203,12.93627],[77.53146,12.93492],[77.53153,12.93359],[77.528,12.93398],[77.52743,12.93424],[77.52731,12.93474],[77.52656,12.93572],[77.52526,12.93595],[77.52484,12.93571],[77.52479,12.9349],[77.52189,12.93348],[77.52199,12.93208],[77.52173,12.93174],[77.52079,12.93158],[77.52041,12.9309],[77.52012,12.93074],[77.51969,12.93089],[77.51836,12.93199],[77.51767,12.93233],[77.51753,12.93263],[77.51808,12.93388],[77.518,12.9345],[77.51758,12.93495],[77.51701,12.93484],[77.51629,12.93416],[77.51597,12.93422],[77.51545,12.93555],[77.51447,12.93548],[77.51409,12.93502],[77.51354,12.93647],[77.5132,12.93687],[77.51522,12.93844],[77.51784,12.94016],[77.52149,12.94176],[77.52305,12.94264],[77.52501,12.94407],[77.52601,12.94521],[77.52711,12.94725],[77.52965,12.95094],[77.53122,12.95196],[77.53417,12.95291],[77.53582,12.95404],[77.54029,12.95914],[77.54387,12.96399],[77.54574,12.9614],[77.54807,12.95718]]]},"properties":{"stationId":"ps-byatarayanapura","stationName":"Byatarayanapura Police Station"}},{"type":"Feature","geometry":{"type":"Polygon","coordinates":[[[77.56611,12.93344],[77.56797,12.93304],[77.56669,12.92999],[77.56369,12.9305],[77.56354,12.92994],[77.56391,12.92978],[77.56372,12.92928],[77.5628,12.92952],[77.56235,12.92832],[77.5609,12.92608],[77.56053,12.92344],[77.56015,12.92189],[77.55875,12.92217],[77.5543,12.92365],[77.55379,12.92137],[77.55414,12.92128],[77.55435,12.92102],[77.55336,12.92055],[77.55255,12.91968],[77.55205,12.9198],[77.55097,12.91947],[77.54894,12.91978],[77.54727,12.91975],[77.5466,12.92012],[77.5463,12.92012],[77.546,12.92006],[77.54551,12.91961],[77.54536,12.91891],[77.54483,12.91894],[77.54418,12.9186],[77.54358,12.9187],[77.54281,12.91843],[77.54174,12.9188],[77.54066,12.9181],[77.53934,12.91754],[77.53836,12.91809],[77.53837,12.91834],[77.53875,12.91858],[77.53855,12.91957],[77.53889,12.92017],[77.5393,12.92179],[77.53983,12.92213],[77.54024,12.92324],[77.54025,12.92414],[77.54055,12.92428],[77.54051,12.92522],[77.54092,12.92516],[77.54157,12.929],[77.5415,12.92983],[77.54269,12.92902],[77.54285,12.92926],[77.54303,12.92907],[77.54349,12.93048],[77.54555,12.92863],[77.54784,12.93131],[77.54902,12.93295],[77.5508,12.93457],[77.55075,12.9348],[77.55102,12.93482],[77.5517,12.93439],[77.55167,12.93414],[77.55198,12.9337],[77.55265,12.9333],[77.55303,12.93326],[77.55383,12.93362],[77.55489,12.93471],[77.55507,12.93526],[77.55542,12.93526],[77.55559,12.93548],[77.55582,12.93541],[77.55603,12.93607],[77.5606,12.93521],[77.56221,12.9346],[77.56204,12.93412],[77.56267,12.93344],[77.56301,12.93428],[77.56611,12.93344]]]},"properties":{"stationId":"ps-ckacchukattu","stationName":"C.K.Acchukattu Police Station"}},{"type":"Feature","geometry":{"type":"Polygon","coordinates":[[[77.5699,12.96401],[77.56864,12.96047],[77.56841,12.96025],[77.56857,12.95713],[77.55929,12.95688],[77.55745,12.95545],[77.55675,12.95356],[77.55579,12.95203],[77.55548,12.95043],[77.55635,12.95025],[77.55676,12.94997],[77.55661,12.94874],[77.55444,12.94917],[77.55329,12.95083],[77.55273,12.95062],[77.55158,12.95207],[77.55174,12.95226],[77.5521,12.95752],[77.55488,12.9585],[77.55522,12.95878],[77.5558,12.95976],[77.55719,12.9608],[77.56049,12.96161],[77.56277,12.96182],[77.56999,12.96428],[77.5699,12.96401]]]},"properties":{"stationId":"ps-chamarajpet","stationName":"Chamarajpet Police Station"}},{"type":"Feature","geometry":{"type":"Polygon","coordinates":[[[77.52941,12.96478],[77.52936,12.96442],[77.53039,12.96437],[77.53038,12.96372],[77.53259,12.96336],[77.53407,12.96291],[77.5332,12.96089],[77.53301,12.96004],[77.53441,12.95672],[77.53476,12.95517],[77.53582,12.95404],[77.53417,12.95291],[77.53159,12.95211],[77.52999,12.95124],[77.52711,12.94725],[77.52601,12.94521],[77.52501,12.94407],[77.52305,12.94264],[77.52149,12.94176],[77.51784,12.94016],[77.51883,12.94123],[77.51883,12.9418],[77.51917,12.94196],[77.51928,12.94253],[77.51876,12.9426],[77.51877,12.94305],[77.51858,12.94309],[77.51818,12.94428],[77.51826,12.94536],[77.51791,12.94685],[77.51954,12.94707],[77.51932,12.95296],[77.51879,12.95293],[77.51869,12.95404],[77.51899,12.9555],[77.51841,12.95576],[77.51844,12.9559],[77.5182,12.95588],[77.51822,12.95562],[77.51701,12.95541],[77.51667,12.95493],[77.51625,12.95507],[77.51521,12.95261],[77.51368,12.95271],[77.51305,12.95295],[77.51359,12.95524],[77.51208,12.95529],[77.51186,12.95584],[77.51199,12.9563],[77.51185,12.95683],[77.51171,12.95687],[77.51196,12.95848],[77.51157,12.95876],[77.51159,12.9592],[77.51174,12.95941],[77.51238,12.95937],[77.51322,12.95853],[77.51448,12.95795],[77.51487,12.95928],[77.51563,12.96038],[77.51584,12.96194],[77.51609,12.9621],[77.5176,12.96206],[77.51739,12.96375],[77.51798,12.9644],[77.51826,12.96529],[77.51746,12.96583],[77.51729,12.96623],[77.5174,12.96658],[77.51797,12.96724],[77.51794,12.9676],[77.51736,12.96839],[77.51733,12.9693],[77.51827,12.97042],[77.51824,12.9708],[77.51868,12.97114],[77.51885,12.97192],[77.51989,12.97175],[77.51986,12.97137],[77.52121,12.97108],[77.52536,12.97078],[77.52635,12.97052],[77.5266,12.97065],[77.52704,12.97194],[77.52789,12.97189],[77.52656,12.9671],[77.52684,12.96702],[77.52657,12.96542],[77.52635,12.96541],[77.52643,12.9646],[77.52941,12.96478]]]},"properties":{"stationId":"ps-chandralayout","stationName":"Chandra Layout Police Station"}},{"type":"Feature","geometry":{"type":"Polygon","coordinates":[[[77.6379,13.20499],[77.63713,13.20277],[77.64086,13.2018],[77.64347,13.20057],[77.6542,13.19958],[77.65541,13.19772],[77.65412,13.19686],[77.66602,13.19041],[77.67122,13.18806],[77.67124,13.19175],[77.67355,13.19047],[77.67537,13.19046],[77.67512,13.18846],[77.67518,13.18756],[77.6759,13.18608],[77.67644,13.18272],[77.67632,13.18059],[77.67521,13.17563],[77.67262,13.17538],[77.67179,13.17313],[77.67139,13.16758],[77.6718,13.16664],[77.67023,13.16689],[77.66893,13.16735],[77.66792,13.16715],[77.6671,13.16732],[77.66682,13.16593],[77.6619,13.16652],[77.66188,13.16348],[77.66005,13.16352],[77.65887,13.15652],[77.65492,13.15649],[77.65696,13.15391],[77.65574,13.15384],[77.65043,13.15464],[77.65038,13.15414],[77.65085,13.15304],[77.65054,13.15199],[77.64522,13.15349],[77.64477,13.15134],[77.64458,13.14896],[77.64263,13.14846],[77.64125,13.14831],[77.6411,13.14609],[77.6401,13.14605],[77.63757,13.14657],[77.63725,13.14335],[77.63726,13.14089],[77.63705,13.1394],[77.63558,13.13704],[77.6331,13.13094],[77.63075,13.13152],[77.63166,13.13657],[77.62949,13.13731],[77.62669,13.13789],[77.62434,13.13769],[77.62298,13.13781],[77.62234,13.1358],[77.61752,13.13686],[77.6175,13.13799],[77.61646,13.13903],[77.61355,13.14101],[77.60957,13.14465],[77.60943,13.14614],[77.60887,13.14605],[77.60771,13.14252],[77.60597,13.14284],[77.6056,13.14217],[77.60437,13.14145],[77.60198,13.14174],[77.60189,13.14132],[77.60156,13.14133],[77.60135,13.14078],[77.60104,13.14082],[77.60091,13.14039],[77.59683,13.14054],[77.59658,13.1366],[77.59591,13.13853],[77.59443,13.14056],[77.59424,13.14048],[77.58899,13.13635],[77.58784,13.13498],[77.58727,13.13333],[77.58575,13.1333],[77.58589,13.13277],[77.58521,13.13282],[77.58478,13.13326],[77.58409,13.13452],[77.58404,13.13517],[77.58382,13.13531],[77.58361,13.13646],[77.58286,13.13828],[77.5824,13.14015],[77.58,13.14266],[77.58084,13.14804],[77.58014,13.15046],[77.58482,13.15031],[77.58506,13.15206],[77.58777,13.15214],[77.58782,13.15315],[77.58853,13.15313],[77.58867,13.15464],[77.58918,13.15463],[77.58942,13.15553],[77.59151,13.15546],[77.59317,13.16065],[77.59068,13.16166],[77.59029,13.16257],[77.57966,13.16366],[77.57683,13.16371],[77.57533,13.16406],[77.57476,13.16457],[77.57447,13.1662],[77.57477,13.1674],[77.57495,13.16892],[77.57485,13.16939],[77.57519,13.17121],[77.57523,13.17356],[77.5764,13.17764],[77.57388,13.18297],[77.57467,13.18585],[77.57671,13.18605],[77.57706,13.18719],[77.57723,13.18733],[77.57725,13.1872],[77.57821,13.18831],[77.57822,13.18857],[77.57941,13.19033],[77.58028,13.19131],[77.58123,13.19184],[77.58311,13.19383],[77.58415,13.19402],[77.58567,13.1955],[77.5862,13.19641],[77.58855,13.19494],[77.59351,13.19474],[77.59527,13.1948],[77.59947,13.19397],[77.60164,13.19768],[77.60258,13.19973],[77.60317,13.20288],[77.60409,13.20266],[77.61271,13.20213],[77.61629,13.20339],[77.61563,13.20401],[77.61375,13.20382],[77.61368,13.20554],[77.62242,13.2069],[77.63001,13.20592],[77.63227,13.20494],[77.6379,13.20499]]]},"properties":{"stationId":"ps-chikkajala","stationName":"Chikkajala Police Station"}},{"type":"Feature","geometry":{"type":"Polygon","coordinates":[[[77.58077,12.97187],[77.57969,12.96963],[77.58007,12.96944],[77.57779,12.9658],[77.57808,12.96568],[77.57778,12.96505],[77.57895,12.96455],[77.57882,12.9636],[77.57673,12.96403],[77.57529,12.96457],[77.57379,12.96444],[77.5738,12.96607],[77.57493,12.96835],[77.57306,12.96937],[77.57351,12.9706],[77.57327,12.97075],[77.57351,12.97136],[77.57386,12.97105],[77.57402,12.97126],[77.57514,12.97355],[77.57563,12.97388],[77.57758,12.97327],[77.58077,12.97187]]]},"properties":{"stationId":"ps-citymarket","stationName":"City Market Police Station"}},{"type":"Feature","geometry":{"type":"Polygon","coordinates":[[[77.61251,12.98379],[77.61278,12.9829],[77.61432,12.98252],[77.61586,12.98259],[77.61559,12.98104],[77.61454,12.98086],[77.61412,12.9796],[77.61526,12.97908],[77.61544,12.9788],[77.61439,12.9753],[77.59753,12.98074],[77.59746,12.98065],[77.59717,12.98108],[77.59698,12.98182],[77.59724,12.98459],[77.59756,12.98419],[77.59805,12.984],[77.60178,12.98467],[77.60313,12.98424],[77.60529,12.98409],[77.60666,12.98377],[77.60685,12.9842],[77.60715,12.98676],[77.60823,12.9865],[77.60904,12.98577],[77.60994,12.98556],[77.61068,12.98455],[77.61216,12.9844],[77.61251,12.98379]]]},"properties":{"stationId":"ps-commercialstreet","stationName":"Commercial Street Police Station"}},{"type":"Feature","geometry":{"type":"Polygon","coordinates":[[[77.57146,12.98015],[77.57177,12.98018],[77.57144,12.97993],[77.57119,12.97946],[77.57106,12.97466],[77.57178,12.97421],[77.57182,12.97345],[77.57207,12.97342],[77.57205,12.97316],[77.57238,12.97312],[77.57248,12.97352],[77.57279,12.9735],[77.57236,12.97251],[77.57351,12.97136],[77.57327,12.97075],[77.57348,12.97055],[77.57306,12.96937],[77.5749,12.96836],[77.5738,12.96607],[77.57378,12.96462],[77.57361,12.96444],[77.5702,12.96415],[77.5699,12.96401],[77.56998,12.96422],[77.56974,12.96423],[77.56277,12.96182],[77.56049,12.96161],[77.55926,12.96133],[77.562,12.96489],[77.56433,12.96844],[77.56681,12.97119],[77.56684,12.97177],[77.56734,12.97334],[77.56678,12.97523],[77.56759,12.97853],[77.56794,12.98084],[77.5688,12.98221],[77.57007,12.98152],[77.57099,12.98034],[77.57146,12.98015]]]},"properties":{"stationId":"ps-cottonpet","stationName":"Cottonpet Police Station"}},{"type":"Feature","geometry":{"type":"Polygon","coordinates":[[[77.61437,12.97524],[77.6139,12.97386],[77.60799,12.97532],[77.60686,12.97194],[77.6039,12.97051],[77.59987,12.96773],[77.59705,12.96539],[77.59684,12.96489],[77.5962,12.965],[77.59587,12.96525],[77.59519,12.9665],[77.59416,12.97139],[77.59392,12.97187],[77.5934,12.97167],[77.58919,12.96815],[77.58862,12.9679],[77.58873,12.97126],[77.58808,12.97124],[77.58786,12.97322],[77.58817,12.97327],[77.58813,12.97395],[77.58829,12.97398],[77.5882,12.9753],[77.58875,12.97508],[77.59032,12.97502],[77.59027,12.97613],[77.5913,12.97719],[77.5919,12.97664],[77.59229,12.97677],[77.59482,12.9793],[77.59591,12.98012],[77.5968,12.98036],[77.59713,12.98064],[77.59753,12.98074],[77.61437,12.97524]]]},"properties":{"stationId":"ps-cubbonpark","stationName":"Cubbon Park Police Station"}},{"type":"Feature","geometry":{"type":"Polygon","coordinates":[[[77.61028,13.03821],[77.61123,13.03472],[77.61182,13.03372],[77.61576,13.0288],[77.61566,13.02873],[77.61616,13.028],[77.61583,13.02752],[77.61347,13.02564],[77.6126,13.02362],[77.61274,13.02239],[77.61276,13.0182],[77.61323,13.01642],[77.61351,13.01082],[77.6132,13.00847],[77.61244,13.00631],[77.6121,13.00189],[77.61132,13.00206],[77.61134,13.00226],[77.61044,13.00262],[77.61029,13.00238],[77.60919,13.0028],[77.60905,13.0027],[77.60738,13.00313],[77.60825,13.0049],[77.61022,13.00421],[77.61142,13.00591],[77.61078,13.00608],[77.61101,13.00772],[77.61084,13.00799],[77.61085,13.00885],[77.61026,13.00922],[77.60397,13.00963],[77.60409,13.0105],[77.6024,13.01089],[77.60283,13.01271],[77.60199,13.01285],[77.60215,13.01343],[77.60179,13.01357],[77.60208,13.01453],[77.60163,13.01475],[77.60166,13.01526],[77.602,13.01609],[77.60124,13.01638],[77.60194,13.01758],[77.60286,13.0172],[77.60363,13.01709],[77.60468,13.01746],[77.60505,13.01926],[77.60452,13.01942],[77.60458,13.02001],[77.60407,13.02013],[77.60479,13.02146],[77.60334,13.02172],[77.60587,13.02569],[77.6074,13.029],[77.60811,13.0302],[77.60863,13.03224],[77.60652,13.03278],[77.6063,13.03401],[77.60702,13.03702],[77.60765,13.04076],[77.60861,13.04031],[77.60944,13.03965],[77.61002,13.03887],[77.61028,13.03821]]]},"properties":{"stationId":"ps-devarajeevanahalli","stationName":"Devarajeevanahalli Police Station"}},{"type":"Feature","geometry":{"type":"Polygon","coordinates":[[[77.64935,12.87472],[77.65075,12.87315],[77.67524,12.84238],[77.67403,12.84228],[77.67211,12.84022],[77.67229,12.83985],[77.67166,12.83711],[77.67141,12.83734],[77.67042,12.83753],[77.66931,12.83299],[77.66762,12.83313],[77.6649,12.83656],[77.66113,12.83438],[77.65709,12.83541],[77.65667,12.83585],[77.65185,12.83735],[77.65193,12.83745],[77.65094,12.83828],[77.65038,12.83806],[77.64933,12.83825],[77.64952,12.83904],[77.64908,12.83923],[77.64852,12.83919],[77.64778,12.8387],[77.64638,12.83896],[77.6461,12.83933],[77.64554,12.83943],[77.64554,12.83959],[77.64275,12.83991],[77.63826,12.8399],[77.63518,12.83949],[77.63454,12.83885],[77.6326,12.83883],[77.63256,12.83834],[77.63097,12.83825],[77.63092,12.8378],[77.63046,12.83794],[77.63041,12.83774],[77.62991,12.83782],[77.62975,12.83777],[77.62974,12.83758],[77.62931,12.83754],[77.62924,12.83736],[77.6287,12.83711],[77.62478,12.83621],[77.62125,12.83473],[77.62012,12.83658],[77.61455,12.83908],[77.61285,12.83815],[77.61207,12.84263],[77.61203,12.84374],[77.60937,12.84585],[77.60914,12.84689],[77.60899,12.85129],[77.60919,12.85352],[77.60974,12.85505],[77.61196,12.85558],[77.61467,12.85675],[77.62177,12.862],[77.62709,12.86524],[77.63038,12.86653],[77.63415,12.8671],[77.63576,12.87765],[77.63616,12.87798],[77.63642,12.87924],[77.63779,12.8788],[77.63847,12.87797],[77.63969,12.8761],[77.64022,12.87443],[77.64153,12.87421],[77.64291,12.87372],[77.64506,12.87389],[77.64908,12.87487],[77.64935,12.87472]]]},"properties":{"stationId":"ps-electroniccity","stationName":"Electronic City Police Station"}},{"type":"Feature","geometry":{"type":"Polygon","coordinates":[[[77.53459,13.09156],[77.53891,13.0907],[77.5386,13.08883],[77.538,13.08885],[77.53737,13.08746],[77.53673,13.08648],[77.53663,13.0859],[77.53677,13.08391],[77.53476,13.08412],[77.53202,13.08332],[77.53163,13.08304],[77.53084,13.08281],[77.53024,13.08211],[77.53043,13.08048],[77.5303,13.0786],[77.53041,13.0779],[77.53078,13.07787],[77.53112,13.07586],[77.53152,13.07561],[77.53125,13.07392],[77.53138,13.07319],[77.53171,13.07266],[77.53218,13.07271],[77.53258,13.07301],[77.53318,13.07304],[77.53321,13.07203],[77.53602,13.07117],[77.53618,13.0712],[77.53642,13.072],[77.53695,13.07264],[77.53716,13.07314],[77.53789,13.07332],[77.5398,13.0731],[77.53991,13.07335],[77.54138,13.07304],[77.54171,13.07419],[77.54163,13.07491],[77.54213,13.07515],[77.54241,13.07613],[77.54273,13.07879],[77.54263,13.07894],[77.54116,13.0793],[77.54098,13.07949],[77.54167,13.08071],[77.54246,13.08046],[77.5442,13.08167],[77.54441,13.08154],[77.54456,13.08203],[77.5452,13.08241],[77.54608,13.0815],[77.54731,13.08139],[77.54807,13.08151],[77.54744,13.07848],[77.54887,13.07823],[77.55137,13.07731],[77.55339,13.07594],[77.55148,13.07156],[77.55514,13.06991],[77.55445,13.06856],[77.55425,13.06866],[77.55317,13.06665],[77.55302,13.06655],[77.55185,13.06684],[77.55111,13.06483],[77.55089,13.06448],[77.55022,13.06409],[77.54929,13.0626],[77.5511,13.06216],[77.55114,13.06094],[77.55157,13.0597],[77.55082,13.05333],[77.54932,13.05445],[77.54679,13.05673],[77.54531,13.05528],[77.54471,13.05495],[77.54253,13.05492],[77.53916,13.05432],[77.53484,13.05488],[77.53176,13.05467],[77.53128,13.05443],[77.53069,13.05337],[77.53142,13.05177],[77.5308,13.0514],[77.5298,13.04745],[77.53006,13.04622],[77.53116,13.04423],[77.52696,13.04499],[77.52633,13.04436],[77.52527,13.04378],[77.51865,13.04839],[77.51931,13.04994],[77.52043,13.0552],[77.51988,13.05563],[77.51926,13.05692],[77.51978,13.05738],[77.51972,13.05787],[77.52038,13.05919],[77.52009,13.05988],[77.52045,13.06092],[77.5202,13.06145],[77.52022,13.06264],[77.52001,13.06315],[77.51984,13.06484],[77.52028,13.0658],[77.51835,13.06768],[77.51859,13.06837],[77.51791,13.06923],[77.5172,13.06958],[77.51829,13.07139],[77.51903,13.07368],[77.51742,13.07435],[77.51696,13.0748],[77.51695,13.07547],[77.51712,13.07602],[77.51817,13.07575],[77.51832,13.07634],[77.5205,13.0759],[77.52086,13.0775],[77.5215,13.07742],[77.52156,13.0776],[77.52088,13.07915],[77.52128,13.08041],[77.52207,13.08035],[77.52285,13.08096],[77.5232,13.08093],[77.52341,13.08158],[77.52357,13.08356],[77.52462,13.08367],[77.52609,13.08731],[77.52675,13.08725],[77.52725,13.08884],[77.5274,13.09001],[77.52927,13.08952],[77.53001,13.09187],[77.53209,13.09157],[77.53299,13.09202],[77.53402,13.09216],[77.53412,13.09184],[77.53459,13.09156]]]},"properties":{"stationId":"ps-gangammagudi","stationName":"Gangammagudi Police Station"}},{"type":"Feature","geometry":{"type":"Polygon","coordinates":[[[77.5322,12.91964],[77.53244,12.92353],[77.53172,12.93316],[77.53145,12.9342],[77.53146,12.93492],[77.53207,12.93645],[77.53198,12.93782],[77.53219,12.93856],[77.53311,12.93875],[77.53337,12.93836],[77.53374,12.93869],[77.534,12.93904],[77.53393,12.94009],[77.53422,12.94081],[77.53554,12.94103],[77.53603,12.94243],[77.53678,12.94339],[77.53934,12.94351],[77.5449,12.94318],[77.54527,12.94421],[77.54609,12.94403],[77.54634,12.94495],[77.54702,12.94483],[77.54711,12.94539],[77.54812,12.94519],[77.54822,12.94587],[77.54891,12.94574],[77.54906,12.94752],[77.54977,12.94738],[77.54945,12.94505],[77.54979,12.94349],[77.55001,12.94304],[77.55028,12.94291],[77.55,12.94217],[77.55368,12.94188],[77.55299,12.9374],[77.55211,12.93554],[77.55234,12.93542],[77.5517,12.93439],[77.55072,12.93486],[77.5508,12.93457],[77.54905,12.933],[77.54807,12.9316],[77.54555,12.92863],[77.54349,12.93048],[77.54321,12.92992],[77.54308,12.92915],[77.54285,12.92926],[77.54269,12.92902],[77.5415,12.92983],[77.54157,12.929],[77.54092,12.92516],[77.54051,12.92522],[77.54055,12.92428],[77.54022,12.92417],[77.54024,12.92324],[77.53983,12.92213],[77.5393,12.92179],[77.53889,12.92018],[77.53855,12.91957],[77.53873,12.91902],[77.53598,12.91909],[77.53557,12.91951],[77.53422,12.91988],[77.53434,12.92028],[77.53422,12.92052],[77.5322,12.91964]]]},"properties":{"stationId":"ps-girinagar","stationName":"Girinagar Police Station"}},{"type":"Feature","geometry":{"type":"Polygon","coordinates":[[[77.61368,13.04198],[77.61484,13.04142],[77.6171,13.04083],[77.6226,13.04107],[77.62377,13.04061],[77.6243,13.03994],[77.62436,13.04008],[77.62609,13.03789],[77.62759,13.03677],[77.63177,13.02854],[77.63209,13.0281],[77.63262,13.02782],[77.63251,13.02767],[77.63228,13.0277],[77.63104,13.02657],[77.63054,13.02553],[77.62024,13.02703],[77.62002,13.02625],[77.61725,13.02744],[77.61576,13.0288],[77.61185,13.03366],[77.61089,13.03563],[77.61031,13.03826],[77.61149,13.04033],[77.61195,13.04243],[77.61368,13.04198]]]},"properties":{"stationId":"ps-govindapura","stationName":"Govindapura Police Station"}},{"type":"Feature","geometry":{"type":"Polygon","coordinates":[[[77.53679,12.98065],[77.54119,12.97873],[77.54404,12.97824],[77.54524,12.97778],[77.54712,12.97644],[77.54836,12.97507],[77.5479,12.97443],[77.54733,12.97424],[77.54363,12.97409],[77.53919,12.97315],[77.53828,12.97268],[77.53775,12.97198],[77.53649,12.96832],[77.53407,12.96291],[77.53259,12.96336],[77.53039,12.96365],[77.53039,12.96437],[77.52936,12.96442],[77.52941,12.96478],[77.5265,12.9646],[77.52635,12.96541],[77.52657,12.96542],[77.52684,12.96702],[77.52656,12.9671],[77.52789,12.97189],[77.52704,12.97194],[77.5266,12.97065],[77.52635,12.97052],[77.52544,12.97076],[77.52121,12.97108],[77.51986,12.97137],[77.51989,12.97175],[77.51885,12.97192],[77.51868,12.97114],[77.51824,12.9708],[77.51787,12.97182],[77.51811,12.97259],[77.51735,12.97299],[77.5173,12.97336],[77.5177,12.97511],[77.51844,12.97572],[77.51836,12.97664],[77.51853,12.97732],[77.52286,12.97652],[77.52307,12.97712],[77.52373,12.97728],[77.52423,12.97691],[77.52477,12.97693],[77.52676,12.97798],[77.52684,12.97874],[77.52702,12.97888],[77.52743,12.97897],[77.52881,12.97875],[77.52991,12.97827],[77.53066,12.97836],[77.53107,12.97893],[77.53199,12.97912],[77.5327,12.9797],[77.53258,12.97978],[77.53321,12.98191],[77.53679,12.98065]]]},"properties":{"stationId":"ps-govindarajanagar","stationName":"Govindaraja Nagar Police Station"}},{"type":"Feature","geometry":{"type":"Polygon","coordinates":[[[77.71821,12.97722],[77.71783,12.97251],[77.71826,12.97247],[77.71803,12.97162],[77.7175,12.97127],[77.71738,12.97016],[77.71865,12.97035],[77.71913,12.97057],[77.7193,12.97247],[77.71945,12.97264],[77.72029,12.97263],[77.72073,12.97204],[77.72111,12.97104],[77.72145,12.96904],[77.7217,12.96882],[77.72138,12.96757],[77.72149,12.96716],[77.72223,12.96655],[77.7234,12.96604],[77.72342,12.96539],[77.72468,12.96542],[77.72473,12.96488],[77.72527,12.96426],[77.72505,12.9639],[77.72399,12.96397],[77.72382,12.96417],[77.72132,12.96404],[77.72012,12.96464],[77.71993,12.9652],[77.71928,12.96516],[77.71838,12.96549],[77.71671,12.96218],[77.71627,12.96009],[77.71468,12.95589],[77.69893,12.95699],[77.68958,12.95529],[77.69018,12.95288],[77.69037,12.94945],[77.6899,12.94814],[77.67192,12.94706],[77.67142,12.94539],[77.66456,12.94563],[77.66204,12.94712],[77.65979,12.94757],[77.65577,12.94736],[77.65454,12.94769],[77.64948,12.94733],[77.64909,12.94775],[77.64908,12.94851],[77.64954,12.94948],[77.65088,12.95093],[77.65224,12.95178],[77.65252,12.95251],[77.65868,12.95293],[77.66098,12.95287],[77.66099,12.95433],[77.66237,12.95424],[77.66239,12.95459],[77.66302,12.9549],[77.66331,12.95523],[77.66337,12.95572],[77.66303,12.95683],[77.66358,12.95889],[77.66508,12.95839],[77.6665,12.95813],[77.66638,12.96012],[77.66541,12.96114],[77.66155,12.96678],[77.65887,12.97102],[77.65899,12.97109],[77.6603,12.9715],[77.66148,12.97156],[77.66163,12.97195],[77.66301,12.9715],[77.66538,12.97179],[77.66591,12.97144],[77.66712,12.97126],[77.67027,12.97475],[77.67478,12.97335],[77.67811,12.97267],[77.6793,12.97616],[77.67935,12.97791],[77.68189,12.97756],[77.684,12.97657],[77.68431,12.97677],[77.68467,12.97753],[77.68719,12.97943],[77.69781,12.97346],[77.69846,12.97312],[77.69899,12.97303],[77.70006,12.97241],[77.70318,12.97347],[77.70393,12.97441],[77.7071,12.9742],[77.70745,12.97344],[77.70893,12.97393],[77.70924,12.97324],[77.71155,12.97207],[77.71181,12.9724],[77.70976,12.9779],[77.70985,12.97799],[77.71067,12.97815],[77.71821,12.97722]]]},"properties":{"stationId":"ps-hal","stationName":"H.A.L. Police Station"}},{"type":"Feature","geometry":{"type":"Polygon","coordinates":[[[77.64976,12.92459],[77.65026,12.92439],[77.65188,12.92418],[77.65161,12.923],[77.65166,12.92127],[77.65246,12.92118],[77.65248,12.92136],[77.65371,12.9212],[77.65369,12.92069],[77.65504,12.92049],[77.65449,12.91607],[77.65396,12.91411],[77.6537,12.91215],[77.65407,12.91213],[77.65409,12.9114],[77.65359,12.90741],[77.65321,12.90745],[77.65315,12.90698],[77.6517,12.90721],[77.65134,12.90536],[77.65095,12.90429],[77.65051,12.9037],[77.65071,12.90189],[77.65054,12.90169],[77.65016,12.89938],[77.64916,12.89974],[77.64848,12.89948],[77.64742,12.89956],[77.64669,12.90065],[77.641,12.90425],[77.63914,12.90553],[77.63899,12.90581],[77.63548,12.90722],[77.63507,12.90733],[77.63291,12.90675],[77.62922,12.90638],[77.62394,12.91479],[77.62267,12.91716],[77.62378,12.91754],[77.62564,12.91765],[77.62851,12.9168],[77.63364,12.91642],[77.634,12.91827],[77.6349,12.91797],[77.63475,12.91729],[77.63533,12.91707],[77.63618,12.91822],[77.63823,12.91794],[77.63833,12.91974],[77.63864,12.92107],[77.6399,12.92378],[77.64136,12.92325],[77.64489,12.92442],[77.64886,12.92469],[77.64976,12.92459]]]},"properties":{"stationId":"ps-hsrlayout","stationName":"H.S.R.Layout Police Station"}},{"type":"Feature","geometry":{"type":"Polygon","coordinates":[[[77.63064,12.98971],[77.63089,12.98918],[77.63155,12.9857],[77.63188,12.98576],[77.63254,12.98219],[77.63165,12.9817],[77.6301,12.98026],[77.62849,12.97813],[77.63175,12.97636],[77.63273,12.97504],[77.63334,12.97209],[77.63518,12.96621],[77.63921,12.96175],[77.63996,12.96153],[77.6411,12.96145],[77.6417,12.96174],[77.64126,12.9543],[77.63974,12.95153],[77.63654,12.95555],[77.63444,12.96161],[77.63364,12.96152],[77.63233,12.96107],[77.62847,12.96222],[77.62646,12.9633],[77.62487,12.9661],[77.62332,12.96687],[77.62218,12.96715],[77.62165,12.96714],[77.62072,12.96673],[77.62036,12.96647],[77.61982,12.96563],[77.61933,12.96543],[77.61771,12.96532],[77.61403,12.96643],[77.614,12.96696],[77.61439,12.96771],[77.61444,12.96845],[77.61263,12.9691],[77.61206,12.96964],[77.61295,12.97409],[77.6139,12.97386],[77.61543,12.9787],[77.61526,12.97908],[77.6142,12.97955],[77.61433,12.98024],[77.61454,12.98086],[77.61547,12.98087],[77.61565,12.98123],[77.61579,12.98244],[77.61598,12.98275],[77.61719,12.98349],[77.61765,12.98397],[77.61909,12.98553],[77.62035,12.9874],[77.62255,12.98769],[77.62776,12.98915],[77.63058,12.98982],[77.63064,12.98971]]]},"properties":{"stationId":"ps-halasur","stationName":"Halasur Police Station"}},{"type":"Feature","geometry":{"type":"Polygon","coordinates":[[[77.58459,12.97794],[77.5882,12.97538],[77.58829,12.97398],[77.58813,12.97395],[77.58817,12.97327],[77.58786,12.97322],[77.58808,12.97124],[77.58865,12.97125],[77.58856,12.96745],[77.58937,12.96619],[77.589,12.96552],[77.58813,12.96453],[77.58653,12.96581],[77.5841,12.9652],[77.584,12.96478],[77.58239,12.96471],[77.57993,12.96496],[77.57779,12.9658],[77.58002,12.96937],[77.57969,12.96963],[77.58109,12.97245],[77.5812,12.9732],[77.58445,12.97793],[77.58459,12.97794]]]},"properties":{"stationId":"ps-halasurgate","stationName":"Halasurgate Police Station"}},{"type":"Feature","geometry":{"type":"Polygon","coordinates":[[[77.55158,12.95207],[77.55273,12.95062],[77.55329,12.95083],[77.55443,12.9492],[77.55802,12.94857],[77.55892,12.94827],[77.55865,12.94619],[77.56177,12.94603],[77.56196,12.94653],[77.56243,12.94644],[77.56423,12.94667],[77.5642,12.94718],[77.56764,12.94726],[77.56772,12.94274],[77.56669,12.94142],[77.56649,12.94019],[77.56608,12.94012],[77.56592,12.93976],[77.56606,12.93501],[77.56625,12.9339],[77.56611,12.93344],[77.56302,12.93432],[77.56267,12.93344],[77.56204,12.93412],[77.56221,12.9346],[77.5606,12.93521],[77.55603,12.93607],[77.55582,12.93541],[77.55559,12.93548],[77.55542,12.93526],[77.55497,12.93515],[77.55489,12.93471],[77.55392,12.93365],[77.55288,12.93323],[77.55198,12.9337],[77.55164,12.93429],[77.55234,12.93542],[77.55211,12.93554],[77.55299,12.9374],[77.55368,12.94188],[77.55,12.94215],[77.55029,12.94283],[77.54979,12.94349],[77.54946,12.94521],[77.54981,12.94764],[77.54955,12.9478],[77.54981,12.94843],[77.55007,12.95019],[77.55003,12.95084],[77.54933,12.9514],[77.5495,12.95228],[77.55158,12.95207]]]},"properties":{"stationId":"ps-hanumathanagar","stationName":"Hanumathanagar Police Station"}},{"type":"Feature","geometry":{"type":"Polygon","coordinates":[[[77.60765,13.04076],[77.60702,13.03702],[77.6063,13.03401],[77.60648,13.03279],[77.60865,13.0323],[77.60807,13.03007],[77.60685,13.02776],[77.60622,13.02755],[77.60611,13.02727],[77.60531,13.02751],[77.60528,13.02737],[77.60503,13.02741],[77.60507,13.02758],[77.60437,13.02773],[77.60423,13.02736],[77.59967,13.02797],[77.59941,13.02884],[77.59969,13.03019],[77.60029,13.0311],[77.60018,13.03322],[77.59879,13.03319],[77.59765,13.03253],[77.59646,13.03248],[77.59399,13.03149],[77.59377,13.03049],[77.5939,13.02989],[77.59375,13.02971],[77.5934,13.02969],[77.59329,13.02942],[77.59174,13.0295],[77.59122,13.02918],[77.59041,13.02922],[77.58973,13.02859],[77.58835,13.02819],[77.58665,13.02808],[77.58657,13.02848],[77.58631,13.02856],[77.58845,13.03333],[77.58851,13.03417],[77.58932,13.03619],[77.58969,13.03987],[77.59007,13.04159],[77.59267,13.04106],[77.59542,13.04127],[77.60673,13.04094],[77.60765,13.04076]]]},"properties":{"stationId":"ps-hebbal","stationName":"Hebbal Police Station"}},{"type":"Feature","geometry":{"type":"Polygon","coordinates":[[[77.67838,13.05235],[77.67994,13.05241],[77.68097,13.05179],[77.68033,13.05015],[77.68007,13.04876],[77.68011,13.04597],[77.67846,13.04609],[77.67455,13.04548],[77.67315,13.04501],[77.6729,13.04207],[77.67293,13.03933],[77.67317,13.0375],[77.67061,13.03734],[77.66848,13.03788],[77.66525,13.03827],[77.66485,13.03339],[77.66404,13.03131],[77.66433,13.03119],[77.66421,13.02899],[77.66147,13.02729],[77.66002,13.02532],[77.65862,13.02381],[77.6576,13.0216],[77.65563,13.01906],[77.65275,13.02017],[77.64012,13.02571],[77.63582,13.02663],[77.63389,13.02726],[77.63209,13.0281],[77.62759,13.03677],[77.62609,13.03789],[77.62436,13.04008],[77.62507,13.04214],[77.62579,13.04343],[77.62746,13.04538],[77.62986,13.04921],[77.63102,13.0514],[77.63213,13.0552],[77.63242,13.05584],[77.63291,13.05607],[77.63297,13.05624],[77.63307,13.05723],[77.63296,13.06007],[77.63804,13.05961],[77.6381,13.05891],[77.63762,13.05659],[77.63779,13.05658],[77.63779,13.05612],[77.6383,13.05607],[77.63829,13.05517],[77.64511,13.05527],[77.64527,13.054],[77.64594,13.05292],[77.64604,13.05243],[77.64729,13.05245],[77.64802,13.05092],[77.64781,13.05038],[77.6477,13.05042],[77.64664,13.04921],[77.64676,13.04861],[77.64744,13.04806],[77.64998,13.04773],[77.65287,13.04656],[77.65943,13.04718],[77.66392,13.04737],[77.66433,13.04666],[77.66438,13.04713],[77.66464,13.04736],[77.66532,13.04748],[77.66621,13.04883],[77.66686,13.049],[77.66772,13.0488],[77.66829,13.04925],[77.67054,13.04967],[77.67061,13.04994],[77.67171,13.05114],[77.67224,13.05099],[77.67236,13.05115],[77.67298,13.05079],[77.67378,13.05079],[77.67469,13.05137],[77.67565,13.05255],[77.67838,13.05235]]]},"properties":{"stationId":"ps-hennur","stationName":"Hennur Police Station"}},{"type":"Feature","geometry":{"type":"Polygon","coordinates":[[[77.59603,12.99474],[77.59576,12.99431],[77.59585,12.99418],[77.59824,12.99321],[77.59849,12.99285],[77.60002,12.99224],[77.59914,12.98937],[77.59718,12.98447],[77.59514,12.98672],[77.59292,12.98953],[77.58859,12.98498],[77.58842,12.98442],[77.58803,12.98424],[77.58724,12.98228],[77.58459,12.97794],[77.58145,12.98008],[77.58066,12.98038],[77.57467,12.98077],[77.57461,12.98229],[77.57484,12.98431],[77.5758,12.98496],[77.57697,12.98648],[77.5796,12.9904],[77.58018,12.99195],[77.5826,12.99522],[77.58371,12.99584],[77.58472,12.99592],[77.5843,12.99794],[77.5866,12.99763],[77.58831,12.99648],[77.58961,12.99585],[77.58975,12.99546],[77.59417,12.99558],[77.59603,12.99474]]]},"properties":{"stationId":"ps-highgrounds","stationName":"High Grounds Police Station"}},{"type":"Feature","geometry":{"type":"Polygon","coordinates":[[[77.6123,12.88701],[77.61412,12.88699],[77.61511,12.88681],[77.61594,12.88543],[77.61593,12.88522],[77.61726,12.88484],[77.61826,12.88478],[77.61744,12.881],[77.61859,12.88061],[77.61809,12.87894],[77.61804,12.8778],[77.61822,12.87786],[77.6183,12.87741],[77.61801,12.8769],[77.62075,12.87612],[77.62253,12.87586],[77.6224,12.87459],[77.62172,12.87349],[77.62253,12.87344],[77.6224,12.87264],[77.62219,12.87252],[77.62182,12.87178],[77.62165,12.87089],[77.62169,12.87045],[77.62211,12.86987],[77.62216,12.86948],[77.6218,12.86932],[77.62067,12.86711],[77.61967,12.8659],[77.61558,12.8631],[77.61308,12.86099],[77.61073,12.85654],[77.60956,12.85479],[77.60919,12.85352],[77.60899,12.85129],[77.60906,12.84756],[77.60932,12.84608],[77.60937,12.84585],[77.61203,12.84374],[77.61207,12.84263],[77.61285,12.83815],[77.60523,12.83523],[77.6035,12.832],[77.6005,12.83385],[77.59732,12.83269],[77.59469,12.83307],[77.59283,12.83442],[77.59174,12.8349],[77.59154,12.83451],[77.59054,12.83491],[77.59054,12.83554],[77.58962,12.83545],[77.58905,12.83505],[77.58877,12.83938],[77.58809,12.84372],[77.58829,12.84747],[77.58823,12.85084],[77.58901,12.85857],[77.58987,12.8604],[77.59355,12.87107],[77.59453,12.87437],[77.5952,12.87744],[77.59684,12.88726],[77.59804,12.89058],[77.59959,12.89032],[77.59995,12.89002],[77.60302,12.88891],[77.60316,12.88881],[77.60321,12.88725],[77.60379,12.88727],[77.60632,12.88666],[77.6123,12.88701]]]},"properties":{"stationId":"ps-hulimavu","stationName":"Hulimavu Police Station"}},{"type":"Feature","geometry":{"type":"Polygon","coordinates":[[[77.63739,12.99301],[77.63734,12.99268],[77.64333,12.9916],[77.64238,12.98472],[77.64793,12.98685],[77.64842,12.98519],[77.65085,12.98112],[77.65458,12.97711],[77.65215,12.97612],[77.65082,12.97621],[77.65077,12.97673],[77.65029,12.97711],[77.64989,12.97649],[77.64937,12.97433],[77.64818,12.97498],[77.64685,12.97492],[77.64699,12.9729],[77.64744,12.97048],[77.64123,12.97022],[77.6417,12.96174],[77.6411,12.96145],[77.63996,12.96153],[77.63921,12.96175],[77.63518,12.96621],[77.63334,12.97209],[77.63273,12.97504],[77.63175,12.97636],[77.62857,12.97809],[77.6301,12.98026],[77.63189,12.9819],[77.63254,12.98219],[77.63188,12.98576],[77.63155,12.9857],[77.63089,12.98918],[77.63064,12.98971],[77.63353,12.99038],[77.63428,12.99359],[77.63739,12.99301]]]},"properties":{"stationId":"ps-indiranagar","stationName":"Indiranagar Police Station"}},{"type":"Feature","geometry":{"type":"Polygon","coordinates":[[[77.60334,13.02172],[77.60479,13.02146],[77.60407,13.02013],[77.60459,13.02005],[77.60452,13.01942],[77.60505,13.01926],[77.60468,13.01746],[77.60339,13.01709],[77.60194,13.01758],[77.60124,13.01638],[77.602,13.01609],[77.60166,13.01526],[77.60163,13.01475],[77.60208,13.01453],[77.60179,13.01357],[77.60216,13.01347],[77.60199,13.01285],[77.60283,13.01271],[77.6024,13.01089],[77.60409,13.0105],[77.60397,13.00963],[77.61026,13.00922],[77.61085,13.00885],[77.61084,13.00799],[77.61101,13.00772],[77.61079,13.00615],[77.61142,13.00591],[77.61022,13.00421],[77.60829,13.00498],[77.60738,13.00313],[77.60905,13.0027],[77.60919,13.0028],[77.61029,13.00238],[77.61044,13.00262],[77.61134,13.00226],[77.61132,13.00206],[77.61201,13.00187],[77.61212,13.00158],[77.61032,13.00062],[77.6097,13.00006],[77.60551,12.99429],[77.60314,12.99511],[77.60068,12.9957],[77.59728,12.99469],[77.59603,12.99474],[77.59551,12.99804],[77.59311,13.00581],[77.59244,13.00706],[77.59056,13.00986],[77.59327,13.01169],[77.59404,13.01189],[77.59555,13.0119],[77.59585,13.01265],[77.59764,13.01558],[77.59768,13.01622],[77.59845,13.01787],[77.59974,13.01971],[77.59984,13.02018],[77.59996,13.02013],[77.60088,13.02222],[77.60326,13.02159],[77.60334,13.02172]]]},"properties":{"stationId":"ps-jcnagarps","stationName":"J.C. Nagar Police Station"}},{"type":"Feature","geometry":{"type":"Polygon","coordinates":[[[77.56418,12.96826],[77.562,12.96489],[77.55926,12.96133],[77.55719,12.9608],[77.5558,12.95976],[77.55522,12.95878],[77.55488,12.9585],[77.55056,12.95705],[77.54834,12.95669],[77.54574,12.9614],[77.54387,12.96399],[77.54477,12.96429],[77.54637,12.9643],[77.54779,12.96479],[77.54881,12.96536],[77.55006,12.96639],[77.55102,12.9676],[77.55156,12.96803],[77.55653,12.9694],[77.55945,12.96896],[77.56121,12.96757],[77.56222,12.96716],[77.56329,12.9674],[77.56418,12.96826]]]},"properties":{"stationId":"ps-jagajeevanramnagar","stationName":"Jagajeevanram Nagar Police Station"}},{"type":"Feature","geometry":{"type":"Polygon","coordinates":[[[77.56851,13.05339],[77.56106,13.0401],[77.56017,13.03924],[77.5592,13.03874],[77.55788,13.03848],[77.55312,13.0386],[77.5517,13.03896],[77.54675,13.04091],[77.54563,13.04081],[77.54503,13.04046],[77.5444,13.03957],[77.5443,13.03868],[77.54462,13.0377],[77.54436,13.03761],[77.54295,13.03929],[77.54195,13.03831],[77.54077,13.0326],[77.53898,13.03369],[77.53516,13.03665],[77.53293,13.03812],[77.53121,13.0396],[77.52527,13.04378],[77.52633,13.04436],[77.52696,13.04499],[77.53116,13.04423],[77.53006,13.04622],[77.5298,13.04745],[77.5308,13.0514],[77.53142,13.05177],[77.53069,13.05337],[77.53128,13.05443],[77.53176,13.05467],[77.53484,13.05488],[77.53916,13.05432],[77.54253,13.05492],[77.54471,13.05495],[77.54531,13.05528],[77.54679,13.05673],[77.54932,13.05445],[77.55077,13.05339],[77.55137,13.05779],[77.5549,13.05811],[77.55561,13.05793],[77.55722,13.05861],[77.56208,13.05914],[77.56322,13.05883],[77.56503,13.0573],[77.56726,13.05502],[77.56851,13.05339]]]},"properties":{"stationId":"ps-jalahalli","stationName":"Jalahalli Police Station"}},{"type":"Feature","geometry":{"type":"Polygon","coordinates":[[[77.5849,12.93602],[77.58486,12.93295],[77.58616,12.93294],[77.58612,12.92859],[77.58727,12.92854],[77.58773,12.92787],[77.58894,12.92768],[77.58955,12.92709],[77.58945,12.91691],[77.57896,12.91693],[77.57583,12.91447],[77.5729,12.91103],[77.57297,12.91237],[77.57345,12.9143],[77.57351,12.91783],[77.57423,12.91974],[77.5744,12.92084],[77.57495,12.92219],[77.57565,12.92271],[77.57619,12.92351],[77.57696,12.92425],[77.57703,12.92471],[77.57705,12.92716],[77.57684,12.92847],[77.57636,12.93045],[77.57568,12.93217],[77.57569,12.93297],[77.57535,12.9336],[77.57522,12.93464],[77.5754,12.93523],[77.57539,12.93679],[77.58491,12.93663],[77.5849,12.93602]]]},"properties":{"stationId":"ps-jayanagar","stationName":"Jayanagar Police Station"}},{"type":"Feature","geometry":{"type":"Polygon","coordinates":[[[77.58944,12.91683],[77.59975,12.91664],[77.59978,12.91239],[77.60029,12.90735],[77.59664,12.9062],[77.59356,12.90639],[77.57325,12.90655],[77.57299,12.90847],[77.5729,12.91095],[77.57583,12.91447],[77.5786,12.91671],[77.57937,12.91699],[77.58944,12.91683]]]},"properties":{"stationId":"ps-jayaprakashnagar","stationName":"Jayaprakash Nagar Police Station"}},{"type":"Feature","geometry":{"type":"Polygon","coordinates":[[[77.65887,12.97102],[77.66358,12.96376],[77.66541,12.96114],[77.66638,12.96012],[77.6665,12.95813],[77.66508,12.95839],[77.66358,12.95889],[77.66304,12.95687],[77.66337,12.95572],[77.66331,12.95523],[77.66302,12.9549],[77.6624,12.9546],[77.66237,12.95424],[77.66099,12.95433],[77.66098,12.95287],[77.65873,12.95294],[77.65252,12.95252],[77.65224,12.95178],[77.65088,12.95093],[77.64954,12.94948],[77.64918,12.9489],[77.64905,12.9479],[77.64948,12.94733],[77.65465,12.9477],[77.65577,12.94736],[77.65646,12.94646],[77.65704,12.94604],[77.6594,12.94545],[77.6609,12.94462],[77.66134,12.94423],[77.66133,12.94366],[77.66064,12.94268],[77.66058,12.94216],[77.66075,12.94173],[77.66111,12.94139],[77.66192,12.94133],[77.66232,12.94033],[77.66268,12.93748],[77.65905,12.93735],[77.65427,12.94035],[77.64916,12.94293],[77.64733,12.94428],[77.64755,12.94447],[77.64746,12.94497],[77.64507,12.94668],[77.64207,12.94943],[77.64061,12.95046],[77.63974,12.95153],[77.6411,12.95392],[77.64137,12.95533],[77.6417,12.9619],[77.64123,12.97019],[77.64744,12.97045],[77.64699,12.9729],[77.64685,12.97492],[77.64818,12.97498],[77.64937,12.97433],[77.64989,12.97649],[77.65029,12.97711],[77.65077,12.97673],[77.65082,12.97621],[77.65215,12.97612],[77.65458,12.97711],[77.65678,12.97444],[77.65887,12.97102]]]},"properties":{"stationId":"ps-jeevanbheemanagar","stationName":"Jeevan Bheemanagar Police Station"}},{"type":"Feature","geometry":{"type":"MultiPolygon","coordinates":[[[[77.64715,12.83882],[77.64778,12.8387],[77.64849,12.83919],[77.64908,12.83923],[77.64952,12.83904],[77.64933,12.83825],[77.65032,12.83803],[77.65094,12.83828],[77.65193,12.83745],[77.65185,12.83735],[77.65667,12.83585],[77.65707,12.83544],[77.66113,12.83438],[77.66182,12.8348],[77.66275,12.82879],[77.66246,12.82614],[77.66372,12.82569],[77.66369,12.82627],[77.66437,12.82622],[77.66808,12.82544],[77.66807,12.82529],[77.66853,12.82502],[77.66987,12.82487],[77.67011,12.82464],[77.67009,12.82394],[77.6705,12.82386],[77.67086,12.82092],[77.67072,12.82022],[77.67089,12.81832],[77.67034,12.81601],[77.67642,12.81449],[77.67921,12.81173],[77.68964,12.80601],[77.68929,12.80441],[77.6895,12.80118],[77.68898,12.79375],[77.68907,12.79232],[77.68559,12.79074],[77.6857,12.79051],[77.68581,12.79056],[77.68676,12.78692],[77.68918,12.78857],[77.68946,12.78865],[77.68956,12.78835],[77.68969,12.78834],[77.69028,12.78863],[77.69186,12.78881],[77.69259,12.78847],[77.69315,12.78681],[77.69307,12.7863],[77.69341,12.78583],[77.69448,12.78494],[77.69541,12.7844],[77.69698,12.78255],[77.69778,12.78208],[77.69784,12.78185],[77.69752,12.78085],[77.69759,12.78048],[77.69917,12.77983],[77.69871,12.77715],[77.69638,12.7775],[77.69607,12.77737],[77.69475,12.77766],[77.69483,12.7775],[77.69439,12.77759],[77.69438,12.77813],[77.69278,12.77866],[77.6894,12.77862],[77.68742,12.76994],[77.68667,12.76796],[77.68662,12.76613],[77.68517,12.76656],[77.67755,12.76623],[77.67751,12.76994],[77.6771,12.76996],[77.67618,12.76945],[77.67611,12.76922],[77.67501,12.76929],[77.67472,12.76911],[77.67465,12.76848],[77.67351,12.76823],[77.67125,12.76818],[77.66647,12.76876],[77.66693,12.76339],[77.6672,12.75786],[77.66741,12.75724],[77.66761,12.75486],[77.66717,12.75405],[77.66071,12.75346],[77.65827,12.75291],[77.65808,12.7534],[77.65749,12.75321],[77.65615,12.75328],[77.65546,12.75347],[77.65371,12.75329],[77.65438,12.75112],[77.65622,12.75123],[77.6563,12.75077],[77.65594,12.75035],[77.65612,12.74951],[77.65634,12.74935],[77.65649,12.7487],[77.65665,12.74872],[77.65675,12.74842],[77.65717,12.74841],[77.65731,12.74819],[77.65737,12.74697],[77.65804,12.74699],[77.65816,12.74542],[77.65847,12.74545],[77.65877,12.74367],[77.6591,12.74295],[77.65841,12.74137],[77.65557,12.74183],[77.65492,12.74177],[77.6543,12.742],[77.65325,12.74199],[77.65298,12.74102],[77.65296,12.73935],[77.65193,12.7394],[77.65004,12.73803],[77.6481,12.73709],[77.64527,12.73654],[77.64372,12.73748],[77.64108,12.73791],[77.63937,12.7364],[77.63733,12.73667],[77.63719,12.73655],[77.63686,12.73671],[77.63663,12.73639],[77.63576,12.73587],[77.63504,12.7349],[77.63422,12.735],[77.63373,12.7353],[77.63229,12.73527],[77.63215,12.73546],[77.63159,12.73541],[77.63061,12.73499],[77.62895,12.73511],[77.62756,12.73543],[77.62294,12.73541],[77.62014,12.73451],[77.62004,12.73485],[77.61526,12.73438],[77.61329,12.73402],[77.60884,12.73006],[77.59861,12.72333],[77.59863,12.72278],[77.59519,12.72053],[77.59476,12.72079],[77.59424,12.72045],[77.58829,12.7157],[77.57872,12.70856],[77.57581,12.70421],[77.56816,12.70128],[77.56123,12.70875],[77.56026,12.71106],[77.5589,12.71336],[77.55924,12.72148],[77.55714,12.72752],[77.55758,12.73095],[77.56248,12.73216],[77.57084,12.7302],[77.5718,12.73104],[77.57276,12.7325],[77.57171,12.73366],[77.56855,12.73449],[77.56812,12.73544],[77.5694,12.73825],[77.56967,12.73914],[77.56958,12.73942],[77.57065,12.74288],[77.57161,12.74453],[77.57345,12.74689],[77.57517,12.74857],[77.57532,12.74979],[77.57587,12.75083],[77.57638,12.75121],[77.5778,12.75092],[77.58044,12.75124],[77.58164,12.75176],[77.58524,12.75172],[77.58711,12.75135],[77.59059,12.7502],[77.59401,12.75055],[77.59521,12.75159],[77.59597,12.75476],[77.59714,12.75678],[77.59835,12.7583],[77.59792,12.75807],[77.59636,12.76403],[77.59509,12.76566],[77.59559,12.76569],[77.59512,12.76947],[77.59267,12.7739],[77.59197,12.77604],[77.59207,12.77982],[77.59102,12.78092],[77.58813,12.78341],[77.58438,12.78523],[77.58116,12.78656],[77.58123,12.78693],[77.57955,12.7878],[77.57705,12.78591],[77.5759,12.78442],[77.57212,12.7804],[77.57118,12.77889],[77.57073,12.7771],[77.57067,12.77166],[77.57127,12.76976],[77.57168,12.76715],[77.5706,12.76228],[77.56939,12.76107],[77.56763,12.76028],[77.5663,12.75927],[77.56304,12.76083],[77.55846,12.76539],[77.55851,12.76909],[77.55662,12.77569],[77.55587,12.77734],[77.55597,12.78107],[77.55748,12.78249],[77.56083,12.78327],[77.56169,12.78433],[77.56184,12.78674],[77.56314,12.78815],[77.5629,12.78853],[77.56172,12.78879],[77.56217,12.78924],[77.56028,12.78974],[77.56003,12.79038],[77.55593,12.78979],[77.5563,12.79309],[77.5571,12.79597],[77.56122,12.80085],[77.56519,12.79957],[77.56525,12.80221],[77.56589,12.80435],[77.56695,12.81008],[77.5589,12.81622],[77.55361,12.8198],[77.55386,12.82006],[77.55372,12.82017],[77.55567,12.82245],[77.55652,12.8241],[77.55811,12.82834],[77.55906,12.82914],[77.55977,12.83004],[77.56257,12.83444],[77.56312,12.83556],[77.56254,12.83909],[77.5656,12.83967],[77.57314,12.83913],[77.57904,12.83823],[77.58061,12.83784],[77.58243,12.8369],[77.58433,12.83538],[77.58708,12.83363],[77.58956,12.83545],[77.59054,12.83554],[77.59054,12.83491],[77.59154,12.83451],[77.59174,12.8349],[77.59283,12.83442],[77.59463,12.83308],[77.59732,12.83269],[77.6005,12.83385],[77.60343,12.83203],[77.60523,12.83523],[77.61285,12.83815],[77.61455,12.83908],[77.62012,12.83658],[77.62122,12.83477],[77.62478,12.83621],[77.6287,12.83711],[77.62924,12.83736],[77.62931,12.83754],[77.62974,12.83758],[77.62975,12.83777],[77.63092,12.8378],[77.63097,12.83825],[77.63256,12.83834],[77.6326,12.83883],[77.63454,12.83885],[77.63518,12.83949],[77.63826,12.8399],[77.64266,12.83992],[77.64554,12.83959],[77.64554,12.83943],[77.6461,12.83933],[77.64638,12.83896],[77.64715,12.83882]],[[77.61451,12.81642],[77.61447,12.81622],[77.61459,12.81625],[77.6147,12.81731],[77.61457,12.81732],[77.61451,12.81642]]],[[[77.77645,13.04585],[77.77638,13.04562],[77.77558,13.0458],[77.77483,13.04573],[77.77466,13.04626],[77.7738,13.04697],[77.77567,13.04696],[77.77665,13.04661],[77.77645,13.04585]]]]},"properties":{"stationId":"ps-jigani","stationName":"Jigani Police Station"}},{"type":"Feature","geometry":{"type":"Polygon","coordinates":[[[77.48124,12.96794],[77.48264,12.96716],[77.48597,12.96655],[77.48769,12.96613],[77.48905,12.96559],[77.48918,12.96549],[77.48915,12.96511],[77.48885,12.96379],[77.48968,12.96359],[77.4897,12.96377],[77.49226,12.96307],[77.49208,12.96283],[77.49155,12.9627],[77.49156,12.96225],[77.4918,12.96213],[77.49209,12.96224],[77.49217,12.96256],[77.49241,12.96271],[77.49312,12.96283],[77.49511,12.96222],[77.49524,12.96244],[77.49685,12.96219],[77.49862,12.96183],[77.50151,12.96094],[77.50177,12.96103],[77.5048,12.96035],[77.51007,12.96106],[77.51147,12.9611],[77.51522,12.95972],[77.51487,12.95928],[77.51458,12.95808],[77.51442,12.95793],[77.51322,12.95853],[77.51238,12.95937],[77.51168,12.95934],[77.51157,12.95876],[77.51196,12.95848],[77.51171,12.95702],[77.51199,12.9563],[77.5119,12.95571],[77.51208,12.95529],[77.51359,12.95524],[77.51305,12.95295],[77.51368,12.95271],[77.51521,12.95261],[77.51625,12.95507],[77.51667,12.95493],[77.51701,12.95541],[77.51822,12.95562],[77.5182,12.95588],[77.51844,12.9559],[77.51841,12.95576],[77.51899,12.9555],[77.51869,12.95404],[77.51872,12.95292],[77.51932,12.95296],[77.51954,12.94707],[77.51791,12.94685],[77.51826,12.94536],[77.51818,12.94428],[77.51858,12.94309],[77.51877,12.94305],[77.51876,12.9426],[77.51928,12.94253],[77.51917,12.94196],[77.51883,12.9418],[77.51883,12.94123],[77.51784,12.94016],[77.51522,12.93844],[77.5132,12.93687],[77.51354,12.93647],[77.51409,12.93502],[77.51407,12.93375],[77.51385,12.93356],[77.5132,12.93358],[77.51261,12.93339],[77.51146,12.93243],[77.51068,12.93252],[77.50987,12.93291],[77.50896,12.9331],[77.5065,12.93129],[77.50636,12.9314],[77.50667,12.93259],[77.5038,12.93457],[77.50159,12.9315],[77.49938,12.93187],[77.50008,12.93537],[77.49742,12.93636],[77.49762,12.93708],[77.49649,12.9383],[77.49289,12.93896],[77.49219,12.93502],[77.49165,12.93419],[77.49143,12.93348],[77.49056,12.93235],[77.49033,12.9323],[77.48817,12.93282],[77.48802,12.93323],[77.48778,12.93339],[77.48148,12.93498],[77.47736,12.93656],[77.47479,12.93722],[77.46948,12.93792],[77.46976,12.94424],[77.47059,12.94948],[77.47032,12.9495],[77.47112,12.95757],[77.47102,12.97108],[77.47362,12.97084],[77.47342,12.9696],[77.48124,12.96794]]]},"properties":{"stationId":"ps-jnanabharathi","stationName":"Jnanabharathi Police Station"}},{"type":"Feature","geometry":{"type":"Polygon","coordinates":[[[77.56759,12.94818],[77.56764,12.94726],[77.5642,12.94718],[77.56423,12.94667],[77.56243,12.94644],[77.56196,12.94653],[77.56177,12.94603],[77.55865,12.94619],[77.55892,12.94827],[77.55802,12.94857],[77.55661,12.94874],[77.55683,12.9499],[77.55635,12.95025],[77.55558,12.9504],[77.55565,12.95166],[77.55675,12.95356],[77.55731,12.95526],[77.55924,12.95688],[77.56735,12.95709],[77.56759,12.94818]]]},"properties":{"stationId":"ps-kgnagar","stationName":"K.G.Nagar Police Station"}},{"type":"Feature","geometry":{"type":"Polygon","coordinates":[[[77.73103,13.01223],[77.72988,13.00872],[77.72944,13.00826],[77.72754,13.00531],[77.72799,13.00494],[77.72784,13.00424],[77.72729,13.00383],[77.72534,13.00355],[77.72356,13.00359],[77.72311,13.00151],[77.72245,13.00013],[77.72198,12.99857],[77.72002,12.99609],[77.7195,12.99618],[77.71932,12.99604],[77.70817,12.99886],[77.70459,12.99951],[77.68176,13.00064],[77.67708,13.00069],[77.67679,13.0032],[77.67707,13.00361],[77.67708,13.00498],[77.67568,13.00527],[77.67567,13.00543],[77.67519,13.00524],[77.67482,13.00648],[77.6765,13.00738],[77.6776,13.00903],[77.67881,13.00954],[77.6795,13.00941],[77.68067,13.01021],[77.68067,13.01105],[77.67861,13.01169],[77.67852,13.01596],[77.67813,13.01838],[77.67834,13.02131],[77.68425,13.02063],[77.68462,13.0225],[77.68498,13.0274],[77.68532,13.02857],[77.68493,13.02923],[77.68512,13.03135],[77.6851,13.03338],[77.68689,13.03346],[77.69289,13.03231],[77.69331,13.035],[77.69263,13.0363],[77.69276,13.03724],[77.69291,13.03735],[77.6932,13.03691],[77.69424,13.03644],[77.6969,13.03558],[77.69855,13.03532],[77.70134,13.03542],[77.70182,13.03517],[77.70416,13.03471],[77.70506,13.03496],[77.70609,13.03567],[77.70889,13.03628],[77.70902,13.03725],[77.70973,13.03703],[77.7105,13.03725],[77.71061,13.03666],[77.71052,13.03553],[77.71087,13.03476],[77.71151,13.03447],[77.71238,13.03443],[77.71307,13.03418],[77.71407,13.03318],[77.7162,13.03156],[77.71776,13.02969],[77.72012,13.02744],[77.72037,13.02638],[77.7208,13.02659],[77.72095,13.02556],[77.72054,13.02257],[77.72094,13.02046],[77.72327,13.02003],[77.72616,13.01765],[77.73002,13.01604],[77.73191,13.01418],[77.73103,13.01223]]]},"properties":{"stationId":"ps-krpuram","stationName":"K.R. Puram Police Station"}},{"type":"Feature","geometry":{"type":"Polygon","coordinates":[[[77.7777,13.03829],[77.77814,13.0383],[77.77854,13.03783],[77.77894,13.03566],[77.77892,13.03461],[77.78102,13.03459],[77.78134,13.03326],[77.77965,13.03181],[77.77967,13.03135],[77.7792,13.03073],[77.77892,13.02982],[77.77774,13.02983],[77.77754,13.02892],[77.77778,13.02884],[77.77704,13.02585],[77.77703,13.02436],[77.77648,13.02294],[77.77627,13.02245],[77.77515,13.02266],[77.77484,13.0218],[77.77456,13.01965],[77.77443,13.01944],[77.77341,13.01974],[77.77347,13.01904],[77.77291,13.01733],[77.77167,13.01504],[77.77311,13.01464],[77.7731,13.01378],[77.77343,13.01348],[77.77444,13.01339],[77.77434,13.01302],[77.77386,13.01242],[77.77391,13.01175],[77.77372,13.01118],[77.774,13.01065],[77.77328,13.01018],[77.77343,13.00966],[77.77316,13.0091],[77.77346,13.00784],[77.77341,13.00626],[77.77389,13.00617],[77.77442,13.00644],[77.77502,13.0061],[77.77568,13.00602],[77.77589,13.0057],[77.7755,13.00333],[77.77483,13.0029],[77.77356,13.00315],[77.77265,13.00292],[77.77246,13.00271],[77.77281,13.00198],[77.77363,13.00187],[77.77383,13.00125],[77.77484,13.00111],[77.77499,13.00086],[77.77483,12.99971],[77.77511,12.99705],[77.77418,12.992],[77.77521,12.9921],[77.77603,12.99171],[77.77611,12.99153],[77.776,12.99066],[77.7765,12.98832],[77.77594,12.98829],[77.77615,12.98792],[77.7759,12.98639],[77.77607,12.98587],[77.77666,12.98535],[77.77694,12.98538],[77.77715,12.98516],[77.77658,12.98486],[77.77606,12.98233],[77.77555,12.98217],[77.77528,12.98143],[77.77463,12.98053],[77.77591,12.97993],[77.77734,12.97841],[77.77836,12.9786],[77.77883,12.97716],[77.77862,12.9768],[77.77701,12.97742],[77.77436,12.97765],[77.77328,12.97726],[77.77234,12.9772],[77.77277,12.97541],[77.77274,12.97479],[77.77143,12.97524],[77.77114,12.97592],[77.7705,12.97622],[77.76796,12.97622],[77.76597,12.97647],[77.76565,12.97615],[77.764,12.97608],[77.76474,12.97767],[77.76522,12.97945],[77.76162,12.97967],[77.75767,12.97969],[77.75817,12.98232],[77.75616,12.9827],[77.75444,12.98341],[77.75229,12.98372],[77.74503,12.98627],[77.74019,12.98754],[77.73547,12.98755],[77.7293,12.98849],[77.72675,12.98906],[77.72747,12.9907],[77.72679,12.99201],[77.72686,12.99535],[77.72672,12.99574],[77.72419,12.99542],[77.72266,12.99546],[77.71932,12.99604],[77.7195,12.99618],[77.71995,12.99608],[77.72026,12.9963],[77.72198,12.99857],[77.72245,13.00013],[77.72311,13.00151],[77.72352,13.00356],[77.72525,13.00354],[77.72729,13.00383],[77.72784,13.00424],[77.72799,13.00494],[77.72754,13.00531],[77.72944,13.00826],[77.72988,13.00872],[77.73103,13.01222],[77.7316,13.01203],[77.73199,13.01257],[77.73246,13.01252],[77.73293,13.01354],[77.73711,13.01223],[77.74045,13.0108],[77.74057,13.01078],[77.74059,13.01098],[77.74193,13.0114],[77.7433,13.01091],[77.74452,13.01087],[77.74465,13.01149],[77.74507,13.01192],[77.74629,13.01514],[77.74525,13.01538],[77.74557,13.01691],[77.74662,13.01862],[77.74625,13.02198],[77.74342,13.02251],[77.74323,13.02234],[77.74252,13.0225],[77.7396,13.02351],[77.74044,13.02538],[77.74009,13.02647],[77.73903,13.02703],[77.7404,13.03005],[77.74141,13.02988],[77.74173,13.03048],[77.74276,13.02999],[77.74336,13.03018],[77.7434,13.03064],[77.74369,13.0312],[77.74268,13.03136],[77.74146,13.03219],[77.74333,13.03685],[77.74503,13.0377],[77.74757,13.0381],[77.7523,13.03804],[77.75302,13.03736],[77.75459,13.03721],[77.755,13.03782],[77.75626,13.03825],[77.75704,13.03831],[77.75976,13.03807],[77.75992,13.03869],[77.76304,13.03893],[77.76379,13.03895],[77.76799,13.03811],[77.77067,13.03815],[77.77408,13.0385],[77.7777,13.03829]]]},"properties":{"stationId":"ps-kadugodi","stationName":"Kadugodi Police Station"}},{"type":"Feature","geometry":{"type":"Polygon","coordinates":[[[77.61948,13.02646],[77.62002,13.02625],[77.62024,13.02703],[77.63054,13.02553],[77.63104,13.02657],[77.63228,13.0277],[77.63251,13.02767],[77.632,13.02685],[77.63155,13.02564],[77.63093,13.02311],[77.63054,13.02245],[77.62988,13.02203],[77.63005,13.01987],[77.62982,13.01801],[77.62956,13.01699],[77.62877,13.01523],[77.62827,13.01478],[77.62698,13.01448],[77.62517,13.01504],[77.62275,13.0161],[77.62085,13.01194],[77.62064,13.01099],[77.62093,13.00971],[77.62188,13.00872],[77.62263,13.00837],[77.6203,13.00562],[77.61912,13.00613],[77.61918,13.00635],[77.61817,13.00668],[77.61564,13.00807],[77.61527,13.00715],[77.61551,13.00698],[77.61491,13.0059],[77.61461,13.00602],[77.61388,13.0044],[77.61232,13.00463],[77.61251,13.00667],[77.6132,13.00841],[77.61351,13.01082],[77.61323,13.01642],[77.61276,13.0182],[77.61274,13.02239],[77.6126,13.02362],[77.61347,13.02564],[77.61612,13.02784],[77.61613,13.02812],[77.61568,13.0287],[77.61576,13.0288],[77.61725,13.02744],[77.61948,13.02646]]]},"properties":{"stationId":"ps-kadugondanahalli","stationName":"Kadugondana Halli Police Station"}},{"type":"Feature","geometry":{"type":"Polygon","coordinates":[[[77.48888,12.87182],[77.48923,12.87171],[77.49048,12.87289],[77.49175,12.87453],[77.49253,12.87597],[77.49319,12.87648],[77.49317,12.87839],[77.49339,12.87922],[77.4939,12.88022],[77.49495,12.87856],[77.49658,12.88012],[77.49656,12.87872],[77.49582,12.87744],[77.49617,12.87648],[77.49591,12.87631],[77.49612,12.87613],[77.49662,12.8747],[77.49935,12.87191],[77.50603,12.86764],[77.50908,12.86534],[77.5105,12.86458],[77.51381,12.8634],[77.52474,12.85874],[77.53066,12.85665],[77.54109,12.85349],[77.54868,12.85145],[77.55405,12.85071],[77.55752,12.84959],[77.55829,12.8493],[77.55833,12.84869],[77.55874,12.84746],[77.55912,12.84706],[77.56417,12.84808],[77.56808,12.8479],[77.57112,12.8482],[77.57644,12.84954],[77.57618,12.84883],[77.57619,12.84783],[77.57434,12.84256],[77.57359,12.84075],[77.57338,12.84071],[77.57289,12.83995],[77.57272,12.83989],[77.57274,12.83959],[77.57322,12.83942],[77.57314,12.83913],[77.56568,12.83968],[77.56254,12.83909],[77.56312,12.83556],[77.56257,12.83444],[77.55977,12.83004],[77.55906,12.82914],[77.55811,12.82834],[77.55652,12.8241],[77.55567,12.82245],[77.55372,12.82017],[77.55386,12.82006],[77.55361,12.8198],[77.5589,12.81622],[77.56695,12.81008],[77.56589,12.80435],[77.56525,12.80221],[77.56528,12.79955],[77.56122,12.80085],[77.5571,12.79597],[77.5563,12.79309],[77.55593,12.78979],[77.56003,12.79038],[77.56028,12.78974],[77.56217,12.78924],[77.56086,12.78792],[77.55912,12.78782],[77.5522,12.78964],[77.55243,12.79131],[77.55332,12.79461],[77.55422,12.79726],[77.55539,12.79957],[77.55371,12.79966],[77.55361,12.79999],[77.55287,12.80017],[77.5526,12.79999],[77.55242,12.80024],[77.54712,12.80138],[77.54545,12.80072],[77.54185,12.79852],[77.54204,12.79478],[77.54308,12.79335],[77.543,12.79321],[77.54473,12.79233],[77.54568,12.79086],[77.54699,12.78982],[77.54843,12.78683],[77.54831,12.78647],[77.54892,12.78528],[77.54771,12.78387],[77.5467,12.78238],[77.54505,12.77936],[77.5445,12.77759],[77.5437,12.77591],[77.54536,12.77528],[77.54694,12.77427],[77.54929,12.77425],[77.551,12.77356],[77.5515,12.77334],[77.55149,12.77248],[77.55068,12.77113],[77.5504,12.77094],[77.54903,12.77088],[77.54729,12.7705],[77.54604,12.76964],[77.54563,12.76718],[77.54592,12.76695],[77.54583,12.76671],[77.54602,12.76681],[77.546,12.76617],[77.54553,12.76601],[77.54557,12.76566],[77.54509,12.76376],[77.54421,12.76211],[77.54319,12.75896],[77.54077,12.74942],[77.54096,12.74812],[77.53468,12.75593],[77.53414,12.75511],[77.53353,12.75491],[77.53315,12.75435],[77.53336,12.75391],[77.53332,12.75339],[77.53262,12.75274],[77.53226,12.75155],[77.53174,12.75123],[77.5315,12.75139],[77.52263,12.73423],[77.52169,12.73169],[77.51707,12.73572],[77.51838,12.73947],[77.51948,12.74197],[77.51276,12.7469],[77.5125,12.74643],[77.51221,12.74653],[77.51213,12.74639],[77.50784,12.73765],[77.50656,12.73634],[77.50281,12.73567],[77.50265,12.73717],[77.4964,12.73992],[77.49309,12.73999],[77.49266,12.74149],[77.48841,12.74223],[77.48835,12.74263],[77.48798,12.74226],[77.48649,12.74288],[77.48643,12.74306],[77.48605,12.74293],[77.4861,12.74241],[77.48572,12.74137],[77.48568,12.74016],[77.48549,12.73995],[77.48441,12.73992],[77.48425,12.73908],[77.48453,12.73756],[77.4841,12.73628],[77.48252,12.73567],[77.48176,12.73323],[77.48086,12.73296],[77.48031,12.73258],[77.48006,12.73212],[77.47995,12.73139],[77.47918,12.73134],[77.47847,12.73155],[77.47622,12.72822],[77.47541,12.72857],[77.47382,12.72998],[77.47154,12.73258],[77.47148,12.73351],[77.47095,12.73504],[77.47095,12.7359],[77.47072,12.73685],[77.47112,12.7385],[77.47061,12.73955],[77.46955,12.74095],[77.46915,12.74285],[77.46912,12.7442],[77.47017,12.74789],[77.46606,12.75099],[77.46143,12.75685],[77.46837,12.75932],[77.46806,12.75991],[77.46811,12.76224],[77.46859,12.76218],[77.47039,12.7665],[77.47419,12.76475],[77.47568,12.76702],[77.47605,12.76817],[77.47875,12.78078],[77.47815,12.78245],[77.47688,12.78507],[77.47307,12.78792],[77.47188,12.78858],[77.47165,12.78915],[77.47165,12.78989],[77.47123,12.79053],[77.4701,12.79394],[77.47134,12.79804],[77.47388,12.79952],[77.47828,12.7988],[77.48011,12.7994],[77.48199,12.80086],[77.48312,12.8023],[77.48142,12.80295],[77.47776,12.80644],[77.47878,12.81145],[77.47635,12.80983],[77.47629,12.81194],[77.47108,12.81153],[77.46947,12.81099],[77.46951,12.81033],[77.46676,12.8092],[77.46461,12.80945],[77.46108,12.80743],[77.45923,12.811],[77.45755,12.8129],[77.45465,12.81665],[77.45326,12.81744],[77.45331,12.81793],[77.4521,12.81817],[77.45169,12.81847],[77.45134,12.81835],[77.45027,12.81847],[77.44915,12.81876],[77.44886,12.81789],[77.44863,12.81765],[77.44809,12.81548],[77.44652,12.81509],[77.44632,12.81486],[77.44569,12.81162],[77.44612,12.80973],[77.44605,12.8095],[77.44545,12.80941],[77.4447,12.80959],[77.44366,12.80737],[77.44392,12.80666],[77.44177,12.80821],[77.44022,12.80991],[77.4388,12.81034],[77.43837,12.81017],[77.43656,12.81008],[77.4361,12.80967],[77.43633,12.81205],[77.43626,12.81274],[77.43481,12.81489],[77.43437,12.81568],[77.43419,12.81644],[77.43413,12.81717],[77.43525,12.81974],[77.43512,12.82034],[77.43424,12.82166],[77.43397,12.82262],[77.43352,12.82327],[77.43263,12.82265],[77.42973,12.82285],[77.42551,12.82456],[77.41987,12.82624],[77.42108,12.83199],[77.42241,12.83555],[77.42995,12.83968],[77.43235,12.83934],[77.43408,12.83875],[77.43468,12.83873],[77.43488,12.84038],[77.43486,12.84189],[77.43437,12.8428],[77.43378,12.84331],[77.434,12.84464],[77.43438,12.84564],[77.4374,12.84943],[77.43775,12.85003],[77.43747,12.85019],[77.43867,12.85133],[77.43909,12.8523],[77.43922,12.85316],[77.4397,12.85398],[77.44174,12.85705],[77.44222,12.85814],[77.44345,12.8599],[77.44378,12.85991],[77.44395,12.86088],[77.44563,12.8644],[77.44754,12.86926],[77.44838,12.8722],[77.44883,12.873],[77.45014,12.87324],[77.45069,12.87311],[77.45208,12.87053],[77.45324,12.86984],[77.45378,12.86971],[77.45432,12.86979],[77.45452,12.87047],[77.45615,12.87056],[77.45704,12.86947],[77.45654,12.86826],[77.45693,12.86719],[77.45787,12.86732],[77.45857,12.86794],[77.45981,12.86599],[77.46095,12.86611],[77.46186,12.86847],[77.4636,12.87041],[77.46406,12.87058],[77.46569,12.86921],[77.4668,12.86952],[77.46786,12.86926],[77.47013,12.86789],[77.47055,12.86785],[77.47282,12.87207],[77.47312,12.87474],[77.47354,12.87444],[77.47443,12.87429],[77.47453,12.87477],[77.47519,12.87459],[77.47537,12.87452],[77.47572,12.8738],[77.4759,12.87333],[77.47537,12.87273],[77.47474,12.87131],[77.47543,12.87116],[77.47583,12.87088],[77.47625,12.87089],[77.47646,12.87202],[77.47803,12.87118],[77.4783,12.86989],[77.47892,12.86956],[77.4795,12.86868],[77.48059,12.86894],[77.48496,12.86841],[77.48486,12.86687],[77.48635,12.86667],[77.48599,12.86889],[77.48667,12.86931],[77.48603,12.87118],[77.48756,12.87168],[77.48888,12.87182]]]},"properties":{"stationId":"ps-kaggalipura","stationName":"Kaggalipura Police Station"}},{"type":"Feature","geometry":{"type":"Polygon","coordinates":[[[77.57683,12.96411],[77.5786,12.96361],[77.57946,12.96372],[77.58208,12.96343],[77.58182,12.96179],[77.58317,12.96072],[77.58231,12.9592],[77.58282,12.95888],[77.58356,12.96029],[77.58522,12.95959],[77.58678,12.95921],[77.58631,12.95808],[77.58539,12.95415],[77.58471,12.95421],[77.58391,12.95382],[77.58255,12.95078],[77.58183,12.94955],[77.58059,12.9489],[77.58011,12.94834],[77.58,12.94838],[77.57998,12.95507],[77.57635,12.95648],[77.57632,12.95754],[77.57508,12.95764],[77.57539,12.95943],[77.5745,12.95974],[77.57518,12.96135],[77.57617,12.96255],[77.57683,12.96411]]]},"properties":{"stationId":"ps-kalasipalya","stationName":"Kalasipalya Police Station"}},{"type":"Feature","geometry":{"type":"Polygon","coordinates":[[[77.50253,13.00013],[77.50497,12.99947],[77.50487,12.99893],[77.50627,12.9987],[77.50893,12.99774],[77.51062,12.99731],[77.51071,12.9978],[77.51083,12.99781],[77.51384,12.99731],[77.51402,12.99913],[77.51654,12.9986],[77.51758,12.99869],[77.51772,12.9976],[77.51804,12.99745],[77.51899,12.99755],[77.51957,12.99697],[77.51989,12.99686],[77.52155,12.99752],[77.52597,12.99857],[77.526,12.99796],[77.52506,12.99795],[77.52459,12.99644],[77.52363,12.99557],[77.52347,12.99488],[77.52305,12.9941],[77.52298,12.9931],[77.5233,12.99291],[77.52414,12.99286],[77.5243,12.99255],[77.5248,12.99237],[77.52479,12.99213],[77.52576,12.99183],[77.52585,12.99201],[77.52716,12.99187],[77.53144,12.99082],[77.53283,12.99064],[77.53272,12.99005],[77.53353,12.9896],[77.53304,12.9891],[77.53442,12.98838],[77.53751,12.98795],[77.53705,12.98347],[77.53727,12.98271],[77.53724,12.98212],[77.53679,12.98065],[77.53321,12.98191],[77.53258,12.97981],[77.53271,12.97974],[77.53199,12.97912],[77.53112,12.97898],[77.5308,12.97843],[77.52991,12.97827],[77.52881,12.97875],[77.52743,12.97897],[77.52702,12.97888],[77.52684,12.97874],[77.52676,12.97798],[77.52477,12.97693],[77.52423,12.97691],[77.52373,12.97728],[77.52307,12.97712],[77.52286,12.97652],[77.51853,12.97732],[77.5188,12.97832],[77.51674,12.97879],[77.51683,12.97923],[77.51563,12.97941],[77.51603,12.98008],[77.51356,12.98037],[77.51099,12.981],[77.51106,12.98272],[77.51073,12.98401],[77.51081,12.9848],[77.50973,12.9842],[77.509,12.98402],[77.50828,12.98448],[77.50801,12.98449],[77.50744,12.98334],[77.50704,12.98287],[77.50667,12.9828],[77.50606,12.98296],[77.50539,12.98362],[77.50458,12.98213],[77.50275,12.98242],[77.50148,12.98305],[77.50137,12.98341],[77.5016,12.9844],[77.50088,12.98465],[77.50109,12.98638],[77.50171,12.98786],[77.5017,12.98825],[77.50114,12.98845],[77.50123,12.98942],[77.49993,12.98892],[77.49845,12.98896],[77.49736,12.98874],[77.49733,12.98982],[77.49839,12.99051],[77.49937,12.99074],[77.4993,12.99253],[77.50006,12.99516],[77.5003,12.99511],[77.50054,12.99594],[77.50128,12.99584],[77.50142,12.99615],[77.50103,12.99634],[77.50134,12.99695],[77.49979,12.998],[77.49992,12.99842],[77.50053,12.9983],[77.50075,12.99928],[77.50145,13.00033],[77.50185,13.0001],[77.50205,13.00033],[77.50253,13.00013]]]},"properties":{"stationId":"ps-kamakshipalya","stationName":"Kamakshipalya Police Station"}},{"type":"Feature","geometry":{"type":"Polygon","coordinates":[[[77.56684,12.97177],[77.56691,12.97146],[77.5667,12.971],[77.56418,12.96826],[77.56297,12.96725],[77.56175,12.96726],[77.55945,12.96896],[77.55653,12.9694],[77.55159,12.96805],[77.55102,12.9676],[77.55006,12.96639],[77.54881,12.96536],[77.54779,12.96479],[77.546,12.96424],[77.54477,12.96429],[77.5439,12.96402],[77.54367,12.96424],[77.5479,12.97443],[77.54858,12.97441],[77.54998,12.97377],[77.55047,12.97369],[77.55096,12.97388],[77.55255,12.97512],[77.55331,12.97547],[77.55871,12.97574],[77.56293,12.97563],[77.56424,12.97572],[77.56444,12.97586],[77.56576,12.97483],[77.5661,12.97437],[77.56684,12.97177]]]},"properties":{"stationId":"ps-kempapuraagrahara","stationName":"Kempapura Agrahara Police Station"}},{"type":"Feature","geometry":{"type":"Polygon","coordinates":[[[77.50909,12.93299],[77.50897,12.93265],[77.50824,12.93206],[77.50803,12.93165],[77.50708,12.93086],[77.50696,12.92897],[77.50624,12.92807],[77.50517,12.92746],[77.50428,12.92671],[77.50513,12.92545],[77.50495,12.9249],[77.50409,12.92365],[77.50534,12.92295],[77.50474,12.9222],[77.50447,12.92086],[77.50411,12.91997],[77.50364,12.91974],[77.50294,12.91973],[77.50253,12.91944],[77.50312,12.91924],[77.50356,12.91845],[77.50382,12.91754],[77.50465,12.91614],[77.50602,12.91564],[77.50608,12.91499],[77.50687,12.91357],[77.50763,12.9129],[77.50825,12.91088],[77.50824,12.91023],[77.50853,12.90991],[77.50955,12.90979],[77.51086,12.90909],[77.51116,12.90812],[77.51043,12.90724],[77.51049,12.90703],[77.51157,12.90609],[77.51179,12.90543],[77.51118,12.90443],[77.51107,12.90381],[77.51132,12.9028],[77.51099,12.90268],[77.511,12.90251],[77.51161,12.90214],[77.51201,12.90225],[77.51415,12.90206],[77.51424,12.90159],[77.51335,12.9011],[77.51263,12.90017],[77.51372,12.89889],[77.51349,12.89808],[77.51403,12.89758],[77.51419,12.89718],[77.5142,12.89654],[77.51454,12.8954],[77.51411,12.89509],[77.5143,12.89448],[77.50946,12.88854],[77.50761,12.88728],[77.50369,12.88545],[77.49946,12.88281],[77.49672,12.88054],[77.49658,12.88014],[77.49495,12.87856],[77.49424,12.87978],[77.49284,12.88131],[77.48845,12.88458],[77.48663,12.88616],[77.48162,12.89127],[77.48146,12.89098],[77.47317,12.89809],[77.47162,12.90012],[77.47057,12.9023],[77.46774,12.90983],[77.46732,12.91137],[77.46741,12.9135],[77.46912,12.9212],[77.46936,12.92296],[77.46931,12.93793],[77.47519,12.93714],[77.4783,12.93629],[77.48148,12.93498],[77.48778,12.93339],[77.48809,12.93314],[77.48815,12.93286],[77.49046,12.9323],[77.49143,12.93348],[77.49165,12.93419],[77.49219,12.93502],[77.49285,12.93897],[77.49649,12.9383],[77.49762,12.93708],[77.49742,12.93636],[77.50008,12.93537],[77.49938,12.93187],[77.50159,12.9315],[77.5038,12.93457],[77.50667,12.93259],[77.50636,12.9314],[77.5065,12.93129],[77.50896,12.9331],[77.50909,12.93299]]]},"properties":{"stationId":"ps-kengeri","stationName":"Kengeri Police Station"}},{"type":"Feature","geometry":{"type":"Polygon","coordinates":[[[77.57029,13.07445],[77.57042,13.07418],[77.57193,13.0738],[77.57181,13.07232],[77.5755,13.07187],[77.57793,13.0711],[77.57812,13.07078],[77.58108,13.07007],[77.58244,13.073],[77.5877,13.07274],[77.58844,13.07238],[77.5888,13.07283],[77.58925,13.07304],[77.593,13.07217],[77.59372,13.06023],[77.59369,13.05533],[77.59384,13.05273],[77.59284,13.04907],[77.59142,13.04562],[77.59124,13.04417],[77.59033,13.04262],[77.59002,13.04162],[77.58643,13.04233],[77.5843,13.04307],[77.57973,13.04671],[77.57854,13.04718],[77.57723,13.04722],[77.56789,13.04654],[77.56596,13.04632],[77.56415,13.04559],[77.57047,13.05688],[77.57,13.0572],[77.56926,13.05812],[77.56818,13.05998],[77.56816,13.06217],[77.56849,13.06298],[77.5662,13.06385],[77.56635,13.06448],[77.56572,13.06454],[77.5654,13.06542],[77.56508,13.06556],[77.56359,13.06869],[77.56216,13.06885],[77.56216,13.06905],[77.56339,13.06959],[77.56475,13.06987],[77.56513,13.07026],[77.56591,13.07115],[77.56652,13.07313],[77.56748,13.0749],[77.57029,13.07445]]]},"properties":{"stationId":"ps-kodigehalli","stationName":"Kodigehalli Police Station"}},{"type":"Feature","geometry":{"type":"Polygon","coordinates":[[[77.57594,12.89143],[77.57665,12.8914],[77.57789,12.89174],[77.58181,12.89217],[77.58198,12.88789],[77.5823,12.88566],[77.58395,12.88097],[77.58419,12.87977],[77.58394,12.87751],[77.58408,12.87446],[77.58318,12.87065],[77.58492,12.87054],[77.5878,12.86941],[77.59138,12.87123],[77.59356,12.87113],[77.58969,12.85987],[77.58901,12.85857],[77.58823,12.85084],[77.58829,12.84747],[77.58809,12.84372],[77.58877,12.83938],[77.58905,12.83505],[77.58708,12.83363],[77.58433,12.83538],[77.58243,12.8369],[77.58061,12.83784],[77.57904,12.83823],[77.57379,12.83898],[77.57314,12.83913],[77.57322,12.83942],[77.57274,12.83959],[77.57272,12.83989],[77.57289,12.83995],[77.5733,12.8407],[77.57359,12.84075],[77.57549,12.84561],[77.57619,12.84783],[77.57618,12.84883],[77.57787,12.85374],[77.57808,12.85381],[77.57946,12.85848],[77.57785,12.85871],[77.57788,12.85955],[77.57671,12.85998],[77.57612,12.85735],[77.57509,12.8578],[77.57548,12.85919],[77.57555,12.86008],[77.57408,12.86027],[77.57418,12.86173],[77.57458,12.86261],[77.57498,12.86259],[77.57538,12.8658],[77.57483,12.86584],[77.57496,12.86667],[77.57432,12.86676],[77.57432,12.86705],[77.57402,12.86711],[77.57411,12.86748],[77.57375,12.8675],[77.5743,12.86991],[77.5743,12.87056],[77.5739,12.87163],[77.57318,12.87265],[77.57336,12.87394],[77.5726,12.87389],[77.5716,12.87353],[77.57078,12.8735],[77.57035,12.87378],[77.57036,12.87455],[77.56929,12.87535],[77.56477,12.87753],[77.5634,12.87783],[77.56255,12.87687],[77.56272,12.87667],[77.56191,12.8759],[77.56199,12.87622],[77.56159,12.8764],[77.56084,12.87553],[77.56024,12.87576],[77.55987,12.87508],[77.54887,12.88311],[77.54863,12.88353],[77.55298,12.88466],[77.56072,12.88726],[77.56813,12.89384],[77.57124,12.89728],[77.57206,12.89688],[77.57187,12.89394],[77.57208,12.89198],[77.57594,12.89143]]]},"properties":{"stationId":"ps-konanakunte","stationName":"Konanakunte Police Station"}},{"type":"Feature","geometry":{"type":"Polygon","coordinates":[[[77.64314,12.929],[77.64353,12.92402],[77.64197,12.92338],[77.64109,12.92331],[77.63854,12.9243],[77.63731,12.9251],[77.63684,12.92517],[77.63091,12.92422],[77.62945,12.92403],[77.62881,12.92415],[77.62297,12.92662],[77.61503,12.92968],[77.61268,12.9334],[77.6101,12.93822],[77.61069,12.93828],[77.61128,12.93803],[77.61193,12.9381],[77.6128,12.93788],[77.61275,12.93756],[77.61418,12.93726],[77.61475,12.93728],[77.61691,12.9367],[77.61689,12.93641],[77.61728,12.9364],[77.61795,12.9392],[77.61657,12.9395],[77.61533,12.94016],[77.61436,12.94127],[77.61361,12.94186],[77.61388,12.94255],[77.61454,12.94294],[77.61547,12.94301],[77.61596,12.94373],[77.61751,12.94341],[77.61753,12.94356],[77.61779,12.94348],[77.61855,12.94621],[77.62131,12.95149],[77.62181,12.95119],[77.62206,12.95079],[77.62203,12.95057],[77.62144,12.94997],[77.62149,12.94944],[77.62202,12.94919],[77.62315,12.9478],[77.62378,12.94727],[77.62399,12.9467],[77.62389,12.9461],[77.62407,12.94582],[77.62533,12.94515],[77.62596,12.94448],[77.62613,12.94176],[77.62683,12.94143],[77.627,12.94069],[77.62745,12.94019],[77.62783,12.93924],[77.62838,12.93883],[77.63001,12.93468],[77.63325,12.93148],[77.63347,12.93105],[77.63567,12.92893],[77.63644,12.92855],[77.63694,12.92857],[77.6373,12.9292],[77.63843,12.9302],[77.64084,12.9291],[77.642,12.92929],[77.64264,12.92902],[77.64314,12.929]]]},"properties":{"stationId":"ps-koramangala","stationName":"Koramangala Police Station"}},{"type":"Feature","geometry":{"type":"Polygon","coordinates":[[[77.67533,13.10022],[77.67955,13.10022],[77.68021,13.09624],[77.68027,13.0957],[77.67782,13.09351],[77.67677,13.08757],[77.67884,13.08748],[77.68035,13.087],[77.68201,13.08712],[77.68166,13.08526],[77.68032,13.0815],[77.6805,13.08148],[77.67924,13.07976],[77.67859,13.07823],[77.67735,13.07765],[77.67705,13.07735],[77.67787,13.07502],[77.6785,13.07446],[77.67843,13.07374],[77.67766,13.07346],[77.67767,13.0732],[77.6779,13.07265],[77.67877,13.07178],[77.67888,13.06994],[77.67874,13.06961],[77.67909,13.06883],[77.67894,13.06845],[77.67902,13.06774],[77.67879,13.0671],[77.67868,13.06704],[77.6778,13.06782],[77.67727,13.06784],[77.6774,13.0669],[77.67706,13.06656],[77.67735,13.06576],[77.67736,13.0651],[77.6787,13.0648],[77.67875,13.06381],[77.67951,13.06195],[77.6793,13.06052],[77.67944,13.05858],[77.67896,13.05782],[77.67921,13.05737],[77.67943,13.05577],[77.67908,13.05536],[77.67839,13.05243],[77.67816,13.05233],[77.67565,13.05255],[77.67469,13.05137],[77.67383,13.05083],[77.67298,13.05079],[77.67245,13.05112],[77.67224,13.05099],[77.67171,13.05114],[77.67067,13.05001],[77.67054,13.04967],[77.66829,13.04925],[77.66772,13.0488],[77.66686,13.049],[77.66621,13.04883],[77.66532,13.04748],[77.66464,13.04736],[77.66438,13.04713],[77.66433,13.04666],[77.66392,13.04737],[77.65943,13.04718],[77.65287,13.04656],[77.65004,13.0477],[77.64753,13.04806],[77.64676,13.04861],[77.64664,13.04921],[77.64766,13.05043],[77.64781,13.05038],[77.64801,13.05088],[77.64795,13.05111],[77.64734,13.05243],[77.64604,13.05243],[77.64595,13.05289],[77.64527,13.054],[77.64511,13.05527],[77.63829,13.05517],[77.6383,13.05607],[77.63779,13.05612],[77.63779,13.05658],[77.63762,13.05659],[77.63811,13.05958],[77.63296,13.06007],[77.63363,13.06315],[77.63385,13.07844],[77.63578,13.0904],[77.63604,13.09385],[77.63601,13.09675],[77.6358,13.09846],[77.63529,13.10054],[77.63933,13.09991],[77.63927,13.09938],[77.64108,13.09895],[77.64016,13.09617],[77.64455,13.09441],[77.64452,13.0935],[77.64493,13.09332],[77.64541,13.09249],[77.6501,13.09019],[77.64963,13.08945],[77.64903,13.08797],[77.64641,13.08828],[77.64619,13.08632],[77.64654,13.08626],[77.64669,13.08513],[77.6496,13.08132],[77.64976,13.08072],[77.65341,13.08136],[77.65342,13.08175],[77.65431,13.08409],[77.65506,13.08395],[77.65575,13.08437],[77.65586,13.08601],[77.65464,13.0862],[77.65505,13.08787],[77.65499,13.08846],[77.65598,13.08878],[77.65713,13.08878],[77.66116,13.088],[77.66311,13.08912],[77.66386,13.09161],[77.66356,13.09404],[77.66385,13.09546],[77.66411,13.09581],[77.66716,13.09582],[77.6698,13.09707],[77.67131,13.09807],[77.67322,13.0998],[77.67362,13.10083],[77.67533,13.10022]]]},"properties":{"stationId":"ps-kothanur","stationName":"Kothanur Police Station"}},{"type":"Feature","geometry":{"type":"Polygon","coordinates":[[[77.5729,12.91103],[77.57299,12.90851],[77.57335,12.90564],[77.5732,12.90375],[77.57342,12.9021],[77.57331,12.90112],[77.57284,12.89961],[77.5712,12.89722],[77.56915,12.89488],[77.56432,12.89041],[77.561,12.8913],[77.55946,12.8921],[77.55952,12.89263],[77.55879,12.89321],[77.55686,12.89368],[77.55542,12.89496],[77.55438,12.8951],[77.55287,12.8949],[77.5527,12.89504],[77.55268,12.89612],[77.55315,12.89802],[77.55208,12.89899],[77.5531,12.90114],[77.55313,12.90152],[77.55273,12.90176],[77.55323,12.90345],[77.55393,12.90378],[77.55428,12.90346],[77.5546,12.90353],[77.55636,12.90662],[77.557,12.90669],[77.55722,12.90707],[77.55804,12.90771],[77.5585,12.9087],[77.55832,12.91064],[77.55894,12.9136],[77.55973,12.91381],[77.56086,12.9149],[77.56129,12.91571],[77.56149,12.91584],[77.56213,12.91531],[77.56719,12.91383],[77.56741,12.9139],[77.56891,12.91539],[77.5699,12.91559],[77.57037,12.91631],[77.5711,12.91654],[77.57289,12.91663],[77.57353,12.91698],[77.57345,12.91437],[77.57299,12.91244],[77.5729,12.91103]]]},"properties":{"stationId":"ps-kumaraswamylayout","stationName":"Kumaraswamy Layout Police Station"}},{"type":"Feature","geometry":{"type":"Polygon","coordinates":[[[77.44994,12.95988],[77.45134,12.9597],[77.45215,12.95926],[77.45266,12.95926],[77.45333,12.959],[77.45385,12.95902],[77.45584,12.95854],[77.45589,12.95839],[77.45737,12.95787],[77.45722,12.95727],[77.45901,12.95683],[77.46124,12.95561],[77.46111,12.955],[77.46197,12.9506],[77.464,12.94983],[77.46538,12.94956],[77.46695,12.94971],[77.46801,12.94969],[77.46827,12.94945],[77.47052,12.94949],[77.46976,12.94424],[77.46948,12.93792],[77.46931,12.93793],[77.46936,12.92296],[77.46912,12.9212],[77.46741,12.9135],[77.46732,12.91137],[77.46774,12.90983],[77.46982,12.90423],[77.47162,12.90012],[77.47317,12.89809],[77.48146,12.89098],[77.48102,12.89015],[77.48134,12.89003],[77.48201,12.8893],[77.48297,12.8864],[77.48285,12.88595],[77.48249,12.88575],[77.48014,12.88595],[77.47936,12.88622],[77.47877,12.88612],[77.47902,12.88468],[77.4789,12.88445],[77.47735,12.88275],[77.47516,12.88095],[77.47494,12.88068],[77.47482,12.88005],[77.47583,12.87843],[77.47775,12.87814],[77.47822,12.8779],[77.47865,12.87807],[77.47951,12.87793],[77.48163,12.878],[77.48151,12.87662],[77.48116,12.8753],[77.48134,12.87519],[77.48127,12.87456],[77.48113,12.87466],[77.48109,12.87411],[77.48267,12.87393],[77.48311,12.87412],[77.48461,12.8716],[77.48598,12.87121],[77.48667,12.86931],[77.48599,12.86889],[77.48635,12.86667],[77.48488,12.86682],[77.48496,12.86841],[77.48059,12.86894],[77.47954,12.86869],[77.47892,12.86956],[77.4783,12.86989],[77.47803,12.87118],[77.47653,12.87198],[77.47626,12.87092],[77.47583,12.87088],[77.47543,12.87116],[77.47474,12.87131],[77.47541,12.87282],[77.47589,12.8733],[77.47539,12.87451],[77.47471,12.87476],[77.47455,12.87476],[77.47443,12.87429],[77.47354,12.87444],[77.47312,12.87474],[77.47282,12.87207],[77.47055,12.86785],[77.47013,12.86785],[77.46786,12.86926],[77.4668,12.86952],[77.46569,12.86921],[77.46407,12.87057],[77.46356,12.87044],[77.46186,12.86847],[77.46101,12.86614],[77.46033,12.86598],[77.45981,12.86599],[77.45857,12.86794],[77.45791,12.86732],[77.45716,12.86734],[77.45693,12.86719],[77.45653,12.86837],[77.45704,12.86947],[77.45621,12.87056],[77.45452,12.87047],[77.45432,12.86979],[77.45378,12.86971],[77.45324,12.86984],[77.45208,12.87053],[77.45069,12.87311],[77.45014,12.87324],[77.44927,12.87315],[77.44883,12.873],[77.44838,12.8722],[77.44754,12.86926],[77.44563,12.8644],[77.44395,12.86088],[77.44378,12.85991],[77.44345,12.8599],[77.44222,12.85814],[77.44174,12.85705],[77.4397,12.85398],[77.43922,12.85316],[77.43909,12.8523],[77.43867,12.85133],[77.43747,12.85019],[77.43313,12.85132],[77.42758,12.85117],[77.42804,12.85212],[77.42938,12.85674],[77.42927,12.85699],[77.428,12.85747],[77.42701,12.85817],[77.42602,12.85861],[77.42597,12.85894],[77.42574,12.8591],[77.4254,12.85915],[77.42222,12.8634],[77.42086,12.8665],[77.41879,12.86979],[77.42826,12.87035],[77.43059,12.87019],[77.43058,12.87184],[77.43134,12.87495],[77.42827,12.87528],[77.42813,12.87559],[77.42767,12.87535],[77.4286,12.87743],[77.42929,12.87934],[77.42968,12.88121],[77.43067,12.88353],[77.43211,12.8864],[77.43363,12.88875],[77.435,12.89144],[77.43482,12.89155],[77.43583,12.89244],[77.43256,12.89332],[77.43209,12.89386],[77.43084,12.9002],[77.42878,12.89883],[77.42672,12.89789],[77.42594,12.89791],[77.42585,12.89724],[77.42511,12.89694],[77.42467,12.89694],[77.42444,12.89797],[77.42338,12.89795],[77.42246,12.89933],[77.4209,12.90042],[77.41999,12.90051],[77.41927,12.90039],[77.41913,12.89842],[77.41882,12.89848],[77.41859,12.89721],[77.4163,12.8959],[77.4127,12.89688],[77.40981,12.89723],[77.40608,12.89822],[77.40714,12.8987],[77.40773,12.89875],[77.40796,12.89992],[77.40907,12.90004],[77.40939,12.90213],[77.40879,12.90412],[77.40922,12.90419],[77.40958,12.90679],[77.40996,12.90693],[77.41096,12.90675],[77.41142,12.90684],[77.41194,12.90838],[77.40839,12.91017],[77.40769,12.91027],[77.40806,12.91256],[77.40875,12.91297],[77.40895,12.91456],[77.40874,12.91698],[77.40927,12.92058],[77.40981,12.92224],[77.40998,12.92537],[77.41599,12.92371],[77.42184,12.92316],[77.42241,12.92405],[77.42275,12.92522],[77.4223,12.92537],[77.42167,12.92483],[77.42053,12.9252],[77.41927,12.92714],[77.41958,12.92763],[77.41945,12.9283],[77.41975,12.92992],[77.42106,12.93154],[77.42116,12.93199],[77.42113,12.93275],[77.42063,12.93299],[77.4206,12.934],[77.42073,12.9343],[77.42043,12.93424],[77.42045,12.93444],[77.41937,12.93456],[77.41908,12.93402],[77.41696,12.93561],[77.417,12.93577],[77.41523,12.93653],[77.41382,12.93684],[77.41378,12.93728],[77.41443,12.9393],[77.4153,12.9391],[77.41549,12.94064],[77.41636,12.94103],[77.41688,12.94104],[77.41733,12.94083],[77.41827,12.94006],[77.41929,12.94033],[77.41978,12.94031],[77.41975,12.94055],[77.42126,12.9406],[77.42363,12.9412],[77.42374,12.94198],[77.42357,12.94614],[77.42379,12.94766],[77.42524,12.9477],[77.42526,12.94789],[77.42915,12.94788],[77.43134,12.94833],[77.43719,12.94864],[77.43845,12.94912],[77.43856,12.9512],[77.43844,12.95118],[77.43873,12.95441],[77.4387,12.95699],[77.43837,12.95993],[77.44496,12.95997],[77.44626,12.96012],[77.4474,12.96047],[77.44869,12.96006],[77.44994,12.95988]]]},"properties":{"stationId":"ps-kumbalagudu","stationName":"Kumbalagudu Police Station"}},{"type":"Feature","geometry":{"type":"Polygon","coordinates":[[[77.44296,13.16687],[77.44825,13.16568],[77.45017,13.16453],[77.45049,13.16472],[77.4508,13.16439],[77.45229,13.16387],[77.4532,13.16375],[77.45355,13.16349],[77.45463,13.16364],[77.45866,13.16225],[77.4579,13.16024],[77.45621,13.16092],[77.45581,13.15962],[77.45532,13.15738],[77.45558,13.1567],[77.45552,13.15525],[77.45688,13.15387],[77.45622,13.15183],[77.45605,13.15165],[77.45492,13.15135],[77.45299,13.15003],[77.45061,13.14657],[77.45157,13.14393],[77.45196,13.14198],[77.45239,13.14116],[77.45352,13.14054],[77.45472,13.14035],[77.45468,13.1388],[77.45583,13.13925],[77.45685,13.13944],[77.45747,13.14065],[77.45859,13.14185],[77.46172,13.14124],[77.46311,13.14145],[77.465,13.14092],[77.46455,13.13865],[77.46337,13.13619],[77.46232,13.13553],[77.46222,13.13531],[77.463,13.13363],[77.46458,13.13312],[77.46471,13.13199],[77.46609,13.1317],[77.46753,13.13093],[77.46787,13.13058],[77.46929,13.12879],[77.46958,13.12708],[77.46952,13.12688],[77.46854,13.12702],[77.46816,13.12691],[77.46795,13.12656],[77.46754,13.12652],[77.46723,13.12614],[77.46711,13.12497],[77.46601,13.12481],[77.46511,13.12434],[77.46442,13.12288],[77.46509,13.12242],[77.4655,13.12188],[77.46552,13.12127],[77.46533,13.12079],[77.46627,13.12009],[77.4677,13.11856],[77.46773,13.11821],[77.46859,13.11791],[77.47102,13.11647],[77.47408,13.1156],[77.47496,13.11606],[77.47515,13.11675],[77.47522,13.11891],[77.47671,13.11933],[77.47727,13.11925],[77.47741,13.11885],[77.47669,13.11763],[77.47668,13.11647],[77.47707,13.11638],[77.47648,13.11429],[77.47669,13.11408],[77.47804,13.11388],[77.47938,13.11315],[77.47874,13.11094],[77.47847,13.10885],[77.47728,13.10838],[77.47708,13.10815],[77.47702,13.10708],[77.4767,13.10643],[77.47559,13.10617],[77.47518,13.1059],[77.47422,13.10445],[77.47327,13.10428],[77.47232,13.10292],[77.47202,13.10161],[77.47235,13.10129],[77.47196,13.10007],[77.47244,13.09995],[77.47215,13.09804],[77.47233,13.09774],[77.47236,13.09566],[77.4728,13.095],[77.47275,13.09401],[77.47177,13.09314],[77.47061,13.09293],[77.47016,13.09253],[77.46992,13.09214],[77.46988,13.09127],[77.47018,13.08974],[77.47004,13.08921],[77.46876,13.08882],[77.46835,13.08845],[77.46844,13.0881],[77.4692,13.08742],[77.46958,13.0867],[77.47106,13.08629],[77.4719,13.08571],[77.47499,13.08473],[77.47917,13.08382],[77.48415,13.08349],[77.48623,13.08409],[77.48876,13.08418],[77.48877,13.08254],[77.48903,13.08153],[77.49134,13.08146],[77.49184,13.08028],[77.49232,13.07972],[77.4919,13.07939],[77.49254,13.07888],[77.49253,13.07862],[77.49209,13.07738],[77.49129,13.07754],[77.4905,13.0779],[77.48966,13.078],[77.48888,13.07788],[77.48837,13.07674],[77.48833,13.07575],[77.48979,13.07568],[77.49052,13.07599],[77.4922,13.07585],[77.4924,13.07615],[77.49284,13.07617],[77.49399,13.07608],[77.4956,13.07569],[77.49807,13.07459],[77.49791,13.0743],[77.49851,13.07418],[77.49901,13.0727],[77.49899,13.07233],[77.49947,13.07213],[77.49968,13.07186],[77.49311,13.07209],[77.49276,13.06574],[77.49259,13.0655],[77.49275,13.06326],[77.49306,13.06212],[77.49272,13.06213],[77.491,13.05697],[77.49234,13.05463],[77.49247,13.05162],[77.49227,13.05076],[77.49444,13.04973],[77.49431,13.04937],[77.49376,13.04955],[77.49312,13.0477],[77.49274,13.04512],[77.49099,13.04507],[77.48912,13.04581],[77.48624,13.04657],[77.48254,13.04802],[77.4801,13.04851],[77.47953,13.04639],[77.47982,13.04579],[77.47978,13.04514],[77.4796,13.04524],[77.47954,13.04491],[77.47957,13.04435],[77.48002,13.04338],[77.48073,13.04324],[77.48135,13.04291],[77.48166,13.04118],[77.48257,13.04058],[77.48217,13.03988],[77.48134,13.03956],[77.48075,13.0385],[77.48005,13.03791],[77.4799,13.03572],[77.47884,13.03507],[77.47698,13.03162],[77.47728,13.03117],[77.47961,13.02927],[77.4787,13.0263],[77.47844,13.02436],[77.47844,13.02216],[77.47887,13.02205],[77.47837,13.01907],[77.47747,13.0173],[77.47722,13.01714],[77.47698,13.01632],[77.47662,13.01611],[77.47574,13.01616],[77.47527,13.01217],[77.4742,13.00671],[77.4735,12.99724],[77.47244,12.99165],[77.47204,12.99113],[77.47187,12.98975],[77.47152,12.98913],[77.47182,12.98897],[77.47087,12.98571],[77.4698,12.9863],[77.46855,12.98667],[77.46803,12.98588],[77.46667,12.98467],[77.46492,12.9846],[77.4586,12.98556],[77.45852,12.98541],[77.45746,12.985],[77.45118,12.98283],[77.4478,12.98457],[77.44664,12.98617],[77.44324,12.98356],[77.44193,12.98104],[77.43945,12.98174],[77.43564,12.98174],[77.43299,12.98197],[77.43049,12.98262],[77.42828,12.98341],[77.42589,12.98466],[77.4231,12.98688],[77.42346,12.98853],[77.42311,12.9899],[77.42313,12.99072],[77.42339,12.9933],[77.4237,12.9942],[77.42353,12.9949],[77.42393,12.99617],[77.42337,12.99625],[77.42289,12.99722],[77.42112,12.99893],[77.4216,13.00051],[77.41964,13.00041],[77.41883,13.00058],[77.41427,13.0035],[77.41091,13.00501],[77.41076,13.00809],[77.40961,13.00888],[77.40974,13.00936],[77.40949,13.00945],[77.4097,13.01026],[77.40767,13.01073],[77.40448,13.01046],[77.40402,13.00861],[77.40293,13.00209],[77.40194,12.99757],[77.40206,12.9963],[77.39683,12.99609],[77.39565,12.99613],[77.39528,12.99632],[77.39415,12.9962],[77.39239,12.99632],[77.39163,12.99587],[77.39144,12.99506],[77.39162,12.9941],[77.39126,12.99312],[77.39067,12.99288],[77.38959,12.99327],[77.38838,12.99332],[77.38745,12.99302],[77.38537,12.99395],[77.3846,12.99485],[77.38308,12.99557],[77.38226,12.99571],[77.38151,12.99561],[77.37868,12.99404],[77.3751,12.99333],[77.37196,12.99214],[77.37207,12.99288],[77.37185,12.99337],[77.37227,12.99462],[77.3713,12.99565],[77.37131,12.9967],[77.37114,12.99689],[77.37092,12.99831],[77.3704,12.9997],[77.37243,13.00422],[77.3726,13.00401],[77.37305,13.00422],[77.37206,13.00544],[77.37141,13.00542],[77.37063,13.00616],[77.37026,13.00736],[77.37032,13.00767],[77.36996,13.00858],[77.36996,13.00889],[77.37048,13.00982],[77.37022,13.01144],[77.37095,13.01379],[77.37082,13.01624],[77.37701,13.01661],[77.37679,13.01792],[77.37729,13.02075],[77.37712,13.02121],[77.37772,13.02391],[77.37749,13.02408],[77.37746,13.02451],[77.3768,13.02596],[77.37662,13.02806],[77.37692,13.02985],[77.37736,13.03003],[77.3786,13.02723],[77.38019,13.02711],[77.38243,13.02734],[77.38248,13.02761],[77.38402,13.02753],[77.38713,13.02647],[77.38797,13.02598],[77.38883,13.02607],[77.38991,13.0257],[77.39093,13.02585],[77.39075,13.0274],[77.3906,13.02757],[77.3911,13.02926],[77.39099,13.03029],[77.3917,13.03258],[77.39166,13.03363],[77.3921,13.0347],[77.39216,13.03773],[77.39237,13.03786],[77.39203,13.0388],[77.39198,13.03957],[77.39337,13.04858],[77.3934,13.05091],[77.39388,13.05104],[77.39386,13.05329],[77.39226,13.05428],[77.3923,13.05464],[77.39192,13.05485],[77.39182,13.05533],[77.3896,13.05545],[77.38693,13.05496],[77.38482,13.05556],[77.38225,13.05578],[77.38219,13.05883],[77.38268,13.06161],[77.38393,13.06527],[77.38372,13.06533],[77.38372,13.06576],[77.3841,13.06677],[77.38512,13.06744],[77.38676,13.06734],[77.38816,13.06765],[77.38984,13.06938],[77.39399,13.06923],[77.39496,13.06966],[77.39524,13.06958],[77.39524,13.06978],[77.39691,13.06983],[77.39722,13.07065],[77.39729,13.07162],[77.40379,13.07108],[77.40447,13.07136],[77.40631,13.07144],[77.41225,13.07248],[77.41479,13.07235],[77.41545,13.07101],[77.41671,13.069],[77.41693,13.06891],[77.4208,13.06761],[77.42463,13.06768],[77.42656,13.07362],[77.42721,13.07665],[77.42852,13.07984],[77.42956,13.08302],[77.43001,13.08343],[77.43001,13.08368],[77.42802,13.08467],[77.42596,13.08511],[77.42465,13.08504],[77.42356,13.08387],[77.42302,13.08374],[77.42211,13.0839],[77.42082,13.085],[77.42139,13.08688],[77.42133,13.08733],[77.42188,13.08901],[77.41902,13.08975],[77.41683,13.09093],[77.41885,13.09432],[77.41902,13.09469],[77.41877,13.09493],[77.41908,13.09559],[77.41947,13.09553],[77.42006,13.09667],[77.41988,13.0969],[77.4163,13.09813],[77.41791,13.10279],[77.41689,13.10319],[77.41243,13.10397],[77.40791,13.10596],[77.40682,13.10659],[77.40596,13.10685],[77.40523,13.10738],[77.40386,13.10796],[77.40116,13.10946],[77.40068,13.11034],[77.40126,13.11206],[77.40115,13.1122],[77.40188,13.114],[77.40139,13.11506],[77.39741,13.11613],[77.3983,13.12045],[77.3981,13.12156],[77.39822,13.12155],[77.39917,13.12637],[77.39962,13.12748],[77.40053,13.12789],[77.40389,13.12788],[77.40416,13.12472],[77.40371,13.12187],[77.40335,13.12096],[77.40457,13.12099],[77.40543,13.12128],[77.40609,13.12132],[77.4061,13.12114],[77.40909,13.12263],[77.40927,13.1234],[77.41108,13.12522],[77.41279,13.12638],[77.41376,13.12955],[77.41385,13.12946],[77.41739,13.13609],[77.41825,13.1371],[77.41952,13.13958],[77.41997,13.14136],[77.42062,13.14272],[77.42235,13.14548],[77.42243,13.14584],[77.42341,13.14722],[77.42506,13.15074],[77.42966,13.15875],[77.4308,13.15967],[77.43125,13.16153],[77.43247,13.16486],[77.43337,13.16579],[77.43446,13.16572],[77.43531,13.16612],[77.43623,13.16607],[77.43747,13.16647],[77.43855,13.16661],[77.44236,13.16666],[77.44296,13.16687]],[[77.40251,13.0169],[77.40628,13.01511],[77.4081,13.01905],[77.4056,13.0216],[77.40421,13.02255],[77.40392,13.02259],[77.40341,13.02307],[77.40272,13.02334],[77.40257,13.02364],[77.40146,13.0242],[77.39966,13.02433],[77.39898,13.02219],[77.39906,13.02059],[77.40047,13.01784],[77.40251,13.0169]]]},"properties":{"stationId":"ps-madhanayakanahally","stationName":"Madhanayakanahally Police Station"}},{"type":"Feature","geometry":{"type":"Polygon","coordinates":[[[77.61382,12.93167],[77.61503,12.92968],[77.62297,12.92662],[77.62881,12.92415],[77.62945,12.92403],[77.63086,12.92421],[77.63684,12.92517],[77.63731,12.9251],[77.63854,12.9243],[77.6399,12.92378],[77.63864,12.92107],[77.63833,12.91974],[77.63823,12.91794],[77.63618,12.91822],[77.63533,12.91707],[77.63475,12.91729],[77.6349,12.91797],[77.634,12.91827],[77.6337,12.91641],[77.62857,12.9168],[77.62564,12.91765],[77.62496,12.91768],[77.62294,12.91735],[77.62299,12.91726],[77.62113,12.91665],[77.6191,12.91617],[77.61677,12.91612],[77.61238,12.9164],[77.61299,12.91964],[77.61212,12.92005],[77.61192,12.92084],[77.61023,12.92255],[77.60975,12.92374],[77.6088,12.92513],[77.60878,12.92565],[77.61013,12.93237],[77.60983,12.93339],[77.60977,12.9349],[77.61382,12.93167]]]},"properties":{"stationId":"ps-madiwala","stationName":"Madiwala Police Station"}},{"type":"Feature","geometry":{"type":"Polygon","coordinates":[[[77.5491,12.98494],[77.55159,12.9845],[77.55415,12.98434],[77.55637,12.98509],[77.55798,12.9837],[77.56018,12.98343],[77.56063,12.98297],[77.56122,12.9827],[77.56628,12.98195],[77.56807,12.98242],[77.56877,12.98222],[77.56794,12.98084],[77.56759,12.97853],[77.56678,12.97523],[77.56734,12.97334],[77.56684,12.97177],[77.5661,12.97437],[77.56576,12.97483],[77.56444,12.97586],[77.56424,12.97572],[77.56297,12.97563],[77.55871,12.97574],[77.55331,12.97547],[77.55217,12.97487],[77.551,12.9739],[77.55063,12.97371],[77.55013,12.97374],[77.5489,12.97432],[77.5479,12.97443],[77.54836,12.97507],[77.54715,12.97642],[77.54559,12.97761],[77.54411,12.97822],[77.54119,12.97873],[77.53679,12.98065],[77.53724,12.98212],[77.53727,12.98271],[77.53705,12.98341],[77.53751,12.98792],[77.53813,12.98778],[77.54224,12.98576],[77.54268,12.98289],[77.54356,12.98309],[77.5446,12.98294],[77.54477,12.98507],[77.54908,12.98442],[77.5491,12.98494]]]},"properties":{"stationId":"ps-magadiroad","stationName":"Magadi Road Police Station"}},{"type":"Feature","geometry":{"type":"Polygon","coordinates":[[[77.71932,12.99604],[77.72266,12.99546],[77.72419,12.99542],[77.72672,12.99574],[77.72686,12.99535],[77.72679,12.99201],[77.72747,12.9907],[77.72675,12.98906],[77.73186,12.98807],[77.73189,12.98648],[77.73017,12.98564],[77.72887,12.98425],[77.72788,12.98227],[77.72734,12.98022],[77.72714,12.97642],[77.71853,12.97728],[77.71669,12.97733],[77.71067,12.97815],[77.70985,12.97799],[77.70976,12.9779],[77.71181,12.9724],[77.71141,12.97206],[77.70924,12.97324],[77.70893,12.97393],[77.70745,12.97344],[77.7071,12.9742],[77.7067,12.97423],[77.70393,12.97441],[77.70318,12.97347],[77.70019,12.97241],[77.69906,12.97301],[77.69846,12.97312],[77.66691,12.99105],[77.66553,12.99238],[77.66422,12.99439],[77.67049,12.99713],[77.67693,13.00019],[77.67772,13.00073],[77.70459,12.99951],[77.70817,12.99886],[77.71932,12.99604]]]},"properties":{"stationId":"ps-mahadevapura","stationName":"Mahadevapura Police Station"}},{"type":"Feature","geometry":{"type":"Polygon","coordinates":[[[77.55029,13.01592],[77.55143,13.01517],[77.5516,13.01324],[77.55268,13.01234],[77.55063,13.01131],[77.54947,13.0104],[77.54877,13.00868],[77.54859,13.00709],[77.54865,13.00608],[77.55013,12.99774],[77.54575,12.99753],[77.54492,12.99765],[77.54315,12.99838],[77.54125,12.99944],[77.54116,13.00053],[77.54068,13.00243],[77.53949,13.00195],[77.52583,12.99868],[77.52464,12.99972],[77.52679,13.00429],[77.52695,13.00655],[77.52946,13.00408],[77.52961,13.00435],[77.5296,13.00515],[77.52988,13.00571],[77.53046,13.00578],[77.53137,13.00549],[77.53277,13.00614],[77.53365,13.0072],[77.53461,13.00776],[77.53553,13.00943],[77.54309,13.00833],[77.5436,13.01147],[77.54402,13.01204],[77.54393,13.01308],[77.54413,13.01408],[77.54378,13.01587],[77.54314,13.01756],[77.54369,13.01788],[77.54382,13.01835],[77.54459,13.01902],[77.5456,13.01671],[77.54871,13.01796],[77.55029,13.01592]]]},"properties":{"stationId":"ps-mahalakshmilayout","stationName":"Mahalakshmipuram Police Station"}},{"type":"Feature","geometry":{"type":"Polygon","coordinates":[[[77.5719,13.00849],[77.57161,13.00844],[77.57173,13.00686],[77.57158,13.00683],[77.57165,13.00641],[77.57216,13.00637],[77.5723,12.99928],[77.57312,12.99927],[77.57319,12.99685],[77.57394,12.99396],[77.5729,12.99358],[77.5714,12.99345],[77.57148,12.99114],[77.572,12.98895],[77.57035,12.98977],[77.56917,12.99255],[77.56757,12.99501],[77.56463,12.99899],[77.56235,13.00264],[77.56102,13.00546],[77.55931,13.01078],[77.56155,13.01161],[77.56182,13.01114],[77.56268,13.01158],[77.56535,13.01248],[77.56477,13.01358],[77.56581,13.01408],[77.5696,13.0116],[77.5719,13.00849]]]},"properties":{"stationId":"ps-malleshwarm","stationName":"Malleshwarm Police Station"}},{"type":"Feature","geometry":{"type":"Polygon","coordinates":[[[77.71465,12.95581],[77.7152,12.95338],[77.71576,12.9489],[77.71515,12.94687],[77.71479,12.94689],[77.71462,12.94598],[77.71429,12.94606],[77.71298,12.94462],[77.71076,12.94149],[77.70999,12.94124],[77.70904,12.94017],[77.70861,12.94023],[77.70824,12.94094],[77.70772,12.94094],[77.70742,12.94111],[77.7073,12.94183],[77.70667,12.94196],[77.70798,12.93217],[77.70796,12.9309],[77.70774,12.92974],[77.70689,12.9296],[77.70429,12.93001],[77.70247,12.93104],[77.70187,12.93094],[77.7012,12.93116],[77.69997,12.93109],[77.69743,12.93197],[77.69644,12.93214],[77.69535,12.93169],[77.69503,12.93129],[77.69467,12.92899],[77.6948,12.92508],[77.69534,12.92194],[77.69477,12.92189],[77.69475,12.91953],[77.69667,12.91944],[77.69693,12.91912],[77.69652,12.91611],[77.69305,12.91567],[77.68928,12.91542],[77.68937,12.917],[77.68565,12.91869],[77.68284,12.91956],[77.6823,12.92001],[77.68093,12.91995],[77.68027,12.92011],[77.68052,12.92163],[77.68182,12.9238],[77.6814,12.92481],[77.68109,12.92747],[77.68109,12.92785],[77.68154,12.92809],[77.68082,12.93062],[77.68062,12.93082],[77.67843,12.93048],[77.67796,12.93058],[77.67692,12.93114],[77.67626,12.93194],[77.67522,12.9318],[77.67408,12.93118],[77.67221,12.9308],[77.66604,12.93082],[77.66544,12.92804],[77.66512,12.92798],[77.66362,12.92796],[77.66241,12.92898],[77.66106,12.92929],[77.66062,12.92955],[77.65506,12.92895],[77.65413,12.92926],[77.65286,12.92777],[77.65212,12.92654],[77.65139,12.92428],[77.64886,12.92469],[77.64517,12.92446],[77.64353,12.92396],[77.64314,12.929],[77.64451,12.93021],[77.64555,12.93044],[77.6466,12.93248],[77.64684,12.93265],[77.64959,12.93332],[77.65074,12.93331],[77.65296,12.93366],[77.65533,12.93511],[77.65716,12.93602],[77.65898,12.93711],[77.65908,12.93731],[77.66268,12.93748],[77.66232,12.94033],[77.66192,12.94133],[77.66111,12.94139],[77.66075,12.94173],[77.66058,12.94216],[77.66064,12.94268],[77.66133,12.94366],[77.66134,12.94423],[77.6594,12.94545],[77.65704,12.94604],[77.65646,12.94646],[77.65577,12.94736],[77.65996,12.94756],[77.66204,12.94712],[77.66456,12.94563],[77.67142,12.94539],[77.67192,12.94706],[77.6899,12.94814],[77.69037,12.94945],[77.69018,12.95288],[77.68958,12.95529],[77.69893,12.95699],[77.71465,12.95581]]]},"properties":{"stationId":"ps-marathahalli","stationName":"Marathahalli Police Station"}},{"type":"Feature","geometry":{"type":"Polygon","coordinates":[[[77.62509,12.91292],[77.62391,12.91293],[77.62352,12.91272],[77.62186,12.91288],[77.61957,12.91254],[77.61869,12.91304],[77.61673,12.91483],[77.61656,12.91532],[77.61568,12.91112],[77.61489,12.90847],[77.61469,12.90841],[77.61407,12.90734],[77.61397,12.90684],[77.61348,12.90632],[77.61264,12.90461],[77.60931,12.90503],[77.60901,12.90311],[77.61133,12.90265],[77.61133,12.90226],[77.61181,12.9021],[77.61173,12.90007],[77.61237,12.89992],[77.61243,12.89956],[77.61204,12.89844],[77.61204,12.89776],[77.6123,12.89769],[77.61286,12.89517],[77.61337,12.89521],[77.61369,12.89475],[77.61347,12.89361],[77.61335,12.89346],[77.61297,12.89356],[77.6125,12.89187],[77.6123,12.89164],[77.61204,12.89163],[77.61177,12.89015],[77.61185,12.88861],[77.6123,12.88701],[77.60632,12.88666],[77.60379,12.88727],[77.60321,12.88725],[77.60316,12.88881],[77.60302,12.88891],[77.6,12.88999],[77.59959,12.89032],[77.59811,12.89056],[77.60091,12.9002],[77.6011,12.90219],[77.60185,12.90513],[77.60173,12.9058],[77.60056,12.90726],[77.60029,12.90728],[77.59978,12.91239],[77.59975,12.91664],[77.61305,12.91639],[77.61677,12.91612],[77.6191,12.91617],[77.62267,12.91716],[77.62509,12.91292]]]},"properties":{"stationId":"ps-micolayout","stationName":"Mico Layout Police Station"}},{"type":"Feature","geometry":{"type":"Polygon","coordinates":[[[77.52744,13.02131],[77.52924,13.02095],[77.53205,13.02214],[77.53514,13.02171],[77.53982,13.01907],[77.54006,13.01952],[77.5429,13.02097],[77.54302,13.02079],[77.54344,13.02094],[77.54369,13.02082],[77.54347,13.01819],[77.54329,13.01771],[77.54311,13.01766],[77.54399,13.01499],[77.54413,13.01408],[77.54393,13.01308],[77.54403,13.01212],[77.5436,13.01147],[77.54309,13.00833],[77.5356,13.00942],[77.53522,13.00901],[77.53461,13.00776],[77.53365,13.0072],[77.53277,13.00614],[77.53137,13.00549],[77.53046,13.00578],[77.52991,13.00575],[77.5296,13.00515],[77.52961,13.00435],[77.52946,13.00408],[77.52696,13.00662],[77.52679,13.00429],[77.52464,12.99972],[77.52119,13.00272],[77.52152,13.00475],[77.52154,13.00743],[77.52201,13.0098],[77.52211,13.01153],[77.52113,13.01273],[77.52069,13.01412],[77.52027,13.01601],[77.5201,13.0187],[77.52066,13.02],[77.52356,13.02265],[77.52744,13.02131]]]},"properties":{"stationId":"ps-nandinilayout","stationName":"Nandini Layout Police Station"}},{"type":"Feature","geometry":{"type":"Polygon","coordinates":[[[77.68297,12.88886],[77.68305,12.88698],[77.68274,12.88514],[77.6836,12.88488],[77.68519,12.88477],[77.685,12.88264],[77.68472,12.88128],[77.68358,12.88162],[77.67959,12.8821],[77.67929,12.88088],[77.6799,12.88051],[77.68006,12.87966],[77.68083,12.87927],[77.68166,12.87921],[77.68205,12.87892],[77.68137,12.87886],[77.6811,12.87852],[77.67996,12.8752],[77.68028,12.8751],[77.68017,12.87477],[77.67924,12.87391],[77.68031,12.87157],[77.68298,12.86922],[77.6854,12.86884],[77.68774,12.8681],[77.6925,12.86695],[77.69752,12.86425],[77.70159,12.86324],[77.70261,12.86262],[77.70318,12.86185],[77.70463,12.86146],[77.70379,12.85942],[77.70053,12.85527],[77.69966,12.85457],[77.69807,12.85438],[77.69671,12.85386],[77.69526,12.853],[77.69472,12.85129],[77.69271,12.84932],[77.69146,12.84764],[77.69066,12.84729],[77.68362,12.83788],[77.68306,12.83676],[77.68081,12.83697],[77.67922,12.8361],[77.67841,12.83801],[77.67524,12.84238],[77.65075,12.87315],[77.64766,12.8766],[77.6399,12.88913],[77.64394,12.89059],[77.64825,12.8899],[77.64967,12.88931],[77.64981,12.88983],[77.64911,12.89106],[77.65034,12.8932],[77.65222,12.89438],[77.65281,12.89458],[77.65422,12.89448],[77.65521,12.89396],[77.65654,12.89378],[77.65709,12.89406],[77.66026,12.8947],[77.66315,12.89432],[77.66328,12.89407],[77.66313,12.89333],[77.66333,12.89298],[77.66677,12.892],[77.66889,12.89007],[77.67293,12.88843],[77.67379,12.89301],[77.67473,12.89568],[77.67811,12.89418],[77.67831,12.8939],[77.67832,12.89304],[77.68126,12.89223],[77.68132,12.88919],[77.68143,12.88899],[77.68297,12.88886]]]},"properties":{"stationId":"ps-parappanaagrahara","stationName":"Parappana Agrahara Police Station"}},{"type":"Feature","geometry":{"type":"Polygon","coordinates":[[[77.52219,13.0459],[77.53117,13.03963],[77.53192,13.03891],[77.5307,13.03455],[77.5299,13.0349],[77.5272,13.03215],[77.52715,13.0317],[77.52582,13.03184],[77.52567,13.03145],[77.52534,13.03125],[77.52473,13.02966],[77.52363,13.02836],[77.5231,13.02719],[77.52374,13.0267],[77.52707,13.02513],[77.5273,13.02309],[77.5281,13.02271],[77.52744,13.02131],[77.52356,13.02265],[77.52183,13.02362],[77.52148,13.02407],[77.51983,13.02831],[77.51122,13.02484],[77.51083,13.02395],[77.50581,13.01641],[77.50285,13.01795],[77.50278,13.0178],[77.50111,13.01887],[77.49694,13.02109],[77.49681,13.01928],[77.4971,13.01889],[77.49861,13.01813],[77.49906,13.01712],[77.49892,13.01681],[77.49846,13.01678],[77.498,13.01743],[77.49775,13.01741],[77.49758,13.01771],[77.497,13.01773],[77.49593,13.01805],[77.49531,13.01964],[77.4949,13.02023],[77.49459,13.02034],[77.49444,13.02017],[77.49399,13.02033],[77.49374,13.02092],[77.49289,13.02072],[77.49217,13.02074],[77.49209,13.02114],[77.49139,13.02097],[77.49002,13.02022],[77.48999,13.01994],[77.48971,13.01986],[77.48878,13.01976],[77.48871,13.02024],[77.48584,13.02026],[77.48568,13.01906],[77.48501,13.01851],[77.48342,13.01859],[77.48283,13.01894],[77.48239,13.01897],[77.48198,13.01862],[77.47951,13.01801],[77.47746,13.01727],[77.47837,13.01907],[77.47896,13.02202],[77.47844,13.02216],[77.47844,13.02436],[77.47868,13.02625],[77.47958,13.0292],[77.47694,13.03154],[77.47884,13.03507],[77.4799,13.03572],[77.48005,13.03791],[77.48075,13.0385],[77.48134,13.03956],[77.48217,13.03988],[77.48257,13.04058],[77.48166,13.04118],[77.48135,13.04291],[77.4808,13.04322],[77.48002,13.04338],[77.47957,13.04435],[77.4796,13.04524],[77.47978,13.04514],[77.47982,13.04579],[77.47953,13.04639],[77.48007,13.04846],[77.48254,13.04802],[77.48624,13.04657],[77.48912,13.04581],[77.49099,13.04507],[77.49274,13.04512],[77.49312,13.0477],[77.49374,13.04951],[77.49431,13.04937],[77.49444,13.04973],[77.50499,13.04604],[77.50842,13.04506],[77.51162,13.04341],[77.51628,13.04179],[77.51844,13.03989],[77.51906,13.04108],[77.52219,13.0459]]]},"properties":{"stationId":"ps-peenya","stationName":"Peenya Police Station"}},{"type":"Feature","geometry":{"type":"Polygon","coordinates":[[[77.63428,12.99359],[77.63355,12.99045],[77.63155,12.98982],[77.63064,12.98971],[77.63058,12.98982],[77.62776,12.98915],[77.62255,12.98769],[77.61922,12.9874],[77.61729,12.98861],[77.61805,12.98975],[77.61642,12.9909],[77.61447,12.99161],[77.60713,12.99638],[77.6097,13.00006],[77.61032,13.00062],[77.61212,13.00158],[77.61231,13.00459],[77.61388,13.0044],[77.61461,13.00602],[77.61491,13.0059],[77.61551,13.00698],[77.61527,13.00715],[77.61564,13.00807],[77.61817,13.00668],[77.61918,13.00635],[77.61912,13.00613],[77.6203,13.00562],[77.62257,13.0083],[77.63015,13.00533],[77.62947,13.00352],[77.6299,13.00125],[77.62873,12.99915],[77.63202,12.99835],[77.63224,12.99881],[77.63267,12.99873],[77.63261,12.99843],[77.63326,12.99818],[77.63261,12.9952],[77.63203,12.995],[77.63189,12.99405],[77.63428,12.99359]]]},"properties":{"stationId":"ps-pulakeshinagar","stationName":"Pulakeshinagar Police Station"}},{"type":"Feature","geometry":{"type":"Polygon","coordinates":[[[77.59804,12.89058],[77.59684,12.88726],[77.5952,12.87744],[77.59453,12.87437],[77.59356,12.87113],[77.5914,12.87124],[77.5878,12.86941],[77.58492,12.87054],[77.58318,12.87065],[77.58408,12.87446],[77.58394,12.87751],[77.58419,12.87977],[77.58395,12.88097],[77.5823,12.88566],[77.58198,12.88789],[77.58181,12.89217],[77.57789,12.89174],[77.57631,12.89139],[77.57206,12.89191],[77.57187,12.89394],[77.57206,12.89688],[77.57124,12.89728],[77.57274,12.89936],[77.57331,12.90112],[77.57343,12.90204],[77.5732,12.90375],[77.57337,12.90519],[77.57327,12.90647],[77.58856,12.90644],[77.59664,12.9062],[77.60047,12.90734],[77.60173,12.9058],[77.60185,12.90513],[77.6011,12.90219],[77.60091,12.9002],[77.59914,12.89437],[77.59879,12.89267],[77.59804,12.89058]]]},"properties":{"stationId":"ps-puttenahalli","stationName":"Puttenahalli Police Station"}},{"type":"Feature","geometry":{"type":"Polygon","coordinates":[[[77.60685,13.02776],[77.60587,13.02569],[77.60326,13.02159],[77.60088,13.02222],[77.59996,13.02013],[77.59984,13.02018],[77.59974,13.01971],[77.59836,13.01769],[77.59768,13.01622],[77.59764,13.01558],[77.59585,13.01265],[77.59555,13.0119],[77.59404,13.01189],[77.59327,13.01169],[77.59056,13.00986],[77.58788,13.01362],[77.58675,13.01422],[77.5842,13.01443],[77.58401,13.01994],[77.58537,13.02556],[77.58631,13.02856],[77.58657,13.02848],[77.58658,13.02811],[77.58835,13.02819],[77.58973,13.02859],[77.59041,13.02922],[77.59122,13.02918],[77.59174,13.0295],[77.59329,13.02942],[77.5934,13.02969],[77.59375,13.02971],[77.5939,13.02989],[77.59377,13.03049],[77.59399,13.03149],[77.59646,13.03248],[77.59765,13.03253],[77.59879,13.03319],[77.59996,13.03323],[77.60018,13.03322],[77.60028,13.03119],[77.60017,13.03077],[77.59969,13.03019],[77.59941,13.02885],[77.59967,13.02797],[77.60423,13.02736],[77.60433,13.02774],[77.60507,13.02758],[77.60503,13.02741],[77.60528,13.02737],[77.60531,13.02751],[77.60611,13.02727],[77.60622,13.02755],[77.60685,13.02776]]]},"properties":{"stationId":"ps-rtnagar","stationName":"R.T. Nagar Police Station"}},{"type":"Feature","geometry":{"type":"Polygon","coordinates":[[[77.56051,12.99717],[77.56011,12.997],[77.55985,12.99667],[77.55941,12.99595],[77.55915,12.99499],[77.56038,12.99458],[77.56009,12.99381],[77.56013,12.99268],[77.5616,12.99029],[77.56162,12.99007],[77.56102,12.98987],[77.56116,12.98875],[77.5614,12.98848],[77.56156,12.98777],[77.56186,12.98728],[77.56103,12.98696],[77.56079,12.98669],[77.56104,12.98593],[77.56101,12.98489],[77.56135,12.98413],[77.56158,12.9827],[77.5607,12.98291],[77.56021,12.98343],[77.55798,12.9837],[77.55637,12.98509],[77.55419,12.98434],[77.55159,12.9845],[77.5491,12.98494],[77.55097,12.99139],[77.55105,12.99409],[77.55026,12.99775],[77.55528,12.99865],[77.55594,12.99863],[77.55731,12.99839],[77.56051,12.99717]]]},"properties":{"stationId":"ps-rajajinagar","stationName":"Rajajinagar Police Station"}},{"type":"Feature","geometry":{"type":"Polygon","coordinates":[[[77.58613,13.19628],[77.58572,13.19555],[77.58415,13.19402],[77.58313,13.19383],[77.58123,13.19184],[77.58028,13.19131],[77.57947,13.1904],[77.57725,13.1872],[77.57723,13.18733],[77.57679,13.1865],[77.57671,13.18605],[77.57475,13.18586],[77.57388,13.18297],[77.57637,13.17765],[77.57523,13.17356],[77.57519,13.17122],[77.57497,13.1704],[77.57477,13.16746],[77.57447,13.1662],[77.57473,13.16457],[77.57533,13.16406],[77.57716,13.16368],[77.57966,13.16366],[77.59025,13.16265],[77.59068,13.16166],[77.59317,13.16065],[77.59151,13.15546],[77.58942,13.15553],[77.58918,13.15463],[77.58867,13.15464],[77.58853,13.15313],[77.58782,13.15315],[77.58777,13.15214],[77.58506,13.15206],[77.58482,13.15031],[77.58022,13.15046],[77.58084,13.14804],[77.57997,13.14266],[77.58238,13.1402],[77.58286,13.13828],[77.58361,13.13647],[77.58382,13.13531],[77.58405,13.13499],[77.58298,13.13495],[77.58155,13.13714],[77.58153,13.13806],[77.58126,13.13885],[77.58018,13.13855],[77.57912,13.13735],[77.57871,13.13654],[77.5792,13.13539],[77.5784,13.13475],[77.57801,13.13485],[77.5777,13.13514],[77.57265,13.13625],[77.57238,13.13625],[77.57224,13.13592],[77.57191,13.13597],[77.57133,13.13394],[77.57133,13.13377],[77.57162,13.13367],[77.57107,13.13158],[77.57072,13.13165],[77.57097,13.13105],[77.5694,13.13133],[77.56951,13.13111],[77.56925,13.13064],[77.57119,13.13018],[77.57408,13.12529],[77.57147,13.12494],[77.57085,13.12523],[77.56967,13.12497],[77.56834,13.12519],[77.56818,13.12509],[77.56775,13.12353],[77.5663,13.12375],[77.56618,13.12337],[77.56602,13.12332],[77.5647,13.12366],[77.5642,13.1228],[77.56262,13.12452],[77.56155,13.12537],[77.56119,13.12549],[77.55723,13.12562],[77.5548,13.12528],[77.55204,13.12471],[77.55136,13.12374],[77.54779,13.12463],[77.54733,13.12185],[77.54659,13.11973],[77.54599,13.11911],[77.54525,13.11896],[77.54453,13.11626],[77.54852,13.11555],[77.54875,13.11536],[77.54831,13.11159],[77.54759,13.10856],[77.54676,13.10618],[77.54411,13.10589],[77.54107,13.1062],[77.53641,13.10694],[77.53627,13.10677],[77.53255,13.10673],[77.53156,13.10685],[77.52846,13.10659],[77.52813,13.10759],[77.52839,13.10979],[77.52795,13.11065],[77.52944,13.11011],[77.53084,13.1092],[77.53276,13.10962],[77.53305,13.10985],[77.53367,13.10981],[77.53412,13.10996],[77.53686,13.1096],[77.53705,13.11088],[77.53686,13.11136],[77.53688,13.11196],[77.53672,13.11225],[77.53661,13.1122],[77.53643,13.11291],[77.53444,13.11307],[77.53379,13.11243],[77.53338,13.11236],[77.53331,13.11263],[77.53286,13.1129],[77.53289,13.11327],[77.5338,13.11436],[77.53389,13.11553],[77.53444,13.11696],[77.5325,13.1179],[77.53143,13.11576],[77.53085,13.11563],[77.53033,13.1153],[77.52987,13.11516],[77.52963,13.11553],[77.52817,13.11577],[77.52814,13.11621],[77.52768,13.11543],[77.52682,13.11541],[77.52567,13.116],[77.52503,13.11605],[77.52474,13.11579],[77.52463,13.11525],[77.52304,13.11727],[77.52308,13.11908],[77.52158,13.11957],[77.52158,13.12108],[77.52148,13.12192],[77.52136,13.12194],[77.52063,13.12182],[77.51836,13.12185],[77.51802,13.12158],[77.51665,13.12176],[77.51637,13.12194],[77.51335,13.12189],[77.51314,13.12174],[77.51277,13.12009],[77.51365,13.11971],[77.51374,13.1189],[77.51066,13.11967],[77.51024,13.1191],[77.50469,13.12321],[77.50359,13.12365],[77.50376,13.12474],[77.50279,13.12768],[77.50237,13.13091],[77.50102,13.13197],[77.50195,13.13365],[77.50253,13.13393],[77.50464,13.13301],[77.5047,13.13316],[77.50523,13.13268],[77.50651,13.13205],[77.50668,13.1321],[77.50704,13.13269],[77.50688,13.13381],[77.50585,13.1356],[77.50527,13.13704],[77.50516,13.13721],[77.50503,13.13704],[77.50493,13.13729],[77.50474,13.1386],[77.50489,13.13935],[77.50536,13.14004],[77.50507,13.14038],[77.50661,13.14167],[77.50915,13.14135],[77.51029,13.14162],[77.51055,13.14193],[77.51167,13.14209],[77.51185,13.14198],[77.51187,13.14158],[77.51202,13.14145],[77.51361,13.14159],[77.51363,13.14225],[77.51456,13.14303],[77.51475,13.14343],[77.51441,13.1438],[77.51324,13.14415],[77.51372,13.1466],[77.5148,13.14665],[77.51518,13.14807],[77.51582,13.14955],[77.51552,13.14978],[77.51422,13.15005],[77.51439,13.15192],[77.51428,13.1526],[77.51558,13.15297],[77.51681,13.15237],[77.51709,13.15258],[77.51599,13.15441],[77.51607,13.15511],[77.51645,13.15585],[77.51621,13.15728],[77.51454,13.15723],[77.51326,13.1566],[77.51204,13.15665],[77.51082,13.15698],[77.51106,13.15975],[77.51,13.16236],[77.50993,13.16289],[77.51026,13.16355],[77.51014,13.16367],[77.50782,13.1642],[77.50522,13.16442],[77.50528,13.16546],[77.50314,13.16589],[77.50345,13.16687],[77.50374,13.16699],[77.50907,13.16663],[77.50971,13.17019],[77.50959,13.17179],[77.51029,13.17484],[77.51119,13.17678],[77.50394,13.17851],[77.50507,13.18341],[77.50533,13.18381],[77.5067,13.18498],[77.50724,13.18503],[77.50747,13.18617],[77.50742,13.18886],[77.50556,13.18988],[77.50512,13.1912],[77.50427,13.19256],[77.50217,13.19348],[77.502,13.19341],[77.50194,13.19284],[77.50179,13.19281],[77.50058,13.19329],[77.50012,13.19326],[77.49917,13.19244],[77.49869,13.19045],[77.49644,13.18809],[77.4949,13.18691],[77.49416,13.18566],[77.49346,13.18328],[77.4924,13.18143],[77.49136,13.18097],[77.4897,13.17913],[77.4895,13.17734],[77.48652,13.1785],[77.48547,13.1772],[77.48453,13.17506],[77.48428,13.17324],[77.47679,13.17954],[77.47558,13.18113],[77.47365,13.18223],[77.47502,13.1833],[77.47602,13.18567],[77.47647,13.18776],[77.47631,13.18785],[77.47684,13.18975],[77.47726,13.19283],[77.47819,13.19551],[77.47844,13.19769],[77.47852,13.20053],[77.47811,13.20418],[77.47881,13.20702],[77.47358,13.20703],[77.47371,13.21154],[77.47434,13.21515],[77.47719,13.221],[77.4792,13.2242],[77.48319,13.2229],[77.49019,13.22407],[77.49467,13.2253],[77.49879,13.22691],[77.49957,13.22702],[77.50117,13.22647],[77.50105,13.22594],[77.50164,13.22562],[77.50198,13.22551],[77.50204,13.22564],[77.5029,13.22564],[77.50445,13.22479],[77.5068,13.22401],[77.50689,13.22381],[77.50801,13.227],[77.51209,13.22598],[77.51207,13.2253],[77.51167,13.22415],[77.51148,13.22283],[77.51694,13.2215],[77.51742,13.22123],[77.51744,13.22091],[77.51843,13.22059],[77.51816,13.21843],[77.5188,13.21764],[77.5188,13.21724],[77.51928,13.2165],[77.51915,13.21555],[77.51835,13.21482],[77.51813,13.21428],[77.51929,13.21444],[77.51955,13.21433],[77.51994,13.21457],[77.51987,13.21415],[77.52004,13.21414],[77.51989,13.21391],[77.51986,13.21285],[77.51939,13.21252],[77.51918,13.21174],[77.51863,13.2118],[77.51812,13.20942],[77.51916,13.20922],[77.51953,13.21113],[77.52136,13.21085],[77.5216,13.21034],[77.52092,13.21002],[77.52079,13.20946],[77.52168,13.20887],[77.52118,13.2086],[77.5205,13.20716],[77.52064,13.20699],[77.52128,13.20687],[77.52178,13.20818],[77.52197,13.20817],[77.52206,13.21054],[77.52238,13.21157],[77.52213,13.21176],[77.52229,13.21211],[77.52212,13.21264],[77.52223,13.21364],[77.52231,13.21382],[77.52283,13.21371],[77.52363,13.21489],[77.52393,13.21593],[77.52425,13.21589],[77.52477,13.21628],[77.52539,13.21718],[77.52551,13.21747],[77.525,13.21775],[77.52565,13.21981],[77.52637,13.2203],[77.52657,13.22103],[77.52649,13.22164],[77.52675,13.22177],[77.52736,13.22153],[77.5272,13.22117],[77.52738,13.22106],[77.53009,13.22058],[77.53329,13.21966],[77.53625,13.21902],[77.53723,13.21904],[77.53758,13.22137],[77.53869,13.22563],[77.54001,13.22527],[77.54042,13.22539],[77.54064,13.22601],[77.54121,13.22599],[77.54167,13.22626],[77.54295,13.22983],[77.54316,13.23105],[77.5432,13.233],[77.54927,13.23153],[77.5517,13.23466],[77.55307,13.23348],[77.55458,13.23338],[77.5595,13.23192],[77.55916,13.23026],[77.55891,13.22998],[77.55815,13.22801],[77.55762,13.22609],[77.55748,13.22345],[77.55802,13.2234],[77.55851,13.22355],[77.55856,13.22141],[77.55822,13.22142],[77.55784,13.22014],[77.55752,13.22019],[77.55736,13.21986],[77.55744,13.2197],[77.55827,13.21931],[77.55871,13.21887],[77.56032,13.2184],[77.56436,13.21665],[77.56534,13.21637],[77.56944,13.21587],[77.57022,13.2099],[77.57055,13.20968],[77.57087,13.20828],[77.57147,13.20732],[77.57085,13.20752],[77.56968,13.20753],[77.56932,13.20664],[77.56858,13.20553],[77.56785,13.20365],[77.56748,13.20155],[77.56985,13.20069],[77.56976,13.20045],[77.57007,13.20031],[77.5708,13.20034],[77.57175,13.20004],[77.57268,13.19953],[77.57262,13.19917],[77.57312,13.1991],[77.57405,13.19864],[77.57841,13.19781],[77.57886,13.19787],[77.57914,13.19763],[77.57969,13.19771],[77.58273,13.19681],[77.58613,13.19628]]]},"properties":{"stationId":"ps-rajanukunte","stationName":"Rajanukunte Police Station"}},{"type":"Feature","geometry":{"type":"Polygon","coordinates":[[[77.53153,12.93355],[77.53172,12.93316],[77.53245,12.92241],[77.5322,12.91964],[77.53196,12.91954],[77.53138,12.9143],[77.53109,12.9131],[77.53013,12.911],[77.52587,12.9043],[77.52589,12.90405],[77.52856,12.90499],[77.528,12.90204],[77.52869,12.90188],[77.52831,12.8999],[77.52915,12.89983],[77.52896,12.89923],[77.52917,12.89881],[77.52913,12.89803],[77.52886,12.89745],[77.52792,12.89655],[77.52779,12.89531],[77.52788,12.89514],[77.52652,12.89526],[77.52581,12.89582],[77.52545,12.89528],[77.52455,12.89536],[77.52439,12.89563],[77.5245,12.89732],[77.52436,12.89752],[77.52309,12.89765],[77.52244,12.89737],[77.52113,12.89784],[77.52045,12.89678],[77.52058,12.8963],[77.5208,12.8961],[77.52093,12.89542],[77.52104,12.89469],[77.52094,12.89369],[77.51982,12.89306],[77.51887,12.89292],[77.5185,12.89339],[77.51734,12.89317],[77.51659,12.89371],[77.51583,12.89379],[77.51563,12.89328],[77.51571,12.89241],[77.51532,12.8925],[77.51527,12.89292],[77.51498,12.89302],[77.51447,12.89283],[77.51408,12.89287],[77.51396,12.89298],[77.51438,12.89414],[77.5141,12.89501],[77.51454,12.89546],[77.5142,12.89654],[77.51417,12.89724],[77.51349,12.89808],[77.51375,12.8987],[77.51366,12.89904],[77.51263,12.90025],[77.51309,12.90063],[77.51335,12.9011],[77.51424,12.90159],[77.51415,12.90206],[77.51206,12.90225],[77.51168,12.90214],[77.511,12.90251],[77.51098,12.90264],[77.51134,12.90276],[77.51107,12.90374],[77.51118,12.90443],[77.51179,12.90543],[77.51162,12.906],[77.51054,12.90697],[77.51043,12.90724],[77.51116,12.90804],[77.51086,12.90909],[77.50955,12.90979],[77.50853,12.90991],[77.50824,12.91023],[77.50825,12.91088],[77.50763,12.9129],[77.50687,12.91357],[77.50608,12.91499],[77.50602,12.91564],[77.50465,12.91614],[77.50382,12.91754],[77.50356,12.91845],[77.50312,12.91924],[77.50253,12.91944],[77.50294,12.91973],[77.50364,12.91974],[77.50411,12.91997],[77.50447,12.92086],[77.50474,12.9222],[77.50534,12.92295],[77.50409,12.92365],[77.5052,12.92539],[77.50428,12.92671],[77.50517,12.92746],[77.50624,12.92807],[77.50696,12.92897],[77.50708,12.93086],[77.50803,12.93165],[77.50824,12.93206],[77.50897,12.93265],[77.50909,12.93299],[77.50957,12.93299],[77.51068,12.93252],[77.51146,12.93243],[77.51261,12.93339],[77.5132,12.93358],[77.51385,12.93356],[77.51407,12.93375],[77.51409,12.93502],[77.51447,12.93548],[77.5148,12.93557],[77.51545,12.93555],[77.51597,12.93422],[77.51629,12.93416],[77.51701,12.93484],[77.51758,12.93495],[77.518,12.9345],[77.51808,12.93388],[77.51753,12.93263],[77.51767,12.93233],[77.51836,12.93199],[77.51969,12.93089],[77.52012,12.93074],[77.52041,12.9309],[77.52079,12.93158],[77.52173,12.93174],[77.52199,12.93208],[77.52189,12.93348],[77.52479,12.9349],[77.52484,12.93571],[77.52526,12.93595],[77.52656,12.93572],[77.52731,12.93474],[77.52743,12.93424],[77.528,12.93398],[77.53153,12.93355]]]},"properties":{"stationId":"ps-rajarajeshwarinagar","stationName":"Rajarajeshwari Nagar Police Station"}},{"type":"Feature","geometry":{"type":"Polygon","coordinates":[[[77.52059,13.02635],[77.52165,13.0238],[77.5235,13.02267],[77.52066,13.02],[77.5201,13.0187],[77.52027,13.01601],[77.52069,13.01412],[77.52113,13.01273],[77.52211,13.01159],[77.52201,13.0098],[77.52154,13.00743],[77.52152,13.00475],[77.52119,13.00272],[77.52597,12.99857],[77.52155,12.99752],[77.51989,12.99686],[77.51959,12.99697],[77.51899,12.99755],[77.51804,12.99745],[77.51772,12.9976],[77.51758,12.99869],[77.51658,12.99859],[77.51402,12.99913],[77.51384,12.99731],[77.51083,12.99781],[77.51071,12.9978],[77.51062,12.99731],[77.50898,12.99773],[77.50634,12.99868],[77.5049,12.99892],[77.50497,12.99947],[77.50374,12.99968],[77.50209,13.00037],[77.50185,13.0001],[77.50145,13.00033],[77.50075,12.99928],[77.50053,12.9983],[77.49992,12.99842],[77.49979,12.998],[77.49914,12.9982],[77.49907,12.99807],[77.4976,12.99864],[77.49791,12.99921],[77.4954,13.00014],[77.49545,13.00028],[77.49503,13.0004],[77.49513,13.00074],[77.49356,13.00099],[77.49391,13.00186],[77.49429,13.00175],[77.4953,13.00451],[77.49757,13.00386],[77.49797,13.00769],[77.49839,13.00903],[77.49921,13.00858],[77.49987,13.00921],[77.49988,13.00941],[77.4984,13.00959],[77.49826,13.01077],[77.49788,13.01075],[77.49785,13.01155],[77.49988,13.01194],[77.49968,13.01293],[77.49976,13.01353],[77.49919,13.01391],[77.49771,13.0174],[77.498,13.01743],[77.4986,13.01672],[77.49892,13.01681],[77.49907,13.01709],[77.49895,13.01746],[77.49861,13.01813],[77.4971,13.01889],[77.49681,13.01928],[77.49694,13.02109],[77.50111,13.01887],[77.50278,13.0178],[77.50285,13.01795],[77.50577,13.01635],[77.51083,13.02395],[77.51122,13.02484],[77.51981,13.02835],[77.52059,13.02635]]]},"properties":{"stationId":"ps-rajgopalnagar","stationName":"Rajgopal Nagar Police Station"}},{"type":"Feature","geometry":{"type":"Polygon","coordinates":[[[77.68011,13.04597],[77.68066,13.04585],[77.68284,13.04604],[77.68505,13.04511],[77.68481,13.04187],[77.68399,13.0372],[77.68438,13.03482],[77.6851,13.03338],[77.68512,13.03135],[77.68493,13.02923],[77.68532,13.02857],[77.68498,13.0274],[77.68462,13.0225],[77.68428,13.02063],[77.67834,13.02131],[77.67813,13.01838],[77.67852,13.01596],[77.67861,13.01169],[77.68067,13.01105],[77.68067,13.01021],[77.67953,13.00941],[77.67881,13.00954],[77.67767,13.00907],[77.6765,13.00738],[77.67482,13.00648],[77.67519,13.00524],[77.67567,13.00543],[77.67567,13.00528],[77.67708,13.00498],[77.67709,13.00373],[77.67679,13.0032],[77.6768,13.00251],[77.67695,13.00236],[77.67708,13.00069],[77.67751,13.0007],[77.67693,13.00019],[77.67049,12.99713],[77.66422,12.99439],[77.66283,12.99669],[77.66267,12.99735],[77.66087,13.00032],[77.65958,13.00193],[77.65662,13.0038],[77.65423,13.00448],[77.65286,13.00449],[77.64894,13.00507],[77.64925,13.00595],[77.64917,13.00622],[77.64795,13.00819],[77.648,13.00905],[77.64643,13.01133],[77.64973,13.01321],[77.65135,13.01235],[77.65239,13.01241],[77.65411,13.01289],[77.65414,13.01313],[77.65444,13.01311],[77.65459,13.01399],[77.65417,13.01403],[77.65439,13.01488],[77.65418,13.01492],[77.65495,13.01685],[77.65506,13.01804],[77.65563,13.01906],[77.6576,13.0216],[77.65862,13.02381],[77.66002,13.02532],[77.66147,13.02729],[77.66421,13.02899],[77.66433,13.03119],[77.66404,13.03131],[77.66485,13.03339],[77.66525,13.03827],[77.66848,13.03788],[77.67061,13.03734],[77.67317,13.0375],[77.67293,13.03933],[77.6729,13.04207],[77.67315,13.04501],[77.67455,13.04548],[77.67846,13.04609],[77.68011,13.04597]]]},"properties":{"stationId":"ps-ramamurthynagar","stationName":"Ramamurthy Nagar Police Station"}},{"type":"Feature","geometry":{"type":"Polygon","coordinates":[[[77.53982,13.01907],[77.53514,13.02171],[77.53205,13.02214],[77.52924,13.02095],[77.52744,13.02131],[77.5281,13.02271],[77.5273,13.02309],[77.52707,13.02513],[77.52307,13.02714],[77.52363,13.02836],[77.52473,13.02966],[77.52534,13.03125],[77.52567,13.03145],[77.52582,13.03184],[77.52715,13.0317],[77.5272,13.03215],[77.5299,13.0349],[77.5307,13.03455],[77.53192,13.03891],[77.54075,13.0325],[77.54195,13.03831],[77.54295,13.03929],[77.54436,13.03761],[77.54462,13.0377],[77.54918,13.02921],[77.55044,13.02897],[77.55102,13.02994],[77.55128,13.02517],[77.55251,13.02264],[77.55416,13.01984],[77.55417,13.01954],[77.55395,13.01915],[77.55586,13.01581],[77.55486,13.01534],[77.55371,13.0154],[77.55332,13.01781],[77.55282,13.0177],[77.5525,13.01828],[77.55154,13.01851],[77.55101,13.01741],[77.5512,13.01731],[77.5508,13.0163],[77.55055,13.01644],[77.55029,13.01592],[77.54875,13.01794],[77.54563,13.01664],[77.54459,13.01902],[77.54382,13.01835],[77.54369,13.01788],[77.54329,13.01771],[77.54347,13.01819],[77.54376,13.0207],[77.54344,13.02094],[77.54302,13.02079],[77.5429,13.02097],[77.54006,13.01952],[77.53982,13.01907]]]},"properties":{"stationId":"ps-yeshwanthpurarmcyard","stationName":"RMC Yard Police Station"}},{"type":"Feature","geometry":{"type":"Polygon","coordinates":[[[77.58813,12.96453],[77.58954,12.96316],[77.58955,12.96252],[77.58812,12.96106],[77.58678,12.95921],[77.58522,12.95959],[77.58362,12.96027],[77.58282,12.95888],[77.58231,12.9592],[77.58317,12.96072],[77.58182,12.96179],[77.58207,12.96336],[77.58178,12.96353],[77.57889,12.96371],[77.57902,12.96452],[77.57781,12.96504],[77.57808,12.96568],[77.58027,12.9649],[77.58194,12.96471],[77.584,12.96478],[77.5841,12.9652],[77.58653,12.96581],[77.58813,12.96453]]]},"properties":{"stationId":"ps-sjpark","stationName":"S.J. Park Police Station"}},{"type":"Feature","geometry":{"type":"Polygon","coordinates":[[[77.58471,13.02279],[77.58397,13.01952],[77.5842,13.01443],[77.58675,13.01422],[77.58788,13.01362],[77.59244,13.00706],[77.59311,13.00581],[77.59551,12.99804],[77.59603,12.99474],[77.59417,12.99558],[77.58975,12.99546],[77.58961,12.99585],[77.58831,12.99648],[77.5866,12.99763],[77.58444,12.99794],[77.58421,13.00351],[77.5839,13.00356],[77.58043,13.00561],[77.57621,13.00783],[77.57553,13.00789],[77.57369,13.00767],[77.57279,13.00785],[77.5719,13.00849],[77.5696,13.0116],[77.56921,13.01192],[77.56581,13.01408],[77.56065,13.01706],[77.56143,13.01869],[77.56256,13.02013],[77.56321,13.02158],[77.56269,13.02431],[77.56188,13.02632],[77.56185,13.0274],[77.56197,13.02792],[77.56222,13.02791],[77.5623,13.02898],[77.56253,13.02962],[77.56309,13.03002],[77.56353,13.02998],[77.56426,13.03466],[77.56455,13.03563],[77.56453,13.03627],[77.56366,13.03634],[77.56361,13.03763],[77.5633,13.03757],[77.56335,13.03728],[77.56202,13.03731],[77.56198,13.03755],[77.56165,13.03752],[77.56093,13.03977],[77.56211,13.04198],[77.56544,13.03767],[77.56787,13.03499],[77.56948,13.03288],[77.57025,13.03141],[77.57127,13.02853],[77.57771,13.02731],[77.57772,13.02693],[77.58,13.02653],[77.58095,13.02575],[77.58117,13.02525],[77.58261,13.02454],[77.58471,13.02279]]]},"properties":{"stationId":"ps-sadashivanagar","stationName":"Sadashivanagar Police Station"}},{"type":"Feature","geometry":{"type":"Polygon","coordinates":[[[77.59684,12.96489],[77.59686,12.9647],[77.59626,12.96361],[77.59452,12.96202],[77.59307,12.95814],[77.58709,12.95962],[77.58812,12.96106],[77.58955,12.96252],[77.58954,12.96316],[77.58813,12.96453],[77.589,12.96552],[77.58914,12.96602],[77.58937,12.96619],[77.58856,12.96745],[77.58862,12.9679],[77.58914,12.96812],[77.59369,12.97192],[77.59407,12.97177],[77.59509,12.96685],[77.59554,12.96573],[77.5962,12.965],[77.59684,12.96489]]]},"properties":{"stationId":"ps-sampangiramanagar","stationName":"Sampangiramanagar Police Station"}},{"type":"Feature","geometry":{"type":"Polygon","coordinates":[[[77.6349,13.10185],[77.6358,13.09846],[77.63601,13.09675],[77.63604,13.09385],[77.63578,13.0904],[77.63385,13.07844],[77.63363,13.06315],[77.6329,13.05957],[77.63307,13.05723],[77.63291,13.05607],[77.63242,13.05584],[77.63213,13.0552],[77.63199,13.05439],[77.63085,13.051],[77.62746,13.04538],[77.62579,13.04343],[77.62507,13.04214],[77.6243,13.03994],[77.62348,13.04081],[77.6226,13.04107],[77.6171,13.04083],[77.61484,13.04142],[77.61368,13.04198],[77.61373,13.04276],[77.61259,13.04434],[77.61229,13.0458],[77.61182,13.04685],[77.61225,13.04743],[77.61234,13.04799],[77.61444,13.04847],[77.61531,13.04817],[77.61624,13.04822],[77.61825,13.048],[77.61838,13.04975],[77.61783,13.05143],[77.61776,13.05155],[77.6161,13.05163],[77.61598,13.05266],[77.6162,13.05298],[77.61638,13.0545],[77.61879,13.05426],[77.61966,13.05555],[77.61968,13.05576],[77.61889,13.0568],[77.61819,13.05705],[77.61835,13.05793],[77.61875,13.05831],[77.61887,13.05888],[77.61919,13.05911],[77.61949,13.06056],[77.6203,13.0608],[77.62053,13.0628],[77.62057,13.06537],[77.61981,13.06618],[77.61934,13.06623],[77.61951,13.06821],[77.61902,13.0683],[77.6188,13.06823],[77.61879,13.06807],[77.61329,13.06768],[77.61316,13.06966],[77.61253,13.06957],[77.61224,13.07594],[77.61089,13.07652],[77.61133,13.07771],[77.60971,13.07909],[77.61046,13.07899],[77.6112,13.07927],[77.61196,13.08197],[77.61329,13.08156],[77.61396,13.08116],[77.61427,13.08029],[77.61446,13.08016],[77.61493,13.08037],[77.61397,13.08188],[77.61369,13.08276],[77.61319,13.08575],[77.61275,13.08649],[77.61249,13.08761],[77.61213,13.08783],[77.60995,13.09063],[77.60858,13.09378],[77.60782,13.09476],[77.60732,13.09728],[77.61371,13.09739],[77.61717,13.0978],[77.61725,13.0985],[77.61691,13.10168],[77.61684,13.10216],[77.61642,13.10289],[77.61633,13.10353],[77.61683,13.10426],[77.61908,13.10419],[77.62797,13.10273],[77.63236,13.10233],[77.6349,13.10185]]]},"properties":{"stationId":"ps-sampigehalli","stationName":"Sampigehalli Police Station"}},{"type":"Feature","geometry":{"type":"Polygon","coordinates":[[[77.59002,13.04161],[77.58969,13.03987],[77.58932,13.03619],[77.58851,13.03417],[77.58845,13.03333],[77.58613,13.02824],[77.58474,13.02288],[77.58261,13.02454],[77.58117,13.02525],[77.58102,13.0257],[77.58,13.02653],[77.57778,13.02688],[77.57771,13.02731],[77.57127,13.02853],[77.57025,13.03141],[77.56948,13.03288],[77.56787,13.03498],[77.56548,13.03762],[77.56211,13.04198],[77.56415,13.04559],[77.56596,13.04632],[77.57723,13.04722],[77.57854,13.04718],[77.57973,13.04671],[77.5843,13.04307],[77.58485,13.04281],[77.58643,13.04233],[77.59002,13.04161]]]},"properties":{"stationId":"ps-sanjaynagara","stationName":"Sanjay Nagara Police Station"}},{"type":"Feature","geometry":{"type":"Polygon","coordinates":[[[77.77699,12.93208],[77.7783,12.93199],[77.77831,12.93107],[77.78264,12.92884],[77.78278,12.92867],[77.78255,12.92815],[77.78531,12.92716],[77.78742,12.92682],[77.78996,12.92672],[77.79278,12.92616],[77.79353,12.92596],[77.79348,12.92584],[77.79593,12.92575],[77.79626,12.92561],[77.79831,12.92563],[77.79851,12.92432],[77.79867,12.92427],[77.79863,12.92363],[77.79769,12.91865],[77.80122,12.91894],[77.80322,12.91943],[77.804,12.92166],[77.80608,12.92619],[77.80853,12.9334],[77.8097,12.93411],[77.81017,12.93422],[77.81052,12.93335],[77.81159,12.93262],[77.812,12.93196],[77.81316,12.9308],[77.81336,12.9299],[77.81374,12.92941],[77.81554,12.92799],[77.81604,12.9269],[77.81588,12.92603],[77.81634,12.92576],[77.81682,12.92557],[77.81745,12.92558],[77.81819,12.92515],[77.82007,12.9249],[77.82041,12.92506],[77.82076,12.92546],[77.82109,12.92685],[77.82171,12.92699],[77.82239,12.92897],[77.82489,12.92763],[77.83189,12.92568],[77.832,12.9242],[77.83269,12.92339],[77.83153,12.92218],[77.82973,12.91978],[77.82829,12.91979],[77.82573,12.92079],[77.82201,12.9217],[77.8214,12.92178],[77.82026,12.92125],[77.81755,12.922],[77.81678,12.92172],[77.81714,12.92123],[77.81782,12.91921],[77.81748,12.91757],[77.8165,12.916],[77.81655,12.91488],[77.81682,12.9143],[77.81764,12.91376],[77.8185,12.91366],[77.81968,12.91319],[77.82043,12.91278],[77.821,12.91205],[77.82134,12.91037],[77.82115,12.90854],[77.82227,12.90707],[77.82142,12.90634],[77.82122,12.90568],[77.82167,12.90342],[77.82129,12.90334],[77.82098,12.90253],[77.82119,12.90252],[77.82125,12.90217],[77.82152,12.90192],[77.82274,12.9017],[77.82348,12.9009],[77.82417,12.89916],[77.82532,12.89784],[77.8255,12.89716],[77.82521,12.8962],[77.82588,12.8948],[77.82633,12.89408],[77.82814,12.89289],[77.82879,12.89056],[77.83007,12.8895],[77.83023,12.88876],[77.83018,12.8881],[77.83045,12.8875],[77.8308,12.88725],[77.83158,12.88508],[77.83182,12.8838],[77.83237,12.88242],[77.83221,12.88178],[77.8317,12.88128],[77.83178,12.88112],[77.83128,12.87996],[77.83135,12.87868],[77.83166,12.8787],[77.83136,12.87744],[77.83192,12.87687],[77.8317,12.87539],[77.83196,12.87423],[77.83246,12.87439],[77.83306,12.87411],[77.83493,12.87239],[77.83538,12.87221],[77.8358,12.87229],[77.8368,12.87186],[77.83661,12.87106],[77.83697,12.87039],[77.83681,12.87044],[77.83262,12.86755],[77.83211,12.86492],[77.83315,12.86205],[77.83257,12.86184],[77.83244,12.86219],[77.83008,12.86211],[77.8289,12.86165],[77.82764,12.86085],[77.82685,12.86082],[77.82676,12.86055],[77.82618,12.86036],[77.8257,12.86049],[77.82512,12.85999],[77.82393,12.85814],[77.82292,12.85609],[77.82215,12.85623],[77.81786,12.85609],[77.81604,12.85619],[77.81585,12.85582],[77.81523,12.85594],[77.81116,12.85258],[77.8104,12.85139],[77.80965,12.84875],[77.80797,12.84773],[77.80297,12.85064],[77.799,12.85194],[77.79812,12.8495],[77.79768,12.84798],[77.79775,12.84774],[77.79686,12.84498],[77.79623,12.84504],[77.79488,12.84551],[77.79312,12.84373],[77.79263,12.84344],[77.79257,12.84283],[77.79331,12.83988],[77.79475,12.83691],[77.79551,12.83484],[77.79738,12.83411],[77.79898,12.83375],[77.80208,12.83325],[77.80425,12.8331],[77.81002,12.83111],[77.80988,12.83006],[77.81001,12.83],[77.80953,12.82805],[77.80826,12.82534],[77.80791,12.82327],[77.80832,12.82021],[77.80868,12.8187],[77.80923,12.81676],[77.80971,12.81583],[77.80593,12.81668],[77.80221,12.81718],[77.80235,12.81675],[77.80139,12.81295],[77.80153,12.81262],[77.80102,12.811],[77.80031,12.8074],[77.7999,12.80748],[77.79745,12.80876],[77.79429,12.80942],[77.79418,12.80962],[77.79445,12.80958],[77.79256,12.81077],[77.79161,12.81098],[77.79154,12.81111],[77.79264,12.81355],[77.79339,12.81341],[77.79388,12.81506],[77.79433,12.8189],[77.792,12.81961],[77.79203,12.81972],[77.79094,12.81966],[77.78938,12.81616],[77.78893,12.81538],[77.78837,12.81495],[77.788,12.81434],[77.78716,12.812],[77.78504,12.81271],[77.78198,12.81291],[77.77758,12.81407],[77.7739,12.8152],[77.77401,12.81576],[77.77149,12.8163],[77.76955,12.81372],[77.76882,12.81355],[77.76798,12.81135],[77.76685,12.81065],[77.76692,12.81047],[77.76621,12.80923],[77.76369,12.81027],[77.76189,12.81042],[77.76147,12.81071],[77.76134,12.81059],[77.76085,12.81107],[77.76026,12.81139],[77.75944,12.81224],[77.75851,12.81276],[77.75782,12.81297],[77.75738,12.8125],[77.75707,12.81258],[77.7557,12.81418],[77.75587,12.81418],[77.75604,12.81458],[77.75498,12.81494],[77.75491,12.81535],[77.75535,12.8153],[77.75541,12.81561],[77.75479,12.81571],[77.7531,12.81662],[77.75314,12.81706],[77.75277,12.81732],[77.75253,12.81729],[77.75238,12.81745],[77.75209,12.81675],[77.7507,12.81682],[77.75025,12.81749],[77.74941,12.8177],[77.74844,12.81826],[77.74829,12.81801],[77.74803,12.818],[77.74631,12.81821],[77.74587,12.81759],[77.74557,12.81639],[77.74211,12.81747],[77.73948,12.81792],[77.73873,12.81787],[77.7356,12.81604],[77.73204,12.81489],[77.73152,12.8182],[77.73042,12.81927],[77.72707,12.81824],[77.72773,12.82361],[77.72811,12.82588],[77.72833,12.82598],[77.72815,12.82637],[77.72765,12.82643],[77.72754,12.82694],[77.72692,12.82718],[77.7263,12.82805],[77.72173,12.82767],[77.72169,12.82793],[77.72024,12.82817],[77.72009,12.82845],[77.72024,12.82891],[77.71991,12.82879],[77.71636,12.82961],[77.71614,12.82986],[77.71412,12.83055],[77.71293,12.83051],[77.71285,12.82997],[77.70825,12.83041],[77.70533,12.83037],[77.69739,12.83748],[77.69054,12.8392],[77.68688,12.84119],[77.68739,12.84253],[77.68726,12.84275],[77.69066,12.84729],[77.69146,12.84764],[77.69271,12.84932],[77.6945,12.851],[77.69487,12.85156],[77.69526,12.853],[77.69671,12.85386],[77.69807,12.85438],[77.69966,12.85457],[77.70053,12.85527],[77.70379,12.85942],[77.70463,12.86146],[77.70318,12.86185],[77.70261,12.86262],[77.70159,12.86324],[77.69784,12.8641],[77.69608,12.86492],[77.69257,12.86691],[77.68741,12.86819],[77.6854,12.86884],[77.68298,12.86922],[77.68031,12.87157],[77.67924,12.87391],[77.68017,12.87477],[77.68028,12.8751],[77.67996,12.8752],[77.6811,12.87852],[77.68137,12.87886],[77.68205,12.87892],[77.68166,12.87921],[77.68083,12.87927],[77.68006,12.87966],[77.6799,12.88051],[77.67929,12.88088],[77.67959,12.8821],[77.68358,12.88162],[77.68472,12.88128],[77.68519,12.88477],[77.68274,12.88514],[77.68305,12.88698],[77.68297,12.88886],[77.68143,12.88899],[77.68132,12.88919],[77.68126,12.89223],[77.68232,12.89202],[77.68297,12.89166],[77.68291,12.89153],[77.68307,12.89144],[77.6829,12.89086],[77.68458,12.88976],[77.6845,12.88899],[77.68464,12.88775],[77.68518,12.88807],[77.6856,12.88761],[77.68531,12.88744],[77.68596,12.8855],[77.68578,12.88421],[77.68785,12.88332],[77.68756,12.88236],[77.69221,12.88138],[77.69244,12.882],[77.69477,12.88276],[77.6971,12.8838],[77.70333,12.88529],[77.70514,12.88491],[77.70765,12.88392],[77.70791,12.88365],[77.70839,12.87843],[77.70864,12.87731],[77.71246,12.87739],[77.71242,12.87813],[77.71589,12.87689],[77.7165,12.87847],[77.71823,12.87779],[77.7188,12.87726],[77.72191,12.87709],[77.72453,12.8764],[77.7308,12.87371],[77.73165,12.87353],[77.73402,12.87355],[77.73434,12.87488],[77.73727,12.88377],[77.73751,12.88372],[77.7398,12.89426],[77.73928,12.90148],[77.74003,12.90552],[77.74004,12.90652],[77.74016,12.90695],[77.7424,12.90856],[77.74245,12.90907],[77.74404,12.90915],[77.74449,12.90901],[77.74435,12.90921],[77.74463,12.91356],[77.74517,12.91608],[77.74567,12.91982],[77.74958,12.91915],[77.75351,12.91825],[77.75715,12.91805],[77.75695,12.9221],[77.75665,12.92316],[77.75615,12.9235],[77.7566,12.92632],[77.76133,12.92793],[77.76229,12.92838],[77.76465,12.92877],[77.76559,12.9318],[77.76569,12.93338],[77.76634,12.93502],[77.76554,12.93699],[77.76527,12.94231],[77.77308,12.94016],[77.77501,12.93948],[77.77539,12.93865],[77.77568,12.93726],[77.77802,12.93572],[77.77722,12.93382],[77.7769,12.93221],[77.77699,12.93208]]]},"properties":{"stationId":"ps-sarjapura","stationName":"Sarjapura Police Station"}},{"type":"Feature","geometry":{"type":"Polygon","coordinates":[[[77.5768,12.9942],[77.57711,12.99366],[77.57896,12.99532],[77.58198,12.99863],[77.58303,12.99776],[77.58432,12.99779],[77.58472,12.99592],[77.58371,12.99584],[77.5826,12.99522],[77.58018,12.99195],[77.5796,12.9904],[77.57697,12.98648],[77.5758,12.98496],[77.57493,12.98435],[77.57461,12.98229],[77.57466,12.98064],[77.57126,12.98019],[77.57101,12.98032],[77.57012,12.98148],[77.57156,12.98359],[77.57219,12.98563],[77.57215,12.98812],[77.57148,12.99114],[77.5714,12.99339],[77.57338,12.99368],[77.57394,12.99396],[77.57319,12.99685],[77.57313,12.99888],[77.57437,12.99889],[77.5768,12.9942]]]},"properties":{"stationId":"ps-seshadripuram","stationName":"Seshadripuram Police Station"}},{"type":"Feature","geometry":{"type":"Polygon","coordinates":[[[77.57372,12.94828],[77.56759,12.94818],[77.56735,12.95709],[77.5735,12.95734],[77.57372,12.94828]]]},"properties":{"stationId":"ps-shankarapuram","stationName":"Shankarpura Police Station"}},{"type":"Feature","geometry":{"type":"Polygon","coordinates":[[[77.60714,12.98682],[77.60686,12.98423],[77.60666,12.98377],[77.60529,12.98409],[77.60313,12.98424],[77.60178,12.98467],[77.5981,12.984],[77.59764,12.98414],[77.59728,12.98451],[77.59914,12.98937],[77.60002,12.99224],[77.602,12.99185],[77.60361,12.99197],[77.60411,12.99216],[77.60384,12.99004],[77.6071,12.99029],[77.60714,12.98682]]]},"properties":{"stationId":"ps-shivajinagar","stationName":"Shivajinagar Police Station"}},{"type":"Feature","geometry":{"type":"Polygon","coordinates":[[[77.58546,12.95412],[77.58708,12.95279],[77.59167,12.95113],[77.59275,12.95019],[77.59457,12.94687],[77.59523,12.9462],[77.59686,12.94503],[77.59709,12.94447],[77.59725,12.94325],[77.59857,12.94287],[77.59842,12.94149],[77.59929,12.94139],[77.59907,12.94035],[77.59964,12.94017],[77.59963,12.93962],[77.59968,12.93946],[77.59983,12.93948],[77.59986,12.93905],[77.60184,12.93857],[77.60125,12.93569],[77.60069,12.93108],[77.60013,12.9314],[77.5993,12.93232],[77.59785,12.93264],[77.5973,12.93266],[77.59707,12.93247],[77.59644,12.93274],[77.59629,12.9325],[77.5953,12.93257],[77.59461,12.93226],[77.5946,12.93178],[77.59356,12.93187],[77.59369,12.93293],[77.59458,12.93584],[77.59438,12.93617],[77.5927,12.9361],[77.59258,12.93159],[77.59231,12.93156],[77.58949,12.93253],[77.58968,12.93287],[77.58957,12.93309],[77.58968,12.93379],[77.58727,12.934],[77.58733,12.93461],[77.58577,12.9351],[77.58542,12.93599],[77.5849,12.93602],[77.58491,12.93663],[77.58009,12.93677],[77.58009,12.94829],[77.58059,12.9489],[77.58183,12.94955],[77.58255,12.95078],[77.58391,12.95382],[77.58462,12.95423],[77.58528,12.9541],[77.58542,12.95432],[77.58546,12.95412]]]},"properties":{"stationId":"ps-siddapura","stationName":"Siddapura Police Station"}},{"type":"Feature","geometry":{"type":"Polygon","coordinates":[[[77.53872,13.10665],[77.53775,13.10466],[77.53646,13.10515],[77.53546,13.10482],[77.53492,13.1042],[77.53477,13.10364],[77.53429,13.10366],[77.53438,13.10436],[77.5332,13.10463],[77.53304,13.10414],[77.53185,13.10464],[77.53181,13.10434],[77.53102,13.10359],[77.53086,13.10348],[77.53035,13.10362],[77.52995,13.10274],[77.53019,13.10196],[77.53033,13.10165],[77.53184,13.10027],[77.53232,13.09943],[77.53402,13.09216],[77.53299,13.09202],[77.53209,13.09157],[77.53001,13.09187],[77.52927,13.08952],[77.5274,13.09001],[77.52725,13.08884],[77.52675,13.08725],[77.52609,13.08731],[77.52462,13.08367],[77.52357,13.08356],[77.52359,13.08287],[77.52322,13.08092],[77.52285,13.08096],[77.52207,13.08035],[77.52128,13.08041],[77.52088,13.07915],[77.52156,13.0776],[77.5215,13.07742],[77.52086,13.0775],[77.5205,13.0759],[77.51832,13.07634],[77.51817,13.07575],[77.51712,13.07602],[77.51696,13.0748],[77.51742,13.07435],[77.51903,13.07368],[77.51829,13.07139],[77.51761,13.07019],[77.51572,13.06757],[77.51177,13.06927],[77.51179,13.06819],[77.5111,13.06787],[77.51099,13.06584],[77.51042,13.06462],[77.51037,13.0635],[77.50643,13.0618],[77.4997,13.07185],[77.49947,13.07213],[77.49904,13.07229],[77.49865,13.07396],[77.49851,13.07418],[77.49794,13.07424],[77.49807,13.07459],[77.49569,13.07566],[77.49399,13.07608],[77.49245,13.07616],[77.4922,13.07585],[77.49052,13.07599],[77.48979,13.07568],[77.4883,13.07576],[77.48837,13.07674],[77.48888,13.07788],[77.48966,13.078],[77.4905,13.0779],[77.49215,13.07738],[77.49257,13.0788],[77.4919,13.07939],[77.49238,13.07966],[77.49184,13.08026],[77.49142,13.08147],[77.48901,13.08159],[77.48877,13.08254],[77.48876,13.08418],[77.48623,13.08409],[77.48417,13.08349],[77.47917,13.08382],[77.47331,13.0852],[77.4719,13.08571],[77.47106,13.08629],[77.46958,13.0867],[77.4692,13.08742],[77.46844,13.0881],[77.46835,13.08845],[77.46876,13.08882],[77.47004,13.08921],[77.47018,13.08974],[77.46988,13.09127],[77.46992,13.09214],[77.47061,13.09293],[77.47177,13.09314],[77.47275,13.09401],[77.4728,13.095],[77.47236,13.09566],[77.4723,13.09677],[77.47241,13.09708],[77.47215,13.09804],[77.47243,13.09994],[77.47196,13.10007],[77.47234,13.1012],[77.47202,13.10161],[77.47232,13.10292],[77.47327,13.10428],[77.47422,13.10445],[77.47518,13.1059],[77.47559,13.10617],[77.4767,13.10643],[77.47702,13.10708],[77.47708,13.10815],[77.47728,13.10838],[77.47847,13.10885],[77.47874,13.11094],[77.47938,13.11311],[77.47804,13.11388],[77.47675,13.11407],[77.47655,13.11427],[77.47707,13.11633],[77.4767,13.11641],[77.47669,13.11763],[77.47745,13.11897],[77.47727,13.11925],[77.47671,13.11933],[77.47522,13.11891],[77.47515,13.11675],[77.47496,13.11606],[77.47479,13.11586],[77.47402,13.11559],[77.47374,13.11579],[77.47102,13.11647],[77.46859,13.11791],[77.46771,13.11822],[77.4677,13.11856],[77.46627,13.12009],[77.46533,13.12079],[77.46552,13.12127],[77.4655,13.12188],[77.46509,13.12242],[77.46441,13.12293],[77.46511,13.12434],[77.46622,13.12488],[77.46705,13.12492],[77.46723,13.12614],[77.46754,13.12652],[77.46795,13.12656],[77.46812,13.12688],[77.46854,13.12702],[77.46952,13.12688],[77.46958,13.12708],[77.46929,13.12879],[77.46787,13.13058],[77.46753,13.13093],[77.46609,13.1317],[77.46471,13.13199],[77.46458,13.13312],[77.463,13.13363],[77.46222,13.13531],[77.46224,13.13547],[77.46343,13.13633],[77.46459,13.13877],[77.465,13.14092],[77.46311,13.14145],[77.46172,13.14124],[77.45868,13.14186],[77.45837,13.14174],[77.45747,13.14065],[77.45685,13.13944],[77.45583,13.13925],[77.45468,13.1388],[77.45477,13.14034],[77.45455,13.14027],[77.45352,13.14054],[77.45242,13.14113],[77.45196,13.14198],[77.45157,13.14393],[77.4506,13.14647],[77.45278,13.14983],[77.45492,13.15135],[77.45605,13.15165],[77.45632,13.15205],[77.45685,13.15399],[77.45557,13.15513],[77.45558,13.1567],[77.45532,13.15734],[77.45619,13.16089],[77.45794,13.16029],[77.45873,13.16221],[77.46095,13.16041],[77.4618,13.16167],[77.46394,13.16206],[77.46694,13.16236],[77.46607,13.16795],[77.46838,13.16805],[77.4684,13.17122],[77.46875,13.17402],[77.4699,13.17667],[77.47173,13.17966],[77.47365,13.18223],[77.47558,13.18113],[77.47679,13.17954],[77.48428,13.17324],[77.48453,13.17506],[77.48547,13.1772],[77.48652,13.1785],[77.4895,13.17734],[77.4897,13.17913],[77.49136,13.18097],[77.4924,13.18143],[77.49346,13.18328],[77.49416,13.18566],[77.4949,13.18691],[77.49644,13.18809],[77.49869,13.19045],[77.49927,13.19261],[77.50036,13.19333],[77.5019,13.19281],[77.50201,13.19345],[77.50213,13.19349],[77.50437,13.19248],[77.50512,13.1912],[77.50556,13.18988],[77.50742,13.18886],[77.50747,13.18617],[77.50724,13.18503],[77.5067,13.18498],[77.50533,13.18381],[77.50489,13.18303],[77.50396,13.17848],[77.51119,13.17678],[77.51029,13.17484],[77.50961,13.17189],[77.50971,13.17019],[77.50907,13.16663],[77.50374,13.16699],[77.50345,13.16687],[77.50314,13.16589],[77.50528,13.16546],[77.50522,13.16442],[77.50782,13.1642],[77.51026,13.16362],[77.50993,13.16289],[77.51,13.16236],[77.51109,13.15964],[77.51082,13.15698],[77.51204,13.15665],[77.51326,13.1566],[77.51454,13.15723],[77.51621,13.15728],[77.51645,13.15585],[77.51607,13.15511],[77.51599,13.15441],[77.5171,13.15273],[77.51693,13.15235],[77.51558,13.15297],[77.51474,13.15283],[77.51427,13.15254],[77.51439,13.15192],[77.51418,13.1501],[77.51584,13.14964],[77.51518,13.14807],[77.5148,13.14665],[77.51372,13.1466],[77.51324,13.14415],[77.51441,13.1438],[77.51475,13.14343],[77.51456,13.14303],[77.51368,13.14233],[77.51354,13.14156],[77.51202,13.14145],[77.51187,13.14158],[77.51185,13.14198],[77.51167,13.14209],[77.51055,13.14193],[77.51029,13.14162],[77.50915,13.14135],[77.50661,13.14167],[77.50507,13.14041],[77.50536,13.14004],[77.50489,13.13935],[77.50474,13.1386],[77.50493,13.13729],[77.50502,13.13703],[77.50516,13.13721],[77.50527,13.13704],[77.50583,13.13566],[77.50688,13.13381],[77.50704,13.13269],[77.50675,13.13217],[77.50651,13.13205],[77.50523,13.13268],[77.5047,13.13316],[77.50464,13.13301],[77.50253,13.13393],[77.50195,13.13365],[77.50106,13.13216],[77.50102,13.13191],[77.50237,13.13091],[77.50279,13.12768],[77.50376,13.12474],[77.50374,13.12401],[77.50357,13.12369],[77.50469,13.12321],[77.51024,13.1191],[77.51057,13.11966],[77.51371,13.11887],[77.51372,13.11965],[77.51277,13.12009],[77.51314,13.12174],[77.51335,13.12189],[77.51637,13.12194],[77.51671,13.12173],[77.51793,13.12155],[77.51836,13.12185],[77.52063,13.12182],[77.52142,13.12194],[77.52158,13.12108],[77.52156,13.11963],[77.52308,13.11908],[77.52304,13.11727],[77.52457,13.11521],[77.52474,13.11579],[77.52509,13.11607],[77.52567,13.116],[77.52682,13.11541],[77.52762,13.11542],[77.52808,13.11621],[77.52821,13.11576],[77.52963,13.11553],[77.52976,13.11523],[77.53002,13.1152],[77.53147,13.11578],[77.53222,13.11754],[77.53244,13.11786],[77.5328,13.11785],[77.53317,13.11751],[77.53446,13.11687],[77.53389,13.11553],[77.5338,13.11436],[77.53286,13.11321],[77.53286,13.1129],[77.53326,13.11267],[77.53343,13.11236],[77.53375,13.1124],[77.53426,13.11277],[77.53438,13.11307],[77.53643,13.11291],[77.53657,13.11225],[77.53672,13.11225],[77.53688,13.11196],[77.53686,13.11145],[77.53705,13.11088],[77.53689,13.10965],[77.53534,13.10971],[77.53516,13.10991],[77.53412,13.10996],[77.53367,13.10981],[77.53305,13.10985],[77.53276,13.10962],[77.5308,13.1092],[77.52944,13.11011],[77.528,13.11065],[77.52839,13.10979],[77.52813,13.10759],[77.52844,13.10659],[77.53135,13.10684],[77.53627,13.10677],[77.53641,13.10694],[77.53872,13.10665]]]},"properties":{"stationId":"ps-soladevanahalli","stationName":"Soladevanahalli Police Station"}},{"type":"Feature","geometry":{"type":"Polygon","coordinates":[[[77.56657,12.99621],[77.5671,12.99568],[77.56917,12.99255],[77.57035,12.98977],[77.572,12.98895],[77.57215,12.98812],[77.57219,12.98563],[77.57156,12.98359],[77.57012,12.98148],[77.56815,12.98244],[77.56628,12.98195],[77.56158,12.98266],[77.56146,12.98302],[77.56135,12.98413],[77.56098,12.98511],[77.56104,12.98593],[77.56079,12.98669],[77.56103,12.98696],[77.56186,12.98728],[77.56156,12.98777],[77.56143,12.98839],[77.56116,12.98871],[77.56102,12.98977],[77.56107,12.98997],[77.56162,12.99007],[77.56163,12.99022],[77.56013,12.99268],[77.56008,12.99376],[77.56038,12.99458],[77.55915,12.99499],[77.55935,12.9958],[77.55999,12.99685],[77.56045,12.99713],[77.56188,12.99663],[77.5647,12.99628],[77.56607,12.99641],[77.56657,12.99621]]]},"properties":{"stationId":"ps-srirampura","stationName":"Srirampura Police Station"}},{"type":"Feature","geometry":{"type":"Polygon","coordinates":[[[77.55586,13.01581],[77.5582,13.01317],[77.55872,13.01238],[77.55945,13.01083],[77.55931,13.01078],[77.55937,13.0106],[77.56164,13.00394],[77.56379,13.00025],[77.56657,12.99621],[77.56607,12.99641],[77.5647,12.99628],[77.56188,12.99663],[77.55772,12.99826],[77.55594,12.99863],[77.55528,12.99865],[77.55013,12.99774],[77.54865,13.00608],[77.54859,13.00709],[77.54876,13.00864],[77.54947,13.0104],[77.55029,13.0111],[77.5526,13.01231],[77.5516,13.01324],[77.55143,13.01517],[77.55029,13.01592],[77.55055,13.01644],[77.5508,13.0163],[77.5512,13.01731],[77.55101,13.01741],[77.55154,13.01851],[77.5525,13.01828],[77.55282,13.0177],[77.55332,13.01781],[77.55371,13.0154],[77.55486,13.01534],[77.55586,13.01581]]]},"properties":{"stationId":"ps-subramanyanagar","stationName":"Subramanya Nagar Police Station"}},{"type":"Feature","geometry":{"type":"Polygon","coordinates":[[[77.53877,12.91893],[77.53878,12.91865],[77.53834,12.91818],[77.53925,12.91755],[77.54058,12.91805],[77.54168,12.91879],[77.54281,12.91843],[77.54358,12.9187],[77.54418,12.9186],[77.54483,12.91894],[77.54536,12.91891],[77.54551,12.91961],[77.546,12.92006],[77.5463,12.92012],[77.5466,12.92012],[77.54727,12.91975],[77.54894,12.91978],[77.55097,12.91947],[77.55205,12.9198],[77.55219,12.91975],[77.55189,12.91872],[77.55199,12.91799],[77.55273,12.91774],[77.55259,12.91694],[77.55269,12.91597],[77.55228,12.91569],[77.55283,12.91538],[77.55259,12.91509],[77.5549,12.91453],[77.55545,12.91559],[77.55672,12.91519],[77.55717,12.91521],[77.5572,12.91492],[77.55895,12.91489],[77.55901,12.91564],[77.56129,12.91571],[77.56091,12.91497],[77.55973,12.91381],[77.55895,12.91361],[77.55833,12.91073],[77.5585,12.9087],[77.55799,12.90775],[77.55711,12.90695],[77.557,12.90669],[77.55636,12.90662],[77.5546,12.90353],[77.55428,12.90346],[77.55398,12.90376],[77.55321,12.9035],[77.55273,12.90176],[77.55313,12.90152],[77.55303,12.90085],[77.55287,12.90085],[77.55208,12.89899],[77.55315,12.89802],[77.55268,12.89612],[77.5527,12.89504],[77.55287,12.8949],[77.55438,12.8951],[77.55542,12.89496],[77.55686,12.89368],[77.55879,12.89321],[77.55952,12.89263],[77.55946,12.8921],[77.561,12.8913],[77.56432,12.89041],[77.56072,12.88726],[77.55298,12.88466],[77.55089,12.8841],[77.5507,12.88432],[77.54929,12.88472],[77.54726,12.88491],[77.54602,12.88473],[77.5459,12.88484],[77.54888,12.88795],[77.54802,12.88844],[77.54777,12.88812],[77.54787,12.8885],[77.54674,12.88877],[77.54604,12.88918],[77.5457,12.88926],[77.54561,12.8891],[77.54504,12.88927],[77.54409,12.89001],[77.54437,12.89086],[77.54365,12.89205],[77.54368,12.89234],[77.54329,12.89335],[77.54351,12.89422],[77.54338,12.89458],[77.54304,12.89443],[77.54256,12.89462],[77.54235,12.89493],[77.54236,12.89569],[77.54205,12.89613],[77.54177,12.896],[77.54169,12.89644],[77.54127,12.89684],[77.54144,12.89701],[77.54133,12.89718],[77.54012,12.89761],[77.53951,12.89749],[77.53921,12.8977],[77.53957,12.89928],[77.53886,12.89923],[77.53787,12.89961],[77.53604,12.89974],[77.53587,12.89993],[77.53542,12.89995],[77.53392,12.89905],[77.53252,12.89783],[77.53222,12.89683],[77.53146,12.89608],[77.53116,12.89544],[77.53115,12.89492],[77.53043,12.89469],[77.53009,12.89486],[77.52778,12.89523],[77.52792,12.89655],[77.52886,12.89745],[77.52913,12.89803],[77.52917,12.89881],[77.52896,12.89923],[77.52915,12.89983],[77.52831,12.8999],[77.52869,12.90188],[77.528,12.90204],[77.52856,12.90499],[77.52593,12.90407],[77.52587,12.90426],[77.5295,12.90992],[77.53109,12.9131],[77.53138,12.9143],[77.53196,12.91954],[77.53422,12.92052],[77.53434,12.92028],[77.53422,12.91988],[77.53557,12.91951],[77.53598,12.91909],[77.53877,12.91893]]]},"properties":{"stationId":"ps-subramanyapura","stationName":"Subramanyapura Police Station"}},{"type":"Feature","geometry":{"type":"Polygon","coordinates":[[[77.60994,12.93112],[77.60878,12.92565],[77.6088,12.92513],[77.60975,12.92374],[77.61023,12.92255],[77.61192,12.92084],[77.61209,12.92011],[77.61299,12.91964],[77.61238,12.9164],[77.59975,12.91664],[77.60052,12.92988],[77.60155,12.93728],[77.60642,12.93658],[77.60797,12.93598],[77.60977,12.9349],[77.60983,12.93339],[77.61013,12.93237],[77.60994,12.93112]]]},"properties":{"stationId":"ps-suddaguntepalya","stationName":"Suddaguntepalya Police Station"}},{"type":"Feature","geometry":{"type":"MultiPolygon","coordinates":[[[[77.31785,13.02142],[77.32577,13.02193],[77.32599,13.02062],[77.32629,13.01983],[77.3263,13.0164],[77.3266,13.01628],[77.32674,13.0157],[77.32659,13.01155],[77.32706,13.01057],[77.32724,13.01079],[77.32748,13.01056],[77.32741,13.01034],[77.32806,13.00941],[77.3277,13.00925],[77.32757,13.00854],[77.32545,13.00887],[77.32333,13.00889],[77.32172,13.0087],[77.32225,13.00532],[77.32216,13.00523],[77.32167,13.00559],[77.32149,13.00545],[77.32118,13.00453],[77.32128,13.00442],[77.32223,13.0046],[77.32208,13.00378],[77.32538,12.99424],[77.32592,12.99341],[77.32644,12.98978],[77.32772,12.9834],[77.32857,12.97691],[77.33113,12.97818],[77.33244,12.97825],[77.33332,12.97855],[77.335,12.97868],[77.33658,12.97835],[77.33773,12.97835],[77.33747,12.97637],[77.33775,12.97512],[77.33778,12.97382],[77.33866,12.97277],[77.33889,12.97278],[77.33899,12.97247],[77.34174,12.97313],[77.34495,12.97355],[77.34637,12.974],[77.35006,12.97441],[77.35052,12.97526],[77.35123,12.97587],[77.35203,12.97574],[77.3538,12.97826],[77.35468,12.9829],[77.35461,12.98444],[77.35507,12.98552],[77.35606,12.98592],[77.35752,12.98677],[77.35823,12.98726],[77.3595,12.98854],[77.36154,12.98861],[77.36286,12.98792],[77.36427,12.98762],[77.36521,12.98789],[77.36579,12.98943],[77.36636,12.99022],[77.36736,12.99093],[77.37014,12.99133],[77.37393,12.99299],[77.37868,12.99404],[77.38151,12.99561],[77.38226,12.99571],[77.38308,12.99557],[77.3846,12.99485],[77.38519,12.99407],[77.38564,12.99379],[77.38745,12.99302],[77.38838,12.99332],[77.38959,12.99327],[77.39067,12.99288],[77.39126,12.99312],[77.39162,12.9941],[77.39144,12.99506],[77.39163,12.99587],[77.39239,12.99632],[77.39415,12.9962],[77.39528,12.99632],[77.39555,12.99613],[77.39683,12.99609],[77.40206,12.99627],[77.40194,12.99757],[77.40292,13.00204],[77.40402,13.00861],[77.40448,13.01046],[77.40624,13.01066],[77.40767,13.01073],[77.40963,13.0103],[77.40949,13.00946],[77.40974,13.00936],[77.40961,13.00888],[77.41076,13.00809],[77.41088,13.00502],[77.41427,13.0035],[77.41883,13.00058],[77.41964,13.00041],[77.4216,13.00051],[77.42112,12.99893],[77.42285,12.99731],[77.42337,12.99625],[77.42393,12.99617],[77.42353,12.99491],[77.4237,12.9942],[77.42339,12.9933],[77.42313,12.99072],[77.42311,12.9899],[77.42346,12.98853],[77.4231,12.98688],[77.42589,12.98466],[77.42825,12.98342],[77.4304,12.98265],[77.43299,12.98197],[77.43564,12.98174],[77.43945,12.98174],[77.44193,12.98104],[77.44324,12.98356],[77.44664,12.98617],[77.4478,12.98457],[77.45113,12.98286],[77.45744,12.985],[77.45858,12.98553],[77.46492,12.9846],[77.46667,12.98467],[77.46802,12.98587],[77.46855,12.98667],[77.4698,12.9863],[77.47083,12.98574],[77.47036,12.98303],[77.47096,12.97463],[77.47112,12.95757],[77.47032,12.9495],[77.46827,12.94945],[77.46801,12.94969],[77.46695,12.94971],[77.46538,12.94956],[77.464,12.94983],[77.46201,12.95054],[77.46112,12.95491],[77.46124,12.9556],[77.45901,12.95683],[77.45722,12.95727],[77.45737,12.95787],[77.45589,12.95839],[77.4559,12.95854],[77.45385,12.95902],[77.45333,12.959],[77.45266,12.95926],[77.45215,12.95926],[77.45134,12.9597],[77.44869,12.96006],[77.44745,12.96045],[77.44501,12.95997],[77.43837,12.95993],[77.43872,12.9568],[77.43845,12.94912],[77.43719,12.94864],[77.43135,12.94825],[77.42915,12.94788],[77.42526,12.94789],[77.42524,12.9477],[77.42387,12.94766],[77.42357,12.94614],[77.42374,12.94198],[77.42363,12.9412],[77.42133,12.9406],[77.41975,12.94055],[77.41977,12.94039],[77.41827,12.94006],[77.41733,12.94083],[77.41688,12.94104],[77.41636,12.94103],[77.41549,12.94064],[77.4153,12.9391],[77.41443,12.9393],[77.41378,12.93728],[77.41382,12.93684],[77.41523,12.93653],[77.417,12.93577],[77.41696,12.93563],[77.41719,12.93542],[77.41862,12.93447],[77.41904,12.93397],[77.41937,12.93456],[77.42038,12.93447],[77.42042,12.93424],[77.42073,12.9343],[77.4206,12.934],[77.42063,12.93299],[77.42113,12.93275],[77.42116,12.93199],[77.42106,12.93154],[77.41975,12.92992],[77.41945,12.9283],[77.41958,12.92763],[77.41927,12.92714],[77.42053,12.9252],[77.42167,12.92483],[77.4223,12.92537],[77.42275,12.92522],[77.42241,12.92405],[77.42184,12.92316],[77.41599,12.92371],[77.40998,12.92537],[77.40981,12.92224],[77.40928,12.92063],[77.40874,12.91698],[77.40895,12.91456],[77.40875,12.91297],[77.40806,12.91256],[77.40769,12.91027],[77.40855,12.91015],[77.41195,12.90841],[77.4115,12.90686],[77.41096,12.90675],[77.40996,12.90693],[77.40959,12.90685],[77.40922,12.90419],[77.40879,12.90412],[77.40939,12.90213],[77.40907,12.90004],[77.40796,12.89992],[77.40773,12.89875],[77.40714,12.8987],[77.40611,12.89824],[77.4098,12.89723],[77.4127,12.89688],[77.4163,12.8959],[77.41855,12.89718],[77.41882,12.89848],[77.41913,12.89842],[77.41926,12.90037],[77.41999,12.90051],[77.4209,12.90042],[77.42246,12.89933],[77.42338,12.89795],[77.42444,12.89797],[77.42467,12.89694],[77.42511,12.89694],[77.42585,12.89724],[77.42588,12.89791],[77.42672,12.89789],[77.42878,12.89883],[77.43084,12.9002],[77.43209,12.89386],[77.43256,12.89332],[77.43583,12.89244],[77.43484,12.89161],[77.435,12.89144],[77.43363,12.88875],[77.43211,12.8864],[77.43068,12.88356],[77.42968,12.88121],[77.4293,12.87936],[77.4286,12.87743],[77.42758,12.87533],[77.42685,12.87519],[77.42553,12.87378],[77.42443,12.87393],[77.42045,12.87181],[77.41848,12.87182],[77.41517,12.87216],[77.41516,12.87285],[77.41614,12.87572],[77.41146,12.87666],[77.40816,12.87602],[77.40649,12.87505],[77.40509,12.87456],[77.40485,12.87414],[77.40219,12.87145],[77.40166,12.8696],[77.4016,12.86788],[77.40212,12.86614],[77.40196,12.86574],[77.4003,12.86617],[77.39468,12.87],[77.39508,12.86683],[77.39346,12.86669],[77.39325,12.8663],[77.39252,12.86601],[77.39196,12.86531],[77.39124,12.86288],[77.38981,12.86043],[77.38917,12.86046],[77.3885,12.85975],[77.38792,12.85999],[77.38592,12.85885],[77.38502,12.85907],[77.38477,12.85876],[77.3843,12.85879],[77.38274,12.85764],[77.3825,12.85728],[77.38187,12.85716],[77.38009,12.85731],[77.38015,12.85697],[77.37957,12.85663],[77.37945,12.85617],[77.37965,12.8553],[77.37954,12.85524],[77.3772,12.85541],[77.37394,12.85598],[77.37243,12.85606],[77.36969,12.85698],[77.36798,12.86208],[77.36728,12.86621],[77.36623,12.87028],[77.35857,12.87009],[77.35561,12.86981],[77.35296,12.86992],[77.35216,12.87023],[77.35059,12.86985],[77.34829,12.86988],[77.34509,12.87034],[77.34538,12.85805],[77.33666,12.85915],[77.33379,12.85979],[77.33361,12.85964],[77.33278,12.85981],[77.32812,12.85969],[77.32712,12.85996],[77.32543,12.86103],[77.32517,12.86209],[77.32534,12.86567],[77.32619,12.86878],[77.32511,12.87009],[77.32383,12.87126],[77.32422,12.87173],[77.32409,12.8733],[77.32444,12.87467],[77.32505,12.87561],[77.32579,12.87733],[77.32319,12.87951],[77.3232,12.88001],[77.32295,12.88005],[77.32214,12.88165],[77.32117,12.88307],[77.32024,12.88398],[77.31815,12.8844],[77.31513,12.88618],[77.31374,12.88755],[77.3131,12.8893],[77.31382,12.89004],[77.3151,12.8925],[77.31538,12.8933],[77.31548,12.89426],[77.31528,12.89502],[77.31527,12.89667],[77.31554,12.8968],[77.31554,12.89705],[77.31527,12.89737],[77.31541,12.89752],[77.31515,12.89805],[77.31504,12.89881],[77.31504,12.8995],[77.31526,12.90021],[77.31366,12.90236],[77.31284,12.90319],[77.31273,12.90386],[77.31363,12.90476],[77.31457,12.90535],[77.31437,12.90763],[77.31452,12.90768],[77.31452,12.91035],[77.31474,12.91059],[77.31612,12.91027],[77.31642,12.91006],[77.31669,12.90947],[77.31719,12.90912],[77.31807,12.90947],[77.31799,12.91119],[77.31599,12.91363],[77.31584,12.91414],[77.31573,12.91689],[77.31316,12.91996],[77.3124,12.92226],[77.31191,12.92304],[77.30845,12.92654],[77.30617,12.9296],[77.30382,12.93149],[77.30316,12.93226],[77.30265,12.93385],[77.30094,12.93522],[77.29732,12.93868],[77.29609,12.94051],[77.29374,12.94296],[77.29315,12.94405],[77.29193,12.94572],[77.29153,12.94607],[77.29075,12.94624],[77.29027,12.94655],[77.28999,12.94729],[77.28991,12.94889],[77.28961,12.94923],[77.28896,12.94946],[77.28771,12.94923],[77.28746,12.9494],[77.28572,12.95147],[77.28438,12.95248],[77.28001,12.95688],[77.2809,12.95803],[77.27987,12.95942],[77.27751,12.95998],[77.2771,12.961],[77.2731,12.96355],[77.27248,12.96411],[77.27147,12.96558],[77.27258,12.96656],[77.28213,12.96621],[77.28658,12.96802],[77.28734,12.96939],[77.28702,12.97054],[77.29048,12.97336],[77.28425,12.98046],[77.28232,12.97895],[77.28161,12.97889],[77.28196,12.97839],[77.28036,12.97835],[77.2772,12.97798],[77.27301,12.97666],[77.26426,12.98125],[77.26556,12.98219],[77.26513,12.98361],[77.26584,12.99011],[77.26691,12.99249],[77.26825,12.99403],[77.26825,12.99484],[77.26919,12.99798],[77.26953,12.99962],[77.26953,13.00133],[77.26999,13.00273],[77.26991,13.0032],[77.27015,13.00388],[77.26997,13.00481],[77.27025,13.00549],[77.27008,13.00673],[77.27083,13.0105],[77.27065,13.01113],[77.27094,13.01247],[77.27232,13.0149],[77.27188,13.01589],[77.272,13.01683],[77.27147,13.01753],[77.2723,13.01864],[77.27269,13.01956],[77.277,13.02006],[77.27858,13.02006],[77.28005,13.01931],[77.28271,13.02053],[77.28361,13.02064],[77.28386,13.02084],[77.28685,13.02153],[77.28708,13.0217],[77.2881,13.02367],[77.29137,13.02327],[77.29181,13.02287],[77.29275,13.02284],[77.29447,13.02333],[77.29572,13.02402],[77.29605,13.02406],[77.29636,13.0224],[77.29709,13.02232],[77.29774,13.02173],[77.29915,13.02129],[77.29947,13.02243],[77.30063,13.02347],[77.30178,13.02403],[77.30198,13.02427],[77.30233,13.02579],[77.30287,13.02716],[77.30294,13.03003],[77.30489,13.0304],[77.30734,13.02913],[77.31277,13.02507],[77.315,13.02439],[77.31751,13.02326],[77.31785,13.02142]]],[[[77.39977,13.02433],[77.40146,13.0242],[77.40252,13.02367],[77.40272,13.02334],[77.40341,13.02307],[77.40392,13.02259],[77.40421,13.02255],[77.4056,13.0216],[77.40811,13.01909],[77.4063,13.01516],[77.40036,13.01798],[77.39905,13.02067],[77.399,13.02224],[77.39964,13.02433],[77.39977,13.02433]]]]},"properties":{"stationId":"ps-tavarekere","stationName":"Tavarekere Police Station"}},{"type":"Feature","geometry":{"type":"MultiPolygon","coordinates":[[[[77.53787,12.89961],[77.53886,12.89923],[77.53957,12.89928],[77.53921,12.8977],[77.53951,12.89749],[77.54012,12.89761],[77.54133,12.89718],[77.54144,12.89701],[77.54127,12.89684],[77.54169,12.89644],[77.54177,12.896],[77.54205,12.89613],[77.54236,12.89569],[77.54235,12.89493],[77.54256,12.89462],[77.54304,12.89443],[77.54338,12.89458],[77.54351,12.89422],[77.54329,12.89335],[77.54368,12.89234],[77.54365,12.89205],[77.54437,12.89086],[77.54409,12.89001],[77.54504,12.88927],[77.54561,12.8891],[77.54565,12.88924],[77.54604,12.88918],[77.54674,12.88877],[77.54787,12.88856],[77.54777,12.88812],[77.54802,12.88844],[77.54888,12.88795],[77.5459,12.88484],[77.54602,12.88473],[77.54726,12.88491],[77.54929,12.88472],[77.5507,12.88432],[77.55089,12.8841],[77.54863,12.88353],[77.54885,12.88314],[77.55987,12.87508],[77.56024,12.87576],[77.56084,12.87553],[77.56159,12.8764],[77.56199,12.87622],[77.56187,12.87587],[77.56272,12.87667],[77.56255,12.87687],[77.5634,12.87783],[77.56477,12.87753],[77.56929,12.87535],[77.57036,12.87455],[77.57035,12.87378],[77.57078,12.8735],[77.5716,12.87353],[77.5726,12.87389],[77.57336,12.87394],[77.57318,12.87265],[77.5739,12.87163],[77.5743,12.87056],[77.5743,12.86991],[77.57375,12.8675],[77.57411,12.86748],[77.57402,12.86711],[77.57432,12.86705],[77.57432,12.86676],[77.57496,12.86667],[77.57483,12.86584],[77.57538,12.8658],[77.57498,12.86259],[77.57458,12.86261],[77.57418,12.86173],[77.57408,12.86027],[77.57555,12.86008],[77.57548,12.85919],[77.57509,12.8578],[77.57612,12.85735],[77.57671,12.85998],[77.57788,12.85955],[77.57785,12.85871],[77.57946,12.85848],[77.57808,12.85381],[77.57787,12.85374],[77.57644,12.84954],[77.57112,12.8482],[77.56808,12.8479],[77.56417,12.84808],[77.55912,12.84706],[77.55874,12.84746],[77.55833,12.84869],[77.55829,12.8493],[77.55752,12.84959],[77.55405,12.85071],[77.54868,12.85145],[77.54109,12.85349],[77.53066,12.85665],[77.52474,12.85874],[77.51381,12.8634],[77.5105,12.86458],[77.50908,12.86534],[77.50603,12.86764],[77.49935,12.87191],[77.49662,12.8747],[77.49612,12.87613],[77.49591,12.87631],[77.49611,12.87626],[77.49617,12.87648],[77.49582,12.87744],[77.49657,12.87866],[77.4965,12.87954],[77.49672,12.88054],[77.49946,12.88281],[77.50171,12.88429],[77.50369,12.88545],[77.50866,12.88789],[77.51,12.88908],[77.51324,12.89327],[77.51434,12.89443],[77.51438,12.89414],[77.51396,12.89298],[77.51419,12.89285],[77.51517,12.89296],[77.51524,12.89257],[77.51541,12.89247],[77.51579,12.89247],[77.51563,12.89328],[77.51583,12.89379],[77.51659,12.89371],[77.51723,12.89318],[77.51824,12.89341],[77.51887,12.89292],[77.51982,12.89306],[77.5209,12.89361],[77.52099,12.89384],[77.52093,12.89542],[77.5208,12.8961],[77.52058,12.8963],[77.52045,12.89678],[77.52074,12.89737],[77.52128,12.89786],[77.52237,12.89737],[77.52316,12.89767],[77.52436,12.89752],[77.5245,12.89732],[77.52439,12.89563],[77.52455,12.89536],[77.52545,12.89528],[77.52578,12.89587],[77.52647,12.89531],[77.52956,12.89493],[77.53043,12.89469],[77.53115,12.89492],[77.53116,12.89544],[77.53146,12.89608],[77.53222,12.89683],[77.53252,12.89783],[77.53392,12.89905],[77.53542,12.89995],[77.53587,12.89993],[77.53604,12.89974],[77.53787,12.89961]]],[[[77.48252,12.89035],[77.48663,12.88616],[77.48845,12.88458],[77.49284,12.88131],[77.4939,12.88022],[77.49339,12.87922],[77.49313,12.87825],[77.49319,12.87648],[77.49253,12.87597],[77.49175,12.87453],[77.49048,12.87289],[77.48923,12.87171],[77.48888,12.87182],[77.48756,12.87168],[77.4862,12.87117],[77.48249,12.87239],[77.48247,12.87263],[77.48277,12.87312],[77.48271,12.87394],[77.48109,12.87411],[77.48134,12.87519],[77.48115,12.87527],[77.48169,12.878],[77.47951,12.87793],[77.47865,12.87807],[77.47822,12.8779],[77.47775,12.87814],[77.47583,12.87843],[77.47482,12.88005],[77.47494,12.88068],[77.47516,12.88095],[77.47735,12.88275],[77.4789,12.88445],[77.47901,12.88474],[77.47874,12.8859],[77.47886,12.88617],[77.47934,12.88623],[77.48014,12.88595],[77.48208,12.88576],[77.48263,12.88576],[77.48285,12.88595],[77.48297,12.8864],[77.48251,12.88755],[77.48224,12.88878],[77.48184,12.88956],[77.48102,12.89015],[77.48162,12.89127],[77.48252,12.89035]]]]},"properties":{"stationId":"ps-thalaghattapura","stationName":"Thalaghattapura Police Station"}},{"type":"Feature","geometry":{"type":"Polygon","coordinates":[[[77.5849,12.93602],[77.58542,12.93602],[77.58577,12.9351],[77.58733,12.93461],[77.58727,12.934],[77.58968,12.93379],[77.58956,12.93313],[77.58968,12.93287],[77.58949,12.93253],[77.59231,12.93156],[77.59258,12.93159],[77.5927,12.93608],[77.59429,12.93618],[77.59458,12.93584],[77.59369,12.93293],[77.59357,12.9319],[77.5946,12.93174],[77.59461,12.93226],[77.59529,12.93258],[77.59629,12.9325],[77.59644,12.93274],[77.59707,12.93247],[77.5973,12.93266],[77.59785,12.93264],[77.5993,12.93232],[77.60013,12.9314],[77.60064,12.93111],[77.59975,12.9167],[77.58944,12.91683],[77.58955,12.92709],[77.58895,12.92768],[77.58773,12.92787],[77.58711,12.92859],[77.58614,12.92859],[77.58616,12.93294],[77.58486,12.93295],[77.5849,12.93602]]]},"properties":{"stationId":"ps-tilaknagar","stationName":"Tilak Nagar Police Station"}},{"type":"Feature","geometry":{"type":"Polygon","coordinates":[[[77.5845,12.978],[77.5812,12.9732],[77.58109,12.97245],[77.58077,12.97187],[77.57758,12.97327],[77.57568,12.97389],[77.57514,12.97355],[77.57391,12.97103],[77.57236,12.97251],[77.57279,12.9735],[77.57248,12.97352],[77.57238,12.97312],[77.57205,12.97316],[77.57207,12.97342],[77.57182,12.97345],[77.57178,12.97421],[77.57111,12.97458],[77.57105,12.97769],[77.57119,12.97946],[77.57172,12.98014],[77.57466,12.98064],[77.57467,12.98077],[77.58066,12.98038],[77.58145,12.98008],[77.5845,12.978]]]},"properties":{"stationId":"ps-upparpet","stationName":"Upparpet Police Station"}},{"type":"Feature","geometry":{"type":"Polygon","coordinates":[[[77.57378,12.96462],[77.57379,12.96444],[77.57529,12.96457],[77.57673,12.96403],[77.57617,12.96255],[77.57518,12.96135],[77.5745,12.95974],[77.5754,12.95948],[77.57508,12.95764],[77.57632,12.95754],[77.57634,12.95653],[77.57998,12.95507],[77.58,12.94879],[77.57971,12.94841],[77.57372,12.94828],[77.5735,12.95734],[77.56857,12.95713],[77.56841,12.96025],[77.56864,12.96047],[77.5699,12.96401],[77.5702,12.96415],[77.57361,12.96444],[77.57378,12.96462]]]},"properties":{"stationId":"ps-vvpuram","stationName":"V.V. Puram Police Station"}},{"type":"Feature","geometry":{"type":"Polygon","coordinates":[[[77.74472,12.95133],[77.74528,12.94917],[77.74561,12.94885],[77.74636,12.9466],[77.74699,12.94578],[77.74692,12.94475],[77.74829,12.94473],[77.74953,12.94532],[77.74986,12.94587],[77.75269,12.94557],[77.75114,12.94345],[77.7533,12.94345],[77.7547,12.94328],[77.75537,12.94303],[77.75714,12.94218],[77.7582,12.9414],[77.75828,12.9407],[77.7585,12.94029],[77.75884,12.93985],[77.75916,12.93977],[77.75918,12.9389],[77.75902,12.9389],[77.759,12.9386],[77.76563,12.9369],[77.76634,12.93502],[77.76569,12.93338],[77.76559,12.9318],[77.76466,12.92881],[77.76235,12.92839],[77.7567,12.92635],[77.75615,12.9235],[77.75665,12.92316],[77.75695,12.9221],[77.75715,12.91805],[77.75351,12.91825],[77.74958,12.91915],[77.74567,12.91982],[77.74518,12.91616],[77.74463,12.91362],[77.74435,12.9093],[77.74449,12.90908],[77.74235,12.90903],[77.7424,12.90856],[77.74016,12.90695],[77.74004,12.90652],[77.74004,12.9056],[77.73929,12.90151],[77.73982,12.89435],[77.73751,12.88372],[77.73727,12.88377],[77.73434,12.87488],[77.73405,12.8736],[77.73165,12.87353],[77.7308,12.87371],[77.72453,12.8764],[77.72191,12.87709],[77.71943,12.8773],[77.71882,12.87723],[77.71823,12.87779],[77.7165,12.87847],[77.71589,12.87689],[77.7125,12.8781],[77.71246,12.87739],[77.70874,12.87741],[77.70498,12.91677],[77.70509,12.91831],[77.70796,12.9309],[77.70791,12.9329],[77.70667,12.94196],[77.7073,12.94183],[77.70742,12.94111],[77.70824,12.94094],[77.70861,12.94023],[77.70904,12.94017],[77.70999,12.94124],[77.71076,12.94149],[77.71298,12.94462],[77.71429,12.94606],[77.71462,12.94598],[77.71479,12.94689],[77.71515,12.94687],[77.71576,12.9489],[77.71508,12.95439],[77.7149,12.95457],[77.71475,12.95581],[77.71843,12.95568],[77.72873,12.95592],[77.73189,12.95621],[77.73695,12.95697],[77.74343,12.9569],[77.74479,12.95663],[77.74562,12.95701],[77.74541,12.95654],[77.74472,12.9562],[77.74434,12.95546],[77.74416,12.95462],[77.74425,12.95405],[77.74407,12.95315],[77.74472,12.95133]]]},"properties":{"stationId":"ps-varthur","stationName":"Varthur Police Station"}},{"type":"Feature","geometry":{"type":"Polygon","coordinates":[[[77.59714,12.98439],[77.59698,12.98182],[77.59717,12.98108],[77.59746,12.98065],[77.59713,12.98064],[77.5968,12.98036],[77.59591,12.98012],[77.59548,12.97981],[77.59229,12.97677],[77.59194,12.97662],[77.5913,12.97719],[77.59027,12.97613],[77.59032,12.97502],[77.58875,12.97508],[77.58825,12.97533],[77.58459,12.97794],[77.58724,12.98228],[77.58803,12.98424],[77.58851,12.98447],[77.58859,12.98498],[77.59292,12.98953],[77.59714,12.98439]]]},"properties":{"stationId":"ps-vidhanasoudha","stationName":"Vidhana Soudha Police Station"}},{"type":"Feature","geometry":{"type":"Polygon","coordinates":[[[77.54063,13.10086],[77.54232,13.10046],[77.5429,13.10011],[77.54398,13.09979],[77.54439,13.10071],[77.54528,13.10061],[77.54565,13.10081],[77.54684,13.10048],[77.54605,13.09764],[77.54584,13.09622],[77.54608,13.09481],[77.54614,13.09137],[77.54667,13.08832],[77.54713,13.08782],[77.54736,13.08898],[77.5487,13.08869],[77.54876,13.08902],[77.55146,13.08856],[77.55239,13.08882],[77.553,13.08867],[77.55263,13.08719],[77.55245,13.08723],[77.55241,13.087],[77.5557,13.08657],[77.5557,13.08839],[77.5567,13.09019],[77.55828,13.09129],[77.55958,13.09241],[77.56006,13.08831],[77.56314,13.08635],[77.56437,13.08466],[77.56499,13.08419],[77.56271,13.07996],[77.56283,13.07957],[77.56411,13.07817],[77.56405,13.07722],[77.56577,13.07656],[77.56804,13.07535],[77.57017,13.0748],[77.57029,13.07445],[77.5675,13.07495],[77.56652,13.07313],[77.56591,13.07115],[77.5656,13.07078],[77.56475,13.06987],[77.56232,13.06921],[77.56216,13.06885],[77.56341,13.06877],[77.56369,13.06857],[77.5645,13.06668],[77.56508,13.06556],[77.5654,13.06542],[77.56572,13.06454],[77.56627,13.06451],[77.56613,13.06392],[77.56849,13.06298],[77.56816,13.06217],[77.56818,13.05998],[77.56926,13.05812],[77.57,13.0572],[77.57047,13.05688],[77.56854,13.05344],[77.56602,13.05638],[77.56346,13.05869],[77.56267,13.05904],[77.56138,13.05915],[77.55756,13.05867],[77.55694,13.05854],[77.55561,13.05793],[77.5549,13.05811],[77.55143,13.05779],[77.55159,13.05956],[77.55114,13.06094],[77.55115,13.06209],[77.54929,13.0626],[77.55022,13.06409],[77.55089,13.06448],[77.55111,13.06483],[77.55185,13.06684],[77.55302,13.06655],[77.55317,13.06665],[77.55421,13.06867],[77.55445,13.06856],[77.55514,13.06991],[77.55155,13.07156],[77.55339,13.07594],[77.55137,13.07731],[77.54887,13.07823],[77.54744,13.07848],[77.54809,13.08148],[77.54608,13.0815],[77.5452,13.08241],[77.54456,13.08203],[77.54441,13.08154],[77.5442,13.08167],[77.54246,13.08046],[77.54167,13.08071],[77.54098,13.07949],[77.54116,13.0793],[77.54263,13.07894],[77.54273,13.07879],[77.54241,13.07613],[77.54213,13.07515],[77.54163,13.07491],[77.54171,13.07419],[77.54138,13.07304],[77.53998,13.07337],[77.5398,13.0731],[77.53789,13.07332],[77.53716,13.07314],[77.53701,13.07269],[77.53642,13.072],[77.53618,13.0712],[77.53602,13.07117],[77.53321,13.07203],[77.53328,13.073],[77.53258,13.07301],[77.53196,13.07265],[77.53161,13.07279],[77.53138,13.07319],[77.53124,13.07407],[77.53152,13.07561],[77.53112,13.07586],[77.53078,13.07787],[77.53041,13.0779],[77.5303,13.0786],[77.53043,13.08048],[77.53024,13.08211],[77.53084,13.08281],[77.53163,13.08304],[77.53202,13.08332],[77.53476,13.08412],[77.5367,13.08392],[77.53673,13.08648],[77.53737,13.08746],[77.538,13.08885],[77.5386,13.08875],[77.53891,13.0907],[77.53459,13.09156],[77.53412,13.09184],[77.53254,13.09876],[77.53189,13.10023],[77.53195,13.10048],[77.53268,13.10043],[77.53434,13.10131],[77.53453,13.10088],[77.53547,13.10051],[77.53632,13.10182],[77.53654,13.10191],[77.54063,13.10086]]]},"properties":{"stationId":"ps-vidhyaranyapura","stationName":"Vidyaranyapura Police Station"}},{"type":"Feature","geometry":{"type":"Polygon","coordinates":[[[77.54774,12.97429],[77.5478,12.97409],[77.54364,12.96429],[77.54387,12.96399],[77.54029,12.95914],[77.53582,12.95404],[77.53476,12.95517],[77.53441,12.95672],[77.53299,12.96018],[77.53451,12.96402],[77.53649,12.96832],[77.53791,12.97226],[77.53874,12.97299],[77.5413,12.97362],[77.54417,12.97416],[77.54695,12.97416],[77.5479,12.97443],[77.54774,12.97429]]]},"properties":{"stationId":"ps-vijayanagar","stationName":"Vijayanagar Police Station"}},{"type":"Feature","geometry":{"type":"Polygon","coordinates":[[[77.63974,12.95153],[77.64058,12.95052],[77.64207,12.94943],[77.64507,12.94668],[77.64746,12.94497],[77.64755,12.94447],[77.64733,12.94428],[77.64782,12.9438],[77.65039,12.94227],[77.65423,12.94038],[77.65905,12.93735],[77.65906,12.93719],[77.65296,12.93366],[77.65074,12.93331],[77.64959,12.93332],[77.64684,12.93265],[77.6466,12.93248],[77.64555,12.93044],[77.64451,12.93021],[77.64314,12.929],[77.64264,12.92902],[77.642,12.92929],[77.64084,12.9291],[77.63843,12.9302],[77.6373,12.9292],[77.63685,12.92852],[77.63644,12.92855],[77.63567,12.92893],[77.62997,12.93474],[77.62838,12.93883],[77.62789,12.93917],[77.62745,12.94019],[77.627,12.94069],[77.62689,12.94138],[77.62618,12.94169],[77.62596,12.94448],[77.62533,12.94515],[77.62407,12.94582],[77.62389,12.9461],[77.62399,12.9467],[77.62378,12.94727],[77.62315,12.9478],[77.62202,12.94919],[77.62142,12.9495],[77.62154,12.95014],[77.62207,12.95068],[77.62181,12.95119],[77.61979,12.95209],[77.61878,12.95208],[77.61786,12.95288],[77.61782,12.9536],[77.61427,12.95505],[77.61489,12.96242],[77.61448,12.96502],[77.61403,12.96643],[77.61771,12.96532],[77.61933,12.96543],[77.61982,12.96563],[77.62036,12.96647],[77.62072,12.96673],[77.62165,12.96714],[77.62218,12.96715],[77.62332,12.96687],[77.62487,12.9661],[77.62646,12.9633],[77.62847,12.96222],[77.63233,12.96107],[77.63364,12.96152],[77.63444,12.96162],[77.63654,12.95555],[77.63974,12.95153]]]},"properties":{"stationId":"ps-viveknagar","stationName":"Viveknagar Police Station"}},{"type":"Feature","geometry":{"type":"Polygon","coordinates":[[[77.58444,12.99794],[77.5843,12.99794],[77.58432,12.99779],[77.58303,12.99776],[77.58198,12.99863],[77.57898,12.99533],[77.57711,12.99366],[77.57437,12.99889],[77.57313,12.99888],[77.57312,12.99927],[77.5723,12.99928],[77.57216,13.00637],[77.57165,13.00641],[77.57161,13.00844],[77.5719,13.00849],[77.57279,13.00785],[77.57369,13.00767],[77.57553,13.00789],[77.57621,13.00783],[77.58043,13.00561],[77.5839,13.00356],[77.58421,13.00351],[77.58444,12.99794]]]},"properties":{"stationId":"ps-vyalikaval","stationName":"Vyalikaval Police Station"}},{"type":"Feature","geometry":{"type":"Polygon","coordinates":[[[77.77859,12.97674],[77.77824,12.97622],[77.77767,12.97618],[77.77726,12.97654],[77.77698,12.97641],[77.77617,12.97467],[77.77681,12.97438],[77.77723,12.97375],[77.77793,12.97352],[77.77837,12.97291],[77.77899,12.97278],[77.77919,12.97256],[77.77914,12.97211],[77.77864,12.97111],[77.77867,12.97048],[77.7789,12.97024],[77.78075,12.97006],[77.78126,12.97065],[77.78222,12.97089],[77.78322,12.9709],[77.78365,12.97062],[77.78391,12.96936],[77.78436,12.96856],[77.78418,12.96679],[77.78408,12.96656],[77.78185,12.96613],[77.78124,12.96694],[77.78054,12.96712],[77.77988,12.96715],[77.7786,12.96676],[77.77847,12.96699],[77.77866,12.96772],[77.77745,12.96822],[77.77718,12.9679],[77.77648,12.96776],[77.77464,12.96654],[77.77355,12.96611],[77.77198,12.96592],[77.77107,12.9647],[77.77048,12.96304],[77.7702,12.96306],[77.77016,12.96268],[77.77038,12.96266],[77.77089,12.96194],[77.76988,12.9598],[77.76855,12.95844],[77.76845,12.95673],[77.76901,12.95566],[77.77042,12.95432],[77.77105,12.9531],[77.77103,12.95241],[77.77266,12.95148],[77.77086,12.95006],[77.77049,12.9497],[77.77039,12.94934],[77.7655,12.94534],[77.76525,12.94266],[77.76551,12.93703],[77.76366,12.93734],[77.75904,12.93858],[77.75902,12.9389],[77.75918,12.9389],[77.75916,12.93977],[77.75875,12.93991],[77.7585,12.94029],[77.75828,12.9407],[77.7582,12.9414],[77.75714,12.94218],[77.75537,12.94303],[77.7547,12.94328],[77.7533,12.94345],[77.75113,12.94341],[77.75269,12.94557],[77.74986,12.94587],[77.74953,12.94532],[77.74829,12.94473],[77.74692,12.94475],[77.74699,12.94578],[77.74636,12.9466],[77.74561,12.94885],[77.74528,12.94917],[77.74404,12.95335],[77.74424,12.95387],[77.74416,12.95462],[77.74434,12.95546],[77.74472,12.9562],[77.74555,12.95669],[77.74565,12.95698],[77.74554,12.95702],[77.74479,12.95663],[77.74343,12.9569],[77.73695,12.95697],[77.73189,12.95621],[77.72873,12.95592],[77.71843,12.95568],[77.71468,12.95589],[77.71627,12.96009],[77.71671,12.96218],[77.718,12.96453],[77.7183,12.96549],[77.7192,12.96518],[77.71993,12.9652],[77.7201,12.96472],[77.72132,12.96404],[77.72382,12.96417],[77.72399,12.96397],[77.72505,12.9639],[77.72527,12.96426],[77.72473,12.96488],[77.72468,12.96542],[77.72342,12.96539],[77.7234,12.96604],[77.72223,12.96655],[77.72149,12.96716],[77.72138,12.96757],[77.7217,12.96887],[77.72142,12.96917],[77.72111,12.97104],[77.72037,12.9726],[77.71945,12.97264],[77.7193,12.97247],[77.71913,12.97057],[77.71865,12.97035],[77.71738,12.97016],[77.7175,12.97127],[77.71803,12.97162],[77.71826,12.97247],[77.71783,12.97251],[77.71821,12.97722],[77.72714,12.97642],[77.72734,12.98022],[77.72788,12.98227],[77.72887,12.98425],[77.73017,12.98564],[77.73189,12.98648],[77.73186,12.98807],[77.73653,12.98746],[77.74019,12.98754],[77.74503,12.98627],[77.75229,12.98372],[77.75444,12.98341],[77.75616,12.9827],[77.75818,12.98239],[77.75767,12.97969],[77.76522,12.97954],[77.76477,12.97774],[77.764,12.97608],[77.76565,12.97615],[77.76587,12.97649],[77.76796,12.97622],[77.7705,12.97622],[77.77125,12.97584],[77.77143,12.97524],[77.77268,12.97482],[77.77277,12.97541],[77.77234,12.9771],[77.774,12.97745],[77.77436,12.97765],[77.777,12.97743],[77.77859,12.97674]]]},"properties":{"stationId":"ps-whitefield","stationName":"Whitefield Police Station"}},{"type":"Feature","geometry":{"type":"Polygon","coordinates":[[[77.59214,12.95843],[77.59307,12.95814],[77.59316,12.95838],[77.59478,12.95786],[77.59944,12.95713],[77.59936,12.95643],[77.60017,12.95617],[77.5999,12.95527],[77.59954,12.95539],[77.59926,12.95467],[77.60073,12.95417],[77.60056,12.9536],[77.60294,12.95254],[77.60279,12.95213],[77.60291,12.95175],[77.60366,12.95146],[77.60257,12.94837],[77.60202,12.94854],[77.60173,12.94837],[77.60026,12.94884],[77.59933,12.94622],[77.59863,12.94646],[77.59826,12.94558],[77.59806,12.94565],[77.59712,12.94418],[77.597,12.94479],[77.59668,12.9452],[77.59523,12.9462],[77.59457,12.94687],[77.5929,12.95003],[77.59208,12.95082],[77.59167,12.95113],[77.58717,12.95274],[77.58544,12.95416],[77.58631,12.95808],[77.58704,12.95955],[77.59214,12.95843]]]},"properties":{"stationId":"ps-wilsongarden","stationName":"Wilsongarden Police Station"}},{"type":"Feature","geometry":{"type":"Polygon","coordinates":[[[77.58405,13.13499],[77.58409,13.13452],[77.5849,13.13309],[77.58519,13.13282],[77.58589,13.13277],[77.58575,13.1333],[77.58727,13.13333],[77.58784,13.13498],[77.58899,13.13635],[77.58856,13.13351],[77.58816,13.12798],[77.58788,13.12682],[77.58572,13.12751],[77.5856,13.12599],[77.5871,13.11405],[77.58786,13.11169],[77.59354,13.10003],[77.59261,13.09801],[77.59185,13.09457],[77.59116,13.0931],[77.58941,13.09237],[77.58639,13.0922],[77.58422,13.09231],[77.58404,13.09225],[77.58313,13.09018],[77.58158,13.0906],[77.58141,13.08996],[77.58126,13.08998],[77.57765,13.091],[77.5777,13.09146],[77.57595,13.09203],[77.57606,13.09303],[77.57164,13.0941],[77.57002,13.09227],[77.5694,13.09372],[77.56987,13.09791],[77.56474,13.09745],[77.56302,13.09753],[77.562,13.09571],[77.56161,13.09484],[77.56164,13.09433],[77.5615,13.09436],[77.56137,13.09392],[77.55965,13.0923],[77.55958,13.09241],[77.55828,13.09129],[77.5567,13.09019],[77.5557,13.08839],[77.5557,13.08657],[77.55381,13.08675],[77.55241,13.087],[77.55245,13.08723],[77.55263,13.08719],[77.55292,13.08874],[77.55239,13.08882],[77.55118,13.08857],[77.54876,13.08902],[77.5487,13.08869],[77.54736,13.08898],[77.54713,13.08782],[77.54667,13.08832],[77.54603,13.0924],[77.54606,13.09477],[77.54584,13.09622],[77.54605,13.09764],[77.54684,13.10048],[77.54565,13.10081],[77.54528,13.10061],[77.54439,13.10071],[77.54398,13.09979],[77.5429,13.10011],[77.54232,13.10046],[77.53654,13.10191],[77.53632,13.10182],[77.53547,13.10051],[77.53453,13.10088],[77.53434,13.10131],[77.53268,13.10043],[77.53204,13.10053],[77.53184,13.10027],[77.53033,13.10165],[77.52995,13.10274],[77.53035,13.10362],[77.53086,13.10348],[77.53102,13.10359],[77.53181,13.10434],[77.53185,13.10464],[77.53304,13.10414],[77.5332,13.10463],[77.53438,13.10436],[77.53429,13.10366],[77.53477,13.10364],[77.53492,13.1042],[77.53546,13.10482],[77.53646,13.10515],[77.53775,13.10466],[77.53872,13.10665],[77.54107,13.1062],[77.54411,13.10589],[77.54676,13.10618],[77.54759,13.10856],[77.54831,13.11159],[77.54875,13.11548],[77.54453,13.11626],[77.54525,13.11896],[77.54599,13.11911],[77.54659,13.11973],[77.54733,13.12185],[77.54779,13.12463],[77.55136,13.12374],[77.55204,13.12471],[77.5548,13.12528],[77.55723,13.12562],[77.56119,13.12549],[77.56155,13.12537],[77.56262,13.12452],[77.5642,13.1228],[77.56463,13.12364],[77.56602,13.12332],[77.56618,13.12337],[77.5663,13.12375],[77.56768,13.1235],[77.56818,13.12509],[77.56834,13.12519],[77.56967,13.12497],[77.57085,13.12523],[77.57147,13.12494],[77.57413,13.12523],[77.57119,13.13018],[77.56925,13.13064],[77.56951,13.13111],[77.5694,13.13133],[77.57097,13.13105],[77.57072,13.13165],[77.57107,13.13158],[77.57162,13.13367],[77.57133,13.13377],[77.57133,13.13394],[77.57191,13.13597],[77.57223,13.1359],[77.57238,13.13625],[77.57257,13.13624],[77.5777,13.13514],[77.57801,13.13485],[77.5784,13.13475],[77.5792,13.13539],[77.57871,13.13654],[77.57912,13.13735],[77.58018,13.13855],[77.58126,13.13885],[77.58153,13.13806],[77.58155,13.13714],[77.58298,13.13495],[77.58405,13.13499]]]},"properties":{"stationId":"ps-yelahankanewtown","stationName":"Yelahanka New Town Police Station"}},{"type":"Feature","geometry":{"type":"Polygon","coordinates":[[[77.6331,13.13094],[77.63208,13.12871],[77.63049,13.12602],[77.63042,13.12229],[77.63378,13.1186],[77.63414,13.11771],[77.63446,13.11232],[77.63389,13.11078],[77.63359,13.10879],[77.63489,13.10188],[77.63236,13.10233],[77.62797,13.10273],[77.61908,13.10419],[77.61683,13.10426],[77.61633,13.10353],[77.61642,13.10289],[77.61684,13.10216],[77.61691,13.10168],[77.61725,13.0985],[77.61717,13.0978],[77.61198,13.09731],[77.60732,13.09735],[77.60745,13.09614],[77.60782,13.09476],[77.60858,13.09378],[77.60995,13.09063],[77.61213,13.08783],[77.61249,13.08761],[77.61275,13.08649],[77.61319,13.08575],[77.61369,13.08276],[77.61397,13.08188],[77.61493,13.08037],[77.61485,13.08025],[77.61462,13.08015],[77.61427,13.08029],[77.61396,13.08116],[77.61329,13.08156],[77.61205,13.08198],[77.61188,13.08184],[77.6112,13.07927],[77.61046,13.07899],[77.60286,13.08584],[77.602,13.08181],[77.60174,13.08127],[77.59476,13.08174],[77.59472,13.08279],[77.59366,13.08267],[77.59305,13.07699],[77.59286,13.07383],[77.593,13.07217],[77.58925,13.07304],[77.5888,13.07283],[77.5885,13.07236],[77.5877,13.07274],[77.58244,13.073],[77.58117,13.07004],[77.57812,13.07078],[77.57793,13.0711],[77.5755,13.07187],[77.57181,13.07232],[77.57184,13.07387],[77.57042,13.07418],[77.57017,13.0748],[77.56804,13.07535],[77.56577,13.07656],[77.56409,13.07718],[77.56411,13.07817],[77.56283,13.07957],[77.56271,13.07996],[77.56499,13.08419],[77.56437,13.08466],[77.56314,13.08635],[77.56006,13.08831],[77.55965,13.0923],[77.56137,13.09392],[77.5615,13.09436],[77.56164,13.09433],[77.56161,13.09484],[77.562,13.09571],[77.56295,13.09749],[77.56474,13.09745],[77.56987,13.09791],[77.5694,13.09372],[77.57002,13.09227],[77.57164,13.0941],[77.57606,13.09303],[77.57595,13.09203],[77.5777,13.09146],[77.57765,13.091],[77.58141,13.08996],[77.58158,13.0906],[77.58307,13.09011],[77.58348,13.09076],[77.58404,13.09225],[77.58639,13.0922],[77.58941,13.09237],[77.59116,13.0931],[77.59166,13.09405],[77.59261,13.09801],[77.59354,13.10003],[77.58786,13.11169],[77.5871,13.11405],[77.5856,13.12599],[77.58572,13.12751],[77.58788,13.12682],[77.58816,13.12798],[77.58856,13.13351],[77.58899,13.13635],[77.59105,13.13801],[77.59443,13.14056],[77.59591,13.13853],[77.59658,13.1366],[77.59683,13.14054],[77.60091,13.14039],[77.60104,13.14082],[77.60135,13.14078],[77.60156,13.14133],[77.60189,13.14132],[77.60198,13.14174],[77.60437,13.14145],[77.6056,13.14217],[77.60597,13.14284],[77.60771,13.14252],[77.60887,13.14605],[77.60943,13.14614],[77.60957,13.14465],[77.61355,13.14101],[77.61646,13.13903],[77.6175,13.13799],[77.61752,13.13686],[77.62234,13.1358],[77.62298,13.13781],[77.62434,13.13769],[77.62669,13.13789],[77.62949,13.13731],[77.63166,13.13657],[77.63075,13.13152],[77.6331,13.13094]]]},"properties":{"stationId":"ps-yelahanka","stationName":"Yelahanka Police Station"}},{"type":"Feature","geometry":{"type":"Polygon","coordinates":[[[77.56096,13.04],[77.56164,13.03757],[77.56198,13.03755],[77.56201,13.03735],[77.56335,13.03728],[77.5633,13.03757],[77.56361,13.03763],[77.56366,13.03634],[77.56453,13.03627],[77.56455,13.03563],[77.56426,13.03466],[77.56353,13.02998],[77.56309,13.03002],[77.56253,13.02962],[77.5623,13.02898],[77.56222,13.02791],[77.56197,13.02792],[77.56185,13.0274],[77.56188,13.02632],[77.56266,13.0244],[77.56321,13.02158],[77.56256,13.02013],[77.56143,13.01869],[77.56062,13.01708],[77.56581,13.01408],[77.56477,13.01358],[77.56535,13.01248],[77.56182,13.01114],[77.56155,13.01161],[77.55945,13.01083],[77.5582,13.01317],[77.55586,13.01581],[77.55516,13.01693],[77.55395,13.01915],[77.55417,13.01954],[77.55416,13.01984],[77.55251,13.02264],[77.55128,13.02517],[77.55106,13.02993],[77.55044,13.02897],[77.54918,13.02921],[77.54463,13.03768],[77.5443,13.03868],[77.54431,13.03917],[77.54464,13.04004],[77.54503,13.04046],[77.54605,13.04091],[77.54675,13.04091],[77.55242,13.03875],[77.55422,13.0385],[77.5587,13.03858],[77.56017,13.03924],[77.56096,13.04]]]},"properties":{"stationId":"ps-yeshwanthapura","stationName":"Yeshwanthapura Police Station"}}]}
